SUBSTÂNCIA	PRODUTO	CLASSE TERAPÊUTICA	TIPO DE PRODUTO (STATUS DO PRODUTO)	TARJA	DESTINAÇÃO COMERCIAL 
21-ACETATO DE DEXAMETASONA;CLOTRIMAZOL	BAYCUTEN N	D7B2 - CORTICOESTERÓIDES ASSOCIADOS A ANTIMICOTICOS	Novo	- (*) 	
ABATACEPTE	ORENCIA	M1C - AGENTES ANTI-REUMÁTICOS ESPECÍFICOS	Biológico	Tarja Vermelha	
ABEMACICLIBE	VERZENIOS	L1H - INIBIDORES DE PROTEINA QUINASE	Novo	Tarja Vermelha	
ABROCITINIBE	CIBINQO	D5X - OUTROS PRODUTOS ANTI-INFLAMATÓRIOS NÃO ESTEROIDAIS DERMATOLÓGICOS	Novo	Tarja Vermelha	
ACARBOSE	AGLUCOSE	A10L - ANTIDIABÉTICOS INIBIDORES ALFA-GLUCOSIDASE	Similar	- (*) 	
ACEBROFILINA	ACEBROFILINA	R5C - EXPECTORANTES	Genérico	Tarja Vermelha	
ACEBROFILINA	FILINAR G	R5C - EXPECTORANTES	Novo	- (*) 	
ACEBROFILINA	FILINAR	R5C - EXPECTORANTES	Similar	Tarja Vermelha	
ACEBROFILINA	ACEBROFILINA	R5C - EXPECTORANTES	Genérico	Tarja Vermelha sob restrição	
ACEBROFILINA	ACEBROFILINA	R5C - EXPECTORANTES	Genérico	Tarja Vermelha	
ACEBROFILINA	LISOMUC	R5C - EXPECTORANTES	Similar	- (*) 	
ACEBROFILINA	ACEBROFILINA	R5C - EXPECTORANTES	Genérico	Tarja Vermelha	
ACEBROFILINA	MELYSSE	R5C - EXPECTORANTES	Similar	Tarja Vermelha	
ACEBROFILINA	BRONDILAT	R5C - EXPECTORANTES	Similar	Tarja Vermelha	
ACEBROFILINA	ACEBROFILINA	R5C - EXPECTORANTES	Genérico	Tarja Vermelha	
ACEBROFILINA	ACEBROFILINA	R5C - EXPECTORANTES	Genérico	Tarja Vermelha	
ACEBROFILINA	BRONCOMUCOL	R5C - EXPECTORANTES	Similar	- (*) 	
ACEBROFILINA	ACEBROFILINA	R5C - EXPECTORANTES	Genérico	Tarja Vermelha	
ACEBROFILINA	ACEBROFILINA	R5C - EXPECTORANTES	Genérico	Tarja Vermelha	
ACEBROFILINA	ACEBROFILINA	R5C - EXPECTORANTES	Genérico	Tarja Vermelha	
ACEBROFILINA	BRONTEK	R5C - EXPECTORANTES	Similar	Tarja Vermelha	
ACEBROFILINA	ACEBROFILINA	R5C - EXPECTORANTES	Genérico	Tarja Vermelha	
ACEBROFILINA	ACEBROFILINA	R5C - EXPECTORANTES	Genérico	- (*) 	
ACEBROFILINA	BRONCOLEX	R5C - EXPECTORANTES	Similar	Tarja Vermelha	
ACEBROFILINA	RESPIRAN	R5C - EXPECTORANTES	Similar	Tarja Vermelha	
ACECLOFENACO	PROFLAM	M2A - ANTIRREUMÁTICOS E ANALGÉSICOS TÓPICOS	Novo	- (*) 	
ACECLOFENACO	ACECLOFENACO	M1A1 - ANTIRREUMÁTICOS NÃO ESTEROIDAIS PUROS	Genérico	- (*) 	
ACECLOFENACO	ACECLOFENACO	M1A1 - ANTIRREUMÁTICOS NÃO ESTEROIDAIS PUROS	Genérico	- (*) 	
ACECLOFENACO	ACECLOFENACO	M1A1 - ANTIRREUMÁTICOS NÃO ESTEROIDAIS PUROS	Genérico	- (*) 	
ACECLOFENACO	ACECLOFENACO	M2A - ANTIRREUMÁTICOS E ANALGÉSICOS TÓPICOS	Genérico	- (*) 	
ACECLOFENACO	ACECLOFENACO	M1A1 - ANTIRREUMÁTICOS NÃO ESTEROIDAIS PUROS	Genérico	- (*) 	
ACECLOFENACO	ACEFLOR	M1A1 - ANTIRREUMÁTICOS NÃO ESTEROIDAIS PUROS	Similar	Tarja Vermelha	
ACECLOFENACO	ACECLOFENACO	M1A1 - ANTIRREUMÁTICOS NÃO ESTEROIDAIS PUROS	Genérico	Tarja Vermelha	
ACECLOFENACO	ACECLOFENACO	M1A1 - ANTIRREUMÁTICOS NÃO ESTEROIDAIS PUROS	Genérico	Tarja Vermelha	
ACECLOFENACO	ACECLOFENACO	M1A1 - ANTIRREUMÁTICOS NÃO ESTEROIDAIS PUROS	Genérico	Tarja Vermelha	
ACECLOFENACO	ACECLO-GRAN	M1A1 - ANTIRREUMÁTICOS NÃO ESTEROIDAIS PUROS	Similar	Tarja Vermelha	
ACEPONATO DE METILPREDNISOLONA	ADVANTAN	D7A - CORTICOESTERÓIDES TÓPICOS PUROS	Novo	Tarja Vermelha	
ACETATO DE ABIRATERONA	ZOSTIDE	L2B2 - HORMÔNIOS ANTIANDROGÊNICOS CITOSTÁTICOS	Similar	Tarja Vermelha	
ACETATO DE ABIRATERONA	MATIZ	L2B2 - HORMÔNIOS ANTIANDROGÊNICOS CITOSTÁTICOS	Similar	Tarja Vermelha	
ACETATO DE ABIRATERONA	ACETATO DE ABIRATERONA	L2B2 - HORMÔNIOS ANTIANDROGÊNICOS CITOSTÁTICOS	Genérico	Tarja Vermelha	
ACETATO DE ABIRATERONA	ABMETHA	L2B2 - HORMÔNIOS ANTIANDROGÊNICOS CITOSTÁTICOS	Similar	Tarja Vermelha	
ACETATO DE ABIRATERONA	ACETATO DE ABIRATERONA	L2B2 - HORMÔNIOS ANTIANDROGÊNICOS CITOSTÁTICOS	Genérico	Tarja Vermelha	
ACETATO DE ABIRATERONA	SPYLGLEN	L2B2 - HORMÔNIOS ANTIANDROGÊNICOS CITOSTÁTICOS	Similar	Tarja Vermelha	
ACETATO DE ABIRATERONA	ZYTIGA	L2B2 - HORMÔNIOS ANTIANDROGÊNICOS CITOSTÁTICOS	Novo	Tarja Vermelha	
ACETATO DE ABIRATERONA	ZYTIGA®	L2B2 - HORMÔNIOS ANTIANDROGÊNICOS CITOSTÁTICOS	Novo	Tarja Vermelha	
ACETATO DE ABIRATERONA	ACETATO DE ABIRATERONA	L2B2 - HORMÔNIOS ANTIANDROGÊNICOS CITOSTÁTICOS	Genérico	Tarja Vermelha	
ACETATO DE ABIRATERONA	ACETATO DE ABIRATERONA	L2B2 - HORMÔNIOS ANTIANDROGÊNICOS CITOSTÁTICOS	Genérico	Tarja Vermelha	
ACETATO DE ABIRATERONA	BALEFIO	L2B2 - HORMÔNIOS ANTIANDROGÊNICOS CITOSTÁTICOS	Similar	Tarja Vermelha	
ACETATO DE ABIRATERONA	RARIJA	L2B2 - HORMÔNIOS ANTIANDROGÊNICOS CITOSTÁTICOS	Similar	Tarja Vermelha	
ACETATO DE ABIRATERONA	ACETATO DE ABIRATERONA	L2B2 - HORMÔNIOS ANTIANDROGÊNICOS CITOSTÁTICOS	Genérico	Tarja Vermelha	
ACETATO DE ATOSIBANA	TRACTOCILE	G2E - INIBIDORES DO PARTO	Novo	Tarja Vermelha	
ACETATO DE ATOSIBANA	ACETATO DE ATOSIBANA	G2E - INIBIDORES DO PARTO	Genérico	Tarja Vermelha	
ACETATO DE BAZEDOXIFENO;ESTROGÊNIOS CONJUGADOS	DUAVIVE	G3C - ESTRÓGENOS EXCLUINDO G3A, G3E, G3F	Biológico	- (*) 	
ACETATO DE CASPOFUNGINA	BERK	J2A - AGENTES SISTÊMICOS PARA INFECÇÕES FÚNGICAS	Similar	Tarja Vermelha	
ACETATO DE CASPOFUNGINA	CANCIDAS	J2A - AGENTES SISTÊMICOS PARA INFECÇÕES FÚNGICAS	Novo	Tarja Vermelha	
ACETATO DE CASPOFUNGINA	ACETATO DE CASPOFUNGINA	J2A - AGENTES SISTÊMICOS PARA INFECÇÕES FÚNGICAS	Genérico	Tarja Vermelha	
ACETATO DE CASPOFUNGINA	KAZFONA	J2A - AGENTES SISTÊMICOS PARA INFECÇÕES FÚNGICAS	Similar	Tarja Vermelha	
ACETATO DE CETRORRELIX	CETROTIDE	H1C3 - HORMÔNIOS DE LIBERAÇÃO ANTIGONADOTROFINA	Novo	Tarja Vermelha	
ACETATO DE CIPROTERONA	ACETATO DE CIPROTERONA	L2B2 - HORMÔNIOS ANTIANDROGÊNICOS CITOSTÁTICOS	Genérico	- (*) 	
ACETATO DE CIPROTERONA	ANDROCUR	G3A5 - PREPARAÇÕES ORAIS COM PROGESTAGÊNIOS SOMENTE	Novo	Tarja Vermelha	
ACETATO DE CIPROTERONA	ANDROCUR	L2B2 - HORMÔNIOS ANTIANDROGÊNICOS CITOSTÁTICOS	Novo	Tarja Vermelha	
ACETATO DE CIPROTERONA;ETINILESTRADIOL	SELENE	G3A1 - HORMÔNIOS CONTRACEPTIVOS MONOFÁSICOS COM ESTROGÊNIOS <50MCG	Similar	Tarja Vermelha	
ACETATO DE CIPROTERONA;ETINILESTRADIOL	DICLIN	G3A1 - HORMÔNIOS CONTRACEPTIVOS MONOFÁSICOS COM ESTROGÊNIOS <50MCG	Similar	Tarja Vermelha	
ACETATO DE CIPROTERONA;ETINILESTRADIOL	ACETATO DE CIPROTERONA + ETINILESTRADIOL	G3A1 - HORMÔNIOS CONTRACEPTIVOS MONOFÁSICOS COM ESTROGÊNIOS <50MCG	Genérico	Tarja Vermelha	
ACETATO DE CIPROTERONA;ETINILESTRADIOL	JAQUE	G3A1 - HORMÔNIOS CONTRACEPTIVOS MONOFÁSICOS COM ESTROGÊNIOS <50MCG	Similar	Tarja Vermelha	
ACETATO DE CIPROTERONA;ETINILESTRADIOL	ACETATO DE CIPROTERONA+ETINILESTRADIOL	G3A1 - HORMÔNIOS CONTRACEPTIVOS MONOFÁSICOS COM ESTROGÊNIOS <50MCG	Genérico	Tarja Vermelha	
ACETATO DE CIPROTERONA;ETINILESTRADIOL	TESS	G3A1 - HORMÔNIOS CONTRACEPTIVOS MONOFÁSICOS COM ESTROGÊNIOS <50MCG	Similar	Tarja Vermelha	
ACETATO DE CIPROTERONA;ETINILESTRADIOL	ACETATO DE CIPROTERONA + ETINILESTRADIOL	G3A1 - HORMÔNIOS CONTRACEPTIVOS MONOFÁSICOS COM ESTROGÊNIOS <50MCG	Genérico	Tarja Vermelha	
ACETATO DE CIPROTERONA;ETINILESTRADIOL	ACETATO DE CIPROTERONA + ETINILESTRADIOL	G3A1 - HORMÔNIOS CONTRACEPTIVOS MONOFÁSICOS COM ESTROGÊNIOS <50MCG	Genérico	Tarja Vermelha	
ACETATO DE CIPROTERONA;ETINILESTRADIOL	DUNIA 35	G3A1 - HORMÔNIOS CONTRACEPTIVOS MONOFÁSICOS COM ESTROGÊNIOS <50MCG	Similar	Tarja Vermelha	
ACETATO DE CIPROTERONA;ETINILESTRADIOL	ACETATO DE CIPROTERONA + ETINILESTRADIOL	G3A1 - HORMÔNIOS CONTRACEPTIVOS MONOFÁSICOS COM ESTROGÊNIOS <50MCG	Genérico	Tarja Vermelha	
ACETATO DE CIPROTERONA;ETINILESTRADIOL	FERANE 35	G3A9 - OUTROS HORMÔNIOS CONTRACEPTIVOS SISTÊMICOS	Similar	Tarja Vermelha	
ACETATO DE CIPROTERONA;ETINILESTRADIOL	ARTEMIDIS 35	G3A1 - HORMÔNIOS CONTRACEPTIVOS MONOFÁSICOS COM ESTROGÊNIOS <50MCG	Similar	Tarja Vermelha	
ACETATO DE CIPROTERONA;ETINILESTRADIOL	ACETATO DE CIPROTERONA+ETINILESTRADIOL	G3A1 - HORMÔNIOS CONTRACEPTIVOS MONOFÁSICOS COM ESTROGÊNIOS <50MCG	Genérico	Tarja Vermelha	
ACETATO DE CIPROTERONA;ETINILESTRADIOL	DUELLE	G3A1 - HORMÔNIOS CONTRACEPTIVOS MONOFÁSICOS COM ESTROGÊNIOS <50MCG	Similar	Tarja Vermelha	
ACETATO DE CIPROTERONA;ETINILESTRADIOL	REPOPIL 35	G3A1 - HORMÔNIOS CONTRACEPTIVOS MONOFÁSICOS COM ESTROGÊNIOS <50MCG	Similar	Tarja Vermelha	
ACETATO DE CIPROTERONA;ETINILESTRADIOL	ACETATO DE CIPROTERONA + ETINILESTRADIOL	G3A1 - HORMÔNIOS CONTRACEPTIVOS MONOFÁSICOS COM ESTROGÊNIOS <50MCG	Genérico	Tarja Vermelha	
ACETATO DE CIPROTERONA;ETINILESTRADIOL	DIANE 35	G3A1 - HORMÔNIOS CONTRACEPTIVOS MONOFÁSICOS COM ESTROGÊNIOS <50MCG	Novo	Tarja Vermelha	
ACETATO DE CIPROTERONA;ETINILESTRADIOL	ACETATO DE CIPROTERONA+ETINILESTRADIOL	G3A1 - HORMÔNIOS CONTRACEPTIVOS MONOFÁSICOS COM ESTROGÊNIOS <50MCG	Genérico	- (*) 	
ACETATO DE CIPROTERONA;VALERATO DE ESTRADIOL	CLIMENE	G3F - ASSOCIAÇÕES DE ESTRÓGENOS E PROGESTÓGENOS	Novo	Tarja Vermelha	
ACETATO DE CLORMADINONA;ETINILESTRADIOL	ACETATO DE CLORMADINONA + ETINILESTRADIOL	G3A1 - HORMÔNIOS CONTRACEPTIVOS MONOFÁSICOS COM ESTROGÊNIOS <50MCG	Genérico	Tarja Vermelha	
ACETATO DE CLORMADINONA;ETINILESTRADIOL	AMORA	G3A1 - HORMÔNIOS CONTRACEPTIVOS MONOFÁSICOS COM ESTROGÊNIOS <50MCG	Similar	Tarja Vermelha	
ACETATO DE CLORMADINONA;ETINILESTRADIOL	AMORA 20	G3A1 - HORMÔNIOS CONTRACEPTIVOS MONOFÁSICOS COM ESTROGÊNIOS <50MCG	Similar	Tarja Vermelha	
ACETATO DE CLORMADINONA;ETINILESTRADIOL	ACETATO DE CLORMADINONA + ETINILESTRADIOL	G3A1 - HORMÔNIOS CONTRACEPTIVOS MONOFÁSICOS COM ESTROGÊNIOS <50MCG	Genérico	Tarja Vermelha	
ACETATO DE CLORMADINONA;ETINILESTRADIOL	BELADIOL	G3A1 - HORMÔNIOS CONTRACEPTIVOS MONOFÁSICOS COM ESTROGÊNIOS <50MCG	Similar	Tarja Vermelha	
ACETATO DE CLORMADINONA;ETINILESTRADIOL	CHERRY	G3A1 - HORMÔNIOS CONTRACEPTIVOS MONOFÁSICOS COM ESTROGÊNIOS <50MCG	Similar	Tarja Vermelha	
ACETATO DE CLORMADINONA;ETINILESTRADIOL	EMILY	G3A1 - HORMÔNIOS CONTRACEPTIVOS MONOFÁSICOS COM ESTROGÊNIOS <50MCG	Similar	Tarja Vermelha	
ACETATO DE CLORMADINONA;ETINILESTRADIOL	ACETATO DE CLORMADINONA + ETINILESTRADIOL	G3A1 - HORMÔNIOS CONTRACEPTIVOS MONOFÁSICOS COM ESTROGÊNIOS <50MCG	Genérico	Tarja Vermelha	
ACETATO DE CLORMADINONA;ETINILESTRADIOL	ACETATO DE CLORMADINONA + ETINILESTRADIOL	G3A1 - HORMÔNIOS CONTRACEPTIVOS MONOFÁSICOS COM ESTROGÊNIOS <50MCG	Genérico	Tarja Vermelha	
ACETATO DE CLORMADINONA;ETINILESTRADIOL	LIBERFEM	G3A1 - HORMÔNIOS CONTRACEPTIVOS MONOFÁSICOS COM ESTROGÊNIOS <50MCG	Similar	Tarja Vermelha	
ACETATO DE CLORMADINONA;ETINILESTRADIOL	ACETATO DE CLORMADINONA + ETINILESTRADIOL	G3A1 - HORMÔNIOS CONTRACEPTIVOS MONOFÁSICOS COM ESTROGÊNIOS <50MCG	Genérico	Tarja Vermelha	
ACETATO DE CLORMADINONA;ETINILESTRADIOL	ACETATO DE CLORMADINONA + ETINILESTRADIOL	G3A1 - HORMÔNIOS CONTRACEPTIVOS MONOFÁSICOS COM ESTROGÊNIOS <50MCG	Genérico	Tarja Vermelha	
ACETATO DE CLORMADINONA;ETINILESTRADIOL	ACETATO DE CLORMADINONA + ETINILESTRADIOL	G3A1 - HORMÔNIOS CONTRACEPTIVOS MONOFÁSICOS COM ESTROGÊNIOS <50MCG	Genérico	Tarja Vermelha	
ACETATO DE CLORMADINONA;ETINILESTRADIOL	LOLITA	G3A1 - HORMÔNIOS CONTRACEPTIVOS MONOFÁSICOS COM ESTROGÊNIOS <50MCG	Similar	Tarja Vermelha	
ACETATO DE CLORMADINONA;ETINILESTRADIOL	BELARA	G3A1 - HORMÔNIOS CONTRACEPTIVOS MONOFÁSICOS COM ESTROGÊNIOS <50MCG	Novo	Tarja Vermelha	
ACETATO DE CLORMADINONA;ETINILESTRADIOL	BELARINA	G3A1 - HORMÔNIOS CONTRACEPTIVOS MONOFÁSICOS COM ESTROGÊNIOS <50MCG	Novo	Tarja Vermelha	
ACETATO DE DEGARELIX	FIRMAGON	L2B9 - OUTROS CITOSTÁTICOS ANTAGONISTAS HORMONAIS	Novo	Tarja Vermelha	
ACETATO DE DESMOPRESSINA	ACETATO DE DESMOPRESSINA	H4D - HORMÔNIOS ANTIDIURÉTICOS	Genérico	Tarja Vermelha	
ACETATO DE DESMOPRESSINA	DOSYX	H4D - HORMÔNIOS ANTIDIURÉTICOS	Similar	Tarja Vermelha	
ACETATO DE DESMOPRESSINA	FURP-DESMOPRESSINA	H4D - HORMÔNIOS ANTIDIURÉTICOS	Similar	- (*) 	
ACETATO DE DESMOPRESSINA	DDAVP	H4D - HORMÔNIOS ANTIDIURÉTICOS	Novo	Tarja Vermelha	
ACETATO DE DEXAMETASONA	ACETATO DE DEXAMETASONA	D7A - CORTICOESTERÓIDES TÓPICOS PUROS	Genérico	- (*) 	
ACETATO DE DEXAMETASONA	ACETATO DE DEXAMETASONA	D7A - CORTICOESTERÓIDES TÓPICOS PUROS	Genérico	Tarja Vermelha	
ACETATO DE DEXAMETASONA	DEXAMEX	D7A - CORTICOESTERÓIDES TÓPICOS PUROS	Similar	- (*) 	
ACETATO DE DEXAMETASONA	ACETATO DE DEXAMETASONA	D7A - CORTICOESTERÓIDES TÓPICOS PUROS	Genérico	- (*) 	
ACETATO DE DEXAMETASONA	ACETATO DE DEXAMETASONA	D7A - CORTICOESTERÓIDES TÓPICOS PUROS	Genérico	Tarja Vermelha	
ACETATO DE DEXAMETASONA	METADEX	D7A - CORTICOESTERÓIDES TÓPICOS PUROS	Similar	Tarja Vermelha	
ACETATO DE DEXAMETASONA	DEXAMETRAT	D7A - CORTICOESTERÓIDES TÓPICOS PUROS	Similar	Tarja Vermelha	
ACETATO DE DEXAMETASONA	ACETATO DE DEXAMETASONA	D7A - CORTICOESTERÓIDES TÓPICOS PUROS	Genérico	Tarja Vermelha	
ACETATO DE DEXAMETASONA	ACETATO DE DEXAMETASONA	D7A - CORTICOESTERÓIDES TÓPICOS PUROS	Genérico	Tarja Vermelha	
ACETATO DE DEXAMETASONA	FURP-DEXAMETASONA	D7A - CORTICOESTERÓIDES TÓPICOS PUROS	Similar	- (*) 	
ACETATO DE DEXAMETASONA	ACETATO DE DEXAMETASONA	D7A - CORTICOESTERÓIDES TÓPICOS PUROS	Genérico	Tarja Vermelha	
ACETATO DE DEXAMETASONA	ACETATO DE DEXAMETASONA	D7A - CORTICOESTERÓIDES TÓPICOS PUROS	Genérico	- (*) 	
ACETATO DE DEXAMETASONA	CORTITOP	D7A - CORTICOESTERÓIDES TÓPICOS PUROS	Similar	- (*) 	
ACETATO DE DEXAMETASONA	DEXAGREEN	D7A - CORTICOESTERÓIDES TÓPICOS PUROS	Similar	- (*) 	
ACETATO DE DEXAMETASONA	ACETATO DE DEXAMETASONA	D7A - CORTICOESTERÓIDES TÓPICOS PUROS	Genérico	- (*) 	
ACETATO DE DEXAMETASONA	ACETATO DE DEXAMETASONA	D7A - CORTICOESTERÓIDES TÓPICOS PUROS	Genérico	Tarja Vermelha	
ACETATO DE DEXAMETASONA	ACETATO DE DEXAMETASONA	D7A - CORTICOESTERÓIDES TÓPICOS PUROS	Genérico	- (*) 	
ACETATO DE DEXAMETASONA	CETADEX	D7A - CORTICOESTERÓIDES TÓPICOS PUROS	Similar	- (*) 	
ACETATO DE DEXAMETASONA	DEXADERMIL	D7A - CORTICOESTERÓIDES TÓPICOS PUROS	Similar	Tarja Vermelha	
ACETATO DE FLUDROCORTISONA	FLORINEFE	H2A2 - CORTICOSTERÓIDES ORAIS PUROS	Novo	Tarja Vermelha	
ACETATO DE FLUORMETOLONA	FLORATE	S1B - CORTICOSTERÓIDES OFTALMOLÓGICOS	Novo	Tarja Vermelha	
ACETATO DE FLUORMETOLONA	FLUTINOL	S1B - CORTICOSTERÓIDES OFTALMOLÓGICOS	Similar	- (*) 	
ACETATO DE GANIRRELIX	ORGALUTRAN	H1C3 - HORMÔNIOS DE LIBERAÇÃO ANTIGONADOTROFINA	Novo	Tarja Vermelha	
ACETATO DE GLATIRÂMER	COPAXONE	N7A - PRODUTOS PARA ESCLEROSE MÚLTIPLA	Novo	Tarja Vermelha	
ACETATO DE GLATIRÂMER	GLAMETIX	N7A - PRODUTOS PARA ESCLEROSE MÚLTIPLA	Similar	Tarja Vermelha	
ACETATO DE GOSSERRELINA	ZOLADEX	L2A3 - ANÁLOGOS HORMONAIS DE LIBERAÇÃO DE GONADOTROFINAS CITOSTÁTICOS	Novo	Tarja Vermelha	
ACETATO DE HIDROCORTISONA	ACETATO DE HIDROCORTISONA	D7A - CORTICOESTERÓIDES TÓPICOS PUROS	Genérico	Tarja Sem Tarja	
ACETATO DE HIDROCORTISONA	ACETATO DE HIDROCORTISONA	D7A - CORTICOESTERÓIDES TÓPICOS PUROS	Genérico	Tarja Sem Tarja	
ACETATO DE HIDROCORTISONA	CORTIGEN	D7A - CORTICOESTERÓIDES TÓPICOS PUROS	Similar	Tarja Sem Tarja	
ACETATO DE ICATIBANTO	FIRAZYR	B6D - PRODUTOS PARA ANGIODEMA HEREDITÁRIO	Novo	Tarja Vermelha	
ACETATO DE ICATIBANTO	ACETATO DE ICATIBANTO	B6D - PRODUTOS PARA ANGIODEMA HEREDITÁRIO	Genérico	Tarja Vermelha	
ACETATO DE ICATIBANTO	GULANDARIPA	B6D - PRODUTOS PARA ANGIODEMA HEREDITÁRIO	Similar	Tarja Vermelha	
ACETATO DE LANREOTIDA	SOMATULINE AUTOGEL	H1C2 - HORMÔNIOS ANTICRESCIMENTO	Novo	Tarja Vermelha	
ACETATO DE LEUPRORRELINA	LECTRUM	L2A3 - ANÁLOGOS HORMONAIS DE LIBERAÇÃO DE GONADOTROFINAS CITOSTÁTICOS	Similar	Tarja Vermelha	
ACETATO DE LEUPRORRELINA	ELIGARD	L2A3 - ANÁLOGOS HORMONAIS DE LIBERAÇÃO DE GONADOTROFINAS CITOSTÁTICOS	Novo	Tarja Vermelha	
ACETATO DE LEUPRORRELINA	LUPRON	L2A3 - ANÁLOGOS HORMONAIS DE LIBERAÇÃO DE GONADOTROFINAS CITOSTÁTICOS	Novo	Tarja Vermelha	
ACETATO DE MEDROXIPROGESTERONA	DEMEDROX	G3A9 - OUTROS HORMÔNIOS CONTRACEPTIVOS SISTÊMICOS	Similar	Tarja Vermelha	
ACETATO DE MEDROXIPROGESTERONA	CONTRACEP	G3A9 - OUTROS HORMÔNIOS CONTRACEPTIVOS SISTÊMICOS	Similar	- (*) 	
ACETATO DE MEDROXIPROGESTERONA	DEPO-PROVERA	G3A9 - OUTROS HORMÔNIOS CONTRACEPTIVOS SISTÊMICOS	Novo	Tarja Vermelha	
ACETATO DE MEDROXIPROGESTERONA	PROVERA	G3D - PROGESTÓGENOS EXCLUINDO G3A, G3F	Novo	- (*) 	
ACETATO DE MEDROXIPROGESTERONA;CIPIONATO DE ESTRADIOL	CYCLOFEMINA	G3A9 - OUTROS HORMÔNIOS CONTRACEPTIVOS SISTÊMICOS	Novo	Tarja Vermelha	
ACETATO DE MEDROXIPROGESTERONA;CIPIONATO DE ESTRADIOL	LYNDAVELUNO	G3A9 - OUTROS HORMÔNIOS CONTRACEPTIVOS SISTÊMICOS	Similar	Tarja Vermelha	
ACETATO DE MEDROXIPROGESTERONA;CIPIONATO DE ESTRADIOL	ACETATO DE MEDROXIPROGESTERONA +CIPIONATO DE ESTRADIOL	G3A9 - OUTROS HORMÔNIOS CONTRACEPTIVOS SISTÊMICOS	Genérico	Tarja Vermelha	
ACETATO DE MEDROXIPROGESTERONA;CIPIONATO DE ESTRADIOL	NAOMI	G3A9 - OUTROS HORMÔNIOS CONTRACEPTIVOS SISTÊMICOS	Similar	Tarja Vermelha	
ACETATO DE MEGESTROL	FEMIGESTROL	L2A2 - HORMÔNIOS PROGESTOGÊNEOS CITOSTÁTICOS	Similar	Tarja Vermelha	
ACETATO DE METILPREDNISOLONA	PREDI-MEDROL	H2A1 - CORTICOSTERÓIDES INJETÁVEIS PUROS	Similar	Tarja Vermelha	
ACETATO DE METILPREDNISOLONA	DEPO-MEDROL	H2A1 - CORTICOSTERÓIDES INJETÁVEIS PUROS	Novo	- (*) 	
ACETATO DE NORETISTERONA	PRIMOLUT-NOR	G3D - PROGESTÓGENOS EXCLUINDO G3A, G3F	Novo	Tarja Vermelha	
ACETATO DE OCTREOTIDA	SANDOSTATIN	H1C2 - HORMÔNIOS ANTICRESCIMENTO	Novo	Tarja Vermelha	
ACETATO DE OCTREOTIDA	OCTRIDE	H1C2 - HORMÔNIOS ANTICRESCIMENTO	Similar	- (*) 	
ACETATO DE PREDNISOLONA	PRED	S1B - CORTICOSTERÓIDES OFTALMOLÓGICOS	Novo	- (*) 	
ACETATO DE PREDNISOLONA	OFTPRED	S1B - CORTICOSTERÓIDES OFTALMOLÓGICOS	Similar	- (*) 	
ACETATO DE PREDNISOLONA	STER	S1B - CORTICOSTERÓIDES OFTALMOLÓGICOS	Similar	Tarja Vermelha	
ACETATO DE PREDNISOLONA	PREDOPTIC	S1B - CORTICOSTERÓIDES OFTALMOLÓGICOS	Similar	- (*) 	
ACETATO DE PREDNISOLONA	ACETATO DE PREDNISOLONA	S1B - CORTICOSTERÓIDES OFTALMOLÓGICOS	Genérico	- (*) 	
ACETATO DE PREDNISOLONA	VISIOPRED	S1B - CORTICOSTERÓIDES OFTALMOLÓGICOS	Similar	- (*) 	
ACETATO DE RACEALFATOCOFEROL	EMAMA	A11X3 - VITAMINA E PURA	Específico	- (*) 	
ACETATO DE RACEALFATOCOFEROL	VITAMINA E	A11X3 - VITAMINA E PURA	Específico	- (*) 	
ACETATO DE RACEALFATOCOFEROL	TEUTOVIT E	A11X3 - VITAMINA E PURA	Específico	Tarja Sem Tarja	
ACETATO DE RACEALFATOCOFEROL	VITA E	A11X3 - VITAMINA E PURA	Específico	Tarja Sem Tarja	
ACETATO DE RACEALFATOCOFEROL	VITAMIN E	A11X3 - VITAMINA E PURA	Específico	- (*) 	
ACETATO DE RACEALFATOCOFEROL	EPHYNAL	A11X3 - VITAMINA E PURA	Específico	Tarja Vermelha	
ACETATO DE RACEALFATOCOFEROL;BETACAROTENO;SELÊNIO;COBRE;ÁCIDO ASCÓRBICO;ZINCO	VITERGAN ZINCO	A11A4 - OUTROS POLIVITAMÍNICOS COM MINERAIS	Específico	Tarja Sem Tarja	
ACETATO DE RACEALFATOCOFEROL;PALMITATO DE RETINOL;COLECALCIFEROL	ADEFORTE	A11B4 - POLIVITAMÍNICOS SEM MINERAIS, OUTROS	Específico	- (*) 	
ACETATO DE RACEALFATOCOFEROL;SILYBUM MARIANUM (L.) GAERTN	SILIMALON VITA E	A5B - HEPATOPROTETORES E LIPOTRÓPICOS	Específico	Tarja Vermelha	
ACETATO DE RACEALFATOCOFEROL;ÁCIDO FÓLICO	ENVID	A11X9 - TODAS OUTRAS VITAMINAS	Específico	- (*) 	
ACETATO DE RETINOL;COLECALCIFEROL	AD-TIL	A11C3 - ASSOCIAÇÕES VITAMINAS A COM D	Específico	Tarja Vermelha	
ACETATO DE RETINOL;COLECALCIFEROL	AD-VITAM	A11C3 - ASSOCIAÇÕES VITAMINAS A COM D	Específico	Tarja Sem Tarja	
ACETATO DE RETINOL;COLECALCIFEROL	AD-TIL	A11C3 - ASSOCIAÇÕES VITAMINAS A COM D	Específico	Tarja Vermelha	
ACETATO DE REZAFUNGINA	REZZAYO	J2A - AGENTES SISTÊMICOS PARA INFECÇÕES FÚNGICAS	Novo	Tarja Vermelha	
ACETATO DE SÓDIO TRIHIDRATADO	ACETATO DE SÓDIO	K1A4 - SOLUÇÕES ELETROLÍTICAS 1/3	Específico	Tarja Vermelha sob restrição	
ACETATO DE SÓDIO TRIIDRATADO;CLORETO DE CÁLCIO DIIDRATADO;CITRATO DE SÓDIO DI-HIDRATADO;CLORETO DE MAGNÉSIO HEXAIDRATADO;CLORETO DE POTÁSSIO;CLORETO DE SÓDIO	SOLUÇÃO SALINA BALANCEADA - HALEX ISTAR	S1S9 - OUTROS ADJUVANTES CIRÚRGICOS OFTALMOLÓGICOS	Específico	- (*) 	
ACETATO DE SÓDIO TRIIDRATADO;CLORETO DE CÁLCIO DIIDRATADO;HIDROXIETILAMIDO;CLORETO DE MAGNÉSIO HEXAIDRATADO;CLORETO DE POTÁSSIO;CLORETO DE SÓDIO	ISTARHES	K2B - GOMAS	Específico	- (*) 	
ACETATO DE SÓDIO TRIIDRATADO;GLICONATO DE SÓDIO;CLORETO DE MAGNÉSIO HEXAIDRATADO;CLORETO DE POTÁSSIO;CLORETO DE SÓDIO	PLASMAFUNDIN	K1A9 - OUTRAS SOLUÇÕES ELETROLÍTICAS	Específico	Tarja Vermelha	
ACETATO DE SÓDIO TRIIDRATADO;GLICONATO DE SÓDIO;CLORETO DE MAGNÉSIO HEXAIDRATADO;CLORETO DE POTÁSSIO;CLORETO DE SÓDIO	SOLLUID	K1A9 - OUTRAS SOLUÇÕES ELETROLÍTICAS	Específico	Tarja Vermelha	
ACETATO DE SÓDIO TRIIDRATADO;GLICONATO DE SÓDIO;CLORETO DE MAGNÉSIO HEXAIDRATADO;CLORETO DE POTÁSSIO;CLORETO DE SÓDIO	PLASMAISTAR	K1A9 - OUTRAS SOLUÇÕES ELETROLÍTICAS	Específico	Tarja Vermelha	
ACETATO DE SÓDIO TRIIDRATADO;GLICONATO DE SÓDIO;CLORETO DE POTÁSSIO;CLORETO DE SÓDIO;CLORETO DE MAGNÉSIO	PLASMA LYTE	K1A9 - OUTRAS SOLUÇÕES ELETROLÍTICAS	Específico	Tarja Vermelha	
ACETATO DE TERLIPRESSINA	GLYPRESSIN	B2G - HEMOSTÁTICOS SISTÊMICOS	Novo	Tarja Vermelha	
ACETATO DE TERLIPRESSINA	TERGLY	B2G - HEMOSTÁTICOS SISTÊMICOS	Similar	Tarja Vermelha	
ACETATO DE TOCOFEROL;ÁCIDO FÓLICO	DTN-FOL	B3X - OUTROS PRODUTOS ANTIANÊMICOS, INCLUINDO ÁCIDO FÓLICO, ÁCIDO FOLÍNICO	Específico	- (*) 	
ACETATO DE TRIPTORRELINA	GONAPEPTYL DAILY	H1C1 - HORMÔNIOS LIBERADORES DE GONADOTROFINA	Novo	- (*) 	
ACETATO DE ZINCO	ACETATO DE ZINCO 0,5 MEQ/ML	K1A9 - OUTRAS SOLUÇÕES ELETROLÍTICAS	Específico	Tarja Vermelha sob restrição	
ACETAZOLAMIDA	DIAMOX	S1E1 - PREPARAÇÕES ANTIGLAUCOMAS E MIÓTICAS SISTÊMICAS	Novo	- (*) 	
ACETILCISTEÍNA	ACETILCISTEÍNA	R5C - EXPECTORANTES	Genérico	Tarja Sem Tarja	
ACETILCISTEÍNA	ACETILCISTEINA	R5C - EXPECTORANTES	Genérico	- (*) 	
ACETILCISTEÍNA	AIRES	R5C - EXPECTORANTES	Similar	Tarja Sem Tarja	
ACETILCISTEÍNA	FLUIMUCIL	R5C - EXPECTORANTES	Novo	Tarja Vermelha	
ACETILCISTEÍNA	FLUITEÍNA	R5C - EXPECTORANTES	Similar	Tarja Sem Tarja	
ACETILCISTEÍNA	ACETILCISTEÍNA	R5C - EXPECTORANTES	Genérico	Tarja Sem Tarja	
ACETILCISTEÍNA	ACETILCISTEÍNA	R5C - EXPECTORANTES	Genérico	Tarja Sem Tarja	
ACETILCISTEÍNA	FLUCISTEIN	R5C - EXPECTORANTES	Similar	Tarja Vermelha	
ACETILCISTEÍNA	ACETILCISTEINA	R5C - EXPECTORANTES	Genérico	Tarja Vermelha	
ACETILCISTEÍNA	ACETILCISTEINA	R5C - EXPECTORANTES	Genérico	Tarja Sem Tarja	
ACETILCISTEÍNA	ACETILCISTEÍNA	R5C - EXPECTORANTES	Genérico	Tarja Sem Tarja	
ACETILCISTEÍNA	ACETILCISTEINA	R5C - EXPECTORANTES	Genérico	- (*) 	
ACETILCISTEÍNA	BROMUC	R5C - EXPECTORANTES	Similar	- (*) 	
ACETILCISTEÍNA	ACETILCISTEÍNA	R5C - EXPECTORANTES	Genérico	- (*) 	
ACETILCISTEÍNA	ACETILCISTEÍNA	R5C - EXPECTORANTES	Genérico	- (*) 	
ACETILCISTEÍNA	CISTEIL	R5C - EXPECTORANTES	Similar	- (*) 	
ACETILCISTEÍNA	ACETILCISTEÍNA	R5C - EXPECTORANTES	Genérico	Tarja Sem Tarja	
ACETILCISTEÍNA	MUCOS EXPEC	R5C - EXPECTORANTES	Similar	Tarja Sem Tarja	
ACETILRACEMETIONINA;BETAÍNA;CITRATO DE COLINA	XANTINON COMPLEX	A5B - HEPATOPROTETORES E LIPOTRÓPICOS	Específico	Tarja Sem Tarja	
ACETONIDA DE TRIANCINOLONA	NASACORT	R1A1 - CORTICOSTERÓIDES NASAIS SEM ANTIINFECCIOSOS	Novo	Tarja Vermelha	
ACETONIDA DE TRIANCINOLONA	ALLENASAL	R1A1 - CORTICOSTERÓIDES NASAIS SEM ANTIINFECCIOSOS	Similar	Tarja Vermelha	
ACICLOVIR	ACICLOVIR	J5B3 - ANTIVIRAIS PARA HERPES	Genérico	Tarja Vermelha	
ACICLOVIR	HERPESIL	J5B3 - ANTIVIRAIS PARA HERPES	Similar	Tarja Vermelha	
ACICLOVIR	ACICLOVIR	J5B3 - ANTIVIRAIS PARA HERPES	Genérico	Tarja Vermelha	
ACICLOVIR	ACICLOVIR	J5B3 - ANTIVIRAIS PARA HERPES	Genérico	- (*) 	
ACICLOVIR	ACICLOVIR	J5B3 - ANTIVIRAIS PARA HERPES	Genérico	Tarja Vermelha	
ACICLOVIR	ACICLOVIR	J5B3 - ANTIVIRAIS PARA HERPES	Genérico	- (*) 	
ACICLOVIR	ZOVIRAX	J5B3 - ANTIVIRAIS PARA HERPES	Novo	Tarja Vermelha	
ACICLOVIR	ANTIVIRAX	J5B3 - ANTIVIRAIS PARA HERPES	Similar	Tarja Vermelha	
ACICLOVIR	ACICLOVIR	J5B3 - ANTIVIRAIS PARA HERPES	Genérico	Tarja Vermelha	
ACICLOVIR	EZOPEN	J5B3 - ANTIVIRAIS PARA HERPES	Similar	- (*) 	
ACICLOVIR	ACICLOVIR	J5B3 - ANTIVIRAIS PARA HERPES	Genérico	- (*) 	
ACICLOVIR	ACICLOVIR	D6D1 - ANTIVIRAIS TÓPICOS	Genérico	Tarja Vermelha	
ACICLOVIR	UNI-VIR	J5B3 - ANTIVIRAIS PARA HERPES	Similar	Tarja Vermelha	
ACICLOVIR	ACICLOVIR	J5B3 - ANTIVIRAIS PARA HERPES	Genérico	Tarja Vermelha	
ACICLOVIR	HPMIX	J5B3 - ANTIVIRAIS PARA HERPES	Novo	Tarja Vermelha	
ACICLOVIR	ACICLOVIR	D6D1 - ANTIVIRAIS TÓPICOS	Genérico	Tarja Vermelha	
ACICLOVIR	ACICLOVIR	J5B3 - ANTIVIRAIS PARA HERPES	Genérico	Tarja Vermelha	
ACICLOVIR	ACICLOR	J5B3 - ANTIVIRAIS PARA HERPES	Similar	Tarja Vermelha	
ACICLOVIR	ACIVIRAX	D6D1 - ANTIVIRAIS TÓPICOS	Similar	Tarja Vermelha	
ACICLOVIR	ACICLOVIR	J5B3 - ANTIVIRAIS PARA HERPES	Genérico	Tarja Vermelha	
ACICLOVIR	ACICLOVIR	D6D1 - ANTIVIRAIS TÓPICOS	Genérico	Tarja Vermelha	
ACICLOVIR	ZORVY CREME	D6D1 - ANTIVIRAIS TÓPICOS	Similar	Tarja Vermelha	
ACICLOVIR	ACICLOVIR	D6D1 - ANTIVIRAIS TÓPICOS	Genérico	- (*) 	
ACICLOVIR	ACICLOVIR	J5B3 - ANTIVIRAIS PARA HERPES	Genérico	Tarja Vermelha	
ACICLOVIR	ACICLOVIR	D6D1 - ANTIVIRAIS TÓPICOS	Genérico	Tarja Vermelha	
ACICLOVIR	HERVIRAX	D6D1 - ANTIVIRAIS TÓPICOS	Similar	Tarja Vermelha	
ACICLOVIR	ACICLOVIR	D6D1 - ANTIVIRAIS TÓPICOS	Genérico	Tarja Vermelha	
ACICLOVIR	ACICLOVIR	D6D1 - ANTIVIRAIS TÓPICOS	Genérico	Tarja Vermelha	
ACICLOVIR	ACICLOVIR	J5B3 - ANTIVIRAIS PARA HERPES	Genérico	Tarja Vermelha	
ACICLOVIR	ACICLOVIR	D6D1 - ANTIVIRAIS TÓPICOS	Genérico	Tarja Vermelha	
ACICLOVIR	ACICLOVIR	J5B3 - ANTIVIRAIS PARA HERPES	Genérico	Tarja Vermelha	
ACICLOVIR	ACICLOVIR	D6D1 - ANTIVIRAIS TÓPICOS	Genérico	- (*) 	
ACICLOVIR SÓDICO	ZYNVIR	J5B3 - ANTIVIRAIS PARA HERPES	Similar	Tarja Vermelha	
ACICLOVIR SÓDICO	ACICLOVIR SÓDICO	J5B3 - ANTIVIRAIS PARA HERPES	Genérico	Tarja Vermelha	
ACICLOVIR SÓDICO	ZORVY	J5B3 - ANTIVIRAIS PARA HERPES	Similar	Tarja Vermelha	
ACIDO ACETILSALICILICO	DORMEC	N2B2 - ANALGÉSICOS NÃO NARCÓTICOS E ANTIPIRÉTICOS ISENTOS DE PRESCRIÇÃO	Similar	- (*) 	
ACIDO ACETILSALICILICO	AAS	N2B2 - ANALGÉSICOS NÃO NARCÓTICOS E ANTIPIRÉTICOS ISENTOS DE PRESCRIÇÃO	Similar	Tarja Sem Tarja	
ACIDO ACETILSALICILICO	AAS	N2B2 - ANALGÉSICOS NÃO NARCÓTICOS E ANTIPIRÉTICOS ISENTOS DE PRESCRIÇÃO	Similar	Tarja Sem Tarja	
ACIDO ACETILSALICILICO;ACIDO CITRICO;BICARBONATO DE SÓDIO;CARBONATO DE SÓDIO	SONRISAL	N2B2 - ANALGÉSICOS NÃO NARCÓTICOS E ANTIPIRÉTICOS ISENTOS DE PRESCRIÇÃO	Similar	Tarja Sem Tarja	
ACIDO CITRICO;BICARBONATO DE SÓDIO;CARBONATO DE SÓDIO	SAL DE FRUTA ENO	A2A1 - ANTIÁCIDOS PUROS	Específico	Tarja Sem Tarja	
ACITRETINA	ACITRETINA	D5B - ANTIPSORÍASE SISTÊMICOS	Genérico	Tarja Vermelha sob restrição	
ACITRETINA	NEOTIGASON	D5B - ANTIPSORÍASE SISTÊMICOS	Novo	- (*) 	
ACTAEA RACEMOSA L.	APLAUSE	V3X - TODOS OS OUTROS PRODUTOS TERAPÊUTICOS	Fitoterápico	Tarja Vermelha	
ACTAEA RACEMOSA L.	CLIFEMIN	G3J - MODULADORES SELETIVOS DO RECEPTOR DE ESTROGÊNIO	Fitoterápico	Tarja Vermelha sob restrição	
ACTAEA RACEMOSA L.	TEPEMEN	G2X9 - OUTROS GINECOLÓGICOS	Fitoterápico	- (*) 	
ADALIMUMABE	IDACIO	L4B - PRODUTOS ANTI-TNF( FATOR DE NECROSE TUMORAL)	Biológico	- (*) 	
ADALIMUMABE	HYRIMOZ	L4B - PRODUTOS ANTI-TNF( FATOR DE NECROSE TUMORAL)	Biológico	Tarja Vermelha	
ADALIMUMABE	ATENFE	L4B - PRODUTOS ANTI-TNF( FATOR DE NECROSE TUMORAL)	Biológico	Tarja Vermelha	
ADALIMUMABE	AMGEVITA	L4B - PRODUTOS ANTI-TNF( FATOR DE NECROSE TUMORAL)	Biológico	Tarja Vermelha	
ADALIMUMABE	BIO-MANGUINHOS ADALIMUMABE	L4X - OUTROS IMUNOSSUPRESSORES	Biológico	Tarja Vermelha	
ADALIMUMABE	HULIO	L4B - PRODUTOS ANTI-TNF( FATOR DE NECROSE TUMORAL)	Biológico	Tarja Vermelha	
ADALIMUMABE	XILBRILADA	L4B - PRODUTOS ANTI-TNF( FATOR DE NECROSE TUMORAL)	Biológico	- (*) 	
ADALIMUMABE	INSTITUTO BUTANTAN - ADALIMUMABE	L4B - PRODUTOS ANTI-TNF( FATOR DE NECROSE TUMORAL)	Biológico	Tarja Vermelha	
ADALIMUMABE	HADLIMA	L4B - PRODUTOS ANTI-TNF( FATOR DE NECROSE TUMORAL)	Biológico	Tarja Vermelha	
ADALIMUMABE	YUFLYMA	L4B - PRODUTOS ANTI-TNF( FATOR DE NECROSE TUMORAL)	Biológico	Tarja Vermelha	
ADALIMUMABE	HUMIRA	L4B - PRODUTOS ANTI-TNF( FATOR DE NECROSE TUMORAL)	Biológico	Tarja Vermelha	
ADAPALENO	BELPELE	D10A - ANTIACNEICOS TÓPICOS	Similar	Tarja Vermelha	
ADAPALENO	ADAPALENO	D10A - ANTIACNEICOS TÓPICOS	Genérico	Tarja Vermelha	
ADAPALENO	DERIVA MICRO	D10B - ANTIACNEICOS SISTÊMICOS	Novo	Tarja Vermelha	
ADAPALENO	DIFFERIN	D10A - ANTIACNEICOS TÓPICOS	Novo	Tarja Vermelha	
ADAPALENO	ADACNE	D10A - ANTIACNEICOS TÓPICOS	Similar	Tarja Vermelha	
ADAPALENO	ADAPALENO	D10A - ANTIACNEICOS TÓPICOS	Genérico	Tarja Vermelha	
ADAPALENO;FOSFATO DE CLINDAMICINA	ADACNE CLIN	D10A - ANTIACNEICOS TÓPICOS	Novo	- (*) 	
ADAPALENO;FOSFATO DE CLINDAMICINA	DERIVA C MICRO	D10A - ANTIACNEICOS TÓPICOS	Novo	- (*) 	
ADAPALENO;PERÓXIDO DE BENZOÍLA	EPIDUO	D10A - ANTIACNEICOS TÓPICOS	Novo	- (*) 	
ADENOSINA	ADENOSINA	C1B - ANTIARRÍTMICOS CARDÍACOS	Genérico	Tarja Vermelha	
ADENOSINA	ADENOSINA	C1B - ANTIARRÍTMICOS CARDÍACOS	Genérico	Tarja Vermelha	
ADENOSINA	LOWE	C1B - ANTIARRÍTMICOS CARDÍACOS	Similar	Tarja Vermelha	
ADENOSINA	ADENOSINA	C1B - ANTIARRÍTMICOS CARDÍACOS	Genérico	- (*) 	
AESCULUS HIPPOCASTANUM L.	FITOVEIN	C5C - VASOPROTETORES SISTÊMICOS	Fitoterápico	Tarja Sem Tarja	
AESCULUS HIPPOCASTANUM L.	CASTANHA DA ÍNDIA ATALAIA	C5C - VASOPROTETORES SISTÊMICOS	Fitoterápico	Tarja Sem Tarja	
AESCULUS HIPPOCASTANUM L.	CASTANHA DA ÍNDIA LABORATÓRIOS OSÓRIO DE MORAES	C5C - VASOPROTETORES SISTÊMICOS	Fitoterápico	- (*) 	
AESCULUS HIPPOCASTANUM L.	CASTANHA DA INDIA GLOBO	C5C - VASOPROTETORES SISTÊMICOS	Fitoterápico	- (*) 	
AESCULUS HIPPOCASTANUM L.	VENOCUR FIT	C5C - VASOPROTETORES SISTÊMICOS	Fitoterápico	- (*) 	
AESCULUS HIPPOCASTANUM L.	CASTANHA DA ÍNDIA	C5C - VASOPROTETORES SISTÊMICOS	Fitoterápico	Tarja Sem Tarja	
AESCULUS HIPPOCASTANUM L.	PROCTOCAPS	C5C - VASOPROTETORES SISTÊMICOS	Fitoterápico	Tarja Sem Tarja	
AESCULUS HIPPOCASTANUM L.	VARICAPS AH	C5C - VASOPROTETORES SISTÊMICOS	Fitoterápico	- (*) 	
AESCULUS HIPPOCASTANUM L.	CASTANHA DA ÍNDIA EC	C5C - VASOPROTETORES SISTÊMICOS	Fitoterápico	- (*) 	
AESCULUS HIPPOCASTANUM L.	CASTANHA DA ÍNDIA HERBARIUM	V07A2 - OUTROS PRODUTOS	Fitoterápico	- (*) 	
AESCULUS HIPPOCASTANUM L.	VARILESS BIONATUS	C5C - VASOPROTETORES SISTÊMICOS	Fitoterápico	- (*) 	
AESCULUS HIPPOCASTANUM L.	PLASMOVE	C5C - VASOPROTETORES SISTÊMICOS	Fitoterápico	- (*) 	
AESCULUS HIPPOCASTANUM L.	VARIVAX	C5C - VASOPROTETORES SISTÊMICOS	Fitoterápico	Tarja Sem Tarja	
AESCULUS HIPPOCASTANUM L.	FLUXOLIV	C5C - VASOPROTETORES SISTÊMICOS	Fitoterápico	- (*) 	
AESCULUS HIPPOCASTANUM L.	PLASMOVE	C5C - VASOPROTETORES SISTÊMICOS	Fitoterápico	- (*) 	
AESCULUS HIPPOCASTANUM L.	VARICELL PHYTO	C5C - VASOPROTETORES SISTÊMICOS	Fitoterápico	- (*) 	
AFLIBERCEPTE	PAVBLU	S1P - PRODUTOS ANTINEOVASCULARIZAÇÃO OCULAR	Biológico	Tarja Vermelha	
AFLIBERCEPTE	EYLIA	S1P - PRODUTOS ANTINEOVASCULARIZAÇÃO OCULAR	Biológico	Tarja Vermelha	
AFLIBERCEPTE	ZALTRAP	L1X9 - TODOS OS OUTROS ANTINEOPLÁSICOS	Biológico	Tarja Vermelha	
AGOMELATINA	AGOMELATINA	N6A9 - ANTIDEPRESSIVOS TODOS OS OUTROS	Genérico	Tarja Vermelha sob restrição	
AGOMELATINA	VALDOXAN	N6A9 - ANTIDEPRESSIVOS TODOS OS OUTROS	Novo	Tarja Vermelha	
AGOMELATINA	AGOXOM	N6A9 - ANTIDEPRESSIVOS TODOS OS OUTROS	Similar	Tarja Vermelha	
AGOMELATINA	ELENCOS	N6A9 - ANTIDEPRESSIVOS TODOS OS OUTROS	Similar	Tarja Vermelha sob restrição	
AGOMELATINA	AGOMELATINA	N6A9 - ANTIDEPRESSIVOS TODOS OS OUTROS	Genérico	Tarja Vermelha sob restrição	
ALANILGLUTAMINA	DIPEPTIVEN	K1E9 - OUTRAS SOLUÇÕES DE AMINOÁCIDOS	Específico	- (*) 	
ALANILGLUTAMINA	XAGLUSEF	K1E9 - OUTRAS SOLUÇÕES DE AMINOÁCIDOS	Específico	Tarja Vermelha	
ALANTOÍNA;ACETATO DE RACEALFATOCOFEROL;PALMITATO DE RETINOL;COLECALCIFEROL	VITADERME	D2A - EMOLIENTES PROTETORES DERMATOLÓGICOS	Similar	- (*) 	
ALBENDAZOL	ALBENDAZOL	P1B - ANTI-HELMÍNTICOS EXCETO ESQUISTOSSOMICIDAS (P1C)	Genérico	- (*) 	
ALBENDAZOL	ALBENDAZOL 40 MG/ML SUSPENSÃO ORAL	P1B - ANTI-HELMÍNTICOS EXCETO ESQUISTOSSOMICIDAS (P1C)	Genérico	- (*) 	
ALBENDAZOL	ALBENTEL	P1B - ANTI-HELMÍNTICOS EXCETO ESQUISTOSSOMICIDAS (P1C)	Similar	- (*) 	
ALBENDAZOL	PARASIN	P1B - ANTI-HELMÍNTICOS EXCETO ESQUISTOSSOMICIDAS (P1C)	Similar	- (*) 	
ALBENDAZOL	ALBENDAZOL	P1B - ANTI-HELMÍNTICOS EXCETO ESQUISTOSSOMICIDAS (P1C)	Genérico	- (*) 	
ALBENDAZOL	ALBENDAZOL	P1B - ANTI-HELMÍNTICOS EXCETO ESQUISTOSSOMICIDAS (P1C)	Genérico	Tarja Vermelha	
ALBENDAZOL	ALBENDAZOL	P1B - ANTI-HELMÍNTICOS EXCETO ESQUISTOSSOMICIDAS (P1C)	Genérico	Tarja Vermelha	
ALBENDAZOL	BENZOL	P1B - ANTI-HELMÍNTICOS EXCETO ESQUISTOSSOMICIDAS (P1C)	Similar	- (*) 	
ALBENDAZOL	ALBENDAZOL	P1B - ANTI-HELMÍNTICOS EXCETO ESQUISTOSSOMICIDAS (P1C)	Genérico	- (*) 	
ALBENDAZOL	ELFI	P1B - ANTI-HELMÍNTICOS EXCETO ESQUISTOSSOMICIDAS (P1C)	Similar	Tarja Vermelha	
ALBENDAZOL	ALBENDAZOL	P1B - ANTI-HELMÍNTICOS EXCETO ESQUISTOSSOMICIDAS (P1C)	Genérico	Tarja Vermelha	
ALBENDAZOL	MEBENIX	P1B - ANTI-HELMÍNTICOS EXCETO ESQUISTOSSOMICIDAS (P1C)	Similar	Tarja Vermelha	
ALBENDAZOL	ALBEL	P1B - ANTI-HELMÍNTICOS EXCETO ESQUISTOSSOMICIDAS (P1C)	Similar	- (*) 	
ALBENDAZOL	ALBENDAZOL	P1B - ANTI-HELMÍNTICOS EXCETO ESQUISTOSSOMICIDAS (P1C)	Genérico	Tarja Vermelha	
ALBENDAZOL	ALBENDAZOL	P1B - ANTI-HELMÍNTICOS EXCETO ESQUISTOSSOMICIDAS (P1C)	Genérico	Tarja Vermelha	
ALBENDAZOL	MONOZOL	P1B - ANTI-HELMÍNTICOS EXCETO ESQUISTOSSOMICIDAS (P1C)	Similar	Tarja Vermelha	
ALBENDAZOL	ALBENDAZOL	P1B - ANTI-HELMÍNTICOS EXCETO ESQUISTOSSOMICIDAS (P1C)	Genérico	Tarja Vermelha	
ALBUMINA HUMANA	BERIBUMIN	K3B3 - SOLUÇÕES DE PROTEINAS >5%	Biológico	Tarja Vermelha	
ALBUMINA HUMANA	ALBUREX 20	K3B3 - SOLUÇÕES DE PROTEINAS >5%	Biológico	- (*) 	
ALBUMINA HUMANA	ALBUMINA SÉRICA HUMANA NORMAL	K3A - SANGUE E FRAÇÕES DO PLASMA	Biológico	- (*) 	
ALBUMINA HUMANA	BLAUBIMAX	K3B3 - SOLUÇÕES DE PROTEINAS >5%	Biológico	- (*) 	
ALBUMINA HUMANA	ALBUMAX	K3B3 - SOLUÇÕES DE PROTEINAS >5%	Similar	- (*) 	
ALBUMINA HUMANA	ALBUMINA HUMANA GRIFOLS	K3A - SANGUE E FRAÇÕES DO PLASMA	Novo	- (*) 	
ALBUMINA HUMANA	ALBIOMIN	K3B3 - SOLUÇÕES DE PROTEINAS >5%	Biológico	Tarja Vermelha	
ALBUMINA HUMANA	OCTALBIN	K3B3 - SOLUÇÕES DE PROTEINAS >5%	Novo	- (*) 	
ALBUMINA HUMANA	UMAN ALBUMIN	K3B3 - SOLUÇÕES DE PROTEINAS >5%	Biológico	Tarja Vermelha	
ALBUMINA HUMANA	ALBIOPLAS	K3B3 - SOLUÇÕES DE PROTEINAS >5%	Biológico	Tarja Vermelha	
ALBUMINA HUMANA	ALBUMINA HUMANA HEMOBRÁS	K3B3 - SOLUÇÕES DE PROTEINAS >5%	Novo	- (*) 	
ALCAFTADINA	LASTACAFT	S1G1 - ANTIALÉRGICOS OFTAMOLÓGICOS, ANTI-HISTAMÍNICOS	Novo	Tarja Vermelha	
ALENDRONATO DE SÓDIO	ALENDRONATO DE SÓDIO	M5B3 - BISFOSFONATOS PARA OSTEOPOROSE E ALTERAÇÕES RELACIONADAS	Genérico	Tarja Vermelha	
ALENDRONATO DE SÓDIO	ALENDRONATO DE SÓDIO	M5B3 - BISFOSFONATOS PARA OSTEOPOROSE E ALTERAÇÕES RELACIONADAS	Genérico	Tarja Vermelha	
ALENDRONATO DE SÓDIO	ALENDRONATO DE SÓDIO	M5B3 - BISFOSFONATOS PARA OSTEOPOROSE E ALTERAÇÕES RELACIONADAS	Genérico	Tarja Vermelha	
ALENDRONATO DE SÓDIO	ENDROSTAN	M5B3 - BISFOSFONATOS PARA OSTEOPOROSE E ALTERAÇÕES RELACIONADAS	Similar	Tarja Vermelha	
ALENDRONATO DE SÓDIO	ALENDRONATO DE SÓDIO	M5B3 - BISFOSFONATOS PARA OSTEOPOROSE E ALTERAÇÕES RELACIONADAS	Genérico	Tarja Vermelha	
ALENDRONATO DE SÓDIO	ALENDRONATO DE SODIO	M5B3 - BISFOSFONATOS PARA OSTEOPOROSE E ALTERAÇÕES RELACIONADAS	Genérico	- (*) 	
ALENDRONATO DE SÓDIO TRI-HIDRATADO	ALENDRONATO DE SÓDIO	M5B3 - BISFOSFONATOS PARA OSTEOPOROSE E ALTERAÇÕES RELACIONADAS	Genérico	Tarja Vermelha	
ALENDRONATO DE SÓDIO TRI-HIDRATADO	OSTRAZIL	M5B3 - BISFOSFONATOS PARA OSTEOPOROSE E ALTERAÇÕES RELACIONADAS	Similar	Tarja Vermelha	
ALENDRONATO DE SÓDIO TRI-HIDRATADO	ALENDRONATO DE SODIO	M5B3 - BISFOSFONATOS PARA OSTEOPOROSE E ALTERAÇÕES RELACIONADAS	Genérico	Tarja Vermelha	
ALENDRONATO DE SÓDIO TRI-HIDRATADO	OSTEOFAR	M5B3 - BISFOSFONATOS PARA OSTEOPOROSE E ALTERAÇÕES RELACIONADAS	Similar	Tarja Vermelha	
ALENDRONATO DE SÓDIO TRI-HIDRATADO	ALENDRONATO DE SÓDIO	M5B3 - BISFOSFONATOS PARA OSTEOPOROSE E ALTERAÇÕES RELACIONADAS	Genérico	Tarja Vermelha	
ALENDRONATO DE SÓDIO TRI-HIDRATADO	LEDAR	M5B3 - BISFOSFONATOS PARA OSTEOPOROSE E ALTERAÇÕES RELACIONADAS	Similar	- (*) 	
ALENDRONATO DE SÓDIO TRI-HIDRATADO	ALENDRONATO DE SÓDIO	M5B3 - BISFOSFONATOS PARA OSTEOPOROSE E ALTERAÇÕES RELACIONADAS	Genérico	Tarja Vermelha	
ALENDRONATO DE SÓDIO TRI-HIDRATADO	ALENDRONATO DE SODIO	M5B3 - BISFOSFONATOS PARA OSTEOPOROSE E ALTERAÇÕES RELACIONADAS	Genérico	Tarja Vermelha	
ALENDRONATO DE SÓDIO TRI-HIDRATADO	ALENDRONATO DE SÓDIO	M5B3 - BISFOSFONATOS PARA OSTEOPOROSE E ALTERAÇÕES RELACIONADAS	Genérico	Tarja Vermelha	
ALENDRONATO DE SÓDIO TRI-HIDRATADO	OSTEOFORM	M5B3 - BISFOSFONATOS PARA OSTEOPOROSE E ALTERAÇÕES RELACIONADAS	Similar	Tarja Vermelha	
ALENDRONATO DE SÓDIO TRI-HIDRATADO	ALENDRONATO DE SÓDIO	M5B3 - BISFOSFONATOS PARA OSTEOPOROSE E ALTERAÇÕES RELACIONADAS	Genérico	- (*) 	
ALENDRONATO DE SÓDIO TRI-HIDRATADO	ALENDRONATO DE SÓDIO	M5B3 - BISFOSFONATOS PARA OSTEOPOROSE E ALTERAÇÕES RELACIONADAS	Genérico	Tarja Vermelha	
ALENDRONATO DE SÓDIO TRI-HIDRATADO	BONAGRAN	M5B3 - BISFOSFONATOS PARA OSTEOPOROSE E ALTERAÇÕES RELACIONADAS	Similar	Tarja Vermelha	
ALENDRONATO DE SÓDIO;COLECALCIFEROL	FOSAMAX D	M5B3 - BISFOSFONATOS PARA OSTEOPOROSE E ALTERAÇÕES RELACIONADAS	Novo	- (*) 	
ALENDRONATO SÓDICO TRIHIDRATADO	ALENDIL	M5B3 - BISFOSFONATOS PARA OSTEOPOROSE E ALTERAÇÕES RELACIONADAS	Similar	Tarja Vermelha	
ALENTUZUMABE	LEMTRADA	N7A - PRODUTOS PARA ESCLEROSE MÚLTIPLA	Biológico	Tarja Vermelha	
ALFA-ALBUTREPENONACOGUE	IDELVION	B2D2 - FATORES II VII IX X	Biológico	Tarja Vermelha	
ALFA-ALGLICOSIDASE	MYOZYME	A16A - OUTROS PRODUTOS PARA O APARELHO DIGESTÓRIO E METABOLISMO	Biológico	Tarja Vermelha	
ALFA-ASFOTASE	STRENSIQ	A16A - OUTROS PRODUTOS PARA O APARELHO DIGESTÓRIO E METABOLISMO	Biológico	Tarja Vermelha	
ALFA-ASFOTASE	STRENSIQ	A16A - OUTROS PRODUTOS PARA O APARELHO DIGESTÓRIO E METABOLISMO	Biológico	Tarja Vermelha	
ALFA-AVALGLICOSIDASE	NEXVIAZYME	A16A - OUTROS PRODUTOS PARA O APARELHO DIGESTÓRIO E METABOLISMO	Biológico	Tarja Vermelha	
ALFA1ANTITRIPSINA	ZEMAIRA	R3X2 - TODOS OS OUTROS PRODUTOS ANTI-ASMÁTICOS e DPOC, SISTÊMICOS	Biológico	Tarja Vermelha	
ALFA1ANTITRIPSINA	PROLASTIN-C	R3X2 - TODOS OS OUTROS PRODUTOS ANTI-ASMÁTICOS e DPOC, SISTÊMICOS	Biológico	Tarja Vermelha	
ALFACALCIDOL	SIGMACALCIDOL	A11C2 - VITAMINA D PURA	Similar	- (*) 	
ALFACERLIPONASE	BRINEURA	N7X - TODOS OS OUTROS PRODUTOS PARA O SISTEMA NERVOSO CENTRAL	Biológico	Tarja Vermelha	
ALFACINAXADANTASE;ALFA-APADANTASE	ADZYNMA	B1X - OUTROS AGENTES ANTITROMBÓTICOS	Biológico	Tarja Vermelha	
ALFACORIFOLITROPINA	ELONVA	G3G - GONADOTROFINAS INCLUINDO OUTROS ESTIMULANTES PARA OVULAÇÃO	Biológico	Tarja Vermelha	
ALFACORIFOLITROPINA	ELONVA	G3G - GONADOTROFINAS INCLUINDO OUTROS ESTIMULANTES PARA OVULAÇÃO	Biológico	Tarja Vermelha	
ALFACORIOGONADOTROPINA	OVIDREL	G3G - GONADOTROFINAS INCLUINDO OUTROS ESTIMULANTES PARA OVULAÇÃO	    -     	- (*) 	
ALFADAMOCTOCOGUE PEGOL	JIVI	B2D1 - FATOR VIII	Biológico	Tarja Vermelha	
ALFADARBEPOETINA	ARANESP	B3X - OUTROS PRODUTOS ANTIANÊMICOS, INCLUINDO ÁCIDO FÓLICO, ÁCIDO FOLÍNICO	Biológico	Tarja Vermelha	
ALFADORNASE	PULMOZYME	R5C - EXPECTORANTES	Novo	- (*) 	
ALFAEFBEMALENOGRASTIM	RYZNEUTA	L3A1 - FATORES ESTIMULANTES DE COLÔNIAS	Biológico	Tarja Vermelha	
ALFAELOSULFASE	VIMIZIM	A16A - OUTROS PRODUTOS PARA O APARELHO DIGESTÓRIO E METABOLISMO	Biológico	Tarja Vermelha	
ALFAEPOETINA	HEMAX ERITRON	B3C - ERITROPOIETÍNAS	Novo	- (*) 	
ALFAEPOETINA	ALFAEPOETINA	B3C - ERITROPOIETÍNAS	Biológico	Tarja Vermelha	
ALFAEPOETINA	EPREX	B3C - ERITROPOIETÍNAS	Novo	- (*) 	
ALFAEPOETINA	ERITROMAX	B3C - ERITROPOIETÍNAS	Similar	- (*) 	
ALFAEPOETINA	ALFAEPOETINA	B3C - ERITROPOIETÍNAS	Biológico	- (*) 	
ALFAEPOETINA	ERITROPOIETINA	B3X - OUTROS PRODUTOS ANTIANÊMICOS, INCLUINDO ÁCIDO FÓLICO, ÁCIDO FOLÍNICO	Biológico	Tarja Sem Tarja	
ALFAEPTACOGUE ATIVADO	NOVOSEVEN	B2D3 - PRODUTOS ANTI-INIBIDORES DA HEMOFILIA	Novo	- (*) 	
ALFAESTRADIOL	ALFAESTRADIOL	D11A - OUTRAS PREPARAÇÕES DERMATOLOGICAS	Genérico	Tarja Sem Tarja	
ALFAESTRADIOL	ALOZEX	D11A - OUTRAS PREPARAÇÕES DERMATOLOGICAS	Similar	Tarja Sem Tarja	
ALFAESTRADIOL	ALFAESTRADIOL	D11A - OUTRAS PREPARAÇÕES DERMATOLOGICAS	Genérico	Tarja Sem Tarja	
ALFAESTRADIOL	AVICIS	D11A - OUTRAS PREPARAÇÕES DERMATOLOGICAS	Novo	Tarja Sem Tarja	
ALFAFOLITROPINA	GONAL F	G3G - GONADOTROFINAS INCLUINDO OUTROS ESTIMULANTES PARA OVULAÇÃO	    -     	- (*) 	
ALFAGALSIDASE	REPLAGAL	A16A - OUTROS PRODUTOS PARA O APARELHO DIGESTÓRIO E METABOLISMO	Biológico	- (*) 	
ALFAINTERFERONA 2B	ALFAINTERFERONA 2B (RECOMBINANTE)	J5D1 - ANTIVIRAIS PARA HEPATITE, INTERFERON E RIBAVIRINA	Novo	- (*) 	
ALFAINTERFERONA 2B	ALFAINTERFERONA 2B	L3B1 - ALFA-INTERFERONAS	Biológico	Tarja Vermelha	
ALFALONOCTOCOGUE	AFSTYLA	B2D1 - FATOR VIII	Biológico	Tarja Vermelha	
ALFALUTROPINA;ALFAFOLITROPINA	PERGOVERIS	G3G - GONADOTROFINAS INCLUINDO OUTROS ESTIMULANTES PARA OVULAÇÃO	Biológico	Tarja Vermelha	
ALFAMOROCTOCOGUE	XYNTHA	B2D1 - FATOR VIII	Biológico	Tarja Vermelha	
ALFANONACOGUE	BENEFIX	B2D2 - FATORES II VII IX X	Biológico	Tarja Vermelha	
ALFAOCTOCOGUE	ADVATE	B2D1 - FATOR VIII	Biológico	- (*) 	
ALFAOCTOCOGUE	HEMO-8R	B2D1 - FATOR VIII	Biológico	Tarja Vermelha	
ALFAOLIPUDASE	XENPOZYME	A16A - OUTROS PRODUTOS PARA O APARELHO DIGESTÓRIO E METABOLISMO	Biológico	Tarja Vermelha	
ALFAOXOFENILPROPIONATO DE CÁLCIO;RACEALFAOXOGAMAMETILPENTANOATO DE CÁLCIO;TRIPTOFANO;RACEALFA-HIDROXIGAMAMETILTIOBUTANOATO DE CÁLCIO;RACEALFAOXOBETAMETILPENTANOATO DE CÁLCIO;HISTIDINA;ACETATO DE LISINA;TREONINA;TIROSINA;RACEALFAOXOBETAMETILBUTANOATO DE CÁLCIO	KETOSTERIL	K1E9 - OUTRAS SOLUÇÕES DE AMINOÁCIDOS	Específico	Tarja Vermelha	
ALFAPEGINTERFERONA 2A	PEGASYS	J5D1 - ANTIVIRAIS PARA HEPATITE, INTERFERON E RIBAVIRINA	Biológico	- (*) 	
ALFAPORACTANTO	CUROSURF	R7C - SURFACTANTES PULMONARES	Novo	- (*) 	
ALFARROPEGINTERFERONA 2B	BESREMI	L1X9 - TODOS OS OUTROS ANTINEOPLÁSICOS	Biológico	Tarja Vermelha	
ALFASIMOCTOCOGUE	NUWIQ	B2D1 - FATOR VIII	Biológico	Tarja Vermelha	
ALFASSEBELIPASE	KANUMA	A16A - OUTROS PRODUTOS PARA O APARELHO DIGESTÓRIO E METABOLISMO	Biológico	Tarja Vermelha	
ALFASSEBELIPASE	KANUMA	A16A - OUTROS PRODUTOS PARA O APARELHO DIGESTÓRIO E METABOLISMO	Biológico	Tarja Vermelha	
ALFATALIGLICERASE	BIO-MANGUINHOS ALFATALIGLICERASE	A16A - OUTROS PRODUTOS PARA O APARELHO DIGESTÓRIO E METABOLISMO	Biológico	Tarja Vermelha	
ALFATIROTROPINA	THYROGEN	T2X9 - TODOS OS OUTROS TESTES DIAGNÓSTICOS	Biológico	Tarja Vermelha	
ALFATUROCTOCOGUE	ZONOVATE	B2D1 - FATOR VIII	Biológico	Tarja Vermelha	
ALFATUROCTOCOGUE PEGOL	ESPUROCT	B2D1 - FATOR VIII	Biológico	Tarja Vermelha	
ALFAVELAGLICERASE	VPRIV	V3H - ENZIMAS ANTIINFLAMATÓRIAS	Biológico	- (*) 	
ALFAVELMANASE	LAMZEDE	A16A - OUTROS PRODUTOS PARA O APARELHO DIGESTÓRIO E METABOLISMO	Biológico	Tarja Vermelha	
ALFAVESTRONIDASE	MEPSEVII	A16A - OUTROS PRODUTOS PARA O APARELHO DIGESTÓRIO E METABOLISMO	Biológico	Tarja Vermelha	
ALIROCUMABE	PRALUENT	C10A4 - INIBIDORES DA PRÓ-PROTEINA CONVERTASE SUBTILISINA/KEXINA TIPO 9 (PCSK9)	Biológico	Tarja Vermelha	
ALOPURINOL	ALOPURINOL	M4A - ANTIGOTOSOS	Genérico	Tarja Vermelha	
ALOPURINOL	ALOPURINOL	M4A - ANTIGOTOSOS	Genérico	Tarja Vermelha	
ALOPURINOL	ALOPURINOL	M4A - ANTIGOTOSOS	Genérico	Tarja Vermelha	
ALOPURINOL	ZYLORIC	M4A - ANTIGOTOSOS	Novo	Tarja Vermelha	
ALOPURINOL	ALOPURINOL	M4A - ANTIGOTOSOS	Genérico	Tarja Vermelha	
ALOÍNA	PÍLULAS DE ERVA DE BICHO COMPOSTAS IMESCARD	A6A9 - OUTRAS DROGAS PARA CONSTIPAÇÃO	Fitoterápico	Tarja Sem Tarja	
ALPELISIBE	PIQRAY	L1H9 - OUTROS ANTINEOPLÁSICOS INIBIDORES DA PROTEÍNA KINASE	Novo	Tarja Vermelha	
ALPINIA ZERUMBET (PERS.) B.L. BURTT & R.M. SM.	ZICLAGUE	M3B - RELAXANTE MUSCULAR DE AÇÃO CENTRAL	Fitoterápico	- (*) 	
ALPRAZOLAM	ALPRAZOLAM	N5C - TRANQUILIZANTES	Genérico	- (*) 	
ALPRAZOLAM	ALPRAZOLAM	N5C - TRANQUILIZANTES	Genérico	Tarja Preta	
ALPRAZOLAM	ALPRAZOLAM	N5C - TRANQUILIZANTES	Genérico	Tarja Preta	
ALPRAZOLAM	ALPRAZOLAM	N5C - TRANQUILIZANTES	Genérico	Tarja Preta	
ALPRAZOLAM	ALPRAZOLAM	N5C - TRANQUILIZANTES	Genérico	Tarja Vermelha	
ALPRAZOLAM	ALPRAZOLAM	N5C - TRANQUILIZANTES	Genérico	Tarja Preta	
ALPRAZOLAM	ALPRAZOLAM	N5C - TRANQUILIZANTES	Genérico	Tarja Preta	
ALPRAZOLAM	TRANQUINAL SLG	N5C - TRANQUILIZANTES	Novo	- (*) 	
ALPRAZOLAM	TRANQUINAL	N5C - TRANQUILIZANTES	Similar	- (*) 	
ALPRAZOLAM	ALPRAZOLAM	N5C - TRANQUILIZANTES	Genérico	Tarja Preta	
ALPRAZOLAM	ALPRAZOLAM	N5C - TRANQUILIZANTES	Genérico	Tarja Vermelha	
ALPRAZOLAM	APRAZ	N5C - TRANQUILIZANTES	Similar	Tarja Vermelha sob restrição	
ALPRAZOLAM	ALPRAZOLAM	N5C - TRANQUILIZANTES	Genérico	- (*) 	
ALPRAZOLAM	FRONTAL	N5C - TRANQUILIZANTES	Novo	Tarja Preta	
ALPROSTADIL	CAVERJECT	G4E9 - OUTROS PRODUTOS PARA DISFUNÇÃO ERÉTIL	Novo	Tarja Vermelha	
ALPROSTADIL ALFACICLODEXTRINA	PROSTAVASIN	C1X - TODAS OUTRAS PREPARAÇÕES CARDÍACAS	Novo	Tarja Vermelha	
ALTEPLASE	ACTILYSE	B1D - FIBRINOLÍTICOS	Novo	- (*) 	
AMBRISENTANA	VOLIBRIS	C6B1 - PRODUTOS HIPERTENSÃO ARTERIAL PULMONAR ANTAGONISTAS RECEPTORES DE ENDOTELINA	Novo	- (*) 	
AMINAFTONA	CAPILAREMA	C5C - VASOPROTETORES SISTÊMICOS	Novo	- (*) 	
AMINOFILINA	AMINOFILINA	R3B2 - ANTIASMÁTICOS/DPOC XANTÍNICOS SISTÊMICOS	Genérico	Tarja Vermelha	
AMINOFILINA	AMINOFILINA	R3B2 - ANTIASMÁTICOS/DPOC XANTÍNICOS SISTÊMICOS	Genérico	Tarja Vermelha	
AMINOFILINA	AMINOFILINA	R3B2 - ANTIASMÁTICOS/DPOC XANTÍNICOS SISTÊMICOS	Genérico	- (*) 	
AMISSULPRIDA	SOCIAN	N5A1 - ANTIPSICÓTICOS ATÍPICOS	Novo	Tarja Vermelha sob restrição	
AMIVANTAMABE	RYBREVANT	L1G9 - ANTICORPOS MONOCLONAIS ANTINEOPLÁSICOS, OUTROS	Biológico	Tarja Vermelha	
AMOXICILINA	AMOXICILINA	J1C1 - PENICILINAS ORAIS DE AMPLO ESPECTRO	Genérico	Tarja Vermelha sob restrição	
AMOXICILINA	AMOXICILINA	J1C1 - PENICILINAS ORAIS DE AMPLO ESPECTRO	Genérico	Tarja Vermelha sob restrição	
AMOXICILINA	NEMOXIL	J1C1 - PENICILINAS ORAIS DE AMPLO ESPECTRO	Similar	- (*) 	
AMOXICILINA	AMOXICILINA	J1C1 - PENICILINAS ORAIS DE AMPLO ESPECTRO	Genérico	Tarja Vermelha sob restrição	
AMOXICILINA	AMOXICILINA	J1C1 - PENICILINAS ORAIS DE AMPLO ESPECTRO	Genérico	Tarja Vermelha sob restrição	
AMOXICILINA	AMOXICILINA	J1C1 - PENICILINAS ORAIS DE AMPLO ESPECTRO	Genérico	Tarja Vermelha sob restrição	
AMOXICILINA	APLUC	J1C1 - PENICILINAS ORAIS DE AMPLO ESPECTRO	Similar	Tarja Vermelha sob restrição	
AMOXICILINA SÓDICA;SULBACTAM SÓDICO	TRIFAMOX	J1C2 - PENICILINAS INJETAVEIS DE AMPLO ESPECTRO	Novo	Tarja Vermelha sob restrição	
AMOXICILINA TRI-HIDRATADA	SINOT	J1C1 - PENICILINAS ORAIS DE AMPLO ESPECTRO	Similar	Tarja Vermelha sob restrição	
AMOXICILINA TRI-HIDRATADA	CLAVULIN	J1C1 - PENICILINAS ORAIS DE AMPLO ESPECTRO	Novo	Tarja Vermelha sob restrição	
AMOXICILINA TRI-HIDRATADA	AMOXICILINA	J1C1 - PENICILINAS ORAIS DE AMPLO ESPECTRO	Genérico	Tarja Vermelha sob restrição	
AMOXICILINA TRI-HIDRATADA	AMOX-EMS	J1C1 - PENICILINAS ORAIS DE AMPLO ESPECTRO	Similar	Tarja Vermelha sob restrição	
AMOXICILINA TRI-HIDRATADA	AMOXICILINA	J1C1 - PENICILINAS ORAIS DE AMPLO ESPECTRO	Genérico	Tarja Vermelha sob restrição	
AMOXICILINA TRI-HIDRATADA	NOVOCILIN	J1C1 - PENICILINAS ORAIS DE AMPLO ESPECTRO	Similar	Tarja Vermelha sob restrição	
AMOXICILINA TRI-HIDRATADA	AMOXICILINA	J1C1 - PENICILINAS ORAIS DE AMPLO ESPECTRO	Genérico	Tarja Vermelha sob restrição	
AMOXICILINA TRI-HIDRATADA	AMOXICILINA TRIIDRATADA	J1C1 - PENICILINAS ORAIS DE AMPLO ESPECTRO	Genérico	Tarja Vermelha sob restrição	
AMOXICILINA TRI-HIDRATADA	AMOXICILINA TRIIDRATADA	J1C1 - PENICILINAS ORAIS DE AMPLO ESPECTRO	Genérico	Tarja Vermelha sob restrição	
AMOXICILINA TRI-HIDRATADA	AMOXICILINA	J1C1 - PENICILINAS ORAIS DE AMPLO ESPECTRO	Genérico	Tarja Vermelha sob restrição	
AMOXICILINA TRI-HIDRATADA	OCYLIN	J1C1 - PENICILINAS ORAIS DE AMPLO ESPECTRO	Similar	Tarja Vermelha sob restrição	
AMOXICILINA TRI-HIDRATADA	VELAMOX BD	J1C1 - PENICILINAS ORAIS DE AMPLO ESPECTRO	Similar	Tarja Vermelha sob restrição	
AMOXICILINA TRI-HIDRATADA	VELAMOX	J1C1 - PENICILINAS ORAIS DE AMPLO ESPECTRO	Similar	Tarja Vermelha sob restrição	
AMOXICILINA TRI-HIDRATADA	AMOXICILINA	J1C1 - PENICILINAS ORAIS DE AMPLO ESPECTRO	Genérico	Tarja Vermelha sob restrição	
AMOXICILINA TRI-HIDRATADA	AMOXICILINA	J1C1 - PENICILINAS ORAIS DE AMPLO ESPECTRO	Genérico	Tarja Vermelha sob restrição	
AMOXICILINA TRI-HIDRATADA	AMOXICILINA	J1C1 - PENICILINAS ORAIS DE AMPLO ESPECTRO	Genérico	Tarja Vermelha sob restrição	
AMOXICILINA TRI-HIDRATADA	POLIMOXIL	J1C1 - PENICILINAS ORAIS DE AMPLO ESPECTRO	Similar	Tarja Vermelha sob restrição	
AMOXICILINA TRIHIDRATADA	AMOXIL	J1C1 - PENICILINAS ORAIS DE AMPLO ESPECTRO	Novo	Tarja Vermelha sob restrição	
AMOXICILINA TRIHIDRATADA	AMOXICILINA TRI-HIDRATADA	J1C1 - PENICILINAS ORAIS DE AMPLO ESPECTRO	Genérico	Tarja Vermelha	
AMOXICILINA TRIHIDRATADA	IQUEGO-AMOXICILINA	J1C1 - PENICILINAS ORAIS DE AMPLO ESPECTRO	Similar	- (*) 	
AMOXICILINA TRIHIDRATADA	FURP - AMOXICILINA	J1C1 - PENICILINAS ORAIS DE AMPLO ESPECTRO	Similar	Tarja Vermelha sob restrição	
AMOXICILINA TRIHIDRATADA	AMOXICILINA	J1C1 - PENICILINAS ORAIS DE AMPLO ESPECTRO	Genérico	Tarja Vermelha sob restrição	
AMOXICILINA TRIHIDRATADA	AMOXICILINA	J1C1 - PENICILINAS ORAIS DE AMPLO ESPECTRO	Genérico	Tarja Vermelha sob restrição	
AMOXICILINA TRIHIDRATADA	AMOXICILINA	J1C1 - PENICILINAS ORAIS DE AMPLO ESPECTRO	Genérico	Tarja Vermelha sob restrição	
AMOXICILINA TRIHIDRATADA;CLAVULANATO DE POTÁSSIO	AMOXICILINA + CLAVULANATO DE POTÁSSIO	J1C1 - PENICILINAS ORAIS DE AMPLO ESPECTRO	Genérico	Tarja Vermelha sob restrição	
AMOXICILINA TRIHIDRATADA;CLAVULANATO DE POTÁSSIO	AMOXICILINA + CLAVULANATO DE POTÁSSIO	J1C1 - PENICILINAS ORAIS DE AMPLO ESPECTRO	Genérico	Tarja Vermelha sob restrição	
AMOXICILINA TRIHIDRATADA;CLAVULANATO DE POTÁSSIO	AMOXICILINA + CLAVULANATO DE POTASSIO	J1C1 - PENICILINAS ORAIS DE AMPLO ESPECTRO	Genérico	Tarja Vermelha sob restrição	
AMOXICILINA TRIHIDRATADA;CLAVULANATO DE POTÁSSIO	AMOXICILINA + CLAVULANATO DE POTÁSSIO	J1C1 - PENICILINAS ORAIS DE AMPLO ESPECTRO	Genérico	- (*) 	
AMOXICILINA TRIHIDRATADA;CLAVULANATO DE POTÁSSIO	NOVAMOX	J1C1 - PENICILINAS ORAIS DE AMPLO ESPECTRO	Similar	Tarja Vermelha sob restrição	
AMOXICILINA TRIHIDRATADA;CLAVULANATO DE POTÁSSIO	AMOXICILINA + CLAVULANATO DE POTÁSSIO	J1C1 - PENICILINAS ORAIS DE AMPLO ESPECTRO	Genérico	Tarja Vermelha sob restrição	
AMOXICILINA TRIHIDRATADA;CLAVULANATO DE POTÁSSIO	AMOXICILINA + CLAVULANATO DE POTÁSSIO	J1C1 - PENICILINAS ORAIS DE AMPLO ESPECTRO	Genérico	- (*) 	
AMOXICILINA TRIHIDRATADA;CLAVULANATO DE POTÁSSIO	AMOXICILINA + CLAVULANATO DE POTÁSSIO	J1C1 - PENICILINAS ORAIS DE AMPLO ESPECTRO	Genérico	Tarja Vermelha sob restrição	
AMOXICILINA TRIHIDRATADA;CLAVULANATO DE POTÁSSIO	AMOXICILINA + CLAVULANATO DE POTÁSSIO	J1C1 - PENICILINAS ORAIS DE AMPLO ESPECTRO	Genérico	- (*) 	
AMOXICILINA TRIHIDRATADA;ESOMEPRAZOL MAGNÉSICO TRI-HIDRATADO;CLARITROMICINA	ESOGASTRO IBP	A2B2 - INIBIDORES DA BOMBA DE PRÓTONS	Novo	Tarja Vermelha sob restrição	
AMOXICILINA TRIHIDRATADA;LANSOPRAZOL;CLARITROMICINA	LANSOPRAZOL + CLARITROMICINA + AMOXICILINA	A2B2 - INIBIDORES DA BOMBA DE PRÓTONS	Genérico	- (*) 	
AMOXICILINA TRIHIDRATADA;LANSOPRAZOL;LEVOFLOXACINO HEMI-HIDRATADO	PYLORIPAC RETRAT	A2B2 - INIBIDORES DA BOMBA DE PRÓTONS	Novo	Tarja Vermelha	
AMOXICILINA TRIHIDRATADA;OMEPRAZOL;CLARITROMICINA	OMEPRAMIX	A2B2 - INIBIDORES DA BOMBA DE PRÓTONS	Similar	Tarja Vermelha sob restrição	
AMPICILINA	AMPICILINA	J1C1 - PENICILINAS ORAIS DE AMPLO ESPECTRO	Genérico	Tarja Vermelha	
AMPICILINA	AMPICILAB	J1C1 - PENICILINAS ORAIS DE AMPLO ESPECTRO	Similar	Tarja Vermelha sob restrição	
AMPICILINA	AMPICILINA	J1C1 - PENICILINAS ORAIS DE AMPLO ESPECTRO	Genérico	Tarja Vermelha sob restrição	
AMPICILINA	AMPICILINA	J1C1 - PENICILINAS ORAIS DE AMPLO ESPECTRO	Genérico	Tarja Vermelha sob restrição	
AMPICILINA ANIDRA	AMPLACILINA	J1C1 - PENICILINAS ORAIS DE AMPLO ESPECTRO	Similar	- (*) 	
AMPICILINA ANIDRA	AMPICILINA	J1C1 - PENICILINAS ORAIS DE AMPLO ESPECTRO	Genérico	Tarja Vermelha	
AMPICILINA SÓDICA	AMPLATIL	J1C2 - PENICILINAS INJETAVEIS DE AMPLO ESPECTRO	Similar	Tarja Vermelha sob restrição	
AMPICILINA SÓDICA	AMPICILINA SÓDICA	J1C2 - PENICILINAS INJETAVEIS DE AMPLO ESPECTRO	Genérico	- (*) 	
AMPICILINA SÓDICA	FURP-AMPICILINA	J1C2 - PENICILINAS INJETAVEIS DE AMPLO ESPECTRO	Similar	- (*) 	
AMPICILINA SÓDICA	CILINON	J1C2 - PENICILINAS INJETAVEIS DE AMPLO ESPECTRO	Similar	Tarja Vermelha sob restrição	
AMPICILINA SÓDICA	AMPICILINA SÓDICA	J1C2 - PENICILINAS INJETAVEIS DE AMPLO ESPECTRO	Genérico	Tarja Vermelha sob restrição	
ANASTROZOL	ANASTROLIBBS	L2B3 - CITOSTÁTICOS INIBIDORES DA AROMATASE	Similar	- (*) 	
ANASTROZOL	ANASTROZOL	L2B3 - CITOSTÁTICOS INIBIDORES DA AROMATASE	Genérico	- (*) 	
ANASTROZOL	ANASTROZOL	L2B3 - CITOSTÁTICOS INIBIDORES DA AROMATASE	Genérico	Tarja Vermelha	
ANASTROZOL	ANASTROZOL	L2B3 - CITOSTÁTICOS INIBIDORES DA AROMATASE	Genérico	Tarja Vermelha	
ANASTROZOL	ANASTROZOL	L2B3 - CITOSTÁTICOS INIBIDORES DA AROMATASE	Genérico	Tarja Vermelha	
ANASTROZOL	ARAZABI	L2B3 - CITOSTÁTICOS INIBIDORES DA AROMATASE	Similar	- (*) 	
ANASTROZOL	CERMAZ	L2B3 - CITOSTÁTICOS INIBIDORES DA AROMATASE	Similar	Tarja Vermelha	
ANASTROZOL	ARIMIDEX	L2B3 - CITOSTÁTICOS INIBIDORES DA AROMATASE	Novo	Tarja Vermelha	
ANASTROZOL	ANASTROZOL	L2B3 - CITOSTÁTICOS INIBIDORES DA AROMATASE	Genérico	Tarja Vermelha	
ANASTROZOL	AROTHAZY	L2B3 - CITOSTÁTICOS INIBIDORES DA AROMATASE	Similar	Tarja Vermelha	
ANASTROZOL	ANYA	L2B3 - CITOSTÁTICOS INIBIDORES DA AROMATASE	Similar	Tarja Vermelha	
ANASTROZOL	HANAZ	L2B3 - CITOSTÁTICOS INIBIDORES DA AROMATASE	Similar	Tarja Vermelha	
ANASTROZOL	ANASTROZOL	L2B3 - CITOSTÁTICOS INIBIDORES DA AROMATASE	Genérico	Tarja Vermelha	
ANASTROZOL	ANASTROZOL	L2B3 - CITOSTÁTICOS INIBIDORES DA AROMATASE	Genérico	Tarja Vermelha	
ANATOXINA TETÂNICA;ANATOXINA DIFTÉRICA	VACINA ADSORVIDA DIFTERIA E TÉTANO INFANTIL (DT)	J7B1 - ASSOCIAÇÔES COM VACINA ANTITETÂNICA	Biológico	Tarja Vermelha	
ANATOXINA TETÂNICA;ANATOXINA DIFTÉRICA	VACINA ADSORVIDA DIFTERIA E TÉTANO ADULTO (DT)	J7B1 - ASSOCIAÇÔES COM VACINA ANTITETÂNICA	Biológico	Tarja Vermelha	
ANATOXINA TETÂNICA;ANATOXINA DIFTÉRICA;ANTÍGENO PERTUSSIS	VACINA ADSORVIDA DIFTERIA, TÉTANO E PERTUSSIS	J7B1 - ASSOCIAÇÔES COM VACINA ANTITETÂNICA	Biológico	Tarja Vermelha	
ANFOTERICINA B	ANFORICIN B	J2A - AGENTES SISTÊMICOS PARA INFECÇÕES FÚNGICAS	Similar	Tarja Vermelha	
ANFOTERICINA B	AMBISOME	J2A - AGENTES SISTÊMICOS PARA INFECÇÕES FÚNGICAS	Novo	Tarja Vermelha	
ANFOTERICINA B	ABELCET	J2A - AGENTES SISTÊMICOS PARA INFECÇÕES FÚNGICAS	Novo	Tarja Vermelha	
ANIDULAFUNGINA	ANIDULAFUNGINA	J2A - AGENTES SISTÊMICOS PARA INFECÇÕES FÚNGICAS	Genérico	- (*) 	
ANIDULAFUNGINA	ECALTA	J2A - AGENTES SISTÊMICOS PARA INFECÇÕES FÚNGICAS	Novo	Tarja Vermelha	
ANIFROLUMABE	SAPHNELO	L4X - OUTROS IMUNOSSUPRESSORES	Biológico	Tarja Vermelha	
ANTIMONIATO DE MEGLUMINA	GLUCANTIME	P1G - OUTROS ANTIPARASITÁRIOS	Novo	Tarja Vermelha	
ANTÍGENO DE SUPERFÍCIE DA HEPATITE B	ENGERIX B	J7E4 - VACINA PARA HEPATITE	Biológico	Tarja Vermelha	
ANTÍGENO DE SUPERFÍCIE DA HEPATITE B	VACINA ADSORVIDA HEPATITE B (RECOMBINANTE)	J7E4 - VACINA PARA HEPATITE	Biológico	Tarja Vermelha	
APALUTAMIDA	ERLEADA	L2B2 - HORMÔNIOS ANTIANDROGÊNICOS CITOSTÁTICOS	Novo	Tarja Vermelha	
APIXABANA	APIXABANA	B1F - INIBIDORES DIRETOS DO FATOR XA	Genérico	Tarja Vermelha	
APIXABANA	APICS	B1F - INIBIDORES DIRETOS DO FATOR XA	Similar	Tarja Vermelha	
APIXABANA	APIXABANA	B1F - INIBIDORES DIRETOS DO FATOR XA	Genérico	Tarja Vermelha	
APIXABANA	XAKILIS	B1F - INIBIDORES DIRETOS DO FATOR XA	Similar	Tarja Vermelha	
APIXABANA	APIXABANA	B1F - INIBIDORES DIRETOS DO FATOR XA	Genérico	Tarja Vermelha	
APIXABANA	IXABI	B1F - INIBIDORES DIRETOS DO FATOR XA	Similar	Tarja Vermelha	
APIXABANA	APIXABANA	B1F - INIBIDORES DIRETOS DO FATOR XA	Genérico	Tarja Vermelha	
APIXABANA	ATIVOR	B1F - INIBIDORES DIRETOS DO FATOR XA	Similar	Tarja Vermelha	
APIXABANA	APIXABANA	B1F - INIBIDORES DIRETOS DO FATOR XA	Genérico	Tarja Vermelha	
APIXABANA	APIXABANA	B1F - INIBIDORES DIRETOS DO FATOR XA	Genérico	Tarja Vermelha	
APIXABANA	EMBO	B1F - INIBIDORES DIRETOS DO FATOR XA	Similar	Tarja Vermelha	
APIXABANA	APIXABANA	B1F - INIBIDORES DIRETOS DO FATOR XA	Genérico	Tarja Vermelha	
APIXABANA	ELIQUIS	B1F - INIBIDORES DIRETOS DO FATOR XA	Novo	Tarja Vermelha	
APIXABANA	APIXABANA	B1F - INIBIDORES DIRETOS DO FATOR XA	Genérico	Tarja Vermelha	
APIXABANA	APIXORD	B1F - INIBIDORES DIRETOS DO FATOR XA	Similar	Tarja Vermelha	
APIXABANA	APIXABANA	B1F - INIBIDORES DIRETOS DO FATOR XA	Genérico	Tarja Vermelha	
APIXABANA	APIXABANA	B1F - INIBIDORES DIRETOS DO FATOR XA	Genérico	Tarja Vermelha	
APIXABANA	HARTERYA	B1F - INIBIDORES DIRETOS DO FATOR XA	Similar	Tarja Vermelha	
APIXABANA	IXOBAM	B1F - INIBIDORES DIRETOS DO FATOR XA	Similar	Tarja Vermelha	
APIXABANA	PICBAM	B1F - INIBIDORES DIRETOS DO FATOR XA	Similar	Tarja Vermelha	
APIXABANA	APIXABANA	B1F - INIBIDORES DIRETOS DO FATOR XA	Genérico	Tarja Vermelha	
APIXABANA	HALLIS	B1F - INIBIDORES DIRETOS DO FATOR XA	Similar	Tarja Vermelha	
APIXABANA	APIXABANA	B1F - INIBIDORES DIRETOS DO FATOR XA	Genérico	Tarja Vermelha	
APIXABANA	BANXA	B1F - INIBIDORES DIRETOS DO FATOR XA	Similar	Tarja Vermelha	
APIXABANA	EKNUS	B1F - INIBIDORES DIRETOS DO FATOR XA	Similar	Tarja Vermelha	
APROTININA;TROMBINA;FIBRINOGÊNIO	TISSEEL	B2F - PREPARAÇÕES PARA COLAGEM TECIDUAL	Biológico	- (*) 	
APROTININA;TROMBINA;FIBRINOGÊNIO	ARTISS	B2F - PREPARAÇÕES PARA COLAGEM TECIDUAL	Biológico	Tarja Vermelha	
ARIPIPRAZOL	ARIPIPRAZOL	N5A1 - ANTIPSICÓTICOS ATÍPICOS	Genérico	Tarja Vermelha sob restrição	
ARIPIPRAZOL	ARIPIPRAZOL	N5A1 - ANTIPSICÓTICOS ATÍPICOS	Genérico	Tarja Vermelha sob restrição	
ARIPIPRAZOL	ARIPIPRAZOL	N5A1 - ANTIPSICÓTICOS ATÍPICOS	Genérico	Tarja Vermelha sob restrição	
ARIPIPRAZOL	ARPEJO	N5A1 - ANTIPSICÓTICOS ATÍPICOS	Novo	Tarja Vermelha sob restrição	
ARIPIPRAZOL	ARIPIPRAZOL	N5A1 - ANTIPSICÓTICOS ATÍPICOS	Genérico	Tarja Vermelha sob restrição	
ARIPIPRAZOL	SENSAZ	N5A1 - ANTIPSICÓTICOS ATÍPICOS	Similar	Tarja Vermelha sob restrição	
ARIPIPRAZOL	BIQUIZ	N5A1 - ANTIPSICÓTICOS ATÍPICOS	Similar	Tarja Vermelha sob restrição	
ARIPIPRAZOL	HEDD	N5A1 - ANTIPSICÓTICOS ATÍPICOS	Similar	Tarja Vermelha sob restrição	
ARIPIPRAZOL	TOARIP	N5A1 - ANTIPSICÓTICOS ATÍPICOS	Similar	Tarja Vermelha sob restrição	
ARIPIPRAZOL	ARIPIPRAZOL	N5A1 - ANTIPSICÓTICOS ATÍPICOS	Genérico	Tarja Vermelha sob restrição	
ARIPIPRAZOL	AQUARELA	N5A1 - ANTIPSICÓTICOS ATÍPICOS	Similar	Tarja Vermelha sob restrição	
ARIPIPRAZOL	OPTARY	N5A1 - ANTIPSICÓTICOS ATÍPICOS	Similar	Tarja Vermelha sob restrição	
ARIPIPRAZOL	ARISTAB ODT	N5A1 - ANTIPSICÓTICOS ATÍPICOS	Similar	Tarja Vermelha sob restrição	
ARIPIPRAZOL	ARISTAB	N5A1 - ANTIPSICÓTICOS ATÍPICOS	Novo	Tarja Vermelha sob restrição	
ARIPIPRAZOL	ARIPIPRAZOL	N5A1 - ANTIPSICÓTICOS ATÍPICOS	Genérico	Tarja Vermelha sob restrição	
ARIPIPRAZOL	ARPIO	N5A1 - ANTIPSICÓTICOS ATÍPICOS	Similar	Tarja Vermelha sob restrição	
ARIPIPRAZOL	ARIPIPRAZOL	N5A1 - ANTIPSICÓTICOS ATÍPICOS	Genérico	Tarja Vermelha sob restrição	
ARIPIPRAZOL	ARIPIPRAZOL	N5A1 - ANTIPSICÓTICOS ATÍPICOS	Genérico	Tarja Vermelha sob restrição	
ARIPIPRAZOL	HARIP	N5A1 - ANTIPSICÓTICOS ATÍPICOS	Similar	Tarja Vermelha sob restrição	
ARIPIPRAZOL	HARIP ODT	N5A1 - ANTIPSICÓTICOS ATÍPICOS	Similar	Tarja Vermelha sob restrição	
ARIPIPRAZOL	ARIPIPRAZOL	N5A1 - ANTIPSICÓTICOS ATÍPICOS	Genérico	Tarja Vermelha sob restrição	
ARIPIPRAZOL	ARIPIPRAZOL	N5A1 - ANTIPSICÓTICOS ATÍPICOS	Genérico	Tarja Vermelha	
ARIPIPRAZOL	ARIPIPRAZOL	N5A1 - ANTIPSICÓTICOS ATÍPICOS	Genérico	Tarja Vermelha sob restrição	
ARIPIPRAZOL	KAVIUM	N5A1 - ANTIPSICÓTICOS ATÍPICOS	Similar	Tarja Vermelha sob restrição	
ARIPIPRAZOL	KAVIUM ODT	N5A1 - ANTIPSICÓTICOS ATÍPICOS	Novo	Tarja Vermelha sob restrição	
ARIPIPRAZOL	AIPRI	N5A1 - ANTIPSICÓTICOS ATÍPICOS	Similar	Tarja Vermelha sob restrição	
ARMODAFINILA	NUVIGIL	N6B - PSICOESTIMULANTES	Novo	Tarja Preta	
ASCORBATO DE SÓDIO;CITRATO DE ZINCO TRI-HIDRATADO;COLECALCIFEROL	REDOXON TRIPLA AÇÃO CR	A11G2 - ASSOCIAÇÕES COM VITAMINA C	Específico	Tarja Sem Tarja	
ASPARAGINASE	SPECTRILA	L1X9 - TODOS OS OUTROS ANTINEOPLÁSICOS	Biológico	Tarja Vermelha	
ASPARTATO DE ARGININA	REFORGAN	A16A - OUTROS PRODUTOS PARA O APARELHO DIGESTÓRIO E METABOLISMO	Específico	- (*) 	
ASPARTATO DE ARGININA	TARGIFOR	A16A - OUTROS PRODUTOS PARA O APARELHO DIGESTÓRIO E METABOLISMO	Específico	- (*) 	
ASPARTATO DE ARGININA;ÁCIDO ASCÓRBICO	ASPARGIL C	A13A2 - TODOS OS OUTROS TÔNICOS	Específico	Tarja Sem Tarja	
ASPARTATO DE ARGININA;ÁCIDO ASCÓRBICO	TARGIFOR C	A13A2 - TODOS OS OUTROS TÔNICOS	Específico	Tarja Sem Tarja	
ASPARTATO DE MAGNÉSIO;CLORIDRATO DE TIAMINA;ASPARTATO DE POTÁSSIO;ACETATO DE TOCOFEROL;RIBOFLAVINA;CLORIDRATO DE PIRIDOXINA	CAZIGERAN	A11A4 - OUTROS POLIVITAMÍNICOS COM MINERAIS	Específico	- (*) 	
ASPARTATO DE ORNITINA	HEPA-MERZ	A5B - HEPATOPROTETORES E LIPOTRÓPICOS	Específico	Tarja Vermelha	
ATALURENO	TRANSLARNA	M5X - TODOS OS OUTROS FÁRMACOS COM AÇÃO MÚSCULO-ESQUELÉTICA	Novo	Tarja Vermelha	
ATENOLOL	ATENOPRESS	C7A0 - BETABLOQUEADORES PUROS	Similar	Tarja Vermelha	
ATENOLOL	ATENOLOL	C7A0 - BETABLOQUEADORES PUROS	Genérico	- (*) 	
ATENOLOL	ATENOLOL	C7A0 - BETABLOQUEADORES PUROS	Genérico	Tarja Vermelha	
ATENOLOL	ATENOLOL	C7A0 - BETABLOQUEADORES PUROS	Genérico	Tarja Vermelha	
ATENOLOL	TENOLON	C7A0 - BETABLOQUEADORES PUROS	Similar	Tarja Vermelha	
ATENOLOL	ATENOLOL	C7A0 - BETABLOQUEADORES PUROS	Genérico	- (*) 	
ATENOLOL	ATENOLOL	C7A0 - BETABLOQUEADORES PUROS	Genérico	Tarja Vermelha	
ATENOLOL	ANGIPRESS	C7A0 - BETABLOQUEADORES PUROS	Similar	Tarja Vermelha	
ATENOLOL	ATENOLOL	C7A0 - BETABLOQUEADORES PUROS	Genérico	Tarja Vermelha	
ATENOLOL	ABLOK	C7A0 - BETABLOQUEADORES PUROS	Similar	Tarja Vermelha	
ATENOLOL	ATENOLOL	C7A0 - BETABLOQUEADORES PUROS	Genérico	Tarja Vermelha	
ATENOLOL	ATENOLOL	C7A0 - BETABLOQUEADORES PUROS	Genérico	Tarja Vermelha	
ATENOLOL	ATENOLAB	C7A0 - BETABLOQUEADORES PUROS	Similar	Tarja Vermelha	
ATENOLOL	ATENOLOL	C7A0 - BETABLOQUEADORES PUROS	Genérico	Tarja Vermelha	
ATENOLOL	ATENOLOL	C7A0 - BETABLOQUEADORES PUROS	Genérico	- (*) 	
ATENOLOL	TELOL	C7A0 - BETABLOQUEADORES PUROS	Similar	Tarja Vermelha	
ATENOLOL	ATENOLOL	C7A0 - BETABLOQUEADORES PUROS	Genérico	Tarja Vermelha	
ATENOLOL	ATENOLOL	C7A0 - BETABLOQUEADORES PUROS	Genérico	- (*) 	
ATENOLOL	ATENOLOL	C7A0 - BETABLOQUEADORES PUROS	Genérico	Tarja Vermelha	
ATENOLOL	ATENOLOL	C7A0 - BETABLOQUEADORES PUROS	Genérico	Tarja Vermelha	
ATENOLOL;BESILATO DE ANLODIPINO	BESILATO DE ANLODIPINO+ATENOLOL	C8B2 - ANTAGONISTAS DO CÁLCIO ASSOCIADOS A BETABLOQUEADORES	Genérico	Tarja Vermelha	
ATENOLOL;BESILATO DE ANLODIPINO	BETALOR	C8B2 - ANTAGONISTAS DO CÁLCIO ASSOCIADOS A BETABLOQUEADORES	Novo	- (*) 	
ATENOLOL;CLORTALIDONA	ATENOLOL + CLORTALIDONA	C7B1 - BETABLOQUEADORES ASSOCIADOS COM ANTIHIPERTENSIVOS E/OU DIURÉTICOS	Genérico	- (*) 	
ATENOLOL;CLORTALIDONA	DIUBLOK	C7B1 - BETABLOQUEADORES ASSOCIADOS COM ANTIHIPERTENSIVOS E/OU DIURÉTICOS	Similar	Tarja Vermelha	
ATENOLOL;CLORTALIDONA	ATENOLOL + CLORTALIDONA	C7B1 - BETABLOQUEADORES ASSOCIADOS COM ANTIHIPERTENSIVOS E/OU DIURÉTICOS	Genérico	Tarja Vermelha	
ATENOLOL;CLORTALIDONA	ATENOLOL + CLORTALIDONA	C7B1 - BETABLOQUEADORES ASSOCIADOS COM ANTIHIPERTENSIVOS E/OU DIURÉTICOS	Genérico	- (*) 	
ATENOLOL;CLORTALIDONA	ATENOLOL + CLORTALIDONA	C7B1 - BETABLOQUEADORES ASSOCIADOS COM ANTIHIPERTENSIVOS E/OU DIURÉTICOS	Genérico	- (*) 	
ATENOLOL;CLORTALIDONA	ATELIDONA	C7B1 - BETABLOQUEADORES ASSOCIADOS COM ANTIHIPERTENSIVOS E/OU DIURÉTICOS	Similar	- (*) 	
ATENOLOL;CLORTALIDONA	REVERT	C7B1 - BETABLOQUEADORES ASSOCIADOS COM ANTIHIPERTENSIVOS E/OU DIURÉTICOS	Similar	Tarja Vermelha	
ATENOLOL;CLORTALIDONA	ATENOCLOR	C7B1 - BETABLOQUEADORES ASSOCIADOS COM ANTIHIPERTENSIVOS E/OU DIURÉTICOS	Similar	Tarja Vermelha	
ATENOLOL;CLORTALIDONA	ATENOLOL + CLORTALIDONA	C7B1 - BETABLOQUEADORES ASSOCIADOS COM ANTIHIPERTENSIVOS E/OU DIURÉTICOS	Genérico	Tarja Vermelha	
ATENOLOL;CLORTALIDONA	ATENOLOL + CLORTALIDONA	C7B1 - BETABLOQUEADORES ASSOCIADOS COM ANTIHIPERTENSIVOS E/OU DIURÉTICOS	Genérico	- (*) 	
ATENOLOL;CLORTALIDONA	ANGIPRESS CD	C7B1 - BETABLOQUEADORES ASSOCIADOS COM ANTIHIPERTENSIVOS E/OU DIURÉTICOS	Similar	Tarja Vermelha	
ATENOLOL;CLORTALIDONA	ATENOLOL + CLORTALIDONA	C7B1 - BETABLOQUEADORES ASSOCIADOS COM ANTIHIPERTENSIVOS E/OU DIURÉTICOS	Genérico	Tarja Vermelha	
ATENOLOL;CLORTALIDONA	ABLOK PLUS	C7B1 - BETABLOQUEADORES ASSOCIADOS COM ANTIHIPERTENSIVOS E/OU DIURÉTICOS	Similar	Tarja Vermelha	
ATENOLOL;CLORTALIDONA	ATENOLOL + CLORTALIDONA	C7B1 - BETABLOQUEADORES ASSOCIADOS COM ANTIHIPERTENSIVOS E/OU DIURÉTICOS	Genérico	- (*) 	
ATENOLOL;CLORTALIDONA	ATENOLOL + CLORTALIDONA	C7B1 - BETABLOQUEADORES ASSOCIADOS COM ANTIHIPERTENSIVOS E/OU DIURÉTICOS	Genérico	Tarja Vermelha	
ATEZOLIZUMABE	TECENTRIQ	L1G5 - ANTICORPOS MONOCLONAIS ANTINEOPLÁSICOS, PD-1/PD-L1	Biológico	Tarja Vermelha	
ATORVASTATINA CÁLCICA	VAST	C10A1 - ESTATINAS, INIBIDORES DA REDUTASE HMG-CoA	Similar	Tarja Vermelha	
ATORVASTATINA CÁLCICA	ATORVASTATINA CÁLCICA	C10A1 - ESTATINAS, INIBIDORES DA REDUTASE HMG-CoA	Genérico	- (*) 	
ATORVASTATINA CÁLCICA	ATORVASTATINA CALCICA	C10A1 - ESTATINAS, INIBIDORES DA REDUTASE HMG-CoA	Genérico	Tarja Vermelha	
ATORVASTATINA CÁLCICA	ATORVASTATINA CÁLCICA	C10A1 - ESTATINAS, INIBIDORES DA REDUTASE HMG-CoA	Genérico	Tarja Vermelha	
ATORVASTATINA CÁLCICA	LIPITOR	C10A1 - ESTATINAS, INIBIDORES DA REDUTASE HMG-CoA	Similar	Tarja Vermelha	
ATORVASTATINA CÁLCICA	ATORVASTATINA CÁLCICA	C10A1 - ESTATINAS, INIBIDORES DA REDUTASE HMG-CoA	Genérico	- (*) 	
ATORVASTATINA CÁLCICA	ATORVASTATINA CÁLCICA	C10A1 - ESTATINAS, INIBIDORES DA REDUTASE HMG-CoA	Genérico	Tarja Vermelha	
ATORVASTATINA CÁLCICA	ATEROMA	C10A1 - ESTATINAS, INIBIDORES DA REDUTASE HMG-CoA	Similar	- (*) 	
ATORVASTATINA CÁLCICA	ATORLESS	C10A1 - ESTATINAS, INIBIDORES DA REDUTASE HMG-CoA	Similar	- (*) 	
ATORVASTATINA CÁLCICA	ATORVASTATINA CÁLCICA	C10A1 - ESTATINAS, INIBIDORES DA REDUTASE HMG-CoA	Genérico	Tarja Vermelha	
ATORVASTATINA CÁLCICA	ATORVASTATINA CÁLCICA	C10A1 - ESTATINAS, INIBIDORES DA REDUTASE HMG-CoA	Genérico	Tarja Vermelha	
ATORVASTATINA CÁLCICA	TORVILIP	C10A1 - ESTATINAS, INIBIDORES DA REDUTASE HMG-CoA	Similar	Tarja Vermelha	
ATORVASTATINA CÁLCICA	LIPISTAT	C10A1 - ESTATINAS, INIBIDORES DA REDUTASE HMG-CoA	Similar	Tarja Vermelha	
ATORVASTATINA CÁLCICA	ATORVASTATINA CÁLCICA	C10A1 - ESTATINAS, INIBIDORES DA REDUTASE HMG-CoA	Genérico	Tarja Vermelha	
ATORVASTATINA CÁLCICA	ATORVASTATINA CÁLCICA	C10A1 - ESTATINAS, INIBIDORES DA REDUTASE HMG-CoA	Genérico	Tarja Vermelha	
ATORVASTATINA CÁLCICA	ATORVASTATINA CÁLCICA	C10A1 - ESTATINAS, INIBIDORES DA REDUTASE HMG-CoA	Genérico	- (*) 	
ATORVASTATINA CÁLCICA	ATORVASTATINA CALCICA	C10A1 - ESTATINAS, INIBIDORES DA REDUTASE HMG-CoA	Genérico	Tarja Vermelha	
ATORVASTATINA CÁLCICA	LIPITOR	C10A1 - ESTATINAS, INIBIDORES DA REDUTASE HMG-CoA	Similar	Tarja Vermelha	
ATORVASTATINA CÁLCICA	CITALOR	C10A1 - ESTATINAS, INIBIDORES DA REDUTASE HMG-CoA	Novo	Tarja Vermelha	
ATROPA BELLADONNA	COLEGÓRICO	A3A - ANTIESPASMÓDICOS E ANTICOLINÉRGICOS PUROS	Fitoterápico	- (*) 	
ATROPA BELLADONNA	ELIXIR CÓLICO	A3A - ANTIESPASMÓDICOS E ANTICOLINÉRGICOS PUROS	Fitoterápico	- (*) 	
AVACOPANA	TAVNEOS	L4X - OUTROS IMUNOSSUPRESSORES	Novo	Tarja Vermelha	
AVELUMABE	BAVENCIO	L1G5 - ANTICORPOS MONOCLONAIS ANTINEOPLÁSICOS, PD-1/PD-L1	Biológico	Tarja Vermelha	
AXETIL CEFUROXIMA	ZINNAT	J1D1 - CEFALOSPORINAS ORAIS	Novo	Tarja Vermelha sob restrição	
AXETILCEFUROXIMA	AXETILCEFUROXIMA	J1D1 - CEFALOSPORINAS ORAIS	Genérico	Tarja Vermelha sob restrição	
AXETILCEFUROXIMA	TOTACEF	J1D1 - CEFALOSPORINAS ORAIS	Similar	Tarja Vermelha sob restrição	
AXETILCEFUROXIMA	AXETILCEFUROXIMA	J1D1 - CEFALOSPORINAS ORAIS	Genérico	Tarja Vermelha sob restrição	
AXETILCEFUROXIMA	MEFEX	J1D1 - CEFALOSPORINAS ORAIS	Similar	Tarja Vermelha sob restrição	
AXETILCEFUROXIMA	AXETILCEFUROXIMA	J1D1 - CEFALOSPORINAS ORAIS	Genérico	Tarja Vermelha sob restrição	
AXETILCEFUROXIMA	AXETILCEFUROXIMA	J1D1 - CEFALOSPORINAS ORAIS	Genérico	Tarja Vermelha sob restrição	
AXETILCEFUROXIMA	AXETILCEFUROXIMA	J1D1 - CEFALOSPORINAS ORAIS	Genérico	Tarja Vermelha sob restrição	
AXETILCEFUROXIMA	AURA	J1D1 - CEFALOSPORINAS ORAIS	Similar	Tarja Vermelha sob restrição	
AXICABTAGENO CILOLEUCEL	YESCARTA	L1X9 - TODOS OS OUTROS ANTINEOPLÁSICOS	Produto de Terapia Avançada	Tarja Vermelha	
AXITINIBE	INLYTA	L1H9 - OUTROS ANTINEOPLÁSICOS INIBIDORES DA PROTEÍNA KINASE	Novo	Tarja Vermelha	
AZACITIDINA	AZILYS	L1B - AGENTES ANTINEOPLÁSICOS ANTIMETABÓLITOS	Similar	Tarja Vermelha	
AZACITIDINA	AZLA	L1B - AGENTES ANTINEOPLÁSICOS ANTIMETABÓLITOS	Similar	Tarja Vermelha	
AZACITIDINA	AZACITIDINA	L1B - AGENTES ANTINEOPLÁSICOS ANTIMETABÓLITOS	Genérico	Tarja Vermelha	
AZACITIDINA	AZMID	L1B - AGENTES ANTINEOPLÁSICOS ANTIMETABÓLITOS	Similar	Tarja Vermelha	
AZACITIDINA	VIDAZA	L1B - AGENTES ANTINEOPLÁSICOS ANTIMETABÓLITOS	Novo	- (*) 	
AZACITIDINA	WINDUZA	L1B - AGENTES ANTINEOPLÁSICOS ANTIMETABÓLITOS	Similar	Tarja Vermelha	
AZACITIDINA	AZACITIDINA	L1B - AGENTES ANTINEOPLÁSICOS ANTIMETABÓLITOS	Genérico	Tarja Vermelha	
AZACITIDINA	XPREZA	L1B - AGENTES ANTINEOPLÁSICOS ANTIMETABÓLITOS	Similar	Tarja Vermelha	
AZATIOPRINA	IMUNEN	L4X - OUTROS IMUNOSSUPRESSORES	Similar	Tarja Vermelha	
AZATIOPRINA	IMUSSUPREX	L4X - OUTROS IMUNOSSUPRESSORES	Similar	Tarja Vermelha	
AZATIOPRINA	FURP-AZATIOPRINA	L4X - OUTROS IMUNOSSUPRESSORES	Similar	- (*) 	
AZATIOPRINA	IMURAN	L4X - OUTROS IMUNOSSUPRESSORES	Novo	- (*) 	
AZITROMICINA	AZITROMICINA	J1F - MACROLIDEOS E SIMILARES	Genérico	Tarja Vermelha sob restrição	
AZITROMICINA	AZINOSTIL	J1F - MACROLIDEOS E SIMILARES	Similar	Tarja Vermelha sob restrição	
AZITROMICINA	AZITROMICINA DI-HIDRATADA	J1F - MACROLIDEOS E SIMILARES	Genérico	Tarja Vermelha sob restrição	
AZITROMICINA	AZITROMICINA	J1F - MACROLIDEOS E SIMILARES	Genérico	Tarja Vermelha sob restrição	
AZITROMICINA	ELIM	J1F - MACROLIDEOS E SIMILARES	Similar	Tarja Vermelha sob restrição	
AZITROMICINA	AZI	J1F - MACROLIDEOS E SIMILARES	Similar	Tarja Vermelha sob restrição	
AZITROMICINA	AZITROMICINA MONOIDRATADA	J1F - MACROLIDEOS E SIMILARES	Genérico	Tarja Vermelha sob restrição	
AZITROMICINA	AZITROMICINA DI-HIDRATADA	J1F - MACROLIDEOS E SIMILARES	Genérico	Tarja Vermelha sob restrição	
AZITROMICINA DI-HIDRATADA	AZITROMICINA	J1F - MACROLIDEOS E SIMILARES	Genérico	- (*) 	
AZITROMICINA DI-HIDRATADA	ASTRO	J1F - MACROLIDEOS E SIMILARES	Similar	Tarja Vermelha	
AZITROMICINA DI-HIDRATADA	ASTRO IV	J1F - MACROLIDEOS E SIMILARES	Similar	- (*) 	
AZITROMICINA DI-HIDRATADA	AZITROMICINA	J1F - MACROLIDEOS E SIMILARES	Genérico	- (*) 	
AZITROMICINA DI-HIDRATADA	AZITROMICINA DI-HIDRATADA	J1F - MACROLIDEOS E SIMILARES	Genérico	Tarja Vermelha sob restrição	
AZITROMICINA DI-HIDRATADA	AZICIN	J1F - MACROLIDEOS E SIMILARES	Similar	- (*) 	
AZITROMICINA DI-HIDRATADA	AZITROMICINA	J1F - MACROLIDEOS E SIMILARES	Genérico	- (*) 	
AZITROMICINA DI-HIDRATADA	AZITROMICINA DI-HIDRATADA	J1F - MACROLIDEOS E SIMILARES	Genérico	Tarja Vermelha sob restrição	
AZITROMICINA DI-HIDRATADA	AZITROMICINA	J1F - MACROLIDEOS E SIMILARES	Genérico	Tarja Vermelha sob restrição	
AZITROMICINA DI-HIDRATADA	ZOLPROX	J1F - MACROLIDEOS E SIMILARES	Similar	Tarja Vermelha sob restrição	
AZITROMICINA DI-HIDRATADA	TROMIZIR	J1F - MACROLIDEOS E SIMILARES	Similar	Tarja Vermelha sob restrição	
AZITROMICINA DI-HIDRATADA	ZIRK	J1F - MACROLIDEOS E SIMILARES	Similar	- (*) 	
AZITROMICINA DI-HIDRATADA	AZITROMICINA	J1F - MACROLIDEOS E SIMILARES	Genérico	- (*) 	
AZITROMICINA DI-HIDRATADA	AZITROMICINA DI-HIDRATADA	J1F - MACROLIDEOS E SIMILARES	Genérico	Tarja Vermelha sob restrição	
AZITROMICINA DI-HIDRATADA	AZITROMICINA	J1F - MACROLIDEOS E SIMILARES	Genérico	Tarja Vermelha sob restrição	
AZITROMICINA DI-HIDRATADA	AZITROMED	J1F - MACROLIDEOS E SIMILARES	Similar	Tarja Vermelha	
AZITROMICINA DI-HIDRATADA	AZITROMICINA	J1F - MACROLIDEOS E SIMILARES	Genérico	Tarja Vermelha	
AZITROMICINA DI-HIDRATADA	AZITROMICINA	J1F - MACROLIDEOS E SIMILARES	Genérico	Tarja Vermelha	
AZITROMICINA DI-HIDRATADA	AZITROLAB	J1F - MACROLIDEOS E SIMILARES	Similar	- (*) 	
AZITROMICINA DI-HIDRATADA	ZITROMAX	J1F - MACROLIDEOS E SIMILARES	Novo	Tarja Vermelha sob restrição	
AZITROMICINA DI-HIDRATADA	AZITROPHAR	J1F - MACROLIDEOS E SIMILARES	Similar	Tarja Vermelha	
AZITROMICINA DI-HIDRATADA	AZITROMICINA DI-HIDRATADA	J1F - MACROLIDEOS E SIMILARES	Genérico	Tarja Vermelha sob restrição	
AZITROMICINA DI-HIDRATADA	AZITROMICINA	J1F - MACROLIDEOS E SIMILARES	Genérico	Tarja Vermelha sob restrição	
AZITROMICINA DI-HIDRATADA	AZITROMICINA	J1F - MACROLIDEOS E SIMILARES	Genérico	Tarja Vermelha sob restrição	
AZITROMICINA DI-HIDRATADA	AZITROMICINA DIIDRATADA	J1F - MACROLIDEOS E SIMILARES	Genérico	Tarja Vermelha sob restrição	
AZITROMICINA DI-HIDRATADA	ZITRONEO	J1F - MACROLIDEOS E SIMILARES	Similar	Tarja Vermelha sob restrição	
AZITROMICINA DI-HIDRATADA	AZITROMICINA DIIDRATADA	J1F - MACROLIDEOS E SIMILARES	Genérico	Tarja Vermelha	
AZTREONAM	AZEUS	J1P1 - MONOBACTÂMICOS	Similar	Tarja Vermelha	
AZTREONAM	AZANEM	J1P1 - MONOBACTÂMICOS	Similar	Tarja Vermelha	
AZTREONAM	AZTREONAM	J1P1 - MONOBACTÂMICOS	Genérico	- (*) 	
BACILLUS CEREUS	BIOVICERIN	A7F - ANTIDIARREICOS MICRO-ORGANISMOS	Biológico	Tarja Sem Tarja	
BACITRACINA;SULFATO DE NEOMICINA	KATRIZAN	D6A - ANTIBIÓTICOS TÓPICOS	Similar	Tarja Sem Tarja	
BACITRACINA;SULFATO DE NEOMICINA	SULFATO DE NEOMICINA + BACITRACINA ZÍNCICA	D6A - ANTIBIÓTICOS TÓPICOS	Genérico	Tarja Sem Tarja	
BACITRACINA;SULFATO DE NEOMICINA	BACTODERM	D6A - ANTIBIÓTICOS TÓPICOS	Similar	- (*) 	
BACITRACINA;SULFATO DE NEOMICINA	NEBACIMED	D6A - ANTIBIÓTICOS TÓPICOS	Similar	Tarja Sem Tarja	
BACITRACINA;SULFATO DE NEOMICINA	SULFATO DE NEOMICINA + BACITRACINA	D6A - ANTIBIÓTICOS TÓPICOS	Genérico	Tarja Sem Tarja	
BACLOFENO	LIORESAL	M3B - RELAXANTE MUSCULAR DE AÇÃO CENTRAL	Novo	- (*) 	
BACLOFENO	BACLOFEN	M3B - RELAXANTE MUSCULAR DE AÇÃO CENTRAL	Similar	Tarja Vermelha	
BACLOFENO	BACLOFENO	M3B - RELAXANTE MUSCULAR DE AÇÃO CENTRAL	Genérico	Tarja Vermelha	
BACLOFENO	BACLOFENO	M3B - RELAXANTE MUSCULAR DE AÇÃO CENTRAL	Genérico	Tarja Vermelha	
BACLOFENO	BACLON	M3B - RELAXANTE MUSCULAR DE AÇÃO CENTRAL	Similar	Tarja Vermelha	
BACOPA MONNIERI (L.) WETTST.	COGNITUS	N6D - NOOTRÓPICOS	Fitoterápico	- (*) 	
BALOXAVIR MARBOXILA	XOFLUZA	J5B4 - ANTIVIRAIS PARA INFLUENZA	Novo	Tarja Vermelha	
BARICITINIBE	OLUMIANT	L4D - INIBIDORES DE JAK	Novo	Tarja Vermelha	
BASILIXIMAB	SIMULECT	L4C - INIBIDORES DA INTERLEUCINA	Novo	- (*) 	
BELANTAMABE MAFODOTINA	BLENREP	L1G9 - ANTICORPOS MONOCLONAIS ANTINEOPLÁSICOS, OUTROS	Biológico	Tarja Vermelha	
BELIMUMABE	BENLYSTA	L4X - OUTROS IMUNOSSUPRESSORES	Biológico	Tarja Vermelha	
BELINOSTATE	BELEODAQ	L1X3 - ANTINEOPLÁSICOS INBIDORES DE HISTONA DEACETILASE (HDAC)	Novo	Tarja Vermelha	
BELZUTIFANO	WELIREG	L1X9 - TODOS OS OUTROS ANTINEOPLÁSICOS	Novo	- (*) 	
BENDAMUSTINA	RIBOMUSTIN	L1A - AGENTES ANTINEOPLÁSICOS ALQUILANTES	Novo	Tarja Vermelha	
BENFOTIAMINA	BENFOTIAMINA	A11D3 - VITAMINA B1 PURA	Genérico	Tarja Vermelha	
BENFOTIAMINA	OMBET	A11D3 - VITAMINA B1 PURA	Similar	Tarja Vermelha	
BENFOTIAMINA	BENFOTIAMINA	A11D3 - VITAMINA B1 PURA	Genérico	Tarja Vermelha	
BENFOTIAMINA	NOVOB	A11D3 - VITAMINA B1 PURA	Similar	Tarja Vermelha	
BENFOTIAMINA	BENFIBE	A11D3 - VITAMINA B1 PURA	Similar	Tarja Vermelha	
BENFOTIAMINA	MILGAMMA	A11D3 - VITAMINA B1 PURA	Novo	Tarja Vermelha	
BENRALIZUMABE	FASENRA	R3M - ANTIASMÁTICOS INIBIDORES DA INTERLEUCINA	Biológico	Tarja Vermelha	
BENZBROMARONA	ZILARICINA	M4A - ANTIGOTOSOS	Similar	- (*) 	
BENZENO;MENTOL	AURIS-SEDINA	S2D1 - PRODUTOS PARA REMOÇÃO DA CERA DOS OUVIDOS	Novo	- (*) 	
BENZILPENICILINA BENZATINA	BENZETACIL	J1H1 - PENICILINAS DE PEQUENO E MÉDIO ESPECTROS PURAS	Novo	Tarja Vermelha sob restrição	
BENZILPENICILINA BENZATINA	BENZILPENICILINA BENZATINA	J1H1 - PENICILINAS DE PEQUENO E MÉDIO ESPECTROS PURAS	Genérico	Tarja Vermelha sob restrição	
BENZILPENICILINA BENZATINA	FURP-BENZILPENICILINA BENZATINA	J1H1 - PENICILINAS DE PEQUENO E MÉDIO ESPECTROS PURAS	Similar	Tarja Vermelha sob restrição	
BENZILPENICILINA POTÁSSICA	CRISTACILINA	J1H1 - PENICILINAS DE PEQUENO E MÉDIO ESPECTROS PURAS	Similar	Tarja Vermelha	
BENZILPENICILINA POTÁSSICA	MEGAPEN	J1H1 - PENICILINAS DE PEQUENO E MÉDIO ESPECTROS PURAS	Novo	Tarja Vermelha sob restrição	
BENZILPENICILINA POTÁSSICA	ARICILINA	J1H1 - PENICILINAS DE PEQUENO E MÉDIO ESPECTROS PURAS	Similar	- (*) 	
BENZILPENICILINA POTÁSSICA;BENZILPENICILINA PROCAÍNA	WONILIN	J1H1 - PENICILINAS DE PEQUENO E MÉDIO ESPECTROS PURAS	Similar	Tarja Vermelha	
BENZILPENICILINA POTÁSSICA;BENZILPENICILINA PROCAÍNA	FURP-BENZILPENICILINA PROCAINA + BENZILPENICILINA POTASSICA	J1H1 - PENICILINAS DE PEQUENO E MÉDIO ESPECTROS PURAS	Similar	Tarja Vermelha	
BENZILPENICILINA POTÁSSICA;BENZILPENICILINA PROCAÍNA	PENKARON	J1H1 - PENICILINAS DE PEQUENO E MÉDIO ESPECTROS PURAS	Similar	Tarja Vermelha sob restrição	
BENZNIDAZOL	LAFEPE BENZNIDAZOL	P1G - OUTROS ANTIPARASITÁRIOS	Novo	- (*) 	
BENZOATO DE ALOGLIPTINA	BENZOATO DE ALOGLIPTINA	A10N1 - ANTIDIABÉTICOS INIBIDORES DPP-IV  PUROS	Genérico	Tarja Vermelha	
BENZOATO DE ALOGLIPTINA	NESINA	A10N1 - ANTIDIABÉTICOS INIBIDORES DPP-IV  PUROS	Novo	Tarja Vermelha	
BENZOATO DE ALOGLIPTINA;CLORIDRATO DE METFORMINA	NESINA MET	A10N3 - ASSOCIAÇÕES DE INIBIDORES DPP-IV COM BIGUANIDAS	Novo	Tarja Vermelha	
BENZOATO DE ALOGLIPTINA;CLORIDRATO DE PIOGLITAZONA	NESINA PIO	A10N9 - OUTRAS ASSOCIAÇÕES DE ANTIDIABÉTICOS COM INIBIDORES DPP-IV	Novo	Tarja Vermelha	
BENZOATO DE BENZILA	SANASAR	P3A - ECTOPARASITICIDAS INCLUINDO ESCABICIDAS	Similar	- (*) 	
BENZOATO DE BENZILA	BENZODERM	P3A - ECTOPARASITICIDAS INCLUINDO ESCABICIDAS	Similar	- (*) 	
BENZOATO DE BENZILA	ESCAB-IFAL	P3A - ECTOPARASITICIDAS INCLUINDO ESCABICIDAS	Similar	- (*) 	
BENZOATO DE RIZATRIPTANA	MAXALT	N2C1 - ANTIENXAQUECOSOS TRIPTÂNICOS	Novo	Tarja Vermelha	
BENZOATO DE RIZATRIPTANA	ENRIZA	N2C1 - ANTIENXAQUECOSOS TRIPTÂNICOS	Similar	Tarja Vermelha	
BENZOATO DE RIZATRIPTANA	AUROM	N2C1 - ANTIENXAQUECOSOS TRIPTÂNICOS	Similar	Tarja Vermelha	
BENZOATO DE RIZATRIPTANA	BENZOATO DE RIZATRIPTANA	N2C1 - ANTIENXAQUECOSOS TRIPTÂNICOS	Genérico	Tarja Vermelha	
BENZOATO DE RIZATRIPTANA	ZYPTAN	N2C1 - ANTIENXAQUECOSOS TRIPTÂNICOS	Similar	Tarja Vermelha	
BENZOCAÍNA	BENZOTOP	N1B3 - ANESTÉSICOS LOCAIS TÓPICOS	Similar	- (*) 	
BENZOILMETRONIDAZOL	BENZOILMETRONIDAZOL	P1A - AMEBICIDAS	Genérico	Tarja Vermelha sob restrição	
BENZOILMETRONIDAZOL	FLAGIMAX	P1A - AMEBICIDAS	Similar	Tarja Vermelha sob restrição	
BENZOILMETRONIDAZOL	BENZOILMETRONIDAZOL	P1A - AMEBICIDAS	Genérico	Tarja Vermelha sob restrição	
BENZOILMETRONIDAZOL	FURP METRONIDAZOL	G1A1 - TRICOMONICIDAS SISTÊMICOS	Similar	Tarja Vermelha sob restrição	
BERACTANTO	SURVANTA	R7C - SURFACTANTES PULMONARES	Biológico	- (*) 	
BESILATO DE ANLODIPINO	AMLOVASC	C8A - ANTAGONISTAS DO CÁLCIO PUROS	Similar	Tarja Vermelha	
BESILATO DE ANLODIPINO	BESILATO DE ANLODIPINO	C8A - ANTAGONISTAS DO CÁLCIO PUROS	Genérico	Tarja Vermelha	
BESILATO DE ANLODIPINO	BESILATO DE ANLODIPINO	C8A - ANTAGONISTAS DO CÁLCIO PUROS	Genérico	Tarja Vermelha	
BESILATO DE ANLODIPINO	BESILATO DE ANLODIPINO	C8A - ANTAGONISTAS DO CÁLCIO PUROS	Genérico	Tarja Vermelha	
BESILATO DE ANLODIPINO	BESILATO DE ANLODIPINO	C8A - ANTAGONISTAS DO CÁLCIO PUROS	Genérico	Tarja Vermelha	
BESILATO DE ANLODIPINO	ROXFLAN	C8A - ANTAGONISTAS DO CÁLCIO PUROS	Similar	Tarja Vermelha	
BESILATO DE ANLODIPINO	NORVASC	C8A - ANTAGONISTAS DO CÁLCIO PUROS	Novo	Tarja Vermelha	
BESILATO DE ANLODIPINO	BESILATO DE ANLODIPINO	C8A - ANTAGONISTAS DO CÁLCIO PUROS	Genérico	Tarja Vermelha	
BESILATO DE ANLODIPINO	BESILATO DE ANLODIPINO	C8A - ANTAGONISTAS DO CÁLCIO PUROS	Genérico	Tarja Vermelha	
BESILATO DE ANLODIPINO	BESILATO DE ANLODIPINO	C8A - ANTAGONISTAS DO CÁLCIO PUROS	Genérico	Tarja Vermelha	
BESILATO DE ANLODIPINO	AMLODIL	C8A - ANTAGONISTAS DO CÁLCIO PUROS	Similar	Tarja Vermelha	
BESILATO DE ANLODIPINO	BESILATO DE ANLODIPINO	C8A - ANTAGONISTAS DO CÁLCIO PUROS	Genérico	Tarja Vermelha	
BESILATO DE ANLODIPINO	KOPREXX	C8A - ANTAGONISTAS DO CÁLCIO PUROS	Similar	Tarja Vermelha	
BESILATO DE ANLODIPINO	CORDAREX	C8A - ANTAGONISTAS DO CÁLCIO PUROS	Similar	Tarja Vermelha	
BESILATO DE ANLODIPINO	BESILATO DE ANLODIPINO	C8A - ANTAGONISTAS DO CÁLCIO PUROS	Genérico	Tarja Vermelha	
BESILATO DE ANLODIPINO	BESILATO DE ANLODIPINO	C8A - ANTAGONISTAS DO CÁLCIO PUROS	Genérico	Tarja Vermelha	
BESILATO DE ANLODIPINO	PRESSAT	C8A - ANTAGONISTAS DO CÁLCIO PUROS	Similar	Tarja Vermelha	
BESILATO DE ANLODIPINO	BESILATO DE ANLODIPINO	C8A - ANTAGONISTAS DO CÁLCIO PUROS	Genérico	Tarja Vermelha	
BESILATO DE ANLODIPINO	BESILATO DE ANLODIPINO	C8A - ANTAGONISTAS DO CÁLCIO PUROS	Genérico	Tarja Vermelha	
BESILATO DE ANLODIPINO	ANLO	C8A - ANTAGONISTAS DO CÁLCIO PUROS	Similar	Tarja Vermelha	
BESILATO DE ANLODIPINO	BESILATO DE ANLODIPINO	C8A - ANTAGONISTAS DO CÁLCIO PUROS	Genérico	Tarja Vermelha	
BESILATO DE ANLODIPINO	BESILATO DE ANLODIPINO	C8A - ANTAGONISTAS DO CÁLCIO PUROS	Genérico	- (*) 	
BESILATO DE ANLODIPINO	BESILATO DE ANLODIPINO	C8A - ANTAGONISTAS DO CÁLCIO PUROS	Genérico	- (*) 	
BESILATO DE ANLODIPINO	BESILAPIN	C8A - ANTAGONISTAS DO CÁLCIO PUROS	Similar	- (*) 	
BESILATO DE ANLODIPINO	BESILATO DE ANLODIPINO	C8A - ANTAGONISTAS DO CÁLCIO PUROS	Genérico	Tarja Vermelha	
BESILATO DE ANLODIPINO	TENSALIV	C8A - ANTAGONISTAS DO CÁLCIO PUROS	Similar	- (*) 	
BESILATO DE ANLODIPINO	BESILATO DE ANLODIPINO	C8A - ANTAGONISTAS DO CÁLCIO PUROS	Genérico	Tarja Vermelha	
BESILATO DE ANLODIPINO	BESILATO DE ANLODIPINO	C8A - ANTAGONISTAS DO CÁLCIO PUROS	Genérico	Tarja Vermelha	
BESILATO DE ANLODIPINO	NORVASC	C8A - ANTAGONISTAS DO CÁLCIO PUROS	Novo	Tarja Vermelha	
BESILATO DE ANLODIPINO;HEMIFUMARATO DE BISOPROLOL	CONCOR ANLO	C8B2 - ANTAGONISTAS DO CÁLCIO ASSOCIADOS A BETABLOQUEADORES	Novo	Tarja Vermelha	
BESILATO DE ANLODIPINO;OLMESARTANA MEDOXOMILA	OLMESARTANA MEDOXOMILA+BESILATO DE ANLODIPINO	C9D3 - ANTAGONISTAS DA ANGIOTENSINA II ASSOCIADOS A ANTAGONISTAS DO CÁLCIO	Genérico	Tarja Vermelha	
BESILATO DE ANLODIPINO;OLMESARTANA MEDOXOMILA	BENICARANLO	C9D3 - ANTAGONISTAS DA ANGIOTENSINA II ASSOCIADOS A ANTAGONISTAS DO CÁLCIO	Novo	Tarja Vermelha	
BESILATO DE ANLODIPINO;OLMESARTANA MEDOXOMILA	OLMESARTANA MEDOXOMILA+BESILATO DE ANLODIPINO	C9D3 - ANTAGONISTAS DA ANGIOTENSINA II ASSOCIADOS A ANTAGONISTAS DO CÁLCIO	Genérico	Tarja Vermelha	
BESILATO DE ANLODIPINO;OLMESARTANA MEDOXOMILA	OLMETECANLO	C9D3 - ANTAGONISTAS DA ANGIOTENSINA II ASSOCIADOS A ANTAGONISTAS DO CÁLCIO	Similar	Tarja Vermelha	
BESILATO DE ANLODIPINO;OLMESARTANA MEDOXOMILA	OLMY ANLO	C9D3 - ANTAGONISTAS DA ANGIOTENSINA II ASSOCIADOS A ANTAGONISTAS DO CÁLCIO	Similar	- (*) 	
BESILATO DE ANLODIPINO;OLMESARTANA MEDOXOMILA	OLMESARTANA MEDOXOMILA + BESILATO DE ANLODIPINO	C9D3 - ANTAGONISTAS DA ANGIOTENSINA II ASSOCIADOS A ANTAGONISTAS DO CÁLCIO	Genérico	Tarja Vermelha	
BESILATO DE ANLODIPINO;OLMESARTANA MEDOXOMILA	OLZICAR ANLO	C9D3 - ANTAGONISTAS DA ANGIOTENSINA II ASSOCIADOS A ANTAGONISTAS DO CÁLCIO	Similar	Tarja Vermelha	
BESILATO DE ANLODIPINO;PERINDOPRIL ARGININA	ACERTANLO	C9B3 - INIBIDORES DA ECA ASSOCIADOS A ANTAGONISTAS DO CÁLCIO (C8)	Novo	Tarja Vermelha	
BESILATO DE ANLODIPINO;TELMISARTANA	MICARDIS ANLO	C9D3 - ANTAGONISTAS DA ANGIOTENSINA II ASSOCIADOS A ANTAGONISTAS DO CÁLCIO	Novo	Tarja Vermelha	
BESILATO DE ATRACÚRIO	BESILATO DE ATRACÚRIO	M3A - RELAXANTE MUSCULAR DE AÇÃO PERIFÉRICA	Genérico	Tarja Vermelha	
BESILATO DE ATRACÚRIO	TRACUR	M3A - RELAXANTE MUSCULAR DE AÇÃO PERIFÉRICA	Similar	- (*) 	
BESILATO DE ATRACÚRIO	TRACRIUM	M3A - RELAXANTE MUSCULAR DE AÇÃO PERIFÉRICA	Novo	Tarja Vermelha	
BESILATO DE ATRACÚRIO	BESILATO DE ATRACÚRIO	M3A - RELAXANTE MUSCULAR DE AÇÃO PERIFÉRICA	Genérico	Tarja Vermelha	
BESILATO DE CISATRACÚRIO	BESILATO DE CISATRACÚRIO	M3A - RELAXANTE MUSCULAR DE AÇÃO PERIFÉRICA	Genérico	Tarja Vermelha	
BESILATO DE CISATRACÚRIO	CIS	M3A - RELAXANTE MUSCULAR DE AÇÃO PERIFÉRICA	Similar	- (*) 	
BESILATO DE CISATRACÚRIO	CISAUNI	M3A - RELAXANTE MUSCULAR DE AÇÃO PERIFÉRICA	Similar	Tarja Vermelha	
BESILATO DE CISATRACÚRIO	NOSINT	M3A - RELAXANTE MUSCULAR DE AÇÃO PERIFÉRICA	Similar	Tarja Vermelha	
BESILATO DE CISATRACÚRIO	NIMBIUM	M3A - RELAXANTE MUSCULAR DE AÇÃO PERIFÉRICA	Novo	Tarja Vermelha	
BESILATO DE CISATRACÚRIO	BESILATO DE CISATRACÚRIO	M3A - RELAXANTE MUSCULAR DE AÇÃO PERIFÉRICA	Genérico	Tarja Vermelha	
BESILATO DE CISATRACÚRIO	BESILATO DE CISATRACÚRIO	M3A - RELAXANTE MUSCULAR DE AÇÃO PERIFÉRICA	Genérico	Tarja Vermelha	
BESILATO DE CISATRACÚRIO	VOLCIS	M3A - RELAXANTE MUSCULAR DE AÇÃO PERIFÉRICA	Similar	Tarja Vermelha	
BESILATO DE LEVANLODIPINO	BESILATO DE LEVANLODIPINO	C8A - ANTAGONISTAS DO CÁLCIO PUROS	Genérico	Tarja Vermelha	
BESILATO DE LEVANLODIPINO	ATELOP	C8A - ANTAGONISTAS DO CÁLCIO PUROS	Similar	Tarja Vermelha	
BESILATO DE LEVANLODIPINO	LEFOR	C8A - ANTAGONISTAS DO CÁLCIO PUROS	Similar	Tarja Vermelha	
BESILATO DE LEVANLODIPINO	BESILATO DE LEVANLODIPINO	C8A - ANTAGONISTAS DO CÁLCIO PUROS	Genérico	Tarja Vermelha	
BESILATO DE LEVANLODIPINO	NOVANLO	C8A - ANTAGONISTAS DO CÁLCIO PUROS	Novo	Tarja Vermelha	
BESILATO DE LEVANLODIPINO	BESILATO DE LEVANLODIPINO	C8A - ANTAGONISTAS DO CÁLCIO PUROS	Genérico	- (*) 	
BESILATO DE LEVANLODIPINO	COR-SELECT	C8A - ANTAGONISTAS DO CÁLCIO PUROS	Similar	- (*) 	
BESILATO DE LEVANLODIPINO HEMIPENTAIDRATADO	LEVAMZ	C8A - ANTAGONISTAS DO CÁLCIO PUROS	Similar	Tarja Vermelha	
BESILATO DE LEVANLODIPINO HEMIPENTAIDRATADO	BESILATO DE LEVANLODIPINO HEMIPENTAIDRATADO	C8A - ANTAGONISTAS DO CÁLCIO PUROS	Genérico	Tarja Vermelha	
BESILATO DE LEVANLODIPINO HEMIPENTAIDRATADO	BESILATO DE LEVANLODIPINO	C8A - ANTAGONISTAS DO CÁLCIO PUROS	Genérico	Tarja Vermelha	
BESILATO DE LEVANLODIPINO HEMIPENTAIDRATADO	PERSUR	C8A - ANTAGONISTAS DO CÁLCIO PUROS	Similar	Tarja Vermelha	
BESILATO DE REMIMAZOLAM	BYFAVO	N1A2 - ANESTÉSICOS GERAIS INJETÁVEIS	Novo	Tarja Preta	
BETA-AGALSIDASE	FABRAZYME	A16A - OUTROS PRODUTOS PARA O APARELHO DIGESTÓRIO E METABOLISMO	Biológico	Tarja Vermelha	
BETADINUTUXIMABE	QARZIBA	L1G9 - ANTICORPOS MONOCLONAIS ANTINEOPLÁSICOS, OUTROS	Biológico	Tarja Vermelha	
BETAEPOETINA	RECORMON	B3C - ERITROPOIETÍNAS	Similar	- (*) 	
BETAFOLITROPINA	PUREGON	G3G - GONADOTROFINAS INCLUINDO OUTROS ESTIMULANTES PARA OVULAÇÃO	Biológico	- (*) 	
BETAINTERFERONA 1A	REBIF	N7A - PRODUTOS PARA ESCLEROSE MÚLTIPLA	    -     	- (*) 	
BETAINTERFERONA 1A	BIO-MANGUINHOS BETAINTERFERONA 1A	N7A - PRODUTOS PARA ESCLEROSE MÚLTIPLA	Biológico	Tarja Vermelha sob restrição	
BETAINTERFERONA 1A	AVONEX	N7A - PRODUTOS PARA ESCLEROSE MÚLTIPLA	Biológico	Tarja Vermelha	
BETAINTERFERONA 1B	BETAFERON	N7A - PRODUTOS PARA ESCLEROSE MÚLTIPLA	Biológico	- (*) 	
BETAMETASONA	KOIDE	H2A2 - CORTICOSTERÓIDES ORAIS PUROS	Similar	Tarja Vermelha	
BETAMETASONA	BETAMETASONA	H2A2 - CORTICOSTERÓIDES ORAIS PUROS	Genérico	Tarja Vermelha	
BETAMETASONA	BETAMETASONA	H2A2 - CORTICOSTERÓIDES ORAIS PUROS	Genérico	- (*) 	
BETAMETASONA	CELESTONE	H2A2 - CORTICOSTERÓIDES ORAIS PUROS	Novo	- (*) 	
BETAMETASONA;CETOCONAZOL	CETOCORT	D7B2 - CORTICOESTERÓIDES ASSOCIADOS A ANTIMICOTICOS	Similar	- (*) 	
BETAMETASONA;MALEATO DE DEXCLORFENIRAMINA	KOIDE D	H2B - ASSOCIAÇÕES DE CORTICOSTERÓIDES SISTÊMICOS	Similar	Tarja Vermelha	
BETAMETASONA;MALEATO DE DEXCLORFENIRAMINA	MALEATO DE DEXCLORFENIRAMINA + BETAMETASONA	H2B - ASSOCIAÇÕES DE CORTICOSTERÓIDES SISTÊMICOS	Genérico	- (*) 	
BETAMETASONA;MALEATO DE DEXCLORFENIRAMINA	CELERGIN	H2B - ASSOCIAÇÕES DE CORTICOSTERÓIDES SISTÊMICOS	Similar	- (*) 	
BETAMETASONA;MALEATO DE DEXCLORFENIRAMINA	MALEATO DE DEXCLORFENIRAMINA + BETAMETASONA	H2B - ASSOCIAÇÕES DE CORTICOSTERÓIDES SISTÊMICOS	Genérico	- (*) 	
BETAMETASONA;MALEATO DE DEXCLORFENIRAMINA	LESTALGYN	H2B - ASSOCIAÇÕES DE CORTICOSTERÓIDES SISTÊMICOS	Similar	- (*) 	
BETAMETASONA;MALEATO DE DEXCLORFENIRAMINA	MALEATO DE DEXCLORFENIRAMINA + BETAMETASONA	H2B - ASSOCIAÇÕES DE CORTICOSTERÓIDES SISTÊMICOS	Genérico	- (*) 	
BETAMETASONA;MALEATO DE DEXCLORFENIRAMINA	CELESTRAT	H2B - ASSOCIAÇÕES DE CORTICOSTERÓIDES SISTÊMICOS	Similar	Tarja Vermelha	
BETAMETASONA;MALEATO DE DEXCLORFENIRAMINA	MALEATO DE DEXCLORFENIRAMINA + BETAMETASONA	H2B - ASSOCIAÇÕES DE CORTICOSTERÓIDES SISTÊMICOS	Genérico	- (*) 	
BETAMETASONA;MALEATO DE DEXCLORFENIRAMINA	LERGIDRIN	H2B - ASSOCIAÇÕES DE CORTICOSTERÓIDES SISTÊMICOS	Similar	Tarja Vermelha	
BETAMETASONA;MALEATO DE DEXCLORFENIRAMINA	MALEATO DE DEXCLORFENIRAMINA + BETAMETASONA	H2B - ASSOCIAÇÕES DE CORTICOSTERÓIDES SISTÊMICOS	Genérico	Tarja Vermelha	
BETAMETASONA;MALEATO DE DEXCLORFENIRAMINA	DEXTAMINE	H2B - ASSOCIAÇÕES DE CORTICOSTERÓIDES SISTÊMICOS	Similar	Tarja Vermelha	
BETAMETASONA;MALEATO DE DEXCLORFENIRAMINA	MALEATO DE DEXCLORFENIRAMINA + BETAMETASONA	H2B - ASSOCIAÇÕES DE CORTICOSTERÓIDES SISTÊMICOS	Genérico	Tarja Vermelha	
BETAMETASONA;MALEATO DE DEXCLORFENIRAMINA	MALEATO DE DEXCLORFENIRAMINA + BETAMETASONA	H2B - ASSOCIAÇÕES DE CORTICOSTERÓIDES SISTÊMICOS	Genérico	- (*) 	
BETAMETASONA;MALEATO DE DEXCLORFENIRAMINA	LOFERNIM BETA	H2B - ASSOCIAÇÕES DE CORTICOSTERÓIDES SISTÊMICOS	Similar	- (*) 	
BETAMETASONA;MALEATO DE DEXCLORFENIRAMINA	MALEATO DE DEXCLORFENIRAMINA + BETAMETASONA	H2B - ASSOCIAÇÕES DE CORTICOSTERÓIDES SISTÊMICOS	Genérico	- (*) 	
BETAMETASONA;MALEATO DE DEXCLORFENIRAMINA	MALEATO DE DEXCLORFENIRAMINA + BETAMETASONA	H2B - ASSOCIAÇÕES DE CORTICOSTERÓIDES SISTÊMICOS	Genérico	Tarja Vermelha	
BETAMETASONA;MALEATO DE DEXCLORFENIRAMINA	DEXMINE	H2B - ASSOCIAÇÕES DE CORTICOSTERÓIDES SISTÊMICOS	Similar	Tarja Vermelha	
BETAMETASONA;MALEATO DE DEXCLORFENIRAMINA	CELETIL	H2B - ASSOCIAÇÕES DE CORTICOSTERÓIDES SISTÊMICOS	Similar	- (*) 	
BETAMETASONA;MALEATO DE DEXCLORFENIRAMINA	MALEATO DE DEXCLORFENIRAMINA + BETAMETASONA	H2B - ASSOCIAÇÕES DE CORTICOSTERÓIDES SISTÊMICOS	Genérico	- (*) 	
BETAMETASONA;MALEATO DE DEXCLORFENIRAMINA	MALEATO DE DEXCLORFENIRAMINA + BETAMETASONA	H2B - ASSOCIAÇÕES DE CORTICOSTERÓIDES SISTÊMICOS	Genérico	Tarja Vermelha	
BETAMETASONA;MALEATO DE DEXCLORFENIRAMINA	ALERGIDEX	H2B - ASSOCIAÇÕES DE CORTICOSTERÓIDES SISTÊMICOS	Similar	Tarja Vermelha	
BETAMETASONA;MALEATO DE DEXCLORFENIRAMINA	CELERG	H2B - ASSOCIAÇÕES DE CORTICOSTERÓIDES SISTÊMICOS	Similar	- (*) 	
BETAMETASONA;MALEATO DE DEXCLORFENIRAMINA	DEXTAFLAM	H2B - ASSOCIAÇÕES DE CORTICOSTERÓIDES SISTÊMICOS	Similar	Tarja Vermelha	
BETAMETASONA;MALEATO DE DEXCLORFENIRAMINA	CELESTAMINE	H2B - ASSOCIAÇÕES DE CORTICOSTERÓIDES SISTÊMICOS	Novo	Tarja Vermelha	
BETAMETASONA;SULFATO DE NEOMICINA;CETOCONAZOL	CETOCONAZOL + BETAMETASONA + SULFATO DE NEOMICINA	D7B3 - CORTICOESTERÓIDES ASSOCIADOS A ANTIMICÓTICOS E ANTIBACTERIANOS	Genérico	Tarja Vermelha	
BETANONACOGUE PEGOL	REFIXIA	B2D2 - FATORES II VII IX X	Biológico	Tarja Vermelha	
BETAOCTOCOGUE	KOVALTRY	B2D1 - FATOR VIII	Biológico	Tarja Vermelha	
BETAÍNA	CYSTADANE	A16A - OUTROS PRODUTOS PARA O APARELHO DIGESTÓRIO E METABOLISMO	Específico	Tarja Vermelha	
BETAÍNA MONOIDRATADA;ACETILRACEMETIONINA;CITRATO DE COLINA	EPOCLER	A5B - HEPATOPROTETORES E LIPOTRÓPICOS	Específico	Tarja Sem Tarja	
BEVACIZUMABE	ELOVIE	L1G2 - ANTICORPOS MONOCLONAIS ANTINEOPLÁSICOS, VEGF/VEGFR	Biológico	Tarja Vermelha	
BEVACIZUMABE	AVASTIN	L1G2 - ANTICORPOS MONOCLONAIS ANTINEOPLÁSICOS, VEGF/VEGFR	Biológico	Tarja Vermelha	
BEVACIZUMABE	MVASI	L1G2 - ANTICORPOS MONOCLONAIS ANTINEOPLÁSICOS, VEGF/VEGFR	Biológico	Tarja Vermelha	
BEVACIZUMABE	SIMBEVA	L1G2 - ANTICORPOS MONOCLONAIS ANTINEOPLÁSICOS, VEGF/VEGFR	Biológico	Tarja Vermelha	
BEVACIZUMABE	ABEVMY	L1G2 - ANTICORPOS MONOCLONAIS ANTINEOPLÁSICOS, VEGF/VEGFR	Biológico	Tarja Vermelha	
BEVACIZUMABE	ZIRABEV	L1G2 - ANTICORPOS MONOCLONAIS ANTINEOPLÁSICOS, VEGF/VEGFR	Biológico	- (*) 	
BEVACIZUMABE	BEVYX	L1G2 - ANTICORPOS MONOCLONAIS ANTINEOPLÁSICOS, VEGF/VEGFR	Biológico	Tarja Vermelha	
BEVACIZUMABE	BEVANOVIS	L1G2 - ANTICORPOS MONOCLONAIS ANTINEOPLÁSICOS, VEGF/VEGFR	Biológico	Tarja Vermelha	
BEVACIZUMABE	VEGZELMA	L1G2 - ANTICORPOS MONOCLONAIS ANTINEOPLÁSICOS, VEGF/VEGFR	Biológico	Tarja Vermelha	
BEZAFIBRATO	BEZAFIBRATO	C10A2 - FIBRATOS	Genérico	- (*) 	
BEZAFIBRATO	BEZAFIBRATO	C10A2 - FIBRATOS	Genérico	- (*) 	
BEZAFIBRATO	BEZAFIBRATO	C10A2 - FIBRATOS	Genérico	Tarja Vermelha	
BEZAFIBRATO	BEZAFIBRATO	C10A2 - FIBRATOS	Genérico	- (*) 	
BEZAFIBRATO	CEDUR	C10A2 - FIBRATOS	Novo	Tarja Vermelha	
BEZAFIBRATO	BEZAFIBRATO	C10A2 - FIBRATOS	Genérico	- (*) 	
BICALUTAMIDA	BICALUTAMIDA	L2B2 - HORMÔNIOS ANTIANDROGÊNICOS CITOSTÁTICOS	Genérico	- (*) 	
BICALUTAMIDA	CASODEX	L2B2 - HORMÔNIOS ANTIANDROGÊNICOS CITOSTÁTICOS	Novo	Tarja Vermelha	
BICALUTAMIDA	BICALUTAMIDA	L2B2 - HORMÔNIOS ANTIANDROGÊNICOS CITOSTÁTICOS	Genérico	Tarja Vermelha	
BICALUTAMIDA	BICALUTAMIDA	L2B2 - HORMÔNIOS ANTIANDROGÊNICOS CITOSTÁTICOS	Genérico	- (*) 	
BICALUTAMIDA	BYCAL	L2B2 - HORMÔNIOS ANTIANDROGÊNICOS CITOSTÁTICOS	Similar	Tarja Vermelha	
BICALUTAMIDA	BYCAL 150	L2B2 - HORMÔNIOS ANTIANDROGÊNICOS CITOSTÁTICOS	Novo	Tarja Vermelha	
BICARBONATO DE POTÁSSIO;UNDECILENOIL ALGINATO DE SÓDIO/TEA	LUFTAGASTRO	A2A1 - ANTIÁCIDOS PUROS	Específico	Tarja Sem Tarja	
BICARBONATO DE SÓDIO	BICARBONATO DE SÓDIO	K1A5 - SOLUÇÕES ELETROLÍTICAS ADAPTANTES	Específico	Tarja Vermelha	
BICARBONATO DE SÓDIO	SOL-CART B	K6A - SOLUÇÕES PARA HEMODIÁLISE	Específico	- (*) 	
BICARBONATO DE SÓDIO	SOLUÇÃO DE BICARBONATO DE SÓDIO 8,4% HALEX ISTAR	K1A5 - SOLUÇÕES ELETROLÍTICAS ADAPTANTES	Específico	- (*) 	
BICARBONATO DE SÓDIO	BICARBONATO DE SÓDIO	K4A1 - SOLUÇÕES ELECTROLÍTICAS (<=20ML)	Específico	Tarja Vermelha	
BICARBONATO DE SÓDIO	BICARBONATO DE SÓDIO	K1G9 - OUTRAS SOLUÇÕES DE INFUSÃO	Específico	Tarja Vermelha	
BICARBONATO DE SÓDIO	BICARBONATO DE SÓDIO - FARMACE	K4A1 - SOLUÇÕES ELECTROLÍTICAS (<=20ML)	Específico	Tarja Vermelha	
BICARBONATO DE SÓDIO	BICARBONATO DE SÓDIO 8,4 %	K6A - SOLUÇÕES PARA HEMODIÁLISE	Específico	Tarja Vermelha	
BICARBONATO DE SÓDIO	FARMACART	K6A - SOLUÇÕES PARA HEMODIÁLISE	Específico	- (*) 	
BICARBONATO DE SÓDIO	CPHD FARMARIN	K6A - SOLUÇÕES PARA HEMODIÁLISE	Específico	- (*) 	
BICARBONATO DE SÓDIO	CPHD 35 BA	K6A - SOLUÇÕES PARA HEMODIÁLISE	Específico	Tarja Vermelha	
BICARBONATO DE SÓDIO	BIBAG	K6A - SOLUÇÕES PARA HEMODIÁLISE	Específico	Tarja Vermelha	
BICARBONATO DE SÓDIO	CPHD BICARBONATO DE SÓDIO 8,4 %	K6A - SOLUÇÕES PARA HEMODIÁLISE	Específico	Tarja Vermelha	
BICARBONATO DE SÓDIO	BICARBONATO DE SÓDIO	K4A1 - SOLUÇÕES ELECTROLÍTICAS (<=20ML)	Específico	Tarja Vermelha	
BICARBONATO DE SÓDIO;GLICOSE;CLORETO DE SÓDIO	CPHD GENIUS DS	K6A - SOLUÇÕES PARA HEMODIÁLISE	Específico	Tarja Vermelha	
BILASTINA	BILASTINA	R6A - ANTI-HISTAMÍNICOS SISTÊMICOS	Genérico	Tarja Vermelha	
BILASTINA	HISBILA	R6A - ANTI-HISTAMÍNICOS SISTÊMICOS	Similar	Tarja Vermelha	
BILASTINA	NAIRE	R6A - ANTI-HISTAMÍNICOS SISTÊMICOS	Similar	Tarja Vermelha	
BILASTINA	BILASTINA	R6A - ANTI-HISTAMÍNICOS SISTÊMICOS	Genérico	Tarja Vermelha	
BILASTINA	TYNNA	R6A - ANTI-HISTAMÍNICOS SISTÊMICOS	Similar	Tarja Vermelha	
BILASTINA	BIXLYN	R6A - ANTI-HISTAMÍNICOS SISTÊMICOS	Similar	Tarja Vermelha	
BILASTINA	BILASTINA	R6A - ANTI-HISTAMÍNICOS SISTÊMICOS	Genérico	Tarja Vermelha	
BILASTINA	BILASTINA	R6A - ANTI-HISTAMÍNICOS SISTÊMICOS	Genérico	Tarja Vermelha	
BILASTINA	BILASTINA	R6A - ANTI-HISTAMÍNICOS SISTÊMICOS	Genérico	Tarja Vermelha	
BILASTINA	ALLEP	R6A - ANTI-HISTAMÍNICOS SISTÊMICOS	Similar	Tarja Vermelha	
BILASTINA	BILARGOS	R6A - ANTI-HISTAMÍNICOS SISTÊMICOS	Similar	Tarja Vermelha	
BILASTINA	ALEKTOS	R6A - ANTI-HISTAMÍNICOS SISTÊMICOS	Novo	Tarja Vermelha	
BILASTINA	ALEKTOS PED	R6A - ANTI-HISTAMÍNICOS SISTÊMICOS	Novo	Tarja Vermelha	
BIMATOPROSTA	LUMIGAN	S1E2 - PREPARAÇÕES ANTIGLAUCOMAS E MIÓTICAS TÓPICAS	Novo	Tarja Vermelha	
BIMATOPROSTA	LATISSE	S1X2 - OUTROS PRODUTOS OFTALMOLÓGICO TÓPICOS	Novo	- (*) 	
BIMATOPROSTA	BIMATOPROSTA	S1E2 - PREPARAÇÕES ANTIGLAUCOMAS E MIÓTICAS TÓPICAS	Genérico	Tarja Vermelha	
BIMATOPROSTA	BIMAPROST	S1E2 - PREPARAÇÕES ANTIGLAUCOMAS E MIÓTICAS TÓPICAS	Similar	Tarja Vermelha	
BIMATOPROSTA	GLAMIGAN	S1E2 - PREPARAÇÕES ANTIGLAUCOMAS E MIÓTICAS TÓPICAS	Similar	Tarja Vermelha	
BIMATOPROSTA	BIMATOPROSTA	S1E2 - PREPARAÇÕES ANTIGLAUCOMAS E MIÓTICAS TÓPICAS	Genérico	Tarja Vermelha	
BIMATOPROSTA	BIMATOPROSTA	S1E2 - PREPARAÇÕES ANTIGLAUCOMAS E MIÓTICAS TÓPICAS	Genérico	Tarja Vermelha	
BIMATOPROSTA	OCUBIN	S1E2 - PREPARAÇÕES ANTIGLAUCOMAS E MIÓTICAS TÓPICAS	Similar	Tarja Vermelha	
BIMATOPROSTA	BIMAGAN	S1E2 - PREPARAÇÕES ANTIGLAUCOMAS E MIÓTICAS TÓPICAS	Similar	Tarja Vermelha	
BIMATOPROSTA	BIMATOPROSTA	S1E2 - PREPARAÇÕES ANTIGLAUCOMAS E MIÓTICAS TÓPICAS	Genérico	Tarja Vermelha	
BIMATOPROSTA	BIMATOPROSTA	S1E2 - PREPARAÇÕES ANTIGLAUCOMAS E MIÓTICAS TÓPICAS	Genérico	Tarja Vermelha	
BIMATOPROSTA	GLAUCUR	S1E2 - PREPARAÇÕES ANTIGLAUCOMAS E MIÓTICAS TÓPICAS	Similar	Tarja Vermelha	
BIMATOPROSTA	BIMATOPROSTA	S1E2 - PREPARAÇÕES ANTIGLAUCOMAS E MIÓTICAS TÓPICAS	Genérico	- (*) 	
BIMEQUIZUMABE	BIMZELX	D5B - ANTIPSORÍASE SISTÊMICOS	Biológico	Tarja Vermelha	
BINIMETINIBE	MEKTOVI	L1H4 - INIBIDORES PREOTEÍNA KINASE ANTINEOPLÁSICOS, BRAF/MEK	Novo	Tarja Vermelha	
BIOTINA	KERABIO	D11A - OUTRAS PREPARAÇÕES DERMATOLOGICAS	Específico	Tarja Vermelha	
BIOTINA	UNTRAL	D11A - OUTRAS PREPARAÇÕES DERMATOLOGICAS	Específico	Tarja Vermelha	
BISACODIL	BISALAX	A6A2 - LAXANTES ESTIMULANTES	Similar	Tarja Sem Tarja	
BISACODIL	DUCODIL	A6A2 - LAXANTES ESTIMULANTES	Similar	Tarja Sem Tarja	
BISACODIL	PLESONAX	A6A2 - LAXANTES ESTIMULANTES	Similar	Tarja Sem Tarja	
BISACODIL	LACTO PURGA	A6A2 - LAXANTES ESTIMULANTES	Similar	Tarja Sem Tarja	
BISACODIL	DULCOLAX	A6A2 - LAXANTES ESTIMULANTES	Novo	Tarja Sem Tarja	
BISGLICINATO FERROSO	NEUTROFER	B3A1 - FERRO PURO	Específico	Tarja Vermelha	
BISGLICINATO FERROSO;ÁCIDO FÓLICO	NEUTROFER  FÓLICO	B3A2 - ASSOCIAÇÕES DE FERRO	Específico	Tarja Vermelha	
BISSULFATO DE CLOPIDOGREL	PLAQ	B1C2 - INIBIDORES DA AGRAGAÇÃO PLAQUETÁRIA, ANTAGONISTAS DOS RECEPTORES DA ADENOSINA DIFOSFATO	Similar	- (*) 	
BISSULFATO DE CLOPIDOGREL	BISSULFATO DE CLOPIDOGREL	B1C2 - INIBIDORES DA AGRAGAÇÃO PLAQUETÁRIA, ANTAGONISTAS DOS RECEPTORES DA ADENOSINA DIFOSFATO	Genérico	- (*) 	
BISSULFATO DE CLOPIDOGREL	PLAGREL	B1C2 - INIBIDORES DA AGRAGAÇÃO PLAQUETÁRIA, ANTAGONISTAS DOS RECEPTORES DA ADENOSINA DIFOSFATO	Similar	Tarja Vermelha	
BISSULFATO DE CLOPIDOGREL	BISSULFATO DE CLOPIDOGREL	B1C2 - INIBIDORES DA AGRAGAÇÃO PLAQUETÁRIA, ANTAGONISTAS DOS RECEPTORES DA ADENOSINA DIFOSFATO	Genérico	Tarja Vermelha	
BISSULFATO DE CLOPIDOGREL	BISSULFATO DE CLOPIDOGREL	B1C2 - INIBIDORES DA AGRAGAÇÃO PLAQUETÁRIA, ANTAGONISTAS DOS RECEPTORES DA ADENOSINA DIFOSFATO	Genérico	- (*) 	
BISSULFATO DE CLOPIDOGREL	CUORE	B1C2 - INIBIDORES DA AGRAGAÇÃO PLAQUETÁRIA, ANTAGONISTAS DOS RECEPTORES DA ADENOSINA DIFOSFATO	Similar	- (*) 	
BISSULFATO DE CLOPIDOGREL	BISSULFATO DE CLOPIDOGREL	B1C2 - INIBIDORES DA AGRAGAÇÃO PLAQUETÁRIA, ANTAGONISTAS DOS RECEPTORES DA ADENOSINA DIFOSFATO	Genérico	Tarja Vermelha	
BISSULFATO DE CLOPIDOGREL	PLAQUEVIX	B1C2 - INIBIDORES DA AGRAGAÇÃO PLAQUETÁRIA, ANTAGONISTAS DOS RECEPTORES DA ADENOSINA DIFOSFATO	Similar	Tarja Vermelha	
BISSULFATO DE CLOPIDOGREL	BISSULFATO DE CLOPIDOGREL	B1C2 - INIBIDORES DA AGRAGAÇÃO PLAQUETÁRIA, ANTAGONISTAS DOS RECEPTORES DA ADENOSINA DIFOSFATO	Genérico	Tarja Vermelha	
BISSULFATO DE CLOPIDOGREL	CLOPIN	B1C2 - INIBIDORES DA AGRAGAÇÃO PLAQUETÁRIA, ANTAGONISTAS DOS RECEPTORES DA ADENOSINA DIFOSFATO	Similar	- (*) 	
BISSULFATO DE CLOPIDOGREL	BISSULFATO DE CLOPIDOGREL	B1C2 - INIBIDORES DA AGRAGAÇÃO PLAQUETÁRIA, ANTAGONISTAS DOS RECEPTORES DA ADENOSINA DIFOSFATO	Genérico	Tarja Vermelha	
BISSULFATO DE CLOPIDOGREL	CLOPIPLAX	B1C2 - INIBIDORES DA AGRAGAÇÃO PLAQUETÁRIA, ANTAGONISTAS DOS RECEPTORES DA ADENOSINA DIFOSFATO	Similar	Tarja Vermelha	
BISSULFATO DE CLOPIDOGREL	BISSULFATO DE CLOPIDOGREL	B1C2 - INIBIDORES DA AGRAGAÇÃO PLAQUETÁRIA, ANTAGONISTAS DOS RECEPTORES DA ADENOSINA DIFOSFATO	Genérico	Tarja Vermelha	
BISSULFATO DE CLOPIDOGREL	BISSULFATO DE CLOPIDOGREL	B1C2 - INIBIDORES DA AGRAGAÇÃO PLAQUETÁRIA, ANTAGONISTAS DOS RECEPTORES DA ADENOSINA DIFOSFATO	Genérico	Tarja Vermelha	
BISSULFATO DE CLOPIDOGREL	BISSULFATO DE CLOPIDOGREL	B1C2 - INIBIDORES DA AGRAGAÇÃO PLAQUETÁRIA, ANTAGONISTAS DOS RECEPTORES DA ADENOSINA DIFOSFATO	Genérico	Tarja Vermelha	
BISSULFATO DE CLOPIDOGREL	BISSULFATO DE CLOPIDOGREL	B1C2 - INIBIDORES DA AGRAGAÇÃO PLAQUETÁRIA, ANTAGONISTAS DOS RECEPTORES DA ADENOSINA DIFOSFATO	Genérico	Tarja Vermelha	
BISSULFATO DE CLOPIDOGREL	BISSULFATO DE CLOPIDOGREL	B1C2 - INIBIDORES DA AGRAGAÇÃO PLAQUETÁRIA, ANTAGONISTAS DOS RECEPTORES DA ADENOSINA DIFOSFATO	Genérico	Tarja Vermelha	
BISSULFATO DE CLOPIDOGREL	BISSULFATO DE CLOPIDOGREL	B1C2 - INIBIDORES DA AGRAGAÇÃO PLAQUETÁRIA, ANTAGONISTAS DOS RECEPTORES DA ADENOSINA DIFOSFATO	Genérico	Tarja Vermelha	
BISSULFATO DE CLOPIDOGREL	BISSULFATO DE CLOPIDOGREL	B1C2 - INIBIDORES DA AGRAGAÇÃO PLAQUETÁRIA, ANTAGONISTAS DOS RECEPTORES DA ADENOSINA DIFOSFATO	Genérico	Tarja Vermelha	
BISSULFATO DE CLOPIDOGREL	BISSULFATO DE CLOPIDOGREL	B1C2 - INIBIDORES DA AGRAGAÇÃO PLAQUETÁRIA, ANTAGONISTAS DOS RECEPTORES DA ADENOSINA DIFOSFATO	Genérico	Tarja Vermelha	
BISSULFATO DE CLOPIDOGREL	PLAVINEO	B1C2 - INIBIDORES DA AGRAGAÇÃO PLAQUETÁRIA, ANTAGONISTAS DOS RECEPTORES DA ADENOSINA DIFOSFATO	Similar	Tarja Vermelha sob restrição	
BISSULFATO DE CLOPIDOGREL	BISSULFATO DE CLOPIDOGREL	B1C2 - INIBIDORES DA AGRAGAÇÃO PLAQUETÁRIA, ANTAGONISTAS DOS RECEPTORES DA ADENOSINA DIFOSFATO	Genérico	Tarja Vermelha	
BISSULFATO DE CLOPIDOGREL	BISSULFATO DE CLOPIDOGREL	B1C2 - INIBIDORES DA AGRAGAÇÃO PLAQUETÁRIA, ANTAGONISTAS DOS RECEPTORES DA ADENOSINA DIFOSFATO	Genérico	Tarja Vermelha	
BISSULFATO DE CLOPIDOGREL	CLOPIDO-GRAN	B1C2 - INIBIDORES DA AGRAGAÇÃO PLAQUETÁRIA, ANTAGONISTAS DOS RECEPTORES DA ADENOSINA DIFOSFATO	Similar	Tarja Vermelha	
BISSULFATO DE CLOPIDOGREL	BISSULFATO DE CLOPIDOGREL	B1C2 - INIBIDORES DA AGRAGAÇÃO PLAQUETÁRIA, ANTAGONISTAS DOS RECEPTORES DA ADENOSINA DIFOSFATO	Genérico	Tarja Vermelha	
BISSULFATO DE CLOPIDOGREL	PLAVIX	B1C2 - INIBIDORES DA AGRAGAÇÃO PLAQUETÁRIA, ANTAGONISTAS DOS RECEPTORES DA ADENOSINA DIFOSFATO	Novo	- (*) 	
BISSULFATO DE CLOPIDOGREL;ÁCIDO ACETILSALICÍLICO	CLOPIN DUO	B1C5 - ASSOCIAÇÕES CONTENDO INIBIDORES AGREGAÇÃO PLAQUETÁRIA	Novo	Tarja Vermelha	
BLINATUMOMABE	BLINCYTO	L1G9 - ANTICORPOS MONOCLONAIS ANTINEOPLÁSICOS, OUTROS	Biológico	Tarja Vermelha	
BORAGO OFFICINALIS L.	GAMAX	M1A1 - ANTIRREUMÁTICOS NÃO ESTEROIDAIS PUROS	Fitoterápico	- (*) 	
BORAGO OFFICINALIS L.	GAMALINE V	M1A1 - ANTIRREUMÁTICOS NÃO ESTEROIDAIS PUROS	Fitoterápico	- (*) 	
BORATO DE SÓDIO;CLORETO DE CETILPIRIDÍNIO;BENZOCAÍNA	MALVONA	R2A - PREPARAÇÕES PARA GARGANTA	Novo	- (*) 	
BORTEZOMIBE	VERAZO	L1J - ANTINEOPLÁSICOS INIBIDORES DE PROTEASSOMA	Similar	Tarja Vermelha	
BORTEZOMIBE	ELOME	L1J - ANTINEOPLÁSICOS INIBIDORES DE PROTEASSOMA	Similar	Tarja Vermelha	
BORTEZOMIBE	BORMIB	L1J - ANTINEOPLÁSICOS INIBIDORES DE PROTEASSOMA	Similar	Tarja Vermelha	
BORTEZOMIBE	TOVAR	L1J - ANTINEOPLÁSICOS INIBIDORES DE PROTEASSOMA	Similar	Tarja Vermelha sob restrição	
BORTEZOMIBE	BORTEZOMIBE	L1J - ANTINEOPLÁSICOS INIBIDORES DE PROTEASSOMA	Genérico	Tarja Vermelha	
BORTEZOMIBE	MIELOCADE	L1J - ANTINEOPLÁSICOS INIBIDORES DE PROTEASSOMA	Similar	Tarja Vermelha	
BORTEZOMIBE	VELCADE	L1J - ANTINEOPLÁSICOS INIBIDORES DE PROTEASSOMA	Novo	Tarja Vermelha	
BORTEZOMIBE	BORTECIP	L1J - ANTINEOPLÁSICOS INIBIDORES DE PROTEASSOMA	Similar	Tarja Vermelha	
BORTEZOMIBE	BORTEZOMIBE	L1J - ANTINEOPLÁSICOS INIBIDORES DE PROTEASSOMA	Genérico	Tarja Vermelha	
BORTEZOMIBE	BOZEMYB	L1J - ANTINEOPLÁSICOS INIBIDORES DE PROTEASSOMA	Similar	Tarja Vermelha	
BORTEZOMIBE	BORTEZOMIBE	L1J - ANTINEOPLÁSICOS INIBIDORES DE PROTEASSOMA	Genérico	Tarja Vermelha	
BORTEZOMIBE	ZOMI	L1J - ANTINEOPLÁSICOS INIBIDORES DE PROTEASSOMA	Similar	Tarja Vermelha	
BORTEZOMIBE	BORTEZOMIBE	L1J - ANTINEOPLÁSICOS INIBIDORES DE PROTEASSOMA	Genérico	Tarja Vermelha	
BORTEZOMIBE	BOZORED	L1J - ANTINEOPLÁSICOS INIBIDORES DE PROTEASSOMA	Similar	- (*) 	
BORTEZOMIBE	BORTEZOMIBE	L1J - ANTINEOPLÁSICOS INIBIDORES DE PROTEASSOMA	Genérico	- (*) 	
BORTEZOMIBE	BORTYZ	L1J - ANTINEOPLÁSICOS INIBIDORES DE PROTEASSOMA	Similar	- (*) 	
BORTEZOMIBE	BORTYZ RTU	L1J - ANTINEOPLÁSICOS INIBIDORES DE PROTEASSOMA	Novo	Tarja Vermelha	
BORTEZOMIBE	MIBO	L1J - ANTINEOPLÁSICOS INIBIDORES DE PROTEASSOMA	Similar	Tarja Vermelha	
BORTEZOMIBE	BORTEZOMIBE	L1X9 - TODOS OS OUTROS ANTINEOPLÁSICOS	Genérico	Tarja Vermelha	
BORTEZOMIBE	ZOMYLE	L1J - ANTINEOPLÁSICOS INIBIDORES DE PROTEASSOMA	Similar	Tarja Vermelha	
BOSENTANA	BOSENTANA	C6B1 - PRODUTOS HIPERTENSÃO ARTERIAL PULMONAR ANTAGONISTAS RECEPTORES DE ENDOTELINA	Genérico	Tarja Vermelha	
BOSENTANA	BOSENTANA	C6B1 - PRODUTOS HIPERTENSÃO ARTERIAL PULMONAR ANTAGONISTAS RECEPTORES DE ENDOTELINA	Genérico	Tarja Vermelha	
BOSENTANA MONOIDRATADA	BOSENTANA	C6B1 - PRODUTOS HIPERTENSÃO ARTERIAL PULMONAR ANTAGONISTAS RECEPTORES DE ENDOTELINA	Genérico	Tarja Vermelha	
BOSENTANA MONOIDRATADA	BOSENTANA	C6B1 - PRODUTOS HIPERTENSÃO ARTERIAL PULMONAR ANTAGONISTAS RECEPTORES DE ENDOTELINA	Genérico	Tarja Vermelha	
BOSENTANA MONOIDRATADA	BOSPULMO	C6B1 - PRODUTOS HIPERTENSÃO ARTERIAL PULMONAR ANTAGONISTAS RECEPTORES DE ENDOTELINA	Similar	Tarja Vermelha	
BOSENTANA MONOIDRATADA	BOSENTANA	C6B1 - PRODUTOS HIPERTENSÃO ARTERIAL PULMONAR ANTAGONISTAS RECEPTORES DE ENDOTELINA	Genérico	Tarja Vermelha	
BOSUTINIBE MONOIDRATADO	BOSULIF	L1H1 - INIBIDORES PREOTEÍNA KINASE ANTINEOPLÁSICOS, BCR-ABL	Novo	- (*) 	
BRENTUXIMABE VEDOTINA	ADCETRIS	L1G9 - ANTICORPOS MONOCLONAIS ANTINEOPLÁSICOS, OUTROS	Biológico	Tarja Vermelha	
BREXPIPRAZOL	REXULTI	N5A1 - ANTIPSICÓTICOS ATÍPICOS	Novo	Tarja Vermelha	
BREXUCABTAGENO AUTOLEUCEL	TECARTUS	L1X9 - TODOS OS OUTROS ANTINEOPLÁSICOS	Produto de Terapia Avançada	Tarja Vermelha	
BRIGATINIBE	EVOBRIG	L1H3 - INIBIDORES PREOTEÍNA KINASE ANTINEOPLÁSICOS, ALK	Novo	Tarja Vermelha	
BRINZOLAMIDA	AZOPT	S1E2 - PREPARAÇÕES ANTIGLAUCOMAS E MIÓTICAS TÓPICAS	Novo	- (*) 	
BRODALUMABE	KYNTHEUM	L4C - INIBIDORES DA INTERLEUCINA	Biológico	Tarja Vermelha	
BROLUCIZUMABE	VSIQQ	S1P - PRODUTOS ANTINEOVASCULARIZAÇÃO OCULAR	Biológico	Tarja Vermelha	
BROMAZEPAM	BROMAZEPAM	N5C - TRANQUILIZANTES	Genérico	Tarja Preta	
BROMAZEPAM	BROMAZEPAM	N5C - TRANQUILIZANTES	Genérico	Tarja Preta	
BROMAZEPAM	LEXMA	N5C - TRANQUILIZANTES	Similar	Tarja Preta	
BROMAZEPAM	FLUXTAR	N5C - TRANQUILIZANTES	Similar	- (*) 	
BROMAZEPAM	BROMAZEPAM	N5C - TRANQUILIZANTES	Genérico	Tarja Preta	
BROMAZEPAM	SOMALIUM	N5C - TRANQUILIZANTES	Similar	Tarja Preta	
BROMAZEPAM	BROMAZEPAM	N5C - TRANQUILIZANTES	Genérico	Tarja Preta	
BROMAZEPAM	BROMAZEPAM	N5C - TRANQUILIZANTES	Genérico	Tarja Preta	
BROMAZEPAM	BROMAZEPAM	N5C - TRANQUILIZANTES	Genérico	- (*) 	
BROMAZEPAM	BROMAZEPAM	N5C - TRANQUILIZANTES	Genérico	- (*) 	
BROMAZEPAM	LEXOTAN	N5C - TRANQUILIZANTES	Novo	Tarja Preta	
BROMAZEPAM	BROMAZEPAM	N5C - TRANQUILIZANTES	Genérico	- (*) 	
BROMAZEPAM;SULPIRIDA	SULPAN	N6C - ASSOCIAÇÕES PSICOLÉPTICAS E PSICOANALÉPTICAS	Similar	Tarja Preta	
BROMAZEPAM;SULPIRIDA	SULPAN	N6C - ASSOCIAÇÕES PSICOLÉPTICAS E PSICOANALÉPTICAS	Similar	Tarja Vermelha	
BROMETO DE ACLIDÍNIO	EKLIRA GENUAIR	R3K2 - ANTIASMÁTICOS/DPOC ANTICOLINÉRGICOS DE LONGA DURAÇÃO, PUROS, INALANTES	Novo	Tarja Vermelha	
BROMETO DE ACLIDÍNIO	EKLIRA GENUAIR	R3K2 - ANTIASMÁTICOS/DPOC ANTICOLINÉRGICOS DE LONGA DURAÇÃO, PUROS, INALANTES	Novo	Tarja Vermelha	
BROMETO DE ACLIDÍNIO;FUMARATO DE FOMOTEROL DIHIDRATADO	DUAKLIR GENUAIR	R3L2 - ASSOCIAÇÕES DE ANTICOLINÉRGICOS DE LONGA DURAÇÃO COM AGONISTAS-B2 DE LONGA DURAÇÃO, INALANTES	Novo	Tarja Vermelha	
BROMETO DE ACLIDÍNIO;FUMARATO DE FORMOTEROL DI-HIDRATADO	DUAKLIR GENUAIR	R3L2 - ASSOCIAÇÕES DE ANTICOLINÉRGICOS DE LONGA DURAÇÃO COM AGONISTAS-B2 DE LONGA DURAÇÃO, INALANTES	Novo	Tarja Vermelha	
BROMETO DE GLICOPIRRÔNIO	SEEBRI	R3K2 - ANTIASMÁTICOS/DPOC ANTICOLINÉRGICOS DE LONGA DURAÇÃO, PUROS, INALANTES	Novo	Tarja Vermelha	
BROMETO DE GLICOPIRRÔNIO;BUDESONIDA;FUMARATO DE FORMOTEROL DI-HIDRATADO	BREZTRI AEROSPHERE	R3L3 - ASSOC ANTICOLINÉRGICOS LONGA DUR, AGONISTAS-B2 LONGA DUR E CORTICOES, INALANTES	Novo	Tarja Vermelha	
BROMETO DE GLICOPIRRÔNIO;DIPROPIONATO DE BECLOMETASONA;FUMARATO DE FORMOTEROL DI-HIDRATADO	TRIMBOW	R3L3 - ASSOC ANTICOLINÉRGICOS LONGA DUR, AGONISTAS-B2 LONGA DUR E CORTICOES, INALANTES	Novo	Tarja Vermelha	
BROMETO DE IPRATRÓPIO	BROMETO DE IPRATRÓPRIO	R3K1 - ANTIASMÁTICOS/DPOC ANTICOLINÉRGICOS DE CURTA DURAÇÃO, PUROS, INALANTES	Genérico	- (*) 	
BROMETO DE IPRATRÓPIO	ATROVENT	R3K1 - ANTIASMÁTICOS/DPOC ANTICOLINÉRGICOS DE CURTA DURAÇÃO, PUROS, INALANTES	Novo	- (*) 	
BROMETO DE IPRATRÓPIO	BROMETO DE IPRATRÓPIO	R3K1 - ANTIASMÁTICOS/DPOC ANTICOLINÉRGICOS DE CURTA DURAÇÃO, PUROS, INALANTES	Genérico	- (*) 	
BROMETO DE IPRATRÓPIO	BROMETO DE IPRATROPIO	R3K1 - ANTIASMÁTICOS/DPOC ANTICOLINÉRGICOS DE CURTA DURAÇÃO, PUROS, INALANTES	Genérico	Tarja Vermelha	
BROMETO DE IPRATRÓPIO	BROMETO DE IPRATRÓPIO	R3K1 - ANTIASMÁTICOS/DPOC ANTICOLINÉRGICOS DE CURTA DURAÇÃO, PUROS, INALANTES	Genérico	Tarja Vermelha	
BROMETO DE IPRATRÓPIO	BROMETO DE IPRATRÓPIO	R3K1 - ANTIASMÁTICOS/DPOC ANTICOLINÉRGICOS DE CURTA DURAÇÃO, PUROS, INALANTES	Genérico	- (*) 	
BROMETO DE IPRATRÓPIO	BROMETO DE IPRATRÓPIO	R3K1 - ANTIASMÁTICOS/DPOC ANTICOLINÉRGICOS DE CURTA DURAÇÃO, PUROS, INALANTES	Genérico	Tarja Vermelha	
BROMETO DE IPRATRÓPIO	BROMETO DE IPRATRÓPIO	R3K1 - ANTIASMÁTICOS/DPOC ANTICOLINÉRGICOS DE CURTA DURAÇÃO, PUROS, INALANTES	Genérico	Tarja Vermelha	
BROMETO DE IPRATRÓPIO	BROMETO DE IPRATRÓPIO	R3K1 - ANTIASMÁTICOS/DPOC ANTICOLINÉRGICOS DE CURTA DURAÇÃO, PUROS, INALANTES	Genérico	Tarja Vermelha	
BROMETO DE IPRATRÓPIO	BROMETO DE IPRATRÓPIO	R3K1 - ANTIASMÁTICOS/DPOC ANTICOLINÉRGICOS DE CURTA DURAÇÃO, PUROS, INALANTES	Genérico	- (*) 	
BROMETO DE IPRATRÓPIO	IPRAVENT	R3K1 - ANTIASMÁTICOS/DPOC ANTICOLINÉRGICOS DE CURTA DURAÇÃO, PUROS, INALANTES	Similar	Tarja Vermelha	
BROMETO DE IPRATRÓPIO	BROMETO DE IPRATRÓPIO	R3K1 - ANTIASMÁTICOS/DPOC ANTICOLINÉRGICOS DE CURTA DURAÇÃO, PUROS, INALANTES	Genérico	- (*) 	
BROMETO DE IPRATRÓPIO	BROMETO DE IPRATRÓPIO	R3K1 - ANTIASMÁTICOS/DPOC ANTICOLINÉRGICOS DE CURTA DURAÇÃO, PUROS, INALANTES	Genérico	Tarja Vermelha	
BROMETO DE IPRATRÓPIO;BROMIDRATO DE FENOTEROL	DUOVENT	R3L1 - ASSOCIAÇÕES DE ANTICOLINÉRGICOS DE CURTA DURAÇÃO COM AGONISTAS-B2 DE CURTA DURAÇÃO, INALANTES	Novo	- (*) 	
BROMETO DE N-BUTILESCOPOLAMINA;DIPIRONA	HIOSPAN COMPOSTO	A3D - ASSOCIAÇÕES DE ANTIESPASMÓDICOS COM ANALGÉSICOS	Similar	- (*) 	
BROMETO DE N-BUTILESCOPOLAMINA;DIPIRONA MONOIDRATADA;METILBROMETO DE HOMATROPINA;BROMIDRATO DE HIOSCIAMINA	TROPINAL	A3D - ASSOCIAÇÕES DE ANTIESPASMÓDICOS COM ANALGÉSICOS	Similar	- (*) 	
BROMETO DE OTILÔNIO	LONIUM	A3A - ANTIESPASMÓDICOS E ANTICOLINÉRGICOS PUROS	Novo	Tarja Vermelha	
BROMETO DE PANCURÔNIO	BROMETO DE PANCURÔNIO	M3A - RELAXANTE MUSCULAR DE AÇÃO PERIFÉRICA	Genérico	Tarja Vermelha	
BROMETO DE PANCURÔNIO	PANCURON	M3A - RELAXANTE MUSCULAR DE AÇÃO PERIFÉRICA	Similar	Tarja Vermelha	
BROMETO DE PINAVÉRIO	BROMETO DE PINAVÉRIO	A3A - ANTIESPASMÓDICOS E ANTICOLINÉRGICOS PUROS	Genérico	- (*) 	
BROMETO DE PINAVÉRIO	BROMETO DE PINAVÉRIO	A3A - ANTIESPASMÓDICOS E ANTICOLINÉRGICOS PUROS	Genérico	- (*) 	
BROMETO DE PINAVÉRIO	SIILIF	A3A - ANTIESPASMÓDICOS E ANTICOLINÉRGICOS PUROS	Similar	- (*) 	
BROMETO DE PIRIDOSTIGMINA	MESTINON	N7X - TODOS OS OUTROS PRODUTOS PARA O SISTEMA NERVOSO CENTRAL	Similar	Tarja Vermelha	
BROMETO DE ROCURÔNIO	BROMETO DE ROCURÔNIO	M3A - RELAXANTE MUSCULAR DE AÇÃO PERIFÉRICA	Genérico	Tarja Vermelha	
BROMETO DE ROCURÔNIO	BROMETO DE ROCURÔNIO	M3A - RELAXANTE MUSCULAR DE AÇÃO PERIFÉRICA	Genérico	Tarja Vermelha	
BROMETO DE ROCURÔNIO	BLOQUERON	M3A - RELAXANTE MUSCULAR DE AÇÃO PERIFÉRICA	Similar	Tarja Vermelha	
BROMETO DE ROCURÔNIO	ESMERON	M3A - RELAXANTE MUSCULAR DE AÇÃO PERIFÉRICA	Novo	Tarja Vermelha	
BROMETO DE ROCURÔNIO	ROCURON	M3A - RELAXANTE MUSCULAR DE AÇÃO PERIFÉRICA	Similar	- (*) 	
BROMETO DE ROCURÔNIO	UNIREZ	M3A - RELAXANTE MUSCULAR DE AÇÃO PERIFÉRICA	Similar	Tarja Vermelha	
BROMETO DE ROCURÔNIO	BROMETO DE ROCURONIO	M3A - RELAXANTE MUSCULAR DE AÇÃO PERIFÉRICA	Genérico	Tarja Vermelha	
BROMETO DE ROCURÔNIO	BROMETO DE ROCURÔNIO	M3A - RELAXANTE MUSCULAR DE AÇÃO PERIFÉRICA	Genérico	Tarja Vermelha	
BROMETO DE ROCURÔNIO	MISCK	M3A - RELAXANTE MUSCULAR DE AÇÃO PERIFÉRICA	Similar	Tarja Vermelha	
BROMETO DE ROCURÔNIO	BROMETO DE ROCURÔNIO	M3A - RELAXANTE MUSCULAR DE AÇÃO PERIFÉRICA	Genérico	Tarja Vermelha	
BROMETO DE TIOTRÓPIO	SPIRIVA RESPIMAT	R3K2 - ANTIASMÁTICOS/DPOC ANTICOLINÉRGICOS DE LONGA DURAÇÃO, PUROS, INALANTES	Novo	Tarja Vermelha	
BROMETO DE TIOTRÓPIO MONOIDRATADO;CLORIDRATO DE OLODATEROL	SPIOLTO	R3L2 - ASSOCIAÇÕES DE ANTICOLINÉRGICOS DE LONGA DURAÇÃO COM AGONISTAS-B2 DE LONGA DURAÇÃO, INALANTES	Novo	Tarja Vermelha	
BROMETO DE UMECLIDÍNIO	VANISTO	R3K2 - ANTIASMÁTICOS/DPOC ANTICOLINÉRGICOS DE LONGA DURAÇÃO, PUROS, INALANTES	Novo	Tarja Vermelha	
BROMETO DE VECURÔNIO	VECURON	M3A - RELAXANTE MUSCULAR DE AÇÃO PERIFÉRICA	Similar	Tarja Vermelha	
BROMIDRATO DE CITALOPRAM	PROCIMAX	N6A4 - ANTIDEPRESSIVOS SSRI	Similar	Tarja Vermelha sob restrição	
BROMIDRATO DE CITALOPRAM	CITALOPRAM	N6A4 - ANTIDEPRESSIVOS SSRI	Genérico	Tarja Vermelha sob restrição	
BROMIDRATO DE CITALOPRAM	CITTÀ	N6A4 - ANTIDEPRESSIVOS SSRI	Similar	Tarja Vermelha sob restrição	
BROMIDRATO DE CITALOPRAM	BROMIDRATO DE CITALOPRAM	N6A4 - ANTIDEPRESSIVOS SSRI	Genérico	Tarja Vermelha sob restrição	
BROMIDRATO DE CITALOPRAM	BROMIDRATO DE CITALOPRAM	N6A4 - ANTIDEPRESSIVOS SSRI	Genérico	Tarja Vermelha sob restrição	
BROMIDRATO DE CITALOPRAM	DENYL	N6A4 - ANTIDEPRESSIVOS SSRI	Similar	Tarja Vermelha sob restrição	
BROMIDRATO DE CITALOPRAM	BROMIDRATO DE CITALOPRAM	N6A4 - ANTIDEPRESSIVOS SSRI	Genérico	Tarja Vermelha	
BROMIDRATO DE CITALOPRAM	CIPRAMIL	N6A4 - ANTIDEPRESSIVOS SSRI	Novo	Tarja Vermelha sob restrição	
BROMIDRATO DE CITALOPRAM	ALCYTAM	N6A4 - ANTIDEPRESSIVOS SSRI	Similar	Tarja Vermelha sob restrição	
BROMIDRATO DE CITALOPRAM	BROMIDRATO DE CITALOPRAM	N6A4 - ANTIDEPRESSIVOS SSRI	Genérico	Tarja Vermelha sob restrição	
BROMIDRATO DE CITALOPRAM	BROMIDRATO DE CITALOPRAM	N6A4 - ANTIDEPRESSIVOS SSRI	Genérico	Tarja Vermelha sob restrição	
BROMIDRATO DE CITALOPRAM	BROMIDRATO DE CITALOPRAM	N6A4 - ANTIDEPRESSIVOS SSRI	Genérico	Tarja Vermelha sob restrição	
BROMIDRATO DE CITALOPRAM	BROMIDRATO DE CITALOPRAM	N6A4 - ANTIDEPRESSIVOS SSRI	Genérico	Tarja Vermelha sob restrição	
BROMIDRATO DE CITALOPRAM	BROMIDRATO DE CITALOPRAM	N6A4 - ANTIDEPRESSIVOS SSRI	Genérico	Tarja Vermelha sob restrição	
BROMIDRATO DE CITALOPRAM	NYPRAM	N6A4 - ANTIDEPRESSIVOS SSRI	Similar	Tarja Vermelha sob restrição	
BROMIDRATO DE CITALOPRAM	CITALOPRAM	N6A4 - ANTIDEPRESSIVOS SSRI	Genérico	- (*) 	
BROMIDRATO DE CITALOPRAM	BROMIDRATO DE CITALOPRAM	N6A4 - ANTIDEPRESSIVOS SSRI	Genérico	Tarja Vermelha sob restrição	
BROMIDRATO DE DARIFENACINA	BROMIDRATO DE DARIFENACINA	G4D4 - PRODUTOS PARA INCONTINÊNCIA URINÁRIA	Genérico	Tarja Vermelha	
BROMIDRATO DE DARIFENACINA	FENAZIC	G4D4 - PRODUTOS PARA INCONTINÊNCIA URINÁRIA	Similar	- (*) 	
BROMIDRATO DE DARIFENACINA	ENABLEX	G4D4 - PRODUTOS PARA INCONTINÊNCIA URINÁRIA	Novo	- (*) 	
BROMIDRATO DE DEXTROMETORFANO;GUAIFENESINA	XAROPE 44 E	R5D2 - ANTITUSSÍGENOS ASSOCIADOS	Similar	- (*) 	
BROMIDRATO DE ELETRIPTANA	ZEFORUS	N2C1 - ANTIENXAQUECOSOS TRIPTÂNICOS	Novo	Tarja Vermelha	
BROMIDRATO DE FENOTEROL	BEROTEC	R3A4 - ANTIASMÁTICOS/DPOC AGONISTAS B2 CURTA AÇÃO INALANTE	Novo	- (*) 	
BROMIDRATO DE GALANTAMINA	BROMIDRATO DE GALANTAMINA	N7D1 - PRODUTOS ANTIALZHEIMER, INIBIDORES DA COLINESTERASE	Genérico	Tarja Vermelha sob restrição	
BROMIDRATO DE GALANTAMINA	COGLIVE	N7D1 - PRODUTOS ANTIALZHEIMER, INIBIDORES DA COLINESTERASE	Similar	Tarja Vermelha sob restrição	
BROMIDRATO DE GALANTAMINA	BROMIDRATO DE GALANTAMINA	N7D1 - PRODUTOS ANTIALZHEIMER, INIBIDORES DA COLINESTERASE	Genérico	- (*) 	
BROMIDRATO DE GALANTAMINA	GAUDY	N7D1 - PRODUTOS ANTIALZHEIMER, INIBIDORES DA COLINESTERASE	Similar	- (*) 	
BROMIDRATO DE GALANTAMINA	REGRESSA	N7D1 - PRODUTOS ANTIALZHEIMER, INIBIDORES DA COLINESTERASE	Similar	Tarja Vermelha sob restrição	
BROMIDRATO DE GALANTAMINA	BROMIDRATO DE GALANTAMINA	N7D1 - PRODUTOS ANTIALZHEIMER, INIBIDORES DA COLINESTERASE	Genérico	Tarja Vermelha sob restrição	
BROMIDRATO DE GALANTAMINA	BROMIDRATO DE GALANTAMINA	N7D1 - PRODUTOS ANTIALZHEIMER, INIBIDORES DA COLINESTERASE	Genérico	Tarja Vermelha sob restrição	
BROMIDRATO DE GALANTAMINA	ALZYNAMIN	N7D1 - PRODUTOS ANTIALZHEIMER, INIBIDORES DA COLINESTERASE	Similar	Tarja Vermelha sob restrição	
BROMIDRATO DE GALANTAMINA	COGIT	N7D1 - PRODUTOS ANTIALZHEIMER, INIBIDORES DA COLINESTERASE	Similar	Tarja Vermelha sob restrição	
BROMIDRATO DE GALANTAMINA	BROMIDRATO DE GALANTAMINA	N7D1 - PRODUTOS ANTIALZHEIMER, INIBIDORES DA COLINESTERASE	Genérico	Tarja Vermelha	
BROMIDRATO DE GALANTAMINA	BROMIDRATO DE GALANTAMINA	N7D1 - PRODUTOS ANTIALZHEIMER, INIBIDORES DA COLINESTERASE	Genérico	- (*) 	
BROMIDRATO DE GALANTAMINA	BROMIDRATO DE GALANTAMINA	N7D1 - PRODUTOS ANTIALZHEIMER, INIBIDORES DA COLINESTERASE	Genérico	- (*) 	
BROMIDRATO DE GALANTAMINA	BROMIDRATO DE GALANTAMINA	N7D1 - PRODUTOS ANTIALZHEIMER, INIBIDORES DA COLINESTERASE	Genérico	Tarja Vermelha sob restrição	
BROMIDRATO DE GALANTAMINA	ELATIUM	N7D1 - PRODUTOS ANTIALZHEIMER, INIBIDORES DA COLINESTERASE	Similar	Tarja Vermelha sob restrição	
BROMIDRATO DE VORTIOXETINA	VOEXTOR	N6A9 - ANTIDEPRESSIVOS TODOS OS OUTROS	Similar	Tarja Vermelha sob restrição	
BROMIDRATO DE VORTIOXETINA	BROMIDRATO DE VORTIOXETINA	N6A9 - ANTIDEPRESSIVOS TODOS OS OUTROS	Genérico	Tarja Vermelha sob restrição	
BROMIDRATO DE VORTIOXETINA	VOD	N6A9 - ANTIDEPRESSIVOS TODOS OS OUTROS	Similar	Tarja Vermelha sob restrição	
BROMIDRATO DE VORTIOXETINA	VOGNUS	N6A9 - ANTIDEPRESSIVOS TODOS OS OUTROS	Similar	Tarja Vermelha sob restrição	
BROMIDRATO DE VORTIOXETINA	BROMIDRATO DE VORTIOXETINA	N6A9 - ANTIDEPRESSIVOS TODOS OS OUTROS	Genérico	Tarja Vermelha sob restrição	
BROMIDRATO DE VORTIOXETINA	VORXE	N6A9 - ANTIDEPRESSIVOS TODOS OS OUTROS	Similar	Tarja Vermelha sob restrição	
BROMIDRATO DE VORTIOXETINA	BRINTELLIX	N6A9 - ANTIDEPRESSIVOS TODOS OS OUTROS	Novo	Tarja Vermelha sob restrição	
BROMIDRATO DE VORTIOXETINA	VURTUOSO	N6A9 - ANTIDEPRESSIVOS TODOS OS OUTROS	Similar	Tarja Vermelha sob restrição	
BROMIDRATO DE VORTIOXETINA	VORPRO	N6A9 - ANTIDEPRESSIVOS TODOS OS OUTROS	Similar	Tarja Vermelha sob restrição	
BROMIDRATO DE VORTIOXETINA	BROMIDRATO DE VORTIOXETINA	N6A9 - ANTIDEPRESSIVOS TODOS OS OUTROS	Genérico	Tarja Vermelha sob restrição	
BROMIDRATO DE VORTIOXETINA	MÔDULIX	N6A9 - ANTIDEPRESSIVOS TODOS OS OUTROS	Similar	Tarja Vermelha sob restrição	
BROMIDRATO DE VORTIOXETINA	BROMIDRATO DE VORTIOXETINA	N6A9 - ANTIDEPRESSIVOS TODOS OS OUTROS	Genérico	Tarja Vermelha sob restrição	
BROMIDRATO DE VORTIOXETINA	EVORTIA	N6A9 - ANTIDEPRESSIVOS TODOS OS OUTROS	Similar	Tarja Vermelha sob restrição	
BROMOPRIDA	PLAMET	A3F - GASTROPROCINÉTICOS	Similar	- (*) 	
BROMOPRIDA	BROMOPRIDA	A3F - GASTROPROCINÉTICOS	Genérico	Tarja Vermelha	
BROMOPRIDA	FÁGICO	A3F - GASTROPROCINÉTICOS	Similar	Tarja Vermelha	
BROMOPRIDA	DIGESAN	A3F - GASTROPROCINÉTICOS	Novo	Tarja Vermelha	
BROMOPRIDA	BROMOPRIDA	A3F - GASTROPROCINÉTICOS	Genérico	Tarja Vermelha	
BROMOPRIDA	DIGESTIL	A3F - GASTROPROCINÉTICOS	Similar	Tarja Vermelha	
BROMOPRIDA	BROMOPRIDA	A3F - GASTROPROCINÉTICOS	Genérico	Tarja Vermelha	
BROMOPRIDA	BROMOPRIDA	A3F - GASTROPROCINÉTICOS	Genérico	- (*) 	
BROMOPRIDA	DIGESTINA	A3F - GASTROPROCINÉTICOS	Similar	Tarja Vermelha	
BROMOPRIDA	BROMOPRIDA	A3F - GASTROPROCINÉTICOS	Genérico	Tarja Vermelha	
BROMOPRIDA	BROMOPRIDA	A3F - GASTROPROCINÉTICOS	Genérico	Tarja Vermelha	
BROMOPRIDA	BROMOPRIDA	A3F - GASTROPROCINÉTICOS	Genérico	Tarja Vermelha	
BROMOPRIDA	BROMOPRIDA	A3F - GASTROPROCINÉTICOS	Genérico	- (*) 	
BROMOPRIDA	BROMOPRIDA	A3F - GASTROPROCINÉTICOS	Genérico	Tarja Vermelha	
BROMOPRIDA	DIGESIGMA GOTAS	A3F - GASTROPROCINÉTICOS	Similar	Tarja Vermelha	
BROMOPRIDA	BROMOPRIDA	A3F - GASTROPROCINÉTICOS	Genérico	- (*) 	
BROMOPRIDA	BALORTI	A3F - GASTROPROCINÉTICOS	Similar	- (*) 	
BROMOPRIDA	DIGESIGMA	A3F - GASTROPROCINÉTICOS	Similar	Tarja Vermelha	
BROMOPRIDA	MOVINAU	A3F - GASTROPROCINÉTICOS	Similar	Tarja Vermelha	
BROMOPRIDA	BROMOPRIDA	A3F - GASTROPROCINÉTICOS	Genérico	Tarja Vermelha	
BROMOPRIDA	BROMOPRIDA	A3F - GASTROPROCINÉTICOS	Genérico	- (*) 	
BROMOPRIDA	BROMOGEX	A3F - GASTROPROCINÉTICOS	Similar	- (*) 	
BROMOPRIDA	BROMOPRIDA	A3F - GASTROPROCINÉTICOS	Genérico	- (*) 	
BROMOPRIDA	DIGEVITA	A3F - GASTROPROCINÉTICOS	Similar	- (*) 	
BROMOPRIDA	BROMOPRIDA	A3F - GASTROPROCINÉTICOS	Similar	Tarja Vermelha	
BROMOPRIDA	BROMOPRIDA	A3F - GASTROPROCINÉTICOS	Genérico	Tarja Vermelha	
BROMOPRIDA	BROMOPRIDA	A3F - GASTROPROCINÉTICOS	Genérico	- (*) 	
BUDESONIDA	NOEX	R1A1 - CORTICOSTERÓIDES NASAIS SEM ANTIINFECCIOSOS	Similar	- (*) 	
BUDESONIDA	MIFLONIDE BRIZZ	R3D1 - ANTIASMÁTICOS/DPOC CORTICOSTERÓIDES INALANTES	Novo	Tarja Vermelha	
BUDESONIDA	BUDESONIDA	R1A1 - CORTICOSTERÓIDES NASAIS SEM ANTIINFECCIOSOS	Genérico	Tarja Vermelha	
BUDESONIDA	INALIDE	R1A1 - CORTICOSTERÓIDES NASAIS SEM ANTIINFECCIOSOS	Similar	Tarja Vermelha	
BUDESONIDA	BUSONID	R1A1 - CORTICOSTERÓIDES NASAIS SEM ANTIINFECCIOSOS	Similar	Tarja Vermelha	
BUDESONIDA	BUDESONIDA	R1A1 - CORTICOSTERÓIDES NASAIS SEM ANTIINFECCIOSOS	Genérico	Tarja Vermelha	
BUDESONIDA	PULMICORT	R3D1 - ANTIASMÁTICOS/DPOC CORTICOSTERÓIDES INALANTES	Novo	- (*) 	
BUDESONIDA	CORAMENT	A7E2 - PRODUTOS CORTICOESTEROIDES PARA ALTERAÇÕES INTESTINAIS	Novo	Tarja Vermelha	
BUDESONIDA	INALAJET	R1A1 - CORTICOSTERÓIDES NASAIS SEM ANTIINFECCIOSOS	Similar	Tarja Vermelha	
BUDESONIDA MICRONIZADA;FUMARATO DE FORMOTEROL DIIDRATADO	SYMBICORT TURBUHALER	R3F1 - ANTIASMÁTICOS/DPOC AGONISTAS B2 ASSOCIADOS A CORTICOSTERÓIDES, INALANTES	Novo	- (*) 	
BUDESONIDA;FUMARATO DE FORMOTEROL DI-HIDRATADO	BRONX	R3F1 - ANTIASMÁTICOS/DPOC AGONISTAS B2 ASSOCIADOS A CORTICOSTERÓIDES, INALANTES	Similar	Tarja Vermelha	
BUDESONIDA;FUMARATO DE FORMOTEROL DI-HIDRATADO	ALENIA	R3F1 - ANTIASMÁTICOS/DPOC AGONISTAS B2 ASSOCIADOS A CORTICOSTERÓIDES, INALANTES	Novo	Tarja Vermelha	
BUDESONIDA;FUMARATO DE FORMOTEROL DI-HIDRATADO	FUMARATO DE FORMOTEROL DI-HIDRATADO + BUDESONIDA	R3F1 - ANTIASMÁTICOS/DPOC AGONISTAS B2 ASSOCIADOS A CORTICOSTERÓIDES, INALANTES	Genérico	Tarja Vermelha	
BUDESONIDA;FUMARATO DE FORMOTEROL DI-HIDRATADO	VANNAIR	R3F1 - ANTIASMÁTICOS/DPOC AGONISTAS B2 ASSOCIADOS A CORTICOSTERÓIDES, INALANTES	Novo	Tarja Vermelha	
BUDESONIDA;FUMARATO DE FORMOTEROL DI-HIDRATADO	SYMBICORT	R3F1 - ANTIASMÁTICOS/DPOC AGONISTAS B2 ASSOCIADOS A CORTICOSTERÓIDES, INALANTES	Similar	Tarja Vermelha	
BUPRENORFINA	BUPRENORFINA	N2A - ANALGÉSICOS NARCÓTICOS	Genérico	Tarja Vermelha sob restrição	
BUPRENORFINA	LUSANDA	N2A - ANALGÉSICOS NARCÓTICOS	Similar	Tarja Vermelha sob restrição	
BUPRENORFINA	TRANSTEC	N2A - ANALGÉSICOS NARCÓTICOS	Novo	Tarja Vermelha	
BUPRENORFINA	RESTIVA	N2A - ANALGÉSICOS NARCÓTICOS	Novo	Tarja Vermelha sob restrição	
BUROSUMABE	CRYSVITA	M5X - TODOS OS OUTROS FÁRMACOS COM AÇÃO MÚSCULO-ESQUELÉTICA	Biológico	Tarja Vermelha	
BUSSULFANO	BUSSULFANO	L1A - AGENTES ANTINEOPLÁSICOS ALQUILANTES	Genérico	Tarja Vermelha	
BUSSULFANO	BUXILFAM	L1A - AGENTES ANTINEOPLÁSICOS ALQUILANTES	Similar	Tarja Vermelha	
BUTIL BROMETO DE ESCOPOLAMINA	COLIPAN	A3A - ANTIESPASMÓDICOS E ANTICOLINÉRGICOS PUROS	Similar	Tarja Sem Tarja	
BUTILBROMETO DE ESCOPOLAMINA	BUTILBROMETO DE ESCOPOLAMINA	A3A - ANTIESPASMÓDICOS E ANTICOLINÉRGICOS PUROS	Genérico	- (*) 	
BUTILBROMETO DE ESCOPOLAMINA	BUTILBROMETO DE ESCOPOLAMINA	A3A - ANTIESPASMÓDICOS E ANTICOLINÉRGICOS PUROS	Genérico	Tarja Vermelha	
BUTILBROMETO DE ESCOPOLAMINA	FURP-HIOSCINA	A3A - ANTIESPASMÓDICOS E ANTICOLINÉRGICOS PUROS	Similar	- (*) 	
BUTILBROMETO DE ESCOPOLAMINA	BUTILBROMETO DE ESCOPOLAMINA	A3A - ANTIESPASMÓDICOS E ANTICOLINÉRGICOS PUROS	Genérico	Tarja Vermelha	
BUTILBROMETO DE ESCOPOLAMINA	BUTILBROMETO DE ESCOPOLAMINA	A3A - ANTIESPASMÓDICOS E ANTICOLINÉRGICOS PUROS	Genérico	- (*) 	
BUTILBROMETO DE ESCOPOLAMINA	HIOARISTON	A3D - ASSOCIAÇÕES DE ANTIESPASMÓDICOS COM ANALGÉSICOS	Similar	- (*) 	
BUTILBROMETO DE ESCOPOLAMINA	ESPASLIT DUO	A3D - ASSOCIAÇÕES DE ANTIESPASMÓDICOS COM ANALGÉSICOS	Similar	- (*) 	
BUTILBROMETO DE ESCOPOLAMINA	BUSCOPAN	A3A - ANTIESPASMÓDICOS E ANTICOLINÉRGICOS PUROS	Novo	Tarja Sem Tarja	
BUTILBROMETO DE ESCOPOLAMINA	BUSCOPAN PEDIÁTRICO	A3A - ANTIESPASMÓDICOS E ANTICOLINÉRGICOS PUROS	Similar	Tarja Sem Tarja	
BUTILBROMETO DE ESCOPOLAMINA;DIPIRONA	DORSPAN	A3D - ASSOCIAÇÕES DE ANTIESPASMÓDICOS COM ANALGÉSICOS	Similar	Tarja Sem Tarja	
BUTILBROMETO DE ESCOPOLAMINA;DIPIRONA	HYPOCINA COMPOSTA	A3D - ASSOCIAÇÕES DE ANTIESPASMÓDICOS COM ANALGÉSICOS	Similar	Tarja Vermelha	
BUTILBROMETO DE ESCOPOLAMINA;DIPIRONA	BELSPAN	A3D - ASSOCIAÇÕES DE ANTIESPASMÓDICOS COM ANALGÉSICOS	Similar	Tarja Vermelha	
BUTILBROMETO DE ESCOPOLAMINA;DIPIRONA	BINOSPAN COMPOSTO	A3D - ASSOCIAÇÕES DE ANTIESPASMÓDICOS COM ANALGÉSICOS	Similar	- (*) 	
BUTILBROMETO DE ESCOPOLAMINA;PARACETAMOL	BUSCODUO	A3D - ASSOCIAÇÕES DE ANTIESPASMÓDICOS COM ANALGÉSICOS	Novo	Tarja Sem Tarja	
CABAZITAXEL	PROAZITAX	L1C2 - AGENTES ANTINEOPLÁSICOS TAXANOS	Similar	- (*) 	
CABAZITAXEL	CABAZRED	L1C2 - AGENTES ANTINEOPLÁSICOS TAXANOS	Similar	- (*) 	
CABAZITAXEL	CABAZITAXEL	L1C2 - AGENTES ANTINEOPLÁSICOS TAXANOS	Genérico	Tarja Vermelha	
CABAZITAXEL	CAAB	L1C2 - AGENTES ANTINEOPLÁSICOS TAXANOS	Similar	Tarja Vermelha	
CABAZITAXEL	JEVTANA	L1C2 - AGENTES ANTINEOPLÁSICOS TAXANOS	Novo	Tarja Vermelha	
CABERGOLINA	CABERGOLINA	G2D - INIBIDORES DA PROLACTINA	Genérico	Tarja Vermelha	
CABERGOLINA	CABERGOLINA	G2D - INIBIDORES DA PROLACTINA	Genérico	Tarja Vermelha	
CABERGOLINA	CABERGOLINA	G2D - INIBIDORES DA PROLACTINA	Genérico	Tarja Vermelha	
CABERGOLINA	CABERGOLINA	G2D - INIBIDORES DA PROLACTINA	Genérico	- (*) 	
CABERGOLINA	CABEREDUX	G2D - INIBIDORES DA PROLACTINA	Similar	Tarja Vermelha	
CABERGOLINA	CABERGOLINA	G2D - INIBIDORES DA PROLACTINA	Genérico	- (*) 	
CABERGOLINA	CABERGOLINA	G2D - INIBIDORES DA PROLACTINA	Genérico	Tarja Vermelha	
CABERGOLINA	CABERGOLINA	G2D - INIBIDORES DA PROLACTINA	Genérico	Tarja Vermelha	
CABERGOLINA	DOSTINEX	G2D - INIBIDORES DA PROLACTINA	Novo	Tarja Vermelha	
CABERGOLINA	CABERTRIX	G2D - INIBIDORES DA PROLACTINA	Similar	- (*) 	
CABERGOLINA	CABERGOLINA	G2D - INIBIDORES DA PROLACTINA	Genérico	Tarja Vermelha	
CABERGOLINA	CABERGOLINA	G2D - INIBIDORES DA PROLACTINA	Genérico	Tarja Vermelha	
CABERGOLINA	CABERGOLINA	G2D - INIBIDORES DA PROLACTINA	Genérico	- (*) 	
CABERGOLINA	BERGOX	G2D - INIBIDORES DA PROLACTINA	Similar	- (*) 	
CABERGOLINA	CABERGOLINA	G2D - INIBIDORES DA PROLACTINA	Genérico	- (*) 	
CABOTEGRAVIR	APRETUDE	J5C5 - ANTIVIRAIS HIV, INIBIDORES DA INTEGRASE	Novo	- (*) 	
CAFEÍNA ANIDRA;CITRATO DE ORFENADRINA;DIPIRONA	DORICIN	M3B - RELAXANTE MUSCULAR DE AÇÃO CENTRAL	Similar	Tarja Sem Tarja	
CAFEÍNA ANIDRA;CITRATO DE ORFENADRINA;DIPIRONA	ANA - FLEX	M3B - RELAXANTE MUSCULAR DE AÇÃO CENTRAL	Similar	Tarja Sem Tarja	
CAFEÍNA ANIDRA;CITRATO DE ORFENADRINA;DIPIRONA	DORTRIRELAX	M3B - RELAXANTE MUSCULAR DE AÇÃO CENTRAL	Similar	Tarja Sem Tarja	
CAFEÍNA ANIDRA;CITRATO DE ORFENADRINA;DIPIRONA	NEVRALGEX	M3B - RELAXANTE MUSCULAR DE AÇÃO CENTRAL	Similar	Tarja Sem Tarja	
CAFEÍNA ANIDRA;CLORIDRATO DE ISOMETEPTENO;DIPIRONA	NEOSALDINA	A3D - ASSOCIAÇÕES DE ANTIESPASMÓDICOS COM ANALGÉSICOS	Novo	Tarja Sem Tarja	
CAFEÍNA ANIDRA;DIPIRONA	DIPIRONA + CAFEÍNA	N2B2 - ANALGÉSICOS NÃO NARCÓTICOS E ANTIPIRÉTICOS ISENTOS DE PRESCRIÇÃO	Genérico	Tarja Sem Tarja	
CAFEÍNA ANIDRA;DIPIRONA	DORONA CAFI	N2B2 - ANALGÉSICOS NÃO NARCÓTICOS E ANTIPIRÉTICOS ISENTOS DE PRESCRIÇÃO	Similar	Tarja Sem Tarja	
CAFEÍNA ANIDRA;MUCATO DE ISOMETEPTENO;CLORIDRATO DE ISOMETEPTENO;DIPIRONA	SEDOL	A3D - ASSOCIAÇÕES DE ANTIESPASMÓDICOS COM ANALGÉSICOS	Similar	Tarja Sem Tarja	
CAFEÍNA ANIDRA;ÁCIDO ACETILSALICÍLICO	CALMADOR	N2B2 - ANALGÉSICOS NÃO NARCÓTICOS E ANTIPIRÉTICOS ISENTOS DE PRESCRIÇÃO	Similar	Tarja Sem Tarja	
CAFEÍNA ANIDRA;ÁCIDO ACETILSALICÍLICO	MELHORAL	N2B2 - ANALGÉSICOS NÃO NARCÓTICOS E ANTIPIRÉTICOS ISENTOS DE PRESCRIÇÃO	Similar	Tarja Sem Tarja	
CAFEÍNA;CITRATO DE ORFENADRINA;DIPIRONA	FENAFLEX - ODC	M3B - RELAXANTE MUSCULAR DE AÇÃO CENTRAL	Similar	Tarja Sem Tarja	
CAFEÍNA;HIDRÓXIDO DE ALUMÍNIO;MALEATO DE MEPIRAMINA;ÁCIDO ACETIL SALICILICO	ENJOY	N2B2 - ANALGÉSICOS NÃO NARCÓTICOS E ANTIPIRÉTICOS ISENTOS DE PRESCRIÇÃO	Similar	Tarja Sem Tarja	
CAFEÍNA;HIDRÓXIDO DE ALUMÍNIO;MALEATO DE MEPIRAMINA;ÁCIDO ACETILSALICÍLICO	ENGOV	N2B2 - ANALGÉSICOS NÃO NARCÓTICOS E ANTIPIRÉTICOS ISENTOS DE PRESCRIÇÃO	Novo	- (*) 	
CAFEÍNA;ÁCIDO ACETIL SALICILICO	ALICURA	N2B2 - ANALGÉSICOS NÃO NARCÓTICOS E ANTIPIRÉTICOS ISENTOS DE PRESCRIÇÃO	Similar	Tarja Sem Tarja	
CAFEÍNA;ÁCIDO ACETILSALICÍLICO	CAFIASPIRINA	N2B2 - ANALGÉSICOS NÃO NARCÓTICOS E ANTIPIRÉTICOS ISENTOS DE PRESCRIÇÃO	Novo	- (*) 	
CAFEÍNA;ÁCIDO ACETILSALICÍLICO	DORIL	N2B2 - ANALGÉSICOS NÃO NARCÓTICOS E ANTIPIRÉTICOS ISENTOS DE PRESCRIÇÃO	Similar	Tarja Sem Tarja	
CALCIPOTRIOL	DAIVONEX	D5A - ANTIPSORÍASE TÓPICOS	Novo	Tarja Vermelha	
CALCITONINA SINTÉTICA DE SALMÃO	SEACALCIT	H4A - CALCITONINAS	Similar	- (*) 	
CALCITRIOL	ROCALTROL	A11C2 - VITAMINA D PURA	Novo	Tarja Vermelha	
CALCITRIOL	SIGMATRIOL	A11C2 - VITAMINA D PURA	    -     	- (*) 	
CALCITRIOL	OSTRIOL	A11C2 - VITAMINA D PURA	Similar	Tarja Vermelha	
CANAGLIFLOZINA HEMI-HIDRATADA	INVOKANA	A10P1 - ANTIDIABÉTICOS INIBIDORES DE SGLT2, PUROS	Novo	Tarja Vermelha	
CANAQUINUMABE	ILARIS	L4C - INIBIDORES DA INTERLEUCINA	Biológico	- (*) 	
CANDESARTANA CILEXETILA	VENZER	C9C - ANTAGONISTAS DA ANGIOTENSINA II PUROS	Similar	Tarja Vermelha	
CANDESARTANA CILEXETILA	CANDESARTANA CILEXETILA	C9C - ANTAGONISTAS DA ANGIOTENSINA II PUROS	Genérico	- (*) 	
CANDESARTANA CILEXETILA	CANDESARTANA CILEXETILA	C9C - ANTAGONISTAS DA ANGIOTENSINA II PUROS	Genérico	- (*) 	
CANDESARTANA CILEXETILA	CADENZA	C9C - ANTAGONISTAS DA ANGIOTENSINA II PUROS	Similar	- (*) 	
CANDESARTANA CILEXETILA	CANDESARTANA CILEXETILA	C9C - ANTAGONISTAS DA ANGIOTENSINA II PUROS	Genérico	Tarja Vermelha	
CANDESARTANA CILEXETILA	CANDESARTANA CILEXETILA	C9C - ANTAGONISTAS DA ANGIOTENSINA II PUROS	Genérico	- (*) 	
CANDESARTANA CILEXETILA	VECANDE	C9C - ANTAGONISTAS DA ANGIOTENSINA II PUROS	Similar	- (*) 	
CANDESARTANA CILEXETILA	ATACAND	C9C - ANTAGONISTAS DA ANGIOTENSINA II PUROS	Novo	- (*) 	
CANDESARTANA CILEXETILA	CANDESARTANA CILEXETILA	C9C - ANTAGONISTAS DA ANGIOTENSINA II PUROS	Genérico	Tarja Vermelha	
CANDESARTANA CILEXETILA	ATACAND	C9C - ANTAGONISTAS DA ANGIOTENSINA II PUROS	Novo	Tarja Vermelha	
CAPECITABINA	CORRETAL	L1B - AGENTES ANTINEOPLÁSICOS ANTIMETABÓLITOS	Similar	Tarja Vermelha	
CAPECITABINA	XELODA	L1B - AGENTES ANTINEOPLÁSICOS ANTIMETABÓLITOS	Novo	Tarja Vermelha	
CAPECITABINA	COAMA	L1B - AGENTES ANTINEOPLÁSICOS ANTIMETABÓLITOS	Similar	Tarja Vermelha	
CAPECITABINA	CAPEDUC	L1B - AGENTES ANTINEOPLÁSICOS ANTIMETABÓLITOS	Similar	Tarja Vermelha	
CAPECITABINA	CAPZAT	L1B - AGENTES ANTINEOPLÁSICOS ANTIMETABÓLITOS	Similar	Tarja Vermelha	
CAPECITABINA	CAPECITABINA	L1B - AGENTES ANTINEOPLÁSICOS ANTIMETABÓLITOS	Genérico	Tarja Vermelha	
CAPECITABINA	CAPECITABINA	L1B - AGENTES ANTINEOPLÁSICOS ANTIMETABÓLITOS	Genérico	Tarja Vermelha	
CAPECITABINA	XELODA	L1B - AGENTES ANTINEOPLÁSICOS ANTIMETABÓLITOS	Novo	Tarja Vermelha	
CAPIVASERTIBE	TRUQAP	L1H9 - OUTROS ANTINEOPLÁSICOS INIBIDORES DA PROTEÍNA KINASE	Novo	Tarja Vermelha	
CAPLACIZUMABE	CABLIVI	B1X - OUTROS AGENTES ANTITROMBÓTICOS	Biológico	- (*) 	
CAPSAICINA	MOMENT	M2A - ANTIRREUMÁTICOS E ANALGÉSICOS TÓPICOS	Específico	Tarja Sem Tarja	
CAPSAICINA	QUTENZA	N1B3 - ANESTÉSICOS LOCAIS TÓPICOS	Novo	Tarja Vermelha	
CAPTOPRIL	CAPTOPRIL	C9A - INIBIDORES DA ECA PUROS	Genérico	- (*) 	
CAPTOPRIL	CAPTOPRIL	C9A - INIBIDORES DA ECA PUROS	Genérico	Tarja Vermelha	
CAPTOPRIL	CAPTOPRIL	C9A - INIBIDORES DA ECA PUROS	Genérico	Tarja Vermelha	
CAPTOPRIL	CAPTOPRIL	C9A - INIBIDORES DA ECA PUROS	Genérico	Tarja Vermelha	
CAPTOPRIL	CAPTOPRIL	C9A - INIBIDORES DA ECA PUROS	Genérico	- (*) 	
CAPTOPRIL	TEUSIL	C9A - INIBIDORES DA ECA PUROS	Similar	- (*) 	
CAPTOPRIL	CAPTOCORD	C9A - INIBIDORES DA ECA PUROS	Similar	Tarja Vermelha	
CAPTOPRIL	CAPTOPRIL	C9A - INIBIDORES DA ECA PUROS	Genérico	Tarja Vermelha	
CAPTOPRIL	CAPTOMIDO	C9A - INIBIDORES DA ECA PUROS	Similar	Tarja Vermelha	
CAPTOPRIL	CAPTOPRIL	C9A - INIBIDORES DA ECA PUROS	Genérico	- (*) 	
CAPTOPRIL	CAPTOPRIL	C9A - INIBIDORES DA ECA PUROS	Genérico	- (*) 	
CAPTOPRIL	IQUEGO-CAPTOPRIL	C9A - INIBIDORES DA ECA PUROS	Similar	- (*) 	
CAPTOPRIL	FURP-CAPTOPRIL	C9A - INIBIDORES DA ECA PUROS	Similar	- (*) 	
CAPTOPRIL	CAPTOPRIL	C9A - INIBIDORES DA ECA PUROS	Genérico	Tarja Vermelha	
CAPTOPRIL	CAPTOPRIL	C9A - INIBIDORES DA ECA PUROS	Genérico	Tarja Vermelha	
CAPTOPRIL	CAPTOLAB	C9A - INIBIDORES DA ECA PUROS	Similar	Tarja Vermelha	
CAPTOPRIL	CAPTOPRIL	C9A - INIBIDORES DA ECA PUROS	Genérico	Tarja Vermelha	
CAPTOPRIL	CAPTOPRIL	C9A - INIBIDORES DA ECA PUROS	Genérico	Tarja Vermelha	
CAPTOPRIL	CAPTOSEN	C9A - INIBIDORES DA ECA PUROS	Similar	- (*) 	
CAPTOPRIL	CAPTOPRIL	C9A - INIBIDORES DA ECA PUROS	Genérico	Tarja Vermelha	
CAPTOPRIL	CAPTOPRIL	C9A - INIBIDORES DA ECA PUROS	Genérico	Tarja Vermelha	
CAPTOPRIL	CAPOX	C9A - INIBIDORES DA ECA PUROS	Similar	- (*) 	
CAPTOPRIL	CAPTOPRIL	C9A - INIBIDORES DA ECA PUROS	Genérico	Tarja Vermelha	
CAPTOPRIL	CAPTOPRIL	C9A - INIBIDORES DA ECA PUROS	Genérico	- (*) 	
CAPTOPRIL	PRODUTO TESTE 21.08	N6A2 - ANTIDEPRESSIVOS DE ORIGEM HERBÁCEA	Similar	Tarja Vermelha sob restrição	
CAPTOPRIL	CAPTOPRIL	C9A - INIBIDORES DA ECA PUROS	Genérico	Tarja Vermelha	
CARBACOL	OPHTCOL	S1E1 - PREPARAÇÕES ANTIGLAUCOMAS E MIÓTICAS SISTÊMICAS	Similar	Tarja Vermelha	
CARBAMAZEPINA	CARBAMAZEPINA	N3A - ANTIEPILÉPTICOS	Genérico	Tarja Vermelha sob restrição	
CARBAMAZEPINA	TEGRETOL	N3A - ANTIEPILÉPTICOS	Novo	Tarja Vermelha sob restrição	
CARBAMAZEPINA	CARBAMAZEPINA	N3A - ANTIEPILÉPTICOS	Genérico	Tarja Vermelha sob restrição	
CARBAMAZEPINA	TEGRETARD	N3A - ANTIEPILÉPTICOS	Similar	Tarja Vermelha sob restrição	
CARBAMAZEPINA	CARBAMAZEPINA	N3A - ANTIEPILÉPTICOS	Genérico	Tarja Vermelha sob restrição	
CARBAMAZEPINA	UNI-CARBAMAZ	N3A - ANTIEPILÉPTICOS	Similar	Tarja Vermelha sob restrição	
CARBAMAZEPINA	CARBAMAZEPINA	N3A - ANTIEPILÉPTICOS	Genérico	Tarja Vermelha sob restrição	
CARBAMAZEPINA	CARBAMAZEPINA	N3A - ANTIEPILÉPTICOS	Genérico	Tarja Vermelha sob restrição	
CARBAMAZEPINA	TEGREZIN	N3A - ANTIEPILÉPTICOS	Similar	Tarja Vermelha sob restrição	
CARBAMAZEPINA	CARBAMAZEPINA	N3A - ANTIEPILÉPTICOS	Genérico	Tarja Vermelha sob restrição	
CARBETOCINA	DURATOCIN	G2A - INDUTORES DO PARTO INCLUINDO OXITOCINAS	Novo	Tarja Vermelha	
CARBIDOPA (PORT. 344/98 LISTA C 1);ENTACAPONA;LEVODOPA	STALEVO	N4A - ANTIPARKINSONIANOS	Novo	Tarja Vermelha sob restrição	
CARBIDOPA (PORT. 344/98 LISTA C 1);LEVODOPA	PARKIDOPA	N4A - ANTIPARKINSONIANOS	Similar	- (*) 	
CARBIDOPA (PORT. 344/98 LISTA C 1);LEVODOPA	CARBIDOL	N4A - ANTIPARKINSONIANOS	Similar	Tarja Vermelha	
CARBIDOPA MONOIDRATADA;LEVODOPA	CARBIDOPA MONOIDRATADA + LEVODOPA	N4A - ANTIPARKINSONIANOS	Genérico	Tarja Vermelha	
CARBIDOPA;LEVODOPA	CARBIDOPA + LEVODOPA	N4A - ANTIPARKINSONIANOS	Genérico	Tarja Vermelha	
CARBOCISTEÍNA	CARBOCISTEÍNA	R5C - EXPECTORANTES	Genérico	- (*) 	
CARBOCISTEÍNA	MUCOFAN	R5C - EXPECTORANTES	Similar	Tarja Sem Tarja	
CARBOCISTEÍNA	CARBOCISTEINA	R5C - EXPECTORANTES	Genérico	- (*) 	
CARBOCISTEÍNA	CARBOCISTEINA	R5C - EXPECTORANTES	Genérico	Tarja Sem Tarja	
CARBOCISTEÍNA	CARBOCISTEINA	R5C - EXPECTORANTES	Genérico	Tarja Sem Tarja	
CARBOCISTEÍNA	CARBOCISTEÍNA	R5C - EXPECTORANTES	Genérico	Tarja Sem Tarja	
CARBOCISTEÍNA	CARBOCISTEÍNA	R5C - EXPECTORANTES	Genérico	- (*) 	
CARBOCISTEÍNA	MUCBE	R5C - EXPECTORANTES	Similar	Tarja Sem Tarja	
CARBONATO CÁLCIO;COLECALCIFEROL	OSTEOFIX	A12A - PRODUTOS A BASE DE CÁLCIO	Específico	- (*) 	
CARBONATO DE CÁLCIO	CALCIOFAR PLUS	A12A - PRODUTOS A BASE DE CÁLCIO	Específico	Tarja Vermelha	
CARBONATO DE CÁLCIO	NESH CÁLCIO	A12A - PRODUTOS A BASE DE CÁLCIO	Específico	Tarja Vermelha	
CARBONATO DE CÁLCIO	GASTROL	A2A1 - ANTIÁCIDOS PUROS	Específico	- (*) 	
CARBONATO DE CÁLCIO	OSCAL 500	A12A - PRODUTOS A BASE DE CÁLCIO	Específico	- (*) 	
CARBONATO DE CÁLCIO 90%;HIDRÓXIDO DE ALUMÍNIO;HIDRÓXIDO DE MAGNÉSIO	ESTOMAZIL PASTILHAS	A2A1 - ANTIÁCIDOS PUROS	Específico	- (*) 	
CARBONATO DE CÁLCIO;ALENDRONATO DE SÓDIO TRI-HIDRATADO;COLECALCIFEROL	ALENDIL CÁLCIO D	M5B3 - BISFOSFONATOS PARA OSTEOPOROSE E ALTERAÇÕES RELACIONADAS	Novo	Tarja Vermelha	
CARBONATO DE CÁLCIO;BICARBONATO DE SÓDIO;ALGINATO DE SÓDIO	LUFTAGASTRO DUPLA AÇÃO	A16A - OUTROS PRODUTOS PARA O APARELHO DIGESTÓRIO E METABOLISMO	Específico	Tarja Sem Tarja	
CARBONATO DE CÁLCIO;CARBONATO BÁSICO DE BISMUTO;BICARBONATO DE SÓDIO;CARBONATO DE MAGNÉSIO	MAGNESIA BISURADA	A2A1 - ANTIÁCIDOS PUROS	Específico	Tarja Sem Tarja	
CARBONATO DE CÁLCIO;COLECALCIFEROL	OSCAL D	A12A - PRODUTOS A BASE DE CÁLCIO	Específico	- (*) 	
CARBONATO DE CÁLCIO;HIDROXIDO DE ALUMÍNIO;HIDRÓXIDO DE MAGNÉSIO	GASTROFTAL	A2A1 - ANTIÁCIDOS PUROS	Específico	- (*) 	
CARBONATO DE CÁLCIO;HIDROXIDO DE MAGNESIO;HIDROXIDO DE ALUMÍNIO	GELMAX	A2A1 - ANTIÁCIDOS PUROS	Específico	Tarja Sem Tarja	
CARBONATO DE CÁLCIO;HIDRÓXIDO DE ALUMÍNIO;HIDRÓXIDO DE MAGNÉSIO	GASTROLIV	A2A1 - ANTIÁCIDOS PUROS	Específico	- (*) 	
CARBONATO DE CÁLCIO;HIDRÓXIDO DE ALUMÍNIO;HIDRÓXIDO DE MAGNÉSIO	GASCOL PEP	A2A1 - ANTIÁCIDOS PUROS	Específico	- (*) 	
CARBONATO DE CÁLCIO;HIDRÓXIDO DE ALUMÍNIO;HIDRÓXIDO DE MAGNÉSIO	ESTOMAZIL	A2A1 - ANTIÁCIDOS PUROS	Específico	- (*) 	
CARBONATO DE LODENAFILA	HELLEVA	G4E1 - PRODUTOS PARA DISFUNÇÃO ERÉTIL, INIBIDORES DA PDE5	Novo	- (*) 	
CARBONATO DE LODENAFILA	PYCOS	G4E1 - PRODUTOS PARA DISFUNÇÃO ERÉTIL, INIBIDORES DA PDE5	Similar	Tarja Vermelha	
CARBONATO DE LÍTIO	CARBOLITIUM	N6A3 - ESTABILIZADORES DO HUMOR	Novo	Tarja Vermelha sob restrição	
CARBONATO DE LÍTIO	CARBONATO DE LÍTIO	N6A3 - ESTABILIZADORES DO HUMOR	Genérico	Tarja Vermelha sob restrição	
CARBONATO DE LÍTIO	CARBONATO DE LÍTIO	N6A3 - ESTABILIZADORES DO HUMOR	Genérico	Tarja Vermelha sob restrição	
CARBONATO DE LÍTIO	LITERATA	N6A3 - ESTABILIZADORES DO HUMOR	Similar	Tarja Vermelha sob restrição	
CARBONATO DE LÍTIO	CARLIT	N6A3 - ESTABILIZADORES DO HUMOR	Similar	Tarja Vermelha sob restrição	
CARBONATO DE LÍTIO	BILYT	N6A3 - ESTABILIZADORES DO HUMOR	Similar	Tarja Vermelha sob restrição	
CARBONATO DE LÍTIO	CARBONATO DE LÍTIO	N6A3 - ESTABILIZADORES DO HUMOR	Genérico	Tarja Vermelha sob restrição	
CARBONATO DE LÍTIO	CARBONATO DE LÍTIO	N6A3 - ESTABILIZADORES DO HUMOR	Genérico	Tarja Vermelha sob restrição	
CARBONATO DE LÍTIO	BIPOLIT	N6A3 - ESTABILIZADORES DO HUMOR	Similar	Tarja Vermelha sob restrição	
CARBOPLATINA	FAULDCARBO	L1F - COMPOSTOS ANTINEOPLÁSICOS DE PLATINA	Similar	- (*) 	
CARBOPLATINA	KARBO	L1F - COMPOSTOS ANTINEOPLÁSICOS DE PLATINA	Similar	Tarja Vermelha	
CARBOPLATINA	B -PLATIN	L1F - COMPOSTOS ANTINEOPLÁSICOS DE PLATINA	Similar	- (*) 	
CARBOPLATINA	CARBOPLATINA	L1F - COMPOSTOS ANTINEOPLÁSICOS DE PLATINA	Genérico	- (*) 	
CARBOPLATINA	TEVACARBO	L1F - COMPOSTOS ANTINEOPLÁSICOS DE PLATINA	Similar	- (*) 	
CARBOPLATINA	HETROCAR	L1F - COMPOSTOS ANTINEOPLÁSICOS DE PLATINA	Similar	Tarja Vermelha	
CARBOXIMALTOSE FERRICA	FERINJECT	B3A1 - FERRO PURO	Específico	Tarja Vermelha	
CARBOXIMALTOSE FERRICA	FERINJECT	B3A1 - FERRO PURO	Específico	Tarja Vermelha	
CARBOXIMALTOSE FERRICA	INJECTAFER	B3A1 - FERRO PURO	    -     	Tarja Vermelha	
CARBOXIMALTOSE FERRICA	XYDOFLEV	B3A1 - FERRO PURO	Específico	Tarja Vermelha	
CARBOXIMETILCELULOSE SÓDICA	LACRIFILM	S1K1 - LÁGRIMAS ARTIFICIAIS E LUBRIFICANTES OFTAMOLÓGICOS	Específico	Tarja Sem Tarja	
CARBOXIMETILCELULOSE SÓDICA	LIRIS	S1K1 - LÁGRIMAS ARTIFICIAIS E LUBRIFICANTES OFTAMOLÓGICOS	Específico	Tarja Sem Tarja	
CARBÔMER 340	VIDISIC GEL	S1K1 - LÁGRIMAS ARTIFICIAIS E LUBRIFICANTES OFTAMOLÓGICOS	Específico	Tarja Sem Tarja	
CARBÔMER;SORBITOL	LIPOSIC	S1K1 - LÁGRIMAS ARTIFICIAIS E LUBRIFICANTES OFTAMOLÓGICOS	Novo	- (*) 	
CARFILZOMIBE	KYPROLIS	L1J - ANTINEOPLÁSICOS INIBIDORES DE PROTEASSOMA	Novo	Tarja Vermelha	
CARFILZOMIBE	CARFILZOMIBE	L1J - ANTINEOPLÁSICOS INIBIDORES DE PROTEASSOMA	Genérico	Tarja Vermelha	
CARFILZOMIBE	ZYXOMIB	L1J - ANTINEOPLÁSICOS INIBIDORES DE PROTEASSOMA	Similar	Tarja Vermelha	
CARISOPRODOL	TANDRIFLAN	M3B - RELAXANTE MUSCULAR DE AÇÃO CENTRAL	Similar	- (*) 	
CARISOPRODOL;PARACETAMOL;CAFEÍNA ANIDRA;DICLOFENACO SÓDICO	TRILAX	M3B - RELAXANTE MUSCULAR DE AÇÃO CENTRAL	Similar	Tarja Vermelha	
CARISOPRODOL;PARACETAMOL;CAFEÍNA ANIDRA;DICLOFENACO SÓDICO	BESEROL	M3B - RELAXANTE MUSCULAR DE AÇÃO CENTRAL	Similar	Tarja Vermelha	
CARISOPRODOL;PARACETAMOL;CAFEÍNA ANIDRA;DICLOFENACO SÓDICO	TANDENE	M3B - RELAXANTE MUSCULAR DE AÇÃO CENTRAL	Similar	- (*) 	
CARISOPRODOL;PARACETAMOL;CAFEÍNA ANIDRA;DICLOFENACO SÓDICO	TANDRILAX	M3B - RELAXANTE MUSCULAR DE AÇÃO CENTRAL	Novo	Tarja Vermelha	
CARISOPRODOL;PARACETAMOL;CAFEÍNA ANIDRA;DICLOFENACO SÓDICO	FLEXALGIN	M3B - RELAXANTE MUSCULAR DE AÇÃO CENTRAL	Similar	Tarja Vermelha	
CARISOPRODOL;PARACETAMOL;CAFEÍNA ANIDRA;DICLOFENACO SÓDICO	TORSILAX	M3B - RELAXANTE MUSCULAR DE AÇÃO CENTRAL	Similar	Tarja Vermelha	
CARISOPRODOL;PARACETAMOL;CAFEÍNA ANIDRA;DICLOFENACO SÓDICO	MIOFLEX A	M3B - RELAXANTE MUSCULAR DE AÇÃO CENTRAL	Similar	Tarja Vermelha	
CARISOPRODOL;PARACETAMOL;CAFEÍNA;DICLOFENACO SÓDICO	INFRALAX	M3B - RELAXANTE MUSCULAR DE AÇÃO CENTRAL	Similar	Tarja Vermelha	
CARISOPRODOL;PARACETAMOL;CAFEÍNA;DICLOFENACO SÓDICO	CARISOPRODOL + DICLOFENACO SÓDICO + PARACETAMOL + CAFEÍNA	M3B - RELAXANTE MUSCULAR DE AÇÃO CENTRAL	Genérico	- (*) 	
CARISOPRODOL;PARACETAMOL;CAFEÍNA;DICLOFENACO SÓDICO	PARACETAMOL + CARISOPRODOL + DICLOFENACO SÓDICO + CAFEÍNA	M3B - RELAXANTE MUSCULAR DE AÇÃO CENTRAL	Genérico	Tarja Vermelha	
CARISOPRODOL;PARACETAMOL;CAFEÍNA;DICLOFENACO SÓDICO	PARACETAMOL + CARISOPRODOL + DICLOFENACO SÓDICO + CAFEÍNA	M3B - RELAXANTE MUSCULAR DE AÇÃO CENTRAL	Genérico	Tarja Vermelha	
CARISOPRODOL;PARACETAMOL;CAFEÍNA;DICLOFENACO SÓDICO	TORFLAY	M3B - RELAXANTE MUSCULAR DE AÇÃO CENTRAL	Similar	Tarja Vermelha	
CARMELOSE SÓDICA	ECOFILM	S1K1 - LÁGRIMAS ARTIFICIAIS E LUBRIFICANTES OFTAMOLÓGICOS	Similar	- (*) 	
CARMELOSE SÓDICA	PLENIGELL	S1K1 - LÁGRIMAS ARTIFICIAIS E LUBRIFICANTES OFTAMOLÓGICOS	Específico	Tarja Sem Tarja	
CARMELOSE SÓDICA	DEWS	S1K1 - LÁGRIMAS ARTIFICIAIS E LUBRIFICANTES OFTAMOLÓGICOS	Específico	Tarja Sem Tarja	
CARMELOSE SÓDICA	ACU FRESH	S1K1 - LÁGRIMAS ARTIFICIAIS E LUBRIFICANTES OFTAMOLÓGICOS	Específico	Tarja Sem Tarja	
CARMELOSE SÓDICA	TEARFILM	S1K1 - LÁGRIMAS ARTIFICIAIS E LUBRIFICANTES OFTAMOLÓGICOS	Específico	Tarja Sem Tarja	
CARMELOSE SÓDICA	NEO FRESH	S1K1 - LÁGRIMAS ARTIFICIAIS E LUBRIFICANTES OFTAMOLÓGICOS	Específico	- (*) 	
CARMELOSE SÓDICA	LACRILAX	S1K1 - LÁGRIMAS ARTIFICIAIS E LUBRIFICANTES OFTAMOLÓGICOS	Específico	- (*) 	
CARMUSTINA	CARMUSTINA	L1A - AGENTES ANTINEOPLÁSICOS ALQUILANTES	Genérico	Tarja Vermelha	
CARMUSTINA	NIBISNU	L1A - AGENTES ANTINEOPLÁSICOS ALQUILANTES	Similar	Tarja Vermelha	
CARMUSTINA	GLIADEL	L1A - AGENTES ANTINEOPLÁSICOS ALQUILANTES	Novo	Tarja Vermelha	
CARVEDILOL	CARDILOL	C7A0 - BETABLOQUEADORES PUROS	Similar	Tarja Vermelha	
CARVEDILOL	DIVELOL	C7A0 - BETABLOQUEADORES PUROS	Similar	Tarja Vermelha	
CARVEDILOL	CARVEDILOL	C7A0 - BETABLOQUEADORES PUROS	Genérico	- (*) 	
CARVEDILOL	CARVEDILOL	C7A0 - BETABLOQUEADORES PUROS	Genérico	Tarja Vermelha	
CARVEDILOL	CARVEDILOL	C7A0 - BETABLOQUEADORES PUROS	Genérico	Tarja Vermelha	
CARVEDILOL	NIENZA	C7A0 - BETABLOQUEADORES PUROS	Similar	Tarja Vermelha	
CARVEDILOL	CARVEDILOL	C7A0 - BETABLOQUEADORES PUROS	Genérico	- (*) 	
CARVEDILOL	CRONOCOR	C7A0 - BETABLOQUEADORES PUROS	Similar	Tarja Vermelha	
CARVEDILOL	CARVEDILOL	C7A0 - BETABLOQUEADORES PUROS	Genérico	Tarja Vermelha	
CARVEDILOL	CARVEDILOL	C7A0 - BETABLOQUEADORES PUROS	Genérico	- (*) 	
CARVEDILOL	CARDBET	C7A0 - BETABLOQUEADORES PUROS	Similar	Tarja Vermelha	
CARVEDILOL	CARVEDILOL	C7A0 - BETABLOQUEADORES PUROS	Genérico	- (*) 	
CARVEDILOL	CARVEDILOL	C7A0 - BETABLOQUEADORES PUROS	Genérico	Tarja Vermelha	
CARVEDILOL	CARVEDILAT	C7A0 - BETABLOQUEADORES PUROS	Similar	- (*) 	
CARVEDILOL	CARVEDILOL	C7A0 - BETABLOQUEADORES PUROS	Genérico	Tarja Vermelha	
CARVEDILOL	CARVEDILOL	C7A0 - BETABLOQUEADORES PUROS	Genérico	- (*) 	
CARVEDILOL	CARVEDILOL	C7A0 - BETABLOQUEADORES PUROS	Genérico	Tarja Vermelha	
CARVEDILOL	CARVEDILOL	C7A0 - BETABLOQUEADORES PUROS	Genérico	- (*) 	
CARVEDILOL	CARVEGRAN	C7A0 - BETABLOQUEADORES PUROS	Similar	- (*) 	
CARVEDILOL	CARVEDILOL	C7A0 - BETABLOQUEADORES PUROS	Genérico	Tarja Vermelha	
CARVÃO VEGETAL ATIVADO	CARVEROL	A2C0 - OUTRAS PREPARAÇÕES PARA PROBLEMAS ESTOMACAIS	Específico	Tarja Sem Tarja	
CASSIA ANGUSTIFOLIA, VAHL	NATULAXE	A6A2 - LAXANTES ESTIMULANTES	Fitoterápico	Tarja Sem Tarja	
CASSIA FISTULA L.;SENNA ALEXANDRINA MILL.	NATURETTI	A6A2 - LAXANTES ESTIMULANTES	Fitoterápico	Tarja Sem Tarja	
CASSIA SENNA L.	LAXETTE	A6A2 - LAXANTES ESTIMULANTES	Fitoterápico	Tarja Sem Tarja	
CEFACLOR	CEFACLOR	J1D1 - CEFALOSPORINAS ORAIS	Genérico	- (*) 	
CEFACLOR	CECLOR	J1D1 - CEFALOSPORINAS ORAIS	Similar	Tarja Vermelha sob restrição	
CEFACLOR MONOIDRATADO	CEFACLOR	J1D1 - CEFALOSPORINAS ORAIS	Genérico	Tarja Vermelha	
CEFADROXILA	CEFADROXILA	J1D1 - CEFALOSPORINAS ORAIS	Genérico	Tarja Vermelha sob restrição	
CEFADROXILA	CEFADROXILA	J1D1 - CEFALOSPORINAS ORAIS	Genérico	Tarja Vermelha sob restrição	
CEFADROXILA	CEFADROXILA	J1D1 - CEFALOSPORINAS ORAIS	Genérico	Tarja Vermelha sob restrição	
CEFADROXILA	CEFADROXILA	J1D1 - CEFALOSPORINAS ORAIS	Genérico	Tarja Vermelha sob restrição	
CEFADROXILA	CEDROXIL	J1D1 - CEFALOSPORINAS ORAIS	Similar	Tarja Vermelha sob restrição	
CEFALEXINA	CEFALEXINA	J1D1 - CEFALOSPORINAS ORAIS	Genérico	Tarja Vermelha sob restrição	
CEFALEXINA	CEFALEXINA	J1D1 - CEFALOSPORINAS ORAIS	Genérico	Tarja Vermelha sob restrição	
CEFALEXINA	LEXIN	J1D1 - CEFALOSPORINAS ORAIS	Similar	Tarja Vermelha sob restrição	
CEFALEXINA	CEFALEXINA MONOIDRATADA	J1D1 - CEFALOSPORINAS ORAIS	Genérico	Tarja Vermelha sob restrição	
CEFALEXINA	CEFALEXINA	J1D1 - CEFALOSPORINAS ORAIS	Genérico	- (*) 	
CEFALEXINA	CEFALEXINA	J1D1 - CEFALOSPORINAS ORAIS	Genérico	Tarja Vermelha sob restrição	
CEFALEXINA	CEFALEXINA	J1D1 - CEFALOSPORINAS ORAIS	Genérico	- (*) 	
CEFALEXINA MONOIDRATADA	CEFALEXINA	J1D1 - CEFALOSPORINAS ORAIS	Genérico	Tarja Vermelha sob restrição	
CEFALEXINA MONOIDRATADA	CEFALEXINA MONOIDRATADA	J1D1 - CEFALOSPORINAS ORAIS	Genérico	Tarja Vermelha sob restrição	
CEFALEXINA MONOIDRATADA	CEFALEXINA	J1D1 - CEFALOSPORINAS ORAIS	Genérico	Tarja Vermelha sob restrição	
CEFALEXINA MONOIDRATADA	CEF	J1D1 - CEFALOSPORINAS ORAIS	Similar	Tarja Vermelha sob restrição	
CEFALEXINA MONOIDRATADA	CEFALEXINA	J1D1 - CEFALOSPORINAS ORAIS	Genérico	Tarja Vermelha sob restrição	
CEFALEXINA MONOIDRATADA	FURP-CEFALEXINA	J1D1 - CEFALOSPORINAS ORAIS	Similar	- (*) 	
CEFALEXINA MONOIDRATADA	CEFAGEL	J1D1 - CEFALOSPORINAS ORAIS	Similar	Tarja Vermelha sob restrição	
CEFALEXINA MONOIDRATADA	KEFORAL	J1D1 - CEFALOSPORINAS ORAIS	Novo	Tarja Vermelha sob restrição	
CEFALEXINA MONOIDRATADA	CEFALEXINA	J1D1 - CEFALOSPORINAS ORAIS	Genérico	Tarja Vermelha sob restrição	
CEFALEXINA MONOIDRATADA	CEFALEXINA	J1D1 - CEFALOSPORINAS ORAIS	Genérico	Tarja Vermelha sob restrição	
CEFALEXINA MONOIDRATADA	KEFLEX	J1D1 - CEFALOSPORINAS ORAIS	Novo	Tarja Vermelha sob restrição	
CEFALEXINA MONOIDRATADA	CEFALEXINA	J1D1 - CEFALOSPORINAS ORAIS	Genérico	- (*) 	
CEFALOTINA SODICA	CEFALOTINA SÓDICA	J1D2 - CEFALOSPORINAS INJETÁVEIS	Genérico	Tarja Vermelha	
CEFALOTINA SODICA	CEFALOTINA SÓDICA	J1D2 - CEFALOSPORINAS INJETÁVEIS	Genérico	- (*) 	
CEFALOTINA SODICA	CEFARISTON	J1D2 - CEFALOSPORINAS INJETÁVEIS	Similar	- (*) 	
CEFALOTINA SODICA	KEFLIN NEUTRO	J1D2 - CEFALOSPORINAS INJETÁVEIS	Novo	Tarja Vermelha sob restrição	
CEFALOTINA SODICA	CEFALOTINA SÓDICA	J1D2 - CEFALOSPORINAS INJETÁVEIS	Genérico	Tarja Vermelha sob restrição	
CEFALOTINA SODICA	CEFALOTINA SÓDICA	J1D2 - CEFALOSPORINAS INJETÁVEIS	Genérico	Tarja Vermelha sob restrição	
CEFAZOLINA SÓDICA	CEFAZOLINA SÓDICA	J1D2 - CEFALOSPORINAS INJETÁVEIS	Genérico	Tarja Vermelha	
CEFAZOLINA SÓDICA	CEZOLIN	J1D2 - CEFALOSPORINAS INJETÁVEIS	Similar	Tarja Vermelha	
CEFAZOLINA SÓDICA	CEFAZOLINA SÓDICA	J1D2 - CEFALOSPORINAS INJETÁVEIS	Genérico	Tarja Vermelha sob restrição	
CEFAZOLINA SÓDICA	FAZOLON	J1D2 - CEFALOSPORINAS INJETÁVEIS	Similar	Tarja Vermelha	
CEFAZOLINA SÓDICA	CEFAZOLINA SÓDICA	J1D2 - CEFALOSPORINAS INJETÁVEIS	Genérico	Tarja Vermelha	
CEFAZOLINA SÓDICA	KEFAZOL	J1D2 - CEFALOSPORINAS INJETÁVEIS	Similar	Tarja Vermelha	
CEFAZOLINA SÓDICA	CEFAZOLINA SÓDICA	J1D2 - CEFALOSPORINAS INJETÁVEIS	Genérico	Tarja Vermelha sob restrição	
CEFAZOLINA SÓDICA	CEFAZOLINA SÓDICA	J1D2 - CEFALOSPORINAS INJETÁVEIS	Genérico	Tarja Vermelha sob restrição	
CEFDINIR	TERZA	J1D1 - CEFALOSPORINAS ORAIS	Novo	Tarja Vermelha sob restrição	
CEFDINIR	TERCEN	J1D1 - CEFALOSPORINAS ORAIS	Similar	Tarja Vermelha sob restrição	
CEFOTAXIMA SÓDICA	CETAZIMA	J1D2 - CEFALOSPORINAS INJETÁVEIS	Similar	Tarja Vermelha sob restrição	
CEFOTAXIMA SÓDICA	CLAFORDIL	J1D2 - CEFALOSPORINAS INJETÁVEIS	Similar	- (*) 	
CEFOTAXIMA SÓDICA	CEFOTAXIMA SÓDICA	J1D2 - CEFALOSPORINAS INJETÁVEIS	Genérico	Tarja Vermelha sob restrição	
CEFOXITINA SÓDICA	CEFOXITINA SÓDICA	J1D2 - CEFALOSPORINAS INJETÁVEIS	Genérico	Tarja Vermelha	
CEFOXITINA SÓDICA	CEFOXITINA SÓDICA	J1D2 - CEFALOSPORINAS INJETÁVEIS	Genérico	- (*) 	
CEFOXITINA SÓDICA	CEFTON	J1D2 - CEFALOSPORINAS INJETÁVEIS	Similar	- (*) 	
CEFOXITINA SÓDICA	KEFOX	J1D2 - CEFALOSPORINAS INJETÁVEIS	Similar	- (*) 	
CEFTAROLINA FOSAMILA	ZINFORO	J1D2 - CEFALOSPORINAS INJETÁVEIS	Novo	- (*) 	
CEFTAZIDIMA	CEFTAZIDON	J1D2 - CEFALOSPORINAS INJETÁVEIS	Similar	Tarja Vermelha	
CEFTAZIDIMA	KEFADIM	J1D2 - CEFALOSPORINAS INJETÁVEIS	Similar	Tarja Vermelha	
CEFTAZIDIMA PENTAIDRATADA	CEFTAFOR	J1D2 - CEFALOSPORINAS INJETÁVEIS	Similar	Tarja Vermelha	
CEFTAZIDIMA PENTAIDRATADA	CEFAZIMA	J1D2 - CEFALOSPORINAS INJETÁVEIS	Similar	Tarja Vermelha sob restrição	
CEFTAZIDIMA PENTAIDRATADA;AVIBACTAM SÓDICO	TORGENA	J1D2 - CEFALOSPORINAS INJETÁVEIS	Novo	Tarja Vermelha	
CEFTAZIDIMA PENTAIDRATADA;AVIBACTAM SÓDICO	CEFTAZIDIMA PENTAIDRATADA + AVIBACTAM SODICO	J1D2 - CEFALOSPORINAS INJETÁVEIS	Genérico	Tarja Vermelha	
CEFTAZIDIMA PENTAIDRATADA;AVIBACTAM SÓDICO	RYAMBIC	J1D2 - CEFALOSPORINAS INJETÁVEIS	Similar	Tarja Vermelha	
CEFTOBIPROL MEDOCARILA SÓDICO	ZEVTERA	J1D2 - CEFALOSPORINAS INJETÁVEIS	Novo	Tarja Vermelha sob restrição	
CEFTRIAXONA	TEUCEF	J1D2 - CEFALOSPORINAS INJETÁVEIS	Similar	- (*) 	
CEFTRIAXONA	CEFTRIAXONA DISSÓDICA	J1D2 - CEFALOSPORINAS INJETÁVEIS	Genérico	Tarja Vermelha sob restrição	
CEFTRIAXONA DISSÓDICA HEMIEPTAIDRATADA	CEFTRIONA	J1D2 - CEFALOSPORINAS INJETÁVEIS	Similar	Tarja Vermelha sob restrição	
CEFTRIAXONA DISSÓDICA HEMIEPTAIDRATADA	CEFTRIAXONA DISSÓDICA HEMIEPTAIDRATADA	J1D2 - CEFALOSPORINAS INJETÁVEIS	Genérico	Tarja Vermelha sob restrição	
CEFTRIAXONA DISSÓDICA HEMIEPTAIDRATADA	CEFTRIAXONA DISSÓDICA HEMIEPTAIDRATADA	J1D2 - CEFALOSPORINAS INJETÁVEIS	Genérico	Tarja Vermelha sob restrição	
CEFTRIAXONA DISSÓDICA HEMIEPTAIDRATADA	AMPLOSPEC	J1D2 - CEFALOSPORINAS INJETÁVEIS	Similar	Tarja Vermelha sob restrição	
CEFTRIAXONA DISSÓDICA HEMIEPTAIDRATADA	ROCEFIN	J1D2 - CEFALOSPORINAS INJETÁVEIS	Novo	Tarja Vermelha sob restrição	
CEFTRIAXONA DISSÓDICA HEMIEPTAIDRATADA	TRIAXTON	J1D2 - CEFALOSPORINAS INJETÁVEIS	Similar	Tarja Vermelha	
CEFTRIAXONA DISSÓDICA HEMIEPTAIDRATADA	CEFTRIAXONA DISSÓDICA	J1D2 - CEFALOSPORINAS INJETÁVEIS	Genérico	Tarja Vermelha	
CEFTRIAXONA DISSÓDICA HEMIEPTAIDRATADA	KEFTRON	J1D2 - CEFALOSPORINAS INJETÁVEIS	Similar	Tarja Vermelha sob restrição	
CEFTRIAXONA DISSÓDICA HEMIEPTAIDRATADA	CEFTRIAXONA DISSÓDICA HEMIEPTAIDRATADA	J1D2 - CEFALOSPORINAS INJETÁVEIS	Genérico	Tarja Vermelha sob restrição	
CEFTRIAXONA SÓDICA	TRIAXIN	J1D2 - CEFALOSPORINAS INJETÁVEIS	Similar	Tarja Vermelha sob restrição	
CEFTRIAXONA SÓDICA	CEFTRIAXONA SÓDICA	J1D2 - CEFALOSPORINAS INJETÁVEIS	Genérico	Tarja Vermelha sob restrição	
CEFTRIAXONA SÓDICA	CEFTRIAXONA SÓDICA	J1D2 - CEFALOSPORINAS INJETÁVEIS	Genérico	Tarja Vermelha sob restrição	
CEFUROXIMA SÓDICA	ZINACEF	J1D2 - CEFALOSPORINAS INJETÁVEIS	Novo	- (*) 	
CEFUROXIMA SÓDICA	MONOCEF	J1D2 - CEFALOSPORINAS INJETÁVEIS	Similar	Tarja Vermelha	
CEFUROXIMA SÓDICA	CEFUROXIMA SÓDICA	J1D2 - CEFALOSPORINAS INJETÁVEIS	Genérico	Tarja Vermelha	
CEFUROXIMA SÓDICA	KEROXIME	J1D2 - CEFALOSPORINAS INJETÁVEIS	Similar	- (*) 	
CEFUROXIMA SÓDICA	CEFUROXIMA SÓDICA	J1D2 - CEFALOSPORINAS INJETÁVEIS	Genérico	Tarja Vermelha sob restrição	
CEFUROXIMA SÓDICA	CEFUROXIMA SÓDICA	J1D2 - CEFALOSPORINAS INJETÁVEIS	Genérico	Tarja Vermelha sob restrição	
CELECOXIBE	CELECOXIBE	M1A3 - COXIBS	Genérico	Tarja Vermelha sob restrição	
CELECOXIBE	COQUES	M1A3 - COXIBS	Similar	Tarja Vermelha sob restrição	
CELECOXIBE	DUCOX	M1A3 - COXIBS	Similar	Tarja Vermelha sob restrição	
CELECOXIBE	CELECOXIBE	M1A3 - COXIBS	Genérico	Tarja Vermelha sob restrição	
CELECOXIBE	CELEBRA	M1A3 - COXIBS	Novo	Tarja Vermelha sob restrição	
CELECOXIBE	CELECOXIBE	M1A3 - COXIBS	Genérico	Tarja Vermelha sob restrição	
CELECOXIBE	CELECOXIBE	M1A3 - COXIBS	Genérico	Tarja Vermelha sob restrição	
CELECOXIBE	CIBEX	M1A3 - COXIBS	Similar	Tarja Vermelha sob restrição	
CELECOXIBE	MOVYDIA	M1A3 - COXIBS	Similar	Tarja Vermelha sob restrição	
CELECOXIBE	FOXIS	M1A3 - COXIBS	Similar	- (*) 	
CELECOXIBE	CELECOXIBE	M1A3 - COXIBS	Genérico	Tarja Vermelha sob restrição	
CELECOXIBE	PARZO	M1A3 - COXIBS	Similar	Tarja Vermelha sob restrição	
CELECOXIBE	CELECOXIBE	M1A3 - COXIBS	Genérico	Tarja Vermelha sob restrição	
CELECOXIBE	CELECOXIBE	M1A3 - COXIBS	Genérico	Tarja Vermelha sob restrição	
CELECOXIBE	CELECOXIBE	M1A3 - COXIBS	Genérico	Tarja Vermelha sob restrição	
CELECOXIBE	CELECOXIBE	M1A3 - COXIBS	Genérico	Tarja Vermelha sob restrição	
CELECOXIBE	DICOXIBE	M1A3 - COXIBS	Similar	Tarja Vermelha sob restrição	
CELECOXIBE	CELEBRA	M1A3 - COXIBS	Novo	Tarja Vermelha sob restrição	
CEMIPLIMABE	LIBTAYO	L1G5 - ANTICORPOS MONOCLONAIS ANTINEOPLÁSICOS, PD-1/PD-L1	Biológico	Tarja Vermelha	
CEPA INFLUENZA TIPO A (H3N2);CEPA INFLUENZA TIPO A (H1N1);CEPA INFLUENZA TIPO B	FLUCELVAX TETRA	J7E1 - VACINA PARA GRIPE (INFLUENZA)	Biológico	Tarja Vermelha	
CEPA INFLUENZA TIPO A (H3N2);CEPA INFLUENZA TIPO A (H1N1);CEPA INFLUENZA TIPO B	VACINA INFLUENZA TRIVALENTE ( FRAGMENTADA E INATIVADA )	J7E1 - VACINA PARA GRIPE (INFLUENZA)	Novo	- (*) 	
CEPA INFLUENZA TIPO A (H3N2);CEPA INFLUENZA TIPO A (H1N1);CEPA INFLUENZA TIPO B	VACINA INFLUENZA TRIVALENTE (FRAGMENTADA, INATIVADA) SÊNIOR	J7E1 - VACINA PARA GRIPE (INFLUENZA)	Biológico	Tarja Vermelha	
CEPA INFLUENZA TIPO A (H3N2);CEPA INFLUENZA TIPO A (H1N1);CEPA INFLUENZA TIPO B	VAXIGRIP TETRA	J7E1 - VACINA PARA GRIPE (INFLUENZA)	Biológico	Tarja Vermelha	
CEPA INFLUENZA TIPO A (H3N2);CEPA INFLUENZA TIPO A (H1N1);CEPA INFLUENZA TIPO B	EFLUELDA TIV	J7E1 - VACINA PARA GRIPE (INFLUENZA)	Biológico	Tarja Vermelha	
CEPA INFLUENZA TIPO A (H3N2);CEPA INFLUENZA TIPO A (H1N1);CEPA INFLUENZA TIPO B	VAXIGRIP ®	J7E1 - VACINA PARA GRIPE (INFLUENZA)	Biológico	Tarja Vermelha	
CEPA INFLUENZA TIPO A (H3N2);CEPA INFLUENZA TIPO A (H1N1);CEPA INFLUENZA TIPO B;CEPA INFLUENZA TIPO B	FLUARIX TETRA	J7E1 - VACINA PARA GRIPE (INFLUENZA)	Biológico	Tarja Vermelha	
CEPA INFLUENZA TIPO A (H3N2);CEPA INFLUENZA TIPO A (H1N1);CEPA INFLUENZA TIPO B;CEPA INFLUENZA TIPO B	VACINA INFLUENZA TETRAVALENTE (FRAGMENTADA, INATIVADA) SÊNIOR	J7E1 - VACINA PARA GRIPE (INFLUENZA)	Biológico	Tarja Vermelha	
CEPA INFLUENZA TIPO A (H3N2);CEPA INFLUENZA TIPO A (H1N1);CEPA INFLUENZA TIPO B;CEPA INFLUENZA TIPO B	EFLUELDA	J7E1 - VACINA PARA GRIPE (INFLUENZA)	Biológico	Tarja Vermelha	
CEPA INFLUENZA TIPO B	FLUQUADRI	J7E1 - VACINA PARA GRIPE (INFLUENZA)	Biológico	- (*) 	
CERTOLIZUMABE PEGOL	CIMZIA	L4B - PRODUTOS ANTI-TNF( FATOR DE NECROSE TUMORAL)	Biológico	- (*) 	
CETOCONAZOL	CONAZOL	D1A1 - ANTIFÚNGICOS DERMATOLÓGICOS TÓPICOS	Similar	Tarja Sem Tarja	
CETOCONAZOL	CETOCONAZOL	D1A1 - ANTIFÚNGICOS DERMATOLÓGICOS TÓPICOS	Genérico	Tarja Sem Tarja	
CETOCONAZOL	NORIDERM	D1A3 - ANTIFÚNGICOS TÓPICOS DO COURO CABELUDO	Similar	- (*) 	
CETOCONAZOL	LOZAN	J2A - AGENTES SISTÊMICOS PARA INFECÇÕES FÚNGICAS	Similar	Tarja Vermelha	
CETOCONAZOL	CETOCONAZOL	D1A3 - ANTIFÚNGICOS TÓPICOS DO COURO CABELUDO	Genérico	Tarja Sem Tarja	
CETOCONAZOL	CETOCONAZOL	D1A1 - ANTIFÚNGICOS DERMATOLÓGICOS TÓPICOS	Genérico	Tarja Sem Tarja	
CETOCONAZOL	CETOMICOSS	D1A1 - ANTIFÚNGICOS DERMATOLÓGICOS TÓPICOS	Similar	Tarja Sem Tarja	
CETOCONAZOL	CETOCONAZOL	J2A - AGENTES SISTÊMICOS PARA INFECÇÕES FÚNGICAS	Genérico	Tarja Vermelha	
CETOCONAZOL	CETOCONAZOL	J2A - AGENTES SISTÊMICOS PARA INFECÇÕES FÚNGICAS	Genérico	Tarja Vermelha	
CETOCONAZOL	FUNGONAZOL	D1A3 - ANTIFÚNGICOS TÓPICOS DO COURO CABELUDO	Similar	- (*) 	
CETOCONAZOL	NIZORAL	D1A1 - ANTIFÚNGICOS DERMATOLÓGICOS TÓPICOS	Novo	Tarja Sem Tarja	
CETOCONAZOL	CETOCONAZOL	D1A1 - ANTIFÚNGICOS DERMATOLÓGICOS TÓPICOS	Genérico	- (*) 	
CETOCONAZOL	CETOCONAZOL	J2A - AGENTES SISTÊMICOS PARA INFECÇÕES FÚNGICAS	Genérico	- (*) 	
CETOCONAZOL	TRICORTID	D7B3 - CORTICOESTERÓIDES ASSOCIADOS A ANTIMICÓTICOS E ANTIBACTERIANOS	Similar	Tarja Vermelha	
CETOCONAZOL	CETOCONAZOL	D1A1 - ANTIFÚNGICOS DERMATOLÓGICOS TÓPICOS	Genérico	Tarja Sem Tarja	
CETOCONAZOL	IZONAX	J2A - AGENTES SISTÊMICOS PARA INFECÇÕES FÚNGICAS	Similar	Tarja Vermelha	
CETOCONAZOL	CETOCONAZOL	D1A1 - ANTIFÚNGICOS DERMATOLÓGICOS TÓPICOS	Genérico	- (*) 	
CETOCONAZOL	CLEARTOP	D1A3 - ANTIFÚNGICOS TÓPICOS DO COURO CABELUDO	Similar	- (*) 	
CETOCONAZOL	CETOP	D1A3 - ANTIFÚNGICOS TÓPICOS DO COURO CABELUDO	Similar	- (*) 	
CETOCONAZOL	CETOCONAZOL	D1A3 - ANTIFÚNGICOS TÓPICOS DO COURO CABELUDO	Genérico	- (*) 	
CETOCONAZOL	CETONAT	D1A3 - ANTIFÚNGICOS TÓPICOS DO COURO CABELUDO	Similar	- (*) 	
CETOCONAZOL	ZOLMICOL	D1A1 - ANTIFÚNGICOS DERMATOLÓGICOS TÓPICOS	Similar	- (*) 	
CETOCONAZOL	CETOCONAZOL	D1A1 - ANTIFÚNGICOS DERMATOLÓGICOS TÓPICOS	Genérico	- (*) 	
CETOCONAZOL	CETOCONAZOL	D1A1 - ANTIFÚNGICOS DERMATOLÓGICOS TÓPICOS	Genérico	- (*) 	
CETOCONAZOL	CETOCONAZOL	J2A - AGENTES SISTÊMICOS PARA INFECÇÕES FÚNGICAS	Genérico	Tarja Vermelha	
CETOCONAZOL;DIPROPIONATO DE BETAMETASONA	CETOCONAZOL + DIPROPIONATO DE BETAMETASONA	D7B2 - CORTICOESTERÓIDES ASSOCIADOS A ANTIMICOTICOS	Genérico	Tarja Vermelha	
CETOCONAZOL;DIPROPIONATO DE BETAMETASONA	TROK	D7B2 - CORTICOESTERÓIDES ASSOCIADOS A ANTIMICOTICOS	Similar	Tarja Vermelha	
CETOCONAZOL;DIPROPIONATO DE BETAMETASONA	CETOCONAZOL + DIPROPIONATO DE BETAMETASONA	D7B2 - CORTICOESTERÓIDES ASSOCIADOS A ANTIMICOTICOS	Genérico	Tarja Vermelha	
CETOCONAZOL;DIPROPIONATO DE BETAMETASONA	CETOCONAZOL + DIPROPIONATO DE BETAMETASONA	D7B2 - CORTICOESTERÓIDES ASSOCIADOS A ANTIMICOTICOS	Genérico	Tarja Vermelha	
CETOCONAZOL;DIPROPIONATO DE BETAMETASONA	CETOCONAZOL+ DIPROPIONATO DE BETAMETASONA	D7B2 - CORTICOESTERÓIDES ASSOCIADOS A ANTIMICOTICOS	Genérico	Tarja Vermelha	
CETOCONAZOL;DIPROPIONATO DE BETAMETASONA	CETOCONAZOL+DIPROPIONATO DE BETAMETASONA	D7B2 - CORTICOESTERÓIDES ASSOCIADOS A ANTIMICOTICOS	Genérico	- (*) 	
CETOCONAZOL;DIPROPIONATO DE BETAMETASONA	CANDICORT	D7B2 - CORTICOESTERÓIDES ASSOCIADOS A ANTIMICOTICOS	Similar	Tarja Vermelha	
CETOCONAZOL;DIPROPIONATO DE BETAMETASONA	FUNGICORT	D7B2 - CORTICOESTERÓIDES ASSOCIADOS A ANTIMICOTICOS	Similar	- (*) 	
CETOCONAZOL;DIPROPIONATO DE BETAMETASONA	CETOCONAZOL + DIPROPIONATO DE BETAMETASONA	D7B2 - CORTICOESTERÓIDES ASSOCIADOS A ANTIMICOTICOS	Genérico	Tarja Vermelha	
CETOCONAZOL;DIPROPIONATO DE BETAMETASONA	CONACORT	D7B2 - CORTICOESTERÓIDES ASSOCIADOS A ANTIMICOTICOS	Similar	- (*) 	
CETOCONAZOL;DIPROPIONATO DE BETAMETASONA	CETOCONAZOL + DIPROPIONATO DE BETAMETASONA	D7B2 - CORTICOESTERÓIDES ASSOCIADOS A ANTIMICOTICOS	Genérico	- (*) 	
CETOCONAZOL;DIPROPIONATO DE BETAMETASONA	CANDIGRAN	D7B2 - CORTICOESTERÓIDES ASSOCIADOS A ANTIMICOTICOS	Similar	- (*) 	
CETOCONAZOL;DIPROPIONATO DE BETAMETASONA	CETOCONAZOL + DIPROPIONATO DE BETAMETASONA	D7B2 - CORTICOESTERÓIDES ASSOCIADOS A ANTIMICOTICOS	Genérico	Tarja Vermelha	
CETOPROFENO	CETOPROFENO	M1A1 - ANTIRREUMÁTICOS NÃO ESTEROIDAIS PUROS	Genérico	- (*) 	
CETOPROFENO	BICERTO	M1A1 - ANTIRREUMÁTICOS NÃO ESTEROIDAIS PUROS	Similar	Tarja Vermelha	
CETOPROFENO	BICERTO IV	M1A1 - ANTIRREUMÁTICOS NÃO ESTEROIDAIS PUROS	Novo	Tarja Vermelha	
CETOPROFENO	ALGIE	M1A1 - ANTIRREUMÁTICOS NÃO ESTEROIDAIS PUROS	Similar	Tarja Vermelha	
CETOPROFENO	CETOPROFENO	M1A1 - ANTIRREUMÁTICOS NÃO ESTEROIDAIS PUROS	Genérico	- (*) 	
CETOPROFENO	CETOPROFENO	M1A1 - ANTIRREUMÁTICOS NÃO ESTEROIDAIS PUROS	Genérico	Tarja Vermelha	
CETOPROFENO	AXIFLENNID	M1A1 - ANTIRREUMÁTICOS NÃO ESTEROIDAIS PUROS	Novo	Tarja Vermelha	
CETOPROFENO	CETOPROFENO	M1A1 - ANTIRREUMÁTICOS NÃO ESTEROIDAIS PUROS	Genérico	Tarja Vermelha	
CETOPROFENO	CETOFENID	M1A1 - ANTIRREUMÁTICOS NÃO ESTEROIDAIS PUROS	Similar	Tarja Vermelha	
CETOPROFENO	TRIPLOA	M1A1 - ANTIRREUMÁTICOS NÃO ESTEROIDAIS PUROS	Similar	Tarja Vermelha	
CETOPROFENO	PRODYGO	M1A1 - ANTIRREUMÁTICOS NÃO ESTEROIDAIS PUROS	Similar	Tarja Vermelha	
CETOPROFENO	ARTRINID	M1A1 - ANTIRREUMÁTICOS NÃO ESTEROIDAIS PUROS	Similar	Tarja Vermelha	
CETOPROFENO	CETOPROFENO	M1A1 - ANTIRREUMÁTICOS NÃO ESTEROIDAIS PUROS	Genérico	Tarja Vermelha	
CETOPROFENO	ARTRINID IV	M1A1 - ANTIRREUMÁTICOS NÃO ESTEROIDAIS PUROS	Similar	Tarja Vermelha	
CETOPROFENO	CETOPROFENO	M1A1 - ANTIRREUMÁTICOS NÃO ESTEROIDAIS PUROS	Genérico	Tarja Vermelha	
CETOPROFENO	CETOPROFENO	M1A1 - ANTIRREUMÁTICOS NÃO ESTEROIDAIS PUROS	Genérico	Tarja Vermelha	
CETOPROFENO	CEFTFENPRO LP	M1A1 - ANTIRREUMÁTICOS NÃO ESTEROIDAIS PUROS	Similar	Tarja Vermelha	
CETOPROFENO	CETOPROFENO	M1A1 - ANTIRREUMÁTICOS NÃO ESTEROIDAIS PUROS	Genérico	Tarja Vermelha	
CETOPROFENO	FENBIP	M1A1 - ANTIRREUMÁTICOS NÃO ESTEROIDAIS PUROS	Similar	Tarja Vermelha	
CETOPROFENO	CETOPROFENO	M1A1 - ANTIRREUMÁTICOS NÃO ESTEROIDAIS PUROS	Genérico	Tarja Vermelha	
CETOPROFENO	FLAMADOR	M1A1 - ANTIRREUMÁTICOS NÃO ESTEROIDAIS PUROS	Similar	Tarja Vermelha	
CETOPROFENO	CETOPROFENO	M1A1 - ANTIRREUMÁTICOS NÃO ESTEROIDAIS PUROS	Genérico	Tarja Vermelha	
CETOPROFENO	CETOPROFENO	M1A1 - ANTIRREUMÁTICOS NÃO ESTEROIDAIS PUROS	Genérico	Tarja Vermelha	
CETOPROFENO	PROFENID	M1A1 - ANTIRREUMÁTICOS NÃO ESTEROIDAIS PUROS	Novo	Tarja Vermelha	
CETOPROFENO;OMEPRAZOL	PROFENID PROTECT	M1A1 - ANTIRREUMÁTICOS NÃO ESTEROIDAIS PUROS	Novo	Tarja Vermelha	
CETOROLACO TROMETAMINA	ACULAR	S1R - ANTIINFLAMATÓRIOS OFTALMOLÓGICOS NÃO ESTEROIDAIS	Novo	Tarja Vermelha	
CETOROLACO TROMETAMINA	TROMETAMOL CETOROLACO	S1R - ANTIINFLAMATÓRIOS OFTALMOLÓGICOS NÃO ESTEROIDAIS	Genérico	Tarja Vermelha	
CETOROLACO TROMETAMINA	TEROLAC	S1R - ANTIINFLAMATÓRIOS OFTALMOLÓGICOS NÃO ESTEROIDAIS	Similar	Tarja Vermelha	
CETOROLACO TROMETAMINA	TORADOL	N2B1 - ANALGÉSICOS NÃO NARCÓTICOS E ANTIPIRÉTICOS SOB PRESCRIÇÃO	Novo	Tarja Vermelha	
CETOROLACO TROMETAMINA	DEOCIL	N2B1 - ANALGÉSICOS NÃO NARCÓTICOS E ANTIPIRÉTICOS SOB PRESCRIÇÃO	Similar	Tarja Vermelha	
CETOROLACO TROMETAMINA	TROMETAMOL CETOROLACO	N2B1 - ANALGÉSICOS NÃO NARCÓTICOS E ANTIPIRÉTICOS SOB PRESCRIÇÃO	Genérico	Tarja Vermelha	
CETOROLACO TROMETAMINA	CETROLAC	S1R - ANTIINFLAMATÓRIOS OFTALMOLÓGICOS NÃO ESTEROIDAIS	Similar	Tarja Vermelha	
CETOROLACO TROMETAMINA	CLILON	S1R - ANTIINFLAMATÓRIOS OFTALMOLÓGICOS NÃO ESTEROIDAIS	Similar	Tarja Vermelha	
CETOROLACO TROMETAMINA	TROMETAMOL CETOROLACO	N2B1 - ANALGÉSICOS NÃO NARCÓTICOS E ANTIPIRÉTICOS SOB PRESCRIÇÃO	Genérico	Tarja Vermelha	
CETOROLACO TROMETAMINA	TORAGESIC	N2B1 - ANALGÉSICOS NÃO NARCÓTICOS E ANTIPIRÉTICOS SOB PRESCRIÇÃO	Similar	Tarja Vermelha	
CETOROLACO TROMETAMINA	TORAGESIC OFTA	S1R - ANTIINFLAMATÓRIOS OFTALMOLÓGICOS NÃO ESTEROIDAIS	Similar	Tarja Vermelha	
CETOROLACO TROMETAMINA	TROMETAMOL CETOROLACO	S1R - ANTIINFLAMATÓRIOS OFTALMOLÓGICOS NÃO ESTEROIDAIS	Genérico	- (*) 	
CETOROLACO TROMETAMINA	OPTILAR	S1R - ANTIINFLAMATÓRIOS OFTALMOLÓGICOS NÃO ESTEROIDAIS	Similar	- (*) 	
CETOROLACO TROMETAMINA	TROMETAMOL CETOROLACO	S1R - ANTIINFLAMATÓRIOS OFTALMOLÓGICOS NÃO ESTEROIDAIS	Genérico	Tarja Vermelha	
CETOROLACO TROMETAMINA	LEGRACE	S1R - ANTIINFLAMATÓRIOS OFTALMOLÓGICOS NÃO ESTEROIDAIS	Similar	Tarja Vermelha	
CETOROLACO TROMETAMINA	SOFTALM	S1R - ANTIINFLAMATÓRIOS OFTALMOLÓGICOS NÃO ESTEROIDAIS	Similar	- (*) 	
CETRIMIDA	ARTELAC	S1K1 - LÁGRIMAS ARTIFICIAIS E LUBRIFICANTES OFTAMOLÓGICOS	Específico	Tarja Sem Tarja	
CETUXIMABE	ERBITUX	L1G4 - ANTICORPOS MONOCLONAIS ANTINEOPLÁSICOS, EGFR	Biológico	- (*) 	
CIANOCOBALAMINA	AMICORED	A11F - VITAMINA B12 PURA	Específico	- (*) 	
CICLESONIDA	OMNARIS	R1A1 - CORTICOSTERÓIDES NASAIS SEM ANTIINFECCIOSOS	Novo	- (*) 	
CICLOFOSFAMIDA MONOIDRATADA	GENUXAL	L1A - AGENTES ANTINEOPLÁSICOS ALQUILANTES	Similar	Tarja Vermelha	
CICLOPIROX	MICOLAMINA	D1A1 - ANTIFÚNGICOS DERMATOLÓGICOS TÓPICOS	Similar	Tarja Vermelha	
CICLOPIROX	LAKESIAMEDICAL	D1A1 - ANTIFÚNGICOS DERMATOLÓGICOS TÓPICOS	Similar	Tarja Sem Tarja	
CICLOPIROX	CICLOPIROX OLAMINA	D1A1 - ANTIFÚNGICOS DERMATOLÓGICOS TÓPICOS	Genérico	- (*) 	
CICLOPIROX OLAMINA	CICLOPIROX OLAMINA	D1A1 - ANTIFÚNGICOS DERMATOLÓGICOS TÓPICOS	Genérico	Tarja Sem Tarja	
CICLOPIROX OLAMINA	CICLOPIROX- OLAMINA	D1A1 - ANTIFÚNGICOS DERMATOLÓGICOS TÓPICOS	Genérico	Tarja Sem Tarja	
CICLOPIROX OLAMINA	CICLOPIROX OLAMINA	D1A1 - ANTIFÚNGICOS DERMATOLÓGICOS TÓPICOS	Genérico	Tarja Sem Tarja	
CICLOPIROX OLAMINA	CICLOPIROX OLAMINA	D1A1 - ANTIFÚNGICOS DERMATOLÓGICOS TÓPICOS	Genérico	Tarja Sem Tarja	
CICLOPIROX OLAMINA	CICLOPIROX OLAMINA	D1A1 - ANTIFÚNGICOS DERMATOLÓGICOS TÓPICOS	Genérico	Tarja Sem Tarja	
CICLOSPORINA	CICLOSPORINA	L4X - OUTROS IMUNOSSUPRESSORES	Genérico	Tarja Vermelha	
CICLOSPORINA	SANDIMMUN	L4X - OUTROS IMUNOSSUPRESSORES	Novo	Tarja Vermelha	
CICLOSPORINA	RESTASIS	S1K9 - OUTROS PRODUTOS PARA OLHOS SECOS	Novo	Tarja Vermelha	
CICLOSPORINA	SIGMASPORIN MICRORAL	L4X - OUTROS IMUNOSSUPRESSORES	Similar	Tarja Vermelha	
CICLOSPORINA	CICLOSPORINA	L4X - OUTROS IMUNOSSUPRESSORES	Genérico	Tarja Vermelha	
CICLOSSILICATO DE ZIRCÔNIO SÓDICO HIDRATADO	LOKELMA	V3G1 - PRODUTOS PARA HIPERCALEMIA	Novo	Tarja Vermelha	
CILASTATINA SÓDICA;IMIPENÉM MONOIDRATADO	IMIPENEM + CILASTATINA	J1P2 - CARBAPENEMES E PENEMES	Genérico	- (*) 	
CILASTATINA SÓDICA;IMIPENÉM MONOIDRATADO	IMIPENEM + CILASTATINA SÓDICA	J1P2 - CARBAPENEMES E PENEMES	Genérico	Tarja Vermelha	
CILASTATINA SÓDICA;IMIPENÉM MONOIDRATADO	IMIPENEM + CILASTATINA	J1P2 - CARBAPENEMES E PENEMES	Genérico	Tarja Vermelha sob restrição	
CILASTATINA SÓDICA;IMIPENÉM MONOIDRATADO;RELEBACTAM MONOIDRATADO	RECARBRIO	J1P9 - TODOS OS OUTROS ANTIBACTERIANOS BETA-LACTÂMICOS	Novo	Tarja Vermelha	
CILOSTAZOL	CEBRALAT	B1C4 - INIBIDORES DA AGREGAÇÃO PLAQUETÁRIA, REALÇADORES DO AMP CÍCLICO	Novo	Tarja Vermelha	
CILOSTAZOL	CILOSTAZOL	B1C4 - INIBIDORES DA AGREGAÇÃO PLAQUETÁRIA, REALÇADORES DO AMP CÍCLICO	Genérico	Tarja Vermelha	
CILOSTAZOL	CILOSTAZOL	B1C4 - INIBIDORES DA AGREGAÇÃO PLAQUETÁRIA, REALÇADORES DO AMP CÍCLICO	Genérico	Tarja Vermelha	
CILOSTAZOL	CILOSTAZOL	B1C4 - INIBIDORES DA AGREGAÇÃO PLAQUETÁRIA, REALÇADORES DO AMP CÍCLICO	Genérico	Tarja Vermelha	
CILOSTAZOL	VASOGARD	B1C4 - INIBIDORES DA AGREGAÇÃO PLAQUETÁRIA, REALÇADORES DO AMP CÍCLICO	Similar	Tarja Vermelha	
CILOSTAZOL	CILOSTAZOL	B1C4 - INIBIDORES DA AGREGAÇÃO PLAQUETÁRIA, REALÇADORES DO AMP CÍCLICO	Genérico	Tarja Vermelha	
CILOSTAZOL	CILOSTAZOL	B1C4 - INIBIDORES DA AGREGAÇÃO PLAQUETÁRIA, REALÇADORES DO AMP CÍCLICO	Genérico	Tarja Vermelha	
CILTACABTAGENO AUTOLEUCEL	CARVYKTI®	L1X9 - TODOS OS OUTROS ANTINEOPLÁSICOS	Produto de Terapia Avançada	Tarja Vermelha	
CIMETIDINA	CIMETIDINA	A2B1 - ANTAGONISTAS RECEPTORES H2	Genérico	Tarja Vermelha	
CIMETIDINA	HYCIMET	A2B1 - ANTAGONISTAS RECEPTORES H2	Similar	Tarja Vermelha	
CIMETIDINA	CIMETIDINA	A2B1 - ANTAGONISTAS RECEPTORES H2	Genérico	- (*) 	
CINARIZINA	STUGERON	C4A2 - ANTAGONISTAS DO CÁLCIO COM AÇÃO CEREBRAL	Novo	Tarja Vermelha	
CINARIZINA	CINARIZINA	C4A2 - ANTAGONISTAS DO CÁLCIO COM AÇÃO CEREBRAL	Genérico	Tarja Vermelha	
CINARIZINA	FLUXON	C4A2 - ANTAGONISTAS DO CÁLCIO COM AÇÃO CEREBRAL	Similar	Tarja Vermelha	
CIPIONATO DE TESTOSTERONA	CIPIONATO DE TESTOSTERONA	G3B - ANDRÓGENOS EXCLUINDO G3E, G3F	Genérico	Tarja Vermelha sob restrição	
CIPIONATO DE TESTOSTERONA	TESTOCYP	G3B - ANDRÓGENOS EXCLUINDO G3E, G3F	Similar	Tarja Vermelha sob restrição	
CIPIONATO DE TESTOSTERONA	DEPOSTERON	G3B - ANDRÓGENOS EXCLUINDO G3E, G3F	Similar	Tarja Vermelha sob restrição	
CIPROFIBRATO	CIPROFIBRATO	C10A2 - FIBRATOS	Genérico	Tarja Vermelha	
CIPROFIBRATO	LIPFITE	C10A2 - FIBRATOS	Similar	Tarja Vermelha	
CIPROFIBRATO	CIPROFIBRATO	C10A2 - FIBRATOS	Genérico	Tarja Vermelha	
CIPROFIBRATO	RAVUMA	C10A2 - FIBRATOS	Similar	Tarja Vermelha	
CIPROFIBRATO	CIPIDE	C10A2 - FIBRATOS	Similar	Tarja Vermelha	
CIPROFIBRATO	CIPROFIBRATO	C10A2 - FIBRATOS	Genérico	Tarja Vermelha	
CIPROFIBRATO	CIPROFIBRATO	C10A2 - FIBRATOS	Genérico	Tarja Vermelha	
CIPROFIBRATO	LIPLESS	C10A2 - FIBRATOS	Similar	Tarja Vermelha	
CIPROFIBRATO	CIPROFIBRATO	C10A2 - FIBRATOS	Genérico	Tarja Vermelha	
CIPROFIBRATO	CIPROFIBRATO	C10A2 - FIBRATOS	Genérico	Tarja Vermelha	
CIPROFIBRATO	CIPROFIBRATO	C10A2 - FIBRATOS	Genérico	Tarja Vermelha	
CIPROFIBRATO	CIPROFIBRATO	C10A2 - FIBRATOS	Genérico	- (*) 	
CIPROFIBRATO	LIPNEO	C10A2 - FIBRATOS	Similar	- (*) 	
CIPROFIBRATO	OROXADIN	C10A2 - FIBRATOS	Novo	Tarja Vermelha	
CIPROFIBRATO	CIPROFIBRATO	C10A2 - FIBRATOS	Genérico	Tarja Vermelha	
CIPROFLOXACINO	CIPROFLOXACINO	J1G2 - FLUORQUINOLONAS INJETÁVEIS	Genérico	Tarja Vermelha sob restrição	
CIPROFLOXACINO	FRESOFLOX	J1G2 - FLUORQUINOLONAS INJETÁVEIS	Similar	Tarja Vermelha	
CIPROFLOXACINO	CIPROFLOXACINO	J1G2 - FLUORQUINOLONAS INJETÁVEIS	Genérico	Tarja Vermelha	
CIPROFLOXACINO	HIFLOXAN	J1G2 - FLUORQUINOLONAS INJETÁVEIS	Similar	Tarja Vermelha	
CIPROFLOXACINO	CIPROFLOXACINO	J1G2 - FLUORQUINOLONAS INJETÁVEIS	Genérico	Tarja Vermelha	
CIPROFLOXACINO	CIPROBACTER	J1G2 - FLUORQUINOLONAS INJETÁVEIS	Similar	Tarja Vermelha	
CIPROFLOXACINO	CIPROFLOXACINO	J1G2 - FLUORQUINOLONAS INJETÁVEIS	Genérico	Tarja Vermelha	
CIPROFLOXACINO	HYPOFLOX	J1G2 - FLUORQUINOLONAS INJETÁVEIS	Similar	Tarja Vermelha sob restrição	
CIPROFLOXACINO	KINOF	J1G2 - FLUORQUINOLONAS INJETÁVEIS	Similar	Tarja Vermelha	
CISPLATINA	FAULDCISPLA	L1F - COMPOSTOS ANTINEOPLÁSICOS DE PLATINA	Similar	Tarja Vermelha	
CISPLATINA	CITOPLAX	L1F - COMPOSTOS ANTINEOPLÁSICOS DE PLATINA	Similar	Tarja Vermelha	
CISPLATINA	C-PLATIN	L1F - COMPOSTOS ANTINEOPLÁSICOS DE PLATINA	Similar	Tarja Vermelha	
CISPLATINA	CISPLATINA	L1F - COMPOSTOS ANTINEOPLÁSICOS DE PLATINA	Genérico	Tarja Vermelha	
CISPLATINA	MYLLCIS	L1F - COMPOSTOS ANTINEOPLÁSICOS DE PLATINA	Similar	Tarja Vermelha	
CITALOPRAM	CITALOPRAM	N6A4 - ANTIDEPRESSIVOS SSRI	Genérico	Tarja Vermelha sob restrição	
CITALOPRAM	MAXAPRAN	N6A4 - ANTIDEPRESSIVOS SSRI	Similar	- (*) 	
CITALOPRAM	CITALOPRAM	N6A4 - ANTIDEPRESSIVOS SSRI	Genérico	- (*) 	
CITALOPRAM	CITALOPRAM (PORT. 344/98, L-C1)	N6A4 - ANTIDEPRESSIVOS SSRI	Genérico	- (*) 	
CITARABINA	FAULDCITA	L1B - AGENTES ANTINEOPLÁSICOS ANTIMETABÓLITOS	Similar	Tarja Vermelha	
CITARABINA	CITARAX	L1B - AGENTES ANTINEOPLÁSICOS ANTIMETABÓLITOS	Similar	Tarja Vermelha	
CITARABINA	CITARABINA	L1B - AGENTES ANTINEOPLÁSICOS ANTIMETABÓLITOS	Genérico	- (*) 	
CITARABINA	CYTOS	L1B - AGENTES ANTINEOPLÁSICOS ANTIMETABÓLITOS	Similar	Tarja Vermelha	
CITARABINA	CITARABINA	L1B - AGENTES ANTINEOPLÁSICOS ANTIMETABÓLITOS	Genérico	Tarja Vermelha	
CITRATO DE CAFEÍNA	PEYONA	R3B2 - ANTIASMÁTICOS/DPOC XANTÍNICOS SISTÊMICOS	Novo	Tarja Vermelha	
CITRATO DE CLOMIFENO	INDUX	G3G - GONADOTROFINAS INCLUINDO OUTROS ESTIMULANTES PARA OVULAÇÃO	Similar	Tarja Vermelha	
CITRATO DE CLOMIFENO	CLOMID	G3G - GONADOTROFINAS INCLUINDO OUTROS ESTIMULANTES PARA OVULAÇÃO	Novo	- (*) 	
CITRATO DE FENTANILA	CITRATO DE FENTANILA	N2A - ANALGÉSICOS NARCÓTICOS	Genérico	Tarja Preta	
CITRATO DE FENTANILA	FENTANEST	N1A2 - ANESTÉSICOS GERAIS INJETÁVEIS	Similar	Tarja Preta	
CITRATO DE FENTANILA	FENTANEST BOLSA	N1A2 - ANESTÉSICOS GERAIS INJETÁVEIS	Novo	Tarja Preta	
CITRATO DE FENTANILA	ANESFENT	N1A2 - ANESTÉSICOS GERAIS INJETÁVEIS	Similar	Tarja Preta	
CITRATO DE FENTANILA	CITRATO DE FENTANILA	N1A2 - ANESTÉSICOS GERAIS INJETÁVEIS	Genérico	Tarja Preta	
CITRATO DE FENTANILA	UNIFENTAL	N1A2 - ANESTÉSICOS GERAIS INJETÁVEIS	Similar	Tarja Preta	
CITRATO DE FENTANILA	CITRATO DE FENTANILA	N1A2 - ANESTÉSICOS GERAIS INJETÁVEIS	Genérico	Tarja Preta	
CITRATO DE FENTANILA	FENTANIL	N1A2 - ANESTÉSICOS GERAIS INJETÁVEIS	Novo	Tarja Preta	
CITRATO DE FENTANILA	FENTORA	N2A - ANALGÉSICOS NARCÓTICOS	Novo	Tarja Preta	
CITRATO DE FENTANILA;DROPERIDOL	NILPERIDOL	N1A2 - ANESTÉSICOS GERAIS INJETÁVEIS	Similar	Tarja Preta	
CITRATO DE IXAZOMIBE	NINLARO	L1J - ANTINEOPLÁSICOS INIBIDORES DE PROTEASSOMA	Novo	Tarja Vermelha	
CITRATO DE ORFENADRINA	MIORRELAX	M3B - RELAXANTE MUSCULAR DE AÇÃO CENTRAL	Similar	- (*) 	
CITRATO DE POTÁSSIO MONOIDRATADO	LITOCIT	G4B9 - TODOS OUTROS PRODUTOS UROLOGICOS	Específico	Tarja Vermelha	
CITRATO DE POTÁSSIO MONOIDRATADO	HIDRALYTE	A7G - REPOSITORES ORAIS ELECTROLÍTICOS	Específico	- (*) 	
CITRATO DE SILDENAFILA	DEJAVÚ	G4E1 - PRODUTOS PARA DISFUNÇÃO ERÉTIL, INIBIDORES DA PDE5	Similar	Tarja Vermelha	
CITRATO DE SILDENAFILA	CITRATO DE SILDENAFILA	G4E1 - PRODUTOS PARA DISFUNÇÃO ERÉTIL, INIBIDORES DA PDE5	Genérico	Tarja Vermelha	
CITRATO DE SILDENAFILA	CITRATO DE SILDENAFILA	G4E1 - PRODUTOS PARA DISFUNÇÃO ERÉTIL, INIBIDORES DA PDE5	Genérico	Tarja Vermelha	
CITRATO DE SILDENAFILA	VIDENFIL	G4E1 - PRODUTOS PARA DISFUNÇÃO ERÉTIL, INIBIDORES DA PDE5	Similar	Tarja Vermelha	
CITRATO DE SILDENAFILA	VIAGRA	G4E1 - PRODUTOS PARA DISFUNÇÃO ERÉTIL, INIBIDORES DA PDE5	Novo	Tarja Vermelha	
CITRATO DE SILDENAFILA	SOLLEVARE	G4E1 - PRODUTOS PARA DISFUNÇÃO ERÉTIL, INIBIDORES DA PDE5	Similar	Tarja Vermelha	
CITRATO DE SILDENAFILA	CITRATO DE SILDENAFILA	G4E1 - PRODUTOS PARA DISFUNÇÃO ERÉTIL, INIBIDORES DA PDE5	Genérico	Tarja Vermelha	
CITRATO DE SILDENAFILA	CITRATO DE SILDENAFILA	G4E1 - PRODUTOS PARA DISFUNÇÃO ERÉTIL, INIBIDORES DA PDE5	Genérico	Tarja Vermelha	
CITRATO DE SILDENAFILA	PRILO	G4E1 - PRODUTOS PARA DISFUNÇÃO ERÉTIL, INIBIDORES DA PDE5	Similar	- (*) 	
CITRATO DE SILDENAFILA	CITRATO DE SILDENAFILA	G4E1 - PRODUTOS PARA DISFUNÇÃO ERÉTIL, INIBIDORES DA PDE5	Genérico	Tarja Vermelha	
CITRATO DE SILDENAFILA	CITRATO DE SILDENAFILA	G4E1 - PRODUTOS PARA DISFUNÇÃO ERÉTIL, INIBIDORES DA PDE5	Genérico	Tarja Vermelha	
CITRATO DE SILDENAFILA	CITRATO DE SILDENAFILA	C6B2 - PRODUTOS HIPERTENSÃO ARTERIAL PULMONAR INIBIDORES DA PDE5	Genérico	Tarja Vermelha	
CITRATO DE SILDENAFILA	VASIFIL	G4E1 - PRODUTOS PARA DISFUNÇÃO ERÉTIL, INIBIDORES DA PDE5	Similar	Tarja Vermelha	
CITRATO DE SILDENAFILA	CITRATO DE SILDENAFILA	G4E1 - PRODUTOS PARA DISFUNÇÃO ERÉTIL, INIBIDORES DA PDE5	Genérico	Tarja Vermelha	
CITRATO DE SILDENAFILA	CITRATO DE SILDENAFILA	C6B2 - PRODUTOS HIPERTENSÃO ARTERIAL PULMONAR INIBIDORES DA PDE5	Genérico	Tarja Vermelha	
CITRATO DE SILDENAFILA	CITRATO DE SILDENAFILA	G4E1 - PRODUTOS PARA DISFUNÇÃO ERÉTIL, INIBIDORES DA PDE5	Genérico	Tarja Vermelha	
CITRATO DE SILDENAFILA	CITRATO DE SILDENAFILA	G4E1 - PRODUTOS PARA DISFUNÇÃO ERÉTIL, INIBIDORES DA PDE5	Genérico	Tarja Vermelha	
CITRATO DE SILDENAFILA	CITRATO DE SILDENAFILA	G4E1 - PRODUTOS PARA DISFUNÇÃO ERÉTIL, INIBIDORES DA PDE5	Genérico	- (*) 	
CITRATO DE SILDENAFILA	CITRATO DE SILDENAFILA	G4E1 - PRODUTOS PARA DISFUNÇÃO ERÉTIL, INIBIDORES DA PDE5	Genérico	- (*) 	
CITRATO DE SILDENAFILA	VIRINEO	G4E1 - PRODUTOS PARA DISFUNÇÃO ERÉTIL, INIBIDORES DA PDE5	Similar	- (*) 	
CITRATO DE SILDENAFILA	CITRATO DE SILDENAFILA	G4E1 - PRODUTOS PARA DISFUNÇÃO ERÉTIL, INIBIDORES DA PDE5	Genérico	Tarja Vermelha	
CITRATO DE SILDENAFILA	AH-ZUL	G4E1 - PRODUTOS PARA DISFUNÇÃO ERÉTIL, INIBIDORES DA PDE5	Similar	Tarja Vermelha	
CITRATO DE SILDENAFILA	CITRATO DE SILDENAFILA	G4E1 - PRODUTOS PARA DISFUNÇÃO ERÉTIL, INIBIDORES DA PDE5	Genérico	- (*) 	
CITRATO DE SILDENAFILA	VIAGRA	G4E1 - PRODUTOS PARA DISFUNÇÃO ERÉTIL, INIBIDORES DA PDE5	Novo	Tarja Vermelha	
CITRATO DE SILDENAFILA	REVATIO	C6B2 - PRODUTOS HIPERTENSÃO ARTERIAL PULMONAR INIBIDORES DA PDE5	Novo	Tarja Vermelha	
CITRATO DE SUFENTANILA	FASTFEN	N1A2 - ANESTÉSICOS GERAIS INJETÁVEIS	Similar	- (*) 	
CITRATO DE SUFENTANILA	SUFENTA	N1A2 - ANESTÉSICOS GERAIS INJETÁVEIS	Novo	Tarja Preta	
CITRATO DE SÓDIO DI-HIDRATADO	TRICIT	K6A - SOLUÇÕES PARA HEMODIÁLISE	Específico	Tarja Vermelha	
CITRATO DE SÓDIO DI-HIDRATADO	CIFOBAN	K6A - SOLUÇÕES PARA HEMODIÁLISE	Específico	Tarja Vermelha	
CITRATO DE SÓDIO DI-HIDRATADO;CLORETO DE POTÁSSIO;GLICONATO DE ZINCO;CLORETO DE SÓDIO;GLICOSE MONOIDRATADA	PEDIALYTE MAX	A7G - REPOSITORES ORAIS ELECTROLÍTICOS	Específico	Tarja Sem Tarja	
CITRATO DE SÓDIO DI-HIDRATADO;CLORETO DE POTÁSSIO;GLICONATO DE ZINCO;GLICOSE;CLORETO DE SÓDIO	SOROZINC	A7G - REPOSITORES ORAIS ELECTROLÍTICOS	Específico	Tarja Sem Tarja	
CITRATO DE SÓDIO DI-HIDRATADO;CLORETO DE POTÁSSIO;GLICOSE;CLORETO DE SÓDIO	REHIDRAT	A7G - REPOSITORES ORAIS ELECTROLÍTICOS	Específico	Tarja Sem Tarja	
CITRATO DE SÓDIO DI-HIDRATADO;CLORETO DE SÓDIO	REGIOCIT	K6A - SOLUÇÕES PARA HEMODIÁLISE	Específico	Tarja Vermelha	
CITRATO DE SÓDIO DIHIDRATADO;CITRATO DE POTÁSSIO MONOIDRATADO;GLICOSE;CLORETO DE SÓDIO	FLORALYTE	A7G - REPOSITORES ORAIS ELECTROLÍTICOS	Específico	- (*) 	
CITRATO DE TAMOXIFENO	TAMOXIN	L2B1 - HORMÔNIOS ANTIESTROGÊNEOS CITOSTÁTICOS	Similar	Tarja Vermelha	
CITRATO DE TAMOXIFENO	CITRATO DE TAMOXIFENO	L2B1 - HORMÔNIOS ANTIESTROGÊNEOS CITOSTÁTICOS	Genérico	Tarja Vermelha	
CITRATO DE TAMOXIFENO	CITRATO DE TAMOXIFENO	L2B1 - HORMÔNIOS ANTIESTROGÊNEOS CITOSTÁTICOS	Genérico	- (*) 	
CITRATO DE TAMOXIFENO	CITRATO DE TAMOXIFENO	L2B1 - HORMÔNIOS ANTIESTROGÊNEOS CITOSTÁTICOS	Genérico	Tarja Vermelha	
CITRATO DE TAMOXIFENO	TACFEN	L2B1 - HORMÔNIOS ANTIESTROGÊNEOS CITOSTÁTICOS	Similar	Tarja Vermelha	
CITRATO DE TAMOXIFENO	NOLVADEX	L2B1 - HORMÔNIOS ANTIESTROGÊNEOS CITOSTÁTICOS	Novo	- (*) 	
CITRATO DE TAMOXIFENO	TAXOFEN	L2B1 - HORMÔNIOS ANTIESTROGÊNEOS CITOSTÁTICOS	Similar	- (*) 	
CITRATO DE TAMOXIFENO	CITRATO DE TAMOXIFENO	L2B1 - HORMÔNIOS ANTIESTROGÊNEOS CITOSTÁTICOS	Genérico	- (*) 	
CITRATO DE TOFACITINIBE	CITRATO DE TOFACITINIBE	L4X - OUTROS IMUNOSSUPRESSORES	Genérico	Tarja Vermelha	
CITRATO DE TOFACITINIBE	XELJANZ	L4D - INIBIDORES DE JAK	Novo	Tarja Vermelha	
CITRATO DE TOFACITINIBE	XELJANZ XR	L4D - INIBIDORES DE JAK	Novo	Tarja Vermelha	
CLADRIBINA	MAVENCLAD	N7A - PRODUTOS PARA ESCLEROSE MÚLTIPLA	Novo	Tarja Vermelha	
CLADRIBINA	LEUSTATIN	L1B - AGENTES ANTINEOPLÁSICOS ANTIMETABÓLITOS	Novo	Tarja Vermelha sob restrição	
CLARITROMICINA	CLARITROMICINA	J1F - MACROLIDEOS E SIMILARES	Genérico	Tarja Vermelha sob restrição	
CLARITROMICINA	CLARITROMICINA	J1F - MACROLIDEOS E SIMILARES	Genérico	Tarja Vermelha sob restrição	
CLARITROMICINA	CLABAT	J1F - MACROLIDEOS E SIMILARES	Similar	Tarja Vermelha sob restrição	
CLARITROMICINA	CLINBACTER	J1F - MACROLIDEOS E SIMILARES	Similar	Tarja Vermelha	
CLARITROMICINA	KLARICID	J1F - MACROLIDEOS E SIMILARES	Novo	Tarja Vermelha sob restrição	
CLARITROMICINA	CLARITROMICINA	J1F - MACROLIDEOS E SIMILARES	Genérico	- (*) 	
CLARITROMICINA	CLARITROMICINA	J1F - MACROLIDEOS E SIMILARES	Genérico	Tarja Vermelha sob restrição	
CLARITROMICINA	CLARILIB	J1F - MACROLIDEOS E SIMILARES	Similar	Tarja Vermelha sob restrição	
CLARITROMICINA	CLARITROMICINA	J1F - MACROLIDEOS E SIMILARES	Genérico	Tarja Vermelha sob restrição	
CLARITROMICINA	CLARITROMICINA	J1F - MACROLIDEOS E SIMILARES	Genérico	Tarja Vermelha sob restrição	
CLARITROMICINA	CLARITROMICINA	J1F - MACROLIDEOS E SIMILARES	Genérico	Tarja Vermelha	
CLARITROMICINA	CLARITROMICINA	J1F - MACROLIDEOS E SIMILARES	Genérico	Tarja Vermelha sob restrição	
CLARITROMICINA	CLARITROMICINA	J1F - MACROLIDEOS E SIMILARES	Genérico	Tarja Vermelha sob restrição	
CLARITROMICINA	CLARITROMICINA	J1F - MACROLIDEOS E SIMILARES	Genérico	Tarja Vermelha sob restrição	
CLARITROMICINA	CLARITROMICINA	J1F - MACROLIDEOS E SIMILARES	Genérico	Tarja Vermelha sob restrição	
CLATRATO DE ETINILESTRADIOL BETACICLODEXTRINA;DROSPIRENONA	YAZ	G3A1 - HORMÔNIOS CONTRACEPTIVOS MONOFÁSICOS COM ESTROGÊNIOS <50MCG	Novo	- (*) 	
CLAVULANATO DE POTÁSSIO;AMOXICILINA	AMOXICILINA + CLAVULANATO DE POTÁSSIO	J1C1 - PENICILINAS ORAIS DE AMPLO ESPECTRO	Genérico	Tarja Vermelha sob restrição	
CLAVULANATO DE POTÁSSIO;AMOXICILINA	POLICLAVUMOXIL	J1C1 - PENICILINAS ORAIS DE AMPLO ESPECTRO	Similar	Tarja Vermelha sob restrição	
CLAVULANATO DE POTÁSSIO;AMOXICILINA	POLICLAVUMOXIL BD	J1C1 - PENICILINAS ORAIS DE AMPLO ESPECTRO	Similar	Tarja Vermelha sob restrição	
CLAVULANATO DE POTÁSSIO;AMOXICILINA	LÂNICO	J1C1 - PENICILINAS ORAIS DE AMPLO ESPECTRO	Similar	Tarja Vermelha sob restrição	
CLAVULANATO DE POTÁSSIO;AMOXICILINA	AMOXICILINA TRIIDRATADA + CLAVULANATO DE POTÁSSIO	J1C1 - PENICILINAS ORAIS DE AMPLO ESPECTRO	Genérico	Tarja Vermelha sob restrição	
CLAVULANATO DE POTÁSSIO;AMOXICILINA	AMOXICILINA + CLAVULANATO DE POTASSIO	J1C1 - PENICILINAS ORAIS DE AMPLO ESPECTRO	Genérico	Tarja Vermelha sob restrição	
CLAVULANATO DE POTÁSSIO;AMOXICILINA SÓDICA	AMOXICILINA SÓDICA + CLAVULANATO DE POTÁSSIO	J1C2 - PENICILINAS INJETAVEIS DE AMPLO ESPECTRO	Genérico	Tarja Vermelha	
CLAVULANATO DE POTÁSSIO;AMOXICILINA SÓDICA	AMOXICILINA SÓDICA + CLAVULANATO DE POTÁSSIO	J1C2 - PENICILINAS INJETAVEIS DE AMPLO ESPECTRO	Genérico	Tarja Vermelha sob restrição	
CLAVULANATO DE POTÁSSIO;AMOXICILINA SÓDICA	AMOXICILINA + CLAVULANATO DE POTÁSSIO	J1C2 - PENICILINAS INJETAVEIS DE AMPLO ESPECTRO	Genérico	Tarja Vermelha sob restrição	
CLAVULANATO DE POTÁSSIO;AMOXICILINA SÓDICA	AMOXICILINA + CLAVULANATO DE POTÁSSIO	J1C2 - PENICILINAS INJETAVEIS DE AMPLO ESPECTRO	Genérico	Tarja Vermelha sob restrição	
CLAVULANATO DE POTÁSSIO;AMOXICILINA SÓDICA	DOCLAXIN	J1C2 - PENICILINAS INJETAVEIS DE AMPLO ESPECTRO	Similar	Tarja Vermelha sob restrição	
CLAVULANATO DE POTÁSSIO;AMOXICILINA SÓDICA	ÁCIDO CLAVULÂNICO + AMOXICILINA	J1C2 - PENICILINAS INJETAVEIS DE AMPLO ESPECTRO	Genérico	Tarja Vermelha sob restrição	
CLAVULANATO DE POTÁSSIO;AMOXICILINA SÓDICA	AMOXICILINA SÓDICA + CLAVULANATO DE POTÁSSIO	J1C2 - PENICILINAS INJETAVEIS DE AMPLO ESPECTRO	Genérico	Tarja Vermelha sob restrição	
CLAVULANATO DE POTÁSSIO;AMOXICILINA TRI-HIDRATADA	SINOT CLAV	J1C1 - PENICILINAS ORAIS DE AMPLO ESPECTRO	Similar	Tarja Vermelha sob restrição	
CLAVULANATO DE POTÁSSIO;AMOXICILINA TRI-HIDRATADA	ATAK CLAV	J1C1 - PENICILINAS ORAIS DE AMPLO ESPECTRO	Similar	Tarja Vermelha sob restrição	
CLAVULANATO DE POTÁSSIO;AMOXICILINA TRI-HIDRATADA	CLAXAM	J1C1 - PENICILINAS ORAIS DE AMPLO ESPECTRO	Similar	Tarja Vermelha	
CLAVULANATO DE POTÁSSIO;AMOXICILINA TRI-HIDRATADA	AMOXICILINA TRI-HIDRATADA + CLAVULANATO DE POTÁSSIO	J1C1 - PENICILINAS ORAIS DE AMPLO ESPECTRO	Genérico	Tarja Vermelha sob restrição	
CLAVULANATO DE POTÁSSIO;AMOXICILINA TRI-HIDRATADA	AMOXICILINA + CLAVULANATO DE POTÁSSIO	J1C1 - PENICILINAS ORAIS DE AMPLO ESPECTRO	Genérico	Tarja Vermelha sob restrição	
CLAVULANATO DE POTÁSSIO;AMOXICILINA TRI-HIDRATADA	AMOXICILINA + CLAVULANATO DE POTÁSSIO	J1C1 - PENICILINAS ORAIS DE AMPLO ESPECTRO	Genérico	Tarja Vermelha sob restrição	
CLAVULANATO DE POTÁSSIO;AMOXICILINA TRI-HIDRATADA	AMCLAVU	J1C1 - PENICILINAS ORAIS DE AMPLO ESPECTRO	Similar	Tarja Vermelha sob restrição	
CLAVULANATO DE POTÁSSIO;AMOXICILINA TRI-HIDRATADA	AMOXICILINA+CLAVULANATO DE POTASSIO	J1C1 - PENICILINAS ORAIS DE AMPLO ESPECTRO	Genérico	Tarja Vermelha sob restrição	
CLAVULANATO DE POTÁSSIO;AMOXICILINA TRI-HIDRATADA	AMOXICILINA + CLAVULANATO DE POTÁSSIO	J1C1 - PENICILINAS ORAIS DE AMPLO ESPECTRO	Genérico	Tarja Vermelha sob restrição	
CLAVULANATO DE POTÁSSIO;AMOXICILINA TRI-HIDRATADA	SIGMA-CLAV BD	J1C1 - PENICILINAS ORAIS DE AMPLO ESPECTRO	Similar	Tarja Vermelha sob restrição	
CLAVULANATO DE POTÁSSIO;AMOXICILINA TRI-HIDRATADA	SIGMA CLAV	J1C1 - PENICILINAS ORAIS DE AMPLO ESPECTRO	Similar	Tarja Vermelha sob restrição	
CLAVULANATO DE POTÁSSIO;AMOXICILINA TRI-HIDRATADA	AMOXICILINA + CLAVULANATO DE POTÁSSIO	J1C1 - PENICILINAS ORAIS DE AMPLO ESPECTRO	Genérico	Tarja Vermelha sob restrição	
CLAVULANATO DE POTÁSSIO;TICARCILINA DISSÓDICA	TIOXIN	J1L - CARBENICILINAS E SIMILARES	Similar	Tarja Vermelha	
CLIOQUINOL;HIDROCORTISONA	HIDROCORTE	D7B1 - CORTICOESTERÓIDES ASSOCIADOS A ANTIBACTERIANOS	Similar	- (*) 	
CLIOQUINOL;PREDNISOLONA;SULFATO DE POLIMIXINA B;BENZOCAÍNA	PREDMICIN	D7B1 - CORTICOESTERÓIDES ASSOCIADOS A ANTIBACTERIANOS	Novo	- (*) 	
CLIOQUINOL;SULFATO DE GENTAMICINA;TOLNAFTATO;VALERATO DE BETAMETASONA	VALERATO DE BETAMETASONA + SULFATO DE GENTAMICINA + TOLNAFTATO + CLIOQUINOL	D7B3 - CORTICOESTERÓIDES ASSOCIADOS A ANTIMICÓTICOS E ANTIBACTERIANOS	Genérico	Tarja Vermelha	
CLIOQUINOL;SULFATO DE GENTAMICINA;TOLNAFTATO;VALERATO DE BETAMETASONA	DERMATISAN	D7B3 - CORTICOESTERÓIDES ASSOCIADOS A ANTIMICÓTICOS E ANTIBACTERIANOS	Similar	Tarja Vermelha	
CLIOQUINOL;SULFATO DE GENTAMICINA;TOLNAFTATO;VALERATO DE BETAMETASONA	VALERATO DE BETAMETASONA + SULFATO DE GETAMICINA + TOLNAFTATO + CLIOQUINOL	D7B3 - CORTICOESTERÓIDES ASSOCIADOS A ANTIMICÓTICOS E ANTIBACTERIANOS	Genérico	Tarja Vermelha	
CLIOQUINOL;SULFATO DE GENTAMICINA;TOLNAFTATO;VALERATO DE BETAMETASONA	VALERATO DE BETAMETASONA + SULFATO DE GENTAMICINA + TOLNAFTATO + CLIOQUINOL	D7B3 - CORTICOESTERÓIDES ASSOCIADOS A ANTIMICÓTICOS E ANTIBACTERIANOS	Genérico	- (*) 	
CLIOQUINOL;SULFATO DE GENTAMICINA;TOLNAFTATO;VALERATO DE BETAMETASONA	CREMEDERME	D7B3 - CORTICOESTERÓIDES ASSOCIADOS A ANTIMICÓTICOS E ANTIBACTERIANOS	Similar	- (*) 	
CLIOQUINOL;SULFATO DE GENTAMICINA;TOLNAFTATO;VALERATO DE BETAMETASONA	VALERATO DE BETAMETASONA + SULFATO DE GENTAMICINA + TOLNAFTATO + CLIOQUINOL	D7B3 - CORTICOESTERÓIDES ASSOCIADOS A ANTIMICÓTICOS E ANTIBACTERIANOS	Genérico	Tarja Vermelha	
CLIOQUINOL;SULFATO DE GENTAMICINA;TOLNAFTATO;VALERATO DE BETAMETASONA	POLIDERMS	D7B3 - CORTICOESTERÓIDES ASSOCIADOS A ANTIMICÓTICOS E ANTIBACTERIANOS	Similar	Tarja Vermelha sob restrição	
CLIOQUINOL;SULFATO DE GENTAMICINA;TOLNAFTATO;VALERATO DE BETAMETASONA	VALERATO DE BETAMETASONA + SULFATO DE GENTAMICINA + TOLNAFTATO + CLIOQUINOL	D7B3 - CORTICOESTERÓIDES ASSOCIADOS A ANTIMICÓTICOS E ANTIBACTERIANOS	Genérico	Tarja Vermelha sob restrição	
CLIOQUINOL;SULFATO DE GENTAMICINA;TOLNAFTATO;VALERATO DE BETAMETASONA	VALERATO DE BETAMETASONA + SULFATO DE GENTAMICINA + TOLNAFTATO + CLIOQUINOL	D7B3 - CORTICOESTERÓIDES ASSOCIADOS A ANTIMICÓTICOS E ANTIBACTERIANOS	Genérico	Tarja Vermelha	
CLIOQUINOL;SULFATO DE GENTAMICINA;TOLNAFTATO;VALERATO DE BETAMETASONA	VALERATO DE BETAMETASONA + SULFATO DE GENTAMICINA + CLIOQUINOL + TOLNAFTATO POMADA	D7B3 - CORTICOESTERÓIDES ASSOCIADOS A ANTIMICÓTICOS E ANTIBACTERIANOS	Genérico	Tarja Vermelha sob restrição	
CLIOQUINOL;SULFATO DE GENTAMICINA;TOLNAFTATO;VALERATO DE BETAMETASONA	VALERATO DE BETAMETASONA + SULFATO DE GENTAMICINA + TOLNAFTATO + CLIOQUINOL	D7B3 - CORTICOESTERÓIDES ASSOCIADOS A ANTIMICÓTICOS E ANTIBACTERIANOS	Genérico	Tarja Vermelha	
CLIOQUINOL;SULFATO DE GENTAMICINA;TOLNAFTATO;VALERATO DE BETAMETASONA	VALERATO DE BETAMETASONA + SULFATO DE GENTAMICINA + CLIOQUINOL + TOLNAFTATO	D7B3 - CORTICOESTERÓIDES ASSOCIADOS A ANTIMICÓTICOS E ANTIBACTERIANOS	Genérico	Tarja Vermelha sob restrição	
CLIOQUINOL;SULFATO DE GENTAMICINA;TOLNAFTATO;VALERATO DE BETAMETASONA	VALERATO DE BETAMETASONA + SULFATO DE GENTAMICINA + TOLNAFTATO + CLIOQUINOL	D7B3 - CORTICOESTERÓIDES ASSOCIADOS A ANTIMICÓTICOS E ANTIBACTERIANOS	Genérico	- (*) 	
CLIOQUINOL;SULFATO DE GENTAMICINA;TOLNAFTATO;VALERATO DE BETAMETASONA	CLIOQDERM	D7B3 - CORTICOESTERÓIDES ASSOCIADOS A ANTIMICÓTICOS E ANTIBACTERIANOS	Similar	- (*) 	
CLIOQUINOL;SULFATO DE GENTAMICINA;TOLNAFTATO;VALERATO DE BETAMETASONA	QUADRILON	D7B3 - CORTICOESTERÓIDES ASSOCIADOS A ANTIMICÓTICOS E ANTIBACTERIANOS	Similar	Tarja Vermelha sob restrição	
CLIOQUINOL;SULFATO DE GENTAMICINA;TOLNAFTATO;VALERATO DE BETAMETASONA	QUADRIDERM	D7B3 - CORTICOESTERÓIDES ASSOCIADOS A ANTIMICÓTICOS E ANTIBACTERIANOS	Novo	Tarja Vermelha sob restrição	
CLOBAZAM	URBANIL	N5C - TRANQUILIZANTES	Novo	Tarja Preta	
CLOBAZAM	FRISIUM	N5C - TRANQUILIZANTES	Novo	Tarja Preta	
CLONAZEPAM	CLONAZEPAM	N3A - ANTIEPILÉPTICOS	Genérico	- (*) 	
CLONAZEPAM	CLONAZEPAM	N3A - ANTIEPILÉPTICOS	Genérico	- (*) 	
CLONAZEPAM	CLONAZEPAM	N3A - ANTIEPILÉPTICOS	Genérico	Tarja Preta	
CLONAZEPAM	CLOPAM	N3A - ANTIEPILÉPTICOS	Similar	- (*) 	
CLONAZEPAM	CLONAZEPAM	N3A - ANTIEPILÉPTICOS	Genérico	Tarja Preta	
CLONAZEPAM	CLONAZEPAM	N3A - ANTIEPILÉPTICOS	Genérico	Tarja Preta	
CLONAZEPAM	CLONAZEPAM	N3A - ANTIEPILÉPTICOS	Genérico	Tarja Preta	
CLONAZEPAM	CLONAZEPAM	N3A - ANTIEPILÉPTICOS	Genérico	- (*) 	
CLONAZEPAM	RIVOTRIL	N3A - ANTIEPILÉPTICOS	Novo	Tarja Preta	
CLONAZEPAM	CLONAZEPAM	N3A - ANTIEPILÉPTICOS	Genérico	Tarja Preta	
CLONAZEPAM	CLONAZEPAM	N3A - ANTIEPILÉPTICOS	Genérico	Tarja Preta	
CLONAZEPAM	CLONAZEPAM (PORT. 344/98 – LISTA B1)	N3A - ANTIEPILÉPTICOS	Genérico	- (*) 	
CLONAZEPAM	CLONAZEPAM	N3A - ANTIEPILÉPTICOS	Genérico	Tarja Preta	
CLONAZEPAM	CLONAZEPAM	N3A - ANTIEPILÉPTICOS	Genérico	Tarja Preta	
CLONAZEPAM	AZENPI	N3A - ANTIEPILÉPTICOS	Similar	Tarja Preta	
CLONAZEPAM	ZILEPAM	N3A - ANTIEPILÉPTICOS	Similar	- (*) 	
CLONAZEPAM	CLONAZEPAM	N3A - ANTIEPILÉPTICOS	Genérico	Tarja Preta	
CLONAZEPAM	CLONAZEPAM	N3A - ANTIEPILÉPTICOS	Genérico	Tarja Preta	
CLONAZEPAM	CLONAZEPAM	N3A - ANTIEPILÉPTICOS	Genérico	Tarja Preta	
CLONIXINATO DE LISINA	DOLAMIN	N2B1 - ANALGÉSICOS NÃO NARCÓTICOS E ANTIPIRÉTICOS SOB PRESCRIÇÃO	Novo	Tarja Vermelha	
CLONIXINATO DE LISINA;CLORIDRATO DE CICLOBENZAPRINA	CLONIXINATO DE LISINA + CLORIDRATO DE CICLOBENZAPRIN	M3B - RELAXANTE MUSCULAR DE AÇÃO CENTRAL	Genérico	Tarja Vermelha	
CLONIXINATO DE LISINA;CLORIDRATO DE CICLOBENZAPRINA	BENZIFLEX LIS	M3B - RELAXANTE MUSCULAR DE AÇÃO CENTRAL	Similar	- (*) 	
CLONIXINATO DE LISINA;CLORIDRATO DE CICLOBENZAPRINA	MIOGESIC LIS	M3B - RELAXANTE MUSCULAR DE AÇÃO CENTRAL	Similar	Tarja Vermelha	
CLONIXINATO DE LISINA;CLORIDRATO DE CICLOBENZAPRINA	DOLAMIN FLEX	M3B - RELAXANTE MUSCULAR DE AÇÃO CENTRAL	Novo	Tarja Vermelha	
CLORAMBUCILA	LEUKERAN	L1A - AGENTES ANTINEOPLÁSICOS ALQUILANTES	Novo	Tarja Vermelha	
CLORANFENICOL;ACETATO DE RETINOL;AMINOÁCIDOS;METIONINA (11 C)	REGENCEL	S1X2 - OUTROS PRODUTOS OFTALMOLÓGICO TÓPICOS	Similar	Tarja Vermelha sob restrição	
CLORANFENICOL;COLAGENASE	KOLLAGENASE COM CLORANFENICOL	D3A9 - TODOS OUTROS PRODUTOS PARA TRATAMENTO DE FERIDAS	Similar	- (*) 	
CLORANFENICOL;COLAGENASE	DBRIZ	D3A9 - TODOS OUTROS PRODUTOS PARA TRATAMENTO DE FERIDAS	Biológico	Tarja Vermelha	
CLORANFENICOL;COLAGENASE	IRUXOL	D3A9 - TODOS OUTROS PRODUTOS PARA TRATAMENTO DE FERIDAS	Biológico	- (*) 	
CLORANFENICOL;COLAGENASE	KOLPOCERVIX	D3A9 - TODOS OUTROS PRODUTOS PARA TRATAMENTO DE FERIDAS	Biológico	Tarja Vermelha sob restrição	
CLORANFENICOL;FIBRINOLISINA;DESOXIRRIBONUCLEASE	FIBRINASE COM CLORANFENICOL	D3A9 - TODOS OUTROS PRODUTOS PARA TRATAMENTO DE FERIDAS	Novo	- (*) 	
CLORDIAZEPÓXIDO;CLORIDRATO DE AMITRIPTILINA	LIMBITROL	N6C - ASSOCIAÇÕES PSICOLÉPTICAS E PSICOANALÉPTICAS	Similar	Tarja Preta	
CLORETO DE AMÔNIO;CITRATO DE SÓDIO DI-HIDRATADO;CLORIDRATO DE DIFENIDRAMINA	BENATUX	R5C - EXPECTORANTES	Similar	Tarja Sem Tarja	
CLORETO DE AMÔNIO;CITRATO DE SÓDIO;CLORIDRATO DE DIFENIDRAMINA	ENDCOFF	R5C - EXPECTORANTES	Similar	- (*) 	
CLORETO DE AMÔNIO;CITRATO DE SÓDIO;CLORIDRATO DE DIFENIDRAMINA	BENALET	R2A - PREPARAÇÕES PARA GARGANTA	Novo	Tarja Sem Tarja	
CLORETO DE AMÔNIO;CITRATO DE SÓDIO;CLORIDRATO DE DIFENIDRAMINA	BENALET	R2A - PREPARAÇÕES PARA GARGANTA	Novo	Tarja Sem Tarja	
CLORETO DE BENZALCÔNIO	SINUSTRAT	R1A4 - ANTI-INFECCIOSOS NASAIS SEM CORTICOSTERÓIDES	Específico	- (*) 	
CLORETO DE BENZALCÔNIO	BIO - VAGIN	G1A2 - TRICOMONICIDAS TÓPICOS	Similar	Tarja Vermelha sob restrição	
CLORETO DE BENZALCÔNIO	KURAMED	D8A1 - ANTISSEPTICOS E DESINFETANTES, EXCETO PRODUTOS PARA AS MAOS	Similar	Tarja Sem Tarja	
CLORETO DE BENZALCÔNIO	NEONAZOL	R1A7 - DESCONGESTIONANTES NASAIS	Similar	- (*) 	
CLORETO DE BENZALCÔNIO;BENZOILMETRONIDAZOL;NISTATINA	COLPISTATIN	G1A2 - TRICOMONICIDAS TÓPICOS	Similar	- (*) 	
CLORETO DE BENZALCÔNIO;BENZOILMETRONIDAZOL;NISTATINA	BENZOILMETRONIDAZOL + NISTATINA + CLORETO DE BENZALCÔNIO	G1A2 - TRICOMONICIDAS TÓPICOS	Genérico	- (*) 	
CLORETO DE BENZALCÔNIO;BENZOILMETRONIDAZOL;NISTATINA	COLPIST MT	G1A2 - TRICOMONICIDAS TÓPICOS	Similar	Tarja Vermelha sob restrição	
CLORETO DE BENZALCÔNIO;ÁCIDO BÓRICO	DINILL	S1G6 - ANTISSÉPTICOS OFTALMOLÓGICOS	Novo	- (*) 	
CLORETO DE BENZALCÔNIO;ÁCIDO BÓRICO	HIGICLER	S1G6 - ANTISSÉPTICOS OFTALMOLÓGICOS	Similar	Tarja Sem Tarja	
CLORETO DE BENZALCÔNIO;ÓXIDO DE ZINCO;CÂNFORA (2-BORNANONA)	POMADA MINANCORA	D11A - OUTRAS PREPARAÇÕES DERMATOLOGICAS	Novo	- (*) 	
CLORETO DE CETILPIRIDÍNIO	LARINGEX	R2A - PREPARAÇÕES PARA GARGANTA	Similar	- (*) 	
CLORETO DE CETILPIRIDÍNIO;BENZOCAÍNA	SANILIN	R2A - PREPARAÇÕES PARA GARGANTA	Similar	Tarja Sem Tarja	
CLORETO DE CETILPIRIDÍNIO;BENZOCAÍNA	RESFEGARGANTA	R2A - PREPARAÇÕES PARA GARGANTA	Similar	Tarja Sem Tarja	
CLORETO DE CETILPIRIDÍNIO;BENZOCAÍNA	DESAFTALIV	R2A - PREPARAÇÕES PARA GARGANTA	Similar	Tarja Sem Tarja	
CLORETO DE CETILPIRIDÍNIO;BENZOCAÍNA	NEOPIRIDIN	R2A - PREPARAÇÕES PARA GARGANTA	Similar	- (*) 	
CLORETO DE CÁLCIO	RINGER COM LACTATO	K1A7 - SOLUÇÕES DE RINGER E RINGER LACTATO	Específico	- (*) 	
CLORETO DE CÁLCIO 2H2O	RINGER	K1A7 - SOLUÇÕES DE RINGER E RINGER LACTATO	Específico	- (*) 	
CLORETO DE CÁLCIO DI-HIDRATADO	CALRECIA	K6A - SOLUÇÕES PARA HEMODIÁLISE	Específico	Tarja Vermelha	
CLORETO DE CÁLCIO DI-HIDRATADO;CLORETO DE MAGNÉSIO HEXAIDRATADO;BICARBONATO DE SÓDIO;CLORETO DE POTÁSSIO;CLORETO DE SÓDIO;GLICOSE MONOIDRATADA	MULTIBIC	K6A - SOLUÇÕES PARA HEMODIÁLISE	Específico	Tarja Vermelha	
CLORETO DE CÁLCIO DIIDRATADO	CLORETO DE CÁLCIO 10%	K4A1 - SOLUÇÕES ELECTROLÍTICAS (<=20ML)	Específico	Tarja Vermelha	
CLORETO DE CÁLCIO DIIDRATADO;CLORETO DE MAGNÉSIO HEXAIDRATADO;BICARBONATO DE SÓDIO;CLORETO DE POTÁSSIO;CLORETO DE SÓDIO;GLICOSE MONOIDRATADA	DUOSOL COM POTÁSSIO	K6C - SOLUÇÕES DE HEMOFILTRAÇÃO	Específico	Tarja Vermelha	
CLORETO DE CÁLCIO DIIDRATADO;CLORETO DE MAGNÉSIO HEXAIDRATADO;BICARBONATO DE SÓDIO;CLORETO DE SÓDIO;GLICOSE MONOIDRATADA	DUOSOL SEM POTÁSSIO	K6C - SOLUÇÕES DE HEMOFILTRAÇÃO	Específico	Tarja Vermelha	
CLORETO DE CÁLCIO DIIDRATADO;CLORETO DE MAGNÉSIO HEXAIDRATADO;CLORETO DE POTÁSSIO;CLORETO DE SÓDIO	CPHD AC	K6A - SOLUÇÕES PARA HEMODIÁLISE	Específico	Tarja Vermelha	
CLORETO DE CÁLCIO DIIDRATADO;CLORETO DE MAGNÉSIO HEXAIDRATADO;CLORETO DE POTÁSSIO;CLORETO DE SÓDIO	CPHD GENIUS	K6A - SOLUÇÕES PARA HEMODIÁLISE	Específico	Tarja Vermelha	
CLORETO DE CÁLCIO DIIDRATADO;CLORETO DE MAGNÉSIO HEXAIDRATADO;CLORETO DE POTÁSSIO;CLORETO DE SÓDIO	CPHD 24/34	K6A - SOLUÇÕES PARA HEMODIÁLISE	Específico	Tarja Vermelha	
CLORETO DE CÁLCIO DIIDRATADO;CLORETO DE MAGNÉSIO HEXAIDRATADO;CLORETO DE POTÁSSIO;CLORETO DE SÓDIO;ÁCIDO ACÉTICO	FRAÇÃO ÁCIDA CA ++ 3,0 MEQ/L 1:44	K6A - SOLUÇÕES PARA HEMODIÁLISE	Específico	- (*) 	
CLORETO DE CÁLCIO DIIDRATADO;CLORETO DE MAGNÉSIO HEXAIDRATADO;CLORETO DE POTÁSSIO;GLICOSE;CLORETO DE SÓDIO	CPHD AC 35 C/ GLICOSE	K6A - SOLUÇÕES PARA HEMODIÁLISE	Específico	Tarja Vermelha	
CLORETO DE CÁLCIO DIIDRATADO;CLORETO DE POTÁSSIO;CLORETO DE SÓDIO	B.BRAUN SOLUÇÃO DE RINGER Nº3	K1A7 - SOLUÇÕES DE RINGER E RINGER LACTATO	Específico	- (*) 	
CLORETO DE CÁLCIO DIIDRATADO;CLORETO DE POTÁSSIO;CLORETO DE SÓDIO	RINGER	K1A7 - SOLUÇÕES DE RINGER E RINGER LACTATO	Específico	- (*) 	
CLORETO DE CÁLCIO DIIDRATADO;CLORETO DE POTÁSSIO;CLORETO DE SÓDIO	RINGER	K1A7 - SOLUÇÕES DE RINGER E RINGER LACTATO	Específico	Tarja Vermelha	
CLORETO DE CÁLCIO DIIDRATADO;CLORETO DE POTÁSSIO;CLORETO DE SÓDIO	SOLUÇÃO RINGER SIMPLES EQUIPLEX	K1A7 - SOLUÇÕES DE RINGER E RINGER LACTATO	Específico	Tarja Vermelha	
CLORETO DE CÁLCIO DIIDRATADO;LACTATO DE SÓDIO;CLORETO DE MAGNÉSIO HEXAIDRATADO;CLORETO DE SÓDIO	LACTASOL	K6C - SOLUÇÕES DE HEMOFILTRAÇÃO	Específico	- (*) 	
CLORETO DE CÁLCIO DIIDRATADO;LACTATO DE SÓDIO;CLORETO DE MAGNÉSIO HEXAIDRATADO;CLORETO DE SÓDIO;GLICOSE MONOIDRATADA	DIANEAL PD-2	K6B - SOLUÇÕES PARA DIÁLISE PERITONEAL	Específico	Tarja Vermelha	
CLORETO DE CÁLCIO DIIDRATADO;LACTATO DE SÓDIO;CLORETO DE MAGNÉSIO HEXAIDRATADO;CLORETO DE SÓDIO;GLICOSE MONOIDRATADA	PERITOSTERIL	K6B - SOLUÇÕES PARA DIÁLISE PERITONEAL	Específico	Tarja Vermelha	
CLORETO DE CÁLCIO DIIDRATADO;LACTATO DE SÓDIO;CLORETO DE POTÁSSIO;CLORETO DE SÓDIO	SOLUÇÃO RINGER COM LACTATO	K1A7 - SOLUÇÕES DE RINGER E RINGER LACTATO	Específico	- (*) 	
CLORETO DE CÁLCIO DIIDRATADO;LACTATO DE SÓDIO;CLORETO DE POTÁSSIO;CLORETO DE SÓDIO	SOLUÇÃO FISIOLÓGICA DE RINGER COM LACTATO	K1A7 - SOLUÇÕES DE RINGER E RINGER LACTATO	Específico	Tarja Vermelha	
CLORETO DE CÁLCIO DIIDRATADO;LACTATO DE SÓDIO;CLORETO DE POTÁSSIO;CLORETO DE SÓDIO	SOLUÇÃO DE RINGER COM LACTATO	K1A7 - SOLUÇÕES DE RINGER E RINGER LACTATO	Específico	- (*) 	
CLORETO DE CÁLCIO DIIDRATADO;LACTATO DE SÓDIO;CLORETO DE POTÁSSIO;CLORETO DE SÓDIO	SOLUÇÃO DE RINGER COM LACTATO	K1A7 - SOLUÇÕES DE RINGER E RINGER LACTATO	Específico	Tarja Vermelha	
CLORETO DE CÁLCIO DIIDRATADO;LACTATO DE SÓDIO;CLORETO DE POTÁSSIO;CLORETO DE SÓDIO	RINGER COM LACTATO	K1A7 - SOLUÇÕES DE RINGER E RINGER LACTATO	Específico	- (*) 	
CLORETO DE CÁLCIO DIIDRATADO;LACTATO DE SÓDIO;CLORETO DE POTÁSSIO;CLORETO DE SÓDIO	SOLUÇÃO RINGER COM LACTATO	K1A7 - SOLUÇÕES DE RINGER E RINGER LACTATO	Específico	Tarja Vermelha	
CLORETO DE CÁLCIO;BICARBONATO DE SÓDIO;CLORETO DE POTÁSSIO;CLORETO DE SÓDIO;CLORETO DE MAGNÉSIO	CPHD SMP 35	K6A - SOLUÇÕES PARA HEMODIÁLISE	Específico	Tarja Vermelha	
CLORETO DE CÁLCIO;BICARBONATO DE SÓDIO;CLORETO DE POTÁSSIO;CLORETO DE SÓDIO;ÁCIDO ACÉTICO;CLORETO DE MAGNÉSIO	CLORETO DE SÓDIO + CLORETO DE CÁLCIO + ASSOCIAÇÕES FARMACE	K6A - SOLUÇÕES PARA HEMODIÁLISE	Específico	- (*) 	
CLORETO DE CÁLCIO;CLORETO DE MAGNÉSIO HEXAIDRATADO;CLORETO DE POTÁSSIO;CLORETO DE SÓDIO;ÁCIDO ACÉTICO	CPHD - CONCENTRADO ÁCIDO PARA HEMODIÁLISE SEM GLICOSE	K6A - SOLUÇÕES PARA HEMODIÁLISE	Específico	- (*) 	
CLORETO DE CÁLCIO;CLORETO DE MAGNÉSIO HEXAIDRATADO;CLORETO DE POTÁSSIO;GLICOSE;CLORETO DE SÓDIO	CPHD COM GLICOSE	K6A - SOLUÇÕES PARA HEMODIÁLISE	Específico	Tarja Vermelha sob restrição	
CLORETO DE CÁLCIO;CLORETO DE POTÁSSIO;CLORETO DE SÓDIO	FARMACE - RINGER	K1A7 - SOLUÇÕES DE RINGER E RINGER LACTATO	Específico	Tarja Vermelha	
CLORETO DE CÁLCIO;CLORETO DE POTÁSSIO;CLORETO DE SÓDIO;CLORETO DE MAGNÉSIO	CPHD SEM GLICOSE 1:44	K6A - SOLUÇÕES PARA HEMODIÁLISE	Específico	Tarja Vermelha	
CLORETO DE CÁLCIO;CLORETO DE POTÁSSIO;GLICOSE;CLORETO DE SÓDIO;ÁCIDO ACÉTICO;CLORETO DE MAGNÉSIO	FARMARIN CPHD	K6A - SOLUÇÕES PARA HEMODIÁLISE	Específico	- (*) 	
CLORETO DE CÁLCIO;LACTATO DE SÓDIO;CLORETO DE POTÁSSIO;CLORETO DE SÓDIO	BAXTER SOLUÇÃO DE RINGER COM LACTATO	K1A7 - SOLUÇÕES DE RINGER E RINGER LACTATO	Específico	- (*) 	
CLORETO DE MAGNÉSIO HEXAIDRATADO	FARMACE CPHD - FRAÇÃO ÁCIDA COM CÁLCIO 2,5 MEQ/L	K6A - SOLUÇÕES PARA HEMODIÁLISE	Específico	- (*) 	
CLORETO DE MAGNÉSIO HEXAIDRATADO;BICARBONATO DE SÓDIO;CLORETO DE SÓDIO;GLICOSE MONOIDRATADA	LONADIAL	K6A - SOLUÇÕES PARA HEMODIÁLISE	Específico	Tarja Vermelha	
CLORETO DE MARALIXIBATE	LIVMARLI	A5A1 - COLERÉTICOS E COLECINÉTICOS	Novo	Tarja Vermelha	
CLORETO DE METILTIONÍNIO;ATROPA BELLADONNA;ALOÍNA;TEOBROMINA;COSTUS SPICATUS	PILULAS DE LUSSEN	G4B9 - TODOS OUTROS PRODUTOS UROLOGICOS	Novo	- (*) 	
CLORETO DE POTÁSSIO	ISOFARMA-SOLUÇÃO DE CLORETO DE POTÁSSIO	A12B - SUPLEMENTOS MINERAIS Á BASE DE POTÁSSIO	Específico	- (*) 	
CLORETO DE POTÁSSIO	SOLUÇÃO DE RINGER COM LACTATO DE SÓDIO	K1A7 - SOLUÇÕES DE RINGER E RINGER LACTATO	Específico	Tarja Vermelha	
CLORETO DE POTÁSSIO	SLOW-K	A12B - SUPLEMENTOS MINERAIS Á BASE DE POTÁSSIO	Específico	Tarja Vermelha	
CLORETO DE POTÁSSIO	SOLUÇÃO DE CLORETO DE POTÁSSIO	A12B - SUPLEMENTOS MINERAIS Á BASE DE POTÁSSIO	Específico	Tarja Vermelha	
CLORETO DE POTÁSSIO	CLORETO DE POTÁSSIO 19,1%	A12B - SUPLEMENTOS MINERAIS Á BASE DE POTÁSSIO	Específico	- (*) 	
CLORETO DE POTÁSSIO	SOLUÇÃO DE CLORETO DE POTASSIO	A12B - SUPLEMENTOS MINERAIS Á BASE DE POTÁSSIO	Específico	- (*) 	
CLORETO DE POTÁSSIO	IONCLOR	A12B - SUPLEMENTOS MINERAIS Á BASE DE POTÁSSIO	Específico	Tarja Vermelha	
CLORETO DE POTÁSSIO	CLORETO DE POTASSIO	A12B - SUPLEMENTOS MINERAIS Á BASE DE POTÁSSIO	Específico	- (*) 	
CLORETO DE POTÁSSIO	CLORETO DE POTÁSSIO	K4B2 - SOLUÇÕES ELETROLÍTICAS (>20ML E <100ML)	Específico	Tarja Vermelha	
CLORETO DE POTÁSSIO;GLICOSE;CLORETO DE SÓDIO	MIXISTAR	K1A3 - SOLUÇÕES ELETROLÍTICAS ½	Específico	Tarja Vermelha	
CLORETO DE POTÁSSIO;GLICOSE;CLORETO DE SÓDIO	REHIDRAZOL	A7G - REPOSITORES ORAIS ELECTROLÍTICOS	Específico	- (*) 	
CLORETO DE RÁDIO (223 RA)	XOFIGO	V3C - RADIOFÁRMACOS	Radiofármaco	- (*) 	
CLORETO DE SUXAMETÔNIO	SUCCITRAT	M3A - RELAXANTE MUSCULAR DE AÇÃO PERIFÉRICA	Similar	Tarja Vermelha	
CLORETO DE SUXAMETÔNIO DI-HIDRATADO	SUCCINIL COLIN	M3A - RELAXANTE MUSCULAR DE AÇÃO PERIFÉRICA	Similar	Tarja Vermelha sob restrição	
CLORETO DE SÓDIO	MAXIDRATE	R1A9 - OUTRAS PREPARAÇÕES TÓPICAS NASAIS	Específico	Tarja Sem Tarja	
CLORETO DE SÓDIO	CLORETO DE SÓDIO	K1B1 - SOLUÇÕES DE CLORETO SÓDIO	Específico	- (*) 	
CLORETO DE SÓDIO	CLORETO DE SÓDIO 0,9%	K1B1 - SOLUÇÕES DE CLORETO SÓDIO	Específico	Tarja Vermelha	
CLORETO DE SÓDIO	SOLUÇÃO DE CLORETO DE SODIO B.BRAUN	K1B1 - SOLUÇÕES DE CLORETO SÓDIO	Específico	- (*) 	
CLORETO DE SÓDIO	SOLUÇÃO FISIOLÓGICA A 0,9%	K1B1 - SOLUÇÕES DE CLORETO SÓDIO	Específico	Tarja Vermelha	
CLORETO DE SÓDIO	CLORETO DE SÓDIO	K1B1 - SOLUÇÕES DE CLORETO SÓDIO	Específico	- (*) 	
CLORETO DE SÓDIO	ISOFARMA-SOLUÇÃO DE CLORETO DE SODIO	K1B1 - SOLUÇÕES DE CLORETO SÓDIO	Específico	Tarja Vermelha	
CLORETO DE SÓDIO	CLORETO DE SÓDIO BEKER	K1B1 - SOLUÇÕES DE CLORETO SÓDIO	Específico	Tarja Vermelha	
CLORETO DE SÓDIO	CLORETO DE SÓDIO	K1B1 - SOLUÇÕES DE CLORETO SÓDIO	Específico	- (*) 	
CLORETO DE SÓDIO	MARESIS HT	R1A9 - OUTRAS PREPARAÇÕES TÓPICAS NASAIS	Específico	Tarja Sem Tarja	
CLORETO DE SÓDIO	JP FISIOLÓGICO	K1B1 - SOLUÇÕES DE CLORETO SÓDIO	Específico	- (*) 	
CLORETO DE SÓDIO	CLORETO DE SÓDIO JP FISIOLÓGICO	K1B1 - SOLUÇÕES DE CLORETO SÓDIO	Específico	Tarja Vermelha	
CLORETO DE SÓDIO	CONIDRIN 3%	R1A9 - OUTRAS PREPARAÇÕES TÓPICAS NASAIS	Específico	Tarja Sem Tarja	
CLORETO DE SÓDIO	CLORETO DE SÓDIO - BAXTER	K1B1 - SOLUÇÕES DE CLORETO SÓDIO	Específico	Tarja Vermelha	
CLORETO DE SÓDIO	CLORETO DE SÓDIO SOLUÇÃO FISIOLÓGICA PARA IRRIGAÇÃO - BAXTER	K1B1 - SOLUÇÕES DE CLORETO SÓDIO	Específico	- (*) 	
CLORETO DE SÓDIO	NASOCLEAN	R1A9 - OUTRAS PREPARAÇÕES TÓPICAS NASAIS	Específico	Tarja Sem Tarja	
CLORETO DE SÓDIO	CLORETO DE SODIO	K1B1 - SOLUÇÕES DE CLORETO SÓDIO	Específico	Tarja Vermelha	
CLORETO DE SÓDIO	CLORETO DE SÓDIO 0,9% BASA	K1B1 - SOLUÇÕES DE CLORETO SÓDIO	Específico	- (*) 	
CLORETO DE SÓDIO	SOLUÇÃO FISIOLÓGICA	K1B1 - SOLUÇÕES DE CLORETO SÓDIO	Específico	- (*) 	
CLORETO DE SÓDIO	CLORETO DE SÓDIO	K1A1 - SOLUÇÕES ELETROLÍTICAS 1/1	Específico	Tarja Vermelha	
CLORETO DE SÓDIO	HIPERTONIC 5%	S1X2 - OUTROS PRODUTOS OFTALMOLÓGICO TÓPICOS	Específico	Tarja Vermelha	
CLORETO DE SÓDIO	SOLUCAO FISIOLOGICA DE CLORETO DE SODIO EQUIPLEX	K4B1 - SOLUÇÕES PADRÃO (<=20ML)	Específico	- (*) 	
CLORETO DE SÓDIO	CLORETO DE SÓDIO	K1B1 - SOLUÇÕES DE CLORETO SÓDIO	Específico	- (*) 	
CLORETO DE SÓDIO	CLORETO DE SÓDIO 0,9%	K1B1 - SOLUÇÕES DE CLORETO SÓDIO	Específico	Tarja Vermelha	
CLORETO DE SÓDIO	SOLUÇÃO FISIOLÓGICA DE CLORETO DE SÓDIO	K1B1 - SOLUÇÕES DE CLORETO SÓDIO	Específico	- (*) 	
CLORETO DE SÓDIO	NASOJET 3H	R1A9 - OUTRAS PREPARAÇÕES TÓPICAS NASAIS	Específico	- (*) 	
CLORETO DE SÓDIO	CLORETO DE SÓDIO 0,9%	K1B1 - SOLUÇÕES DE CLORETO SÓDIO	Específico	- (*) 	
CLORETO DE SÓDIO	CLORETO DE SÓDIO	K1B1 - SOLUÇÕES DE CLORETO SÓDIO	Específico	Tarja Vermelha	
CLORETO DE SÓDIO	NEOSORO H	R1A9 - OUTRAS PREPARAÇÕES TÓPICAS NASAIS	Específico	- (*) 	
CLORETO DE SÓDIO	CLORETO DE SÓDIO	K1B1 - SOLUÇÕES DE CLORETO SÓDIO	Específico	- (*) 	
CLORETO DE SÓDIO	CLORETO DE SÓDIO	K4B2 - SOLUÇÕES ELETROLÍTICAS (>20ML E <100ML)	Específico	Tarja Vermelha sob restrição	
CLORETO DE SÓDIO	CLORETO DE SÓDIO 0,9%	K1B1 - SOLUÇÕES DE CLORETO SÓDIO	Específico	- (*) 	
CLORETO DE SÓDIO	RINOSORO SIC	R1A9 - OUTRAS PREPARAÇÕES TÓPICAS NASAIS	Específico	- (*) 	
CLORETO DE SÓDIO	CLORETO DE SÓDIO 0,9%	K1B1 - SOLUÇÕES DE CLORETO SÓDIO	Específico	- (*) 	
CLORETO DE TRÓSPIO	SPASMEX	G4D4 - PRODUTOS PARA INCONTINÊNCIA URINÁRIA	Novo	Tarja Vermelha	
CLORETO FÉRRICO;IODETO DE POTÁSSIO;CLORETO DE ZINCO;CLORETO CRÔMICO HEXAIDRATADO;DICLORETO DE MANGANÊS TETRAIDRATADO;SELENITO DE SÓDIO;CLORETO CÚPRICO;MOLIBDATO DE SÓDIO DIIDRATADO;FLUORETO DE SÓDIO	ADDAVEN	A12C2 - OUTROS SUPLEMENTOS MINERAIS	Específico	Tarja Vermelha	
CLORIDRATO  DE ONDANSETRONA DI-HIDRATADO	CLORIDRATO DE ONDANSETRONA	A4A1 - ANTIEMÉTICOS E ANTINAUSEANTES, ANTAGONISTAS DA SEROTONINA	Genérico	Tarja Vermelha	
CLORIDRATO  DE ONDANSETRONA DI-HIDRATADO	CLORIDRATO DE ONDANSETRONA	A4A1 - ANTIEMÉTICOS E ANTINAUSEANTES, ANTAGONISTAS DA SEROTONINA	Genérico	Tarja Vermelha	
CLORIDRATO  DE ONDANSETRONA DI-HIDRATADO	ENAVO ODT	A4A1 - ANTIEMÉTICOS E ANTINAUSEANTES, ANTAGONISTAS DA SEROTONINA	Similar	Tarja Vermelha	
CLORIDRATO  DE ONDANSETRONA DI-HIDRATADO	NAUDAN ODT	A4A1 - ANTIEMÉTICOS E ANTINAUSEANTES, ANTAGONISTAS DA SEROTONINA	Similar	Tarja Vermelha	
CLORIDRATO  DE ONDANSETRONA DI-HIDRATADO	CLORIDRATO DE ONDANSETRONA DIHIDRATADO	A4A1 - ANTIEMÉTICOS E ANTINAUSEANTES, ANTAGONISTAS DA SEROTONINA	Genérico	Tarja Vermelha	
CLORIDRATO  DE ONDANSETRONA DI-HIDRATADO	ENAVO GOTAS	A4A1 - ANTIEMÉTICOS E ANTINAUSEANTES, ANTAGONISTAS DA SEROTONINA	Novo	- (*) 	
CLORIDRATO  DE ONDANSETRONA DI-HIDRATADO	NAUSEDRON	A4A1 - ANTIEMÉTICOS E ANTINAUSEANTES, ANTAGONISTAS DA SEROTONINA	Similar	Tarja Vermelha	
CLORIDRATO  DE ONDANSETRONA DI-HIDRATADO	CLORIDRATO DE ONDANSETRONA	A4A1 - ANTIEMÉTICOS E ANTINAUSEANTES, ANTAGONISTAS DA SEROTONINA	Genérico	- (*) 	
CLORIDRATO  DE ONDANSETRONA DI-HIDRATADO	CLORIDRATO DE ONDANSETRONA	A4A1 - ANTIEMÉTICOS E ANTINAUSEANTES, ANTAGONISTAS DA SEROTONINA	Genérico	Tarja Vermelha	
CLORIDRATO  DE ONDANSETRONA DI-HIDRATADO	BIENN DIRECT	A4A1 - ANTIEMÉTICOS E ANTINAUSEANTES, ANTAGONISTAS DA SEROTONINA	Similar	- (*) 	
CLORIDRATO  DE ONDANSETRONA DI-HIDRATADO	ONDSET INJ	A4A1 - ANTIEMÉTICOS E ANTINAUSEANTES, ANTAGONISTAS DA SEROTONINA	Similar	Tarja Vermelha	
CLORIDRATO  DE ONDANSETRONA DI-HIDRATADO	ONDSET SOLUÇÃO ORAL	A4A1 - ANTIEMÉTICOS E ANTINAUSEANTES, ANTAGONISTAS DA SEROTONINA	Novo	Tarja Vermelha	
CLORIDRATO  DE ONDANSETRONA DI-HIDRATADO	ONDSET ODT	A4A1 - ANTIEMÉTICOS E ANTINAUSEANTES, ANTAGONISTAS DA SEROTONINA	Similar	Tarja Vermelha	
CLORIDRATO  DE ONDANSETRONA DI-HIDRATADO	CLORIDRATO DE ONDANSETRONA	A4A1 - ANTIEMÉTICOS E ANTINAUSEANTES, ANTAGONISTAS DA SEROTONINA	Genérico	Tarja Vermelha	
CLORIDRATO  DE ONDANSETRONA DI-HIDRATADO	VONSET	A4A1 - ANTIEMÉTICOS E ANTINAUSEANTES, ANTAGONISTAS DA SEROTONINA	Similar	Tarja Vermelha	
CLORIDRATO  DE ONDANSETRONA DI-HIDRATADO	ONDAALIVE	A4A1 - ANTIEMÉTICOS E ANTINAUSEANTES, ANTAGONISTAS DA SEROTONINA	Similar	Tarja Vermelha	
CLORIDRATO  DE ONDANSETRONA DI-HIDRATADO	CLORIDRATO DE ONDANSETRONA	A4A1 - ANTIEMÉTICOS E ANTINAUSEANTES, ANTAGONISTAS DA SEROTONINA	Genérico	Tarja Vermelha	
CLORIDRATO  DE ONDANSETRONA DI-HIDRATADO	NAUTEX ODG	A4A1 - ANTIEMÉTICOS E ANTINAUSEANTES, ANTAGONISTAS DA SEROTONINA	Novo	Tarja Vermelha	
CLORIDRATO  DE ONDANSETRONA DI-HIDRATADO	NAUTEX GOTAS	A4A1 - ANTIEMÉTICOS E ANTINAUSEANTES, ANTAGONISTAS DA SEROTONINA	Novo	Tarja Vermelha	
CLORIDRATO  DE ONDANSETRONA DI-HIDRATADO	ANSENTRON	A4A1 - ANTIEMÉTICOS E ANTINAUSEANTES, ANTAGONISTAS DA SEROTONINA	Similar	Tarja Vermelha	
CLORIDRATO  DE ONDANSETRONA DI-HIDRATADO	NAUTEX	A4A1 - ANTIEMÉTICOS E ANTINAUSEANTES, ANTAGONISTAS DA SEROTONINA	Similar	Tarja Vermelha	
CLORIDRATO  DE ONDANSETRONA DI-HIDRATADO	CLORIDRATO DE ONDANSETRONA	A4A1 - ANTIEMÉTICOS E ANTINAUSEANTES, ANTAGONISTAS DA SEROTONINA	Genérico	Tarja Vermelha	
CLORIDRATO  DE ONDANSETRONA DI-HIDRATADO	VONAU	A4A1 - ANTIEMÉTICOS E ANTINAUSEANTES, ANTAGONISTAS DA SEROTONINA	Novo	Tarja Vermelha	
CLORIDRATO  DE ONDANSETRONA DI-HIDRATADO	CLORIDRATO DE ONDANSETRONA	A4A1 - ANTIEMÉTICOS E ANTINAUSEANTES, ANTAGONISTAS DA SEROTONINA	Genérico	Tarja Vermelha	
CLORIDRATO  DE ONDANSETRONA DI-HIDRATADO	LISTO	A4A1 - ANTIEMÉTICOS E ANTINAUSEANTES, ANTAGONISTAS DA SEROTONINA	Similar	Tarja Vermelha	
CLORIDRATO  DE ONDANSETRONA DI-HIDRATADO	CLORIDRATO DE ONDANSETRONA	A4A1 - ANTIEMÉTICOS E ANTINAUSEANTES, ANTAGONISTAS DA SEROTONINA	Genérico	Tarja Vermelha	
CLORIDRATO  DE ONDANSETRONA DI-HIDRATADO	ONTRAX	A4A1 - ANTIEMÉTICOS E ANTINAUSEANTES, ANTAGONISTAS DA SEROTONINA	Similar	Tarja Vermelha	
CLORIDRATO  DE ONDANSETRONA DI-HIDRATADO	CLORIDRATO DE ONDANSETRONA	A4A1 - ANTIEMÉTICOS E ANTINAUSEANTES, ANTAGONISTAS DA SEROTONINA	Genérico	Tarja Vermelha	
CLORIDRATO  DE ONDANSETRONA DI-HIDRATADO	CLORIDRATO DE ONDANSETRONA	A4A1 - ANTIEMÉTICOS E ANTINAUSEANTES, ANTAGONISTAS DA SEROTONINA	Genérico	Tarja Vermelha	
CLORIDRATO  DE ONDANSETRONA DI-HIDRATADO	CLORIDRATO DE ONDANSETRONA	A4A1 - ANTIEMÉTICOS E ANTINAUSEANTES, ANTAGONISTAS DA SEROTONINA	Genérico	Tarja Vermelha	
CLORIDRATO  DE ONDANSETRONA DI-HIDRATADO	CLORIDRATO DE ONDANSETRONA	A4A1 - ANTIEMÉTICOS E ANTINAUSEANTES, ANTAGONISTAS DA SEROTONINA	Genérico	Tarja Vermelha	
CLORIDRATO  DE ONDANSETRONA DI-HIDRATADO	ENJOVIX FLASH	A4A1 - ANTIEMÉTICOS E ANTINAUSEANTES, ANTAGONISTAS DA SEROTONINA	Similar	Tarja Vermelha	
CLORIDRATO  DE ONDANSETRONA DI-HIDRATADO	CLORIDRATO DE ONDANSETRONA	A4A1 - ANTIEMÉTICOS E ANTINAUSEANTES, ANTAGONISTAS DA SEROTONINA	Genérico	Tarja Vermelha	
CLORIDRATO  DE ONDANSETRONA DI-HIDRATADO	ONADYV	A4A1 - ANTIEMÉTICOS E ANTINAUSEANTES, ANTAGONISTAS DA SEROTONINA	Similar	Tarja Vermelha	
CLORIDRATO  DE ONDANSETRONA DI-HIDRATADO	ONDRAU	A4A1 - ANTIEMÉTICOS E ANTINAUSEANTES, ANTAGONISTAS DA SEROTONINA	Similar	Tarja Vermelha	
CLORIDRATO  DE ONDANSETRONA DI-HIDRATADO	CLORIDRATO DE ONDANSETRONA	A4A1 - ANTIEMÉTICOS E ANTINAUSEANTES, ANTAGONISTAS DA SEROTONINA	Genérico	Tarja Vermelha	
CLORIDRATO  DE ONDANSETRONA DI-HIDRATADO	CLORIDRATO DE ONDANSETRONA	A4A1 - ANTIEMÉTICOS E ANTINAUSEANTES, ANTAGONISTAS DA SEROTONINA	Genérico	Tarja Vermelha	
CLORIDRATO  DE ONDANSETRONA DI-HIDRATADO	ONDAVON	A4A1 - ANTIEMÉTICOS E ANTINAUSEANTES, ANTAGONISTAS DA SEROTONINA	Similar	Tarja Vermelha	
CLORIDRATO  DE ONDANSETRONA DI-HIDRATADO	JOFIX	A4A1 - ANTIEMÉTICOS E ANTINAUSEANTES, ANTAGONISTAS DA SEROTONINA	Similar	- (*) 	
CLORIDRATO  DE ONDANSETRONA DI-HIDRATADO	VOLIG	A4A1 - ANTIEMÉTICOS E ANTINAUSEANTES, ANTAGONISTAS DA SEROTONINA	Similar	Tarja Vermelha	
CLORIDRATO  DE ONDANSETRONA DI-HIDRATADO	CLORIDRATO DE ONDANSETRONA	A4A1 - ANTIEMÉTICOS E ANTINAUSEANTES, ANTAGONISTAS DA SEROTONINA	Genérico	Tarja Vermelha	
CLORIDRATO DE ALECTINIBE	ALECENSA	L1H - INIBIDORES DE PROTEINA QUINASE	Novo	Tarja Vermelha	
CLORIDRATO DE ALFENTANILA MONOIDRATADA	ALFAST	N1A2 - ANESTÉSICOS GERAIS INJETÁVEIS	Similar	- (*) 	
CLORIDRATO DE ALFENTANILA MONOIDRATADA	RAPIFEN	N1A2 - ANESTÉSICOS GERAIS INJETÁVEIS	Novo	Tarja Preta	
CLORIDRATO DE ALIZAPRIDA	SUPERAN	A3F - GASTROPROCINÉTICOS	Novo	Tarja Vermelha	
CLORIDRATO DE AMANTADINA	MANTIDAN	N4A - ANTIPARKINSONIANOS	Novo	Tarja Vermelha sob restrição	
CLORIDRATO DE AMBROXOL	AMBROL	R5C - EXPECTORANTES	Similar	Tarja Sem Tarja	
CLORIDRATO DE AMBROXOL	FLUIBRON	R5C - EXPECTORANTES	Similar	Tarja Sem Tarja	
CLORIDRATO DE AMBROXOL	CLORIDRATO DE AMBROXOL	R5C - EXPECTORANTES	Genérico	Tarja Sem Tarja	
CLORIDRATO DE AMBROXOL	EXPECTUSS	R5C - EXPECTORANTES	Similar	Tarja Sem Tarja	
CLORIDRATO DE AMBROXOL	CLORIDRATO DE AMBROXOL	R5C - EXPECTORANTES	Genérico	- (*) 	
CLORIDRATO DE AMBROXOL	SEDAVAN	R5C - EXPECTORANTES	Similar	Tarja Sem Tarja	
CLORIDRATO DE AMBROXOL	SPECTOFLUX	R5C - EXPECTORANTES	Similar	- (*) 	
CLORIDRATO DE AMBROXOL	CLORIDRATO DE AMBROXOL	R5C - EXPECTORANTES	Genérico	- (*) 	
CLORIDRATO DE AMBROXOL	CLORIDRATO DE AMBROXOL	R5C - EXPECTORANTES	Genérico	Tarja Sem Tarja	
CLORIDRATO DE AMBROXOL	CLORIDRATO DE AMBROXOL	R5C - EXPECTORANTES	Genérico	Tarja Sem Tarja	
CLORIDRATO DE AMBROXOL	CLORIDRATO DE AMBROXOL	R5C - EXPECTORANTES	Genérico	Tarja Sem Tarja	
CLORIDRATO DE AMBROXOL	CLORIDRATO DE AMBROXOL	R5C - EXPECTORANTES	Genérico	- (*) 	
CLORIDRATO DE AMBROXOL	CLORIDRATO DE AMBROXOL	R5C - EXPECTORANTES	Genérico	Tarja Sem Tarja	
CLORIDRATO DE AMBROXOL	BRONXOL	R5C - EXPECTORANTES	Similar	Tarja Sem Tarja	
CLORIDRATO DE AMBROXOL	CLORIDRATO DE AMBROXOL	R5C - EXPECTORANTES	Genérico	Tarja Sem Tarja	
CLORIDRATO DE AMBROXOL	ESPECBAC	R5C - EXPECTORANTES	Similar	Tarja Sem Tarja	
CLORIDRATO DE AMBROXOL	BRONQTRAT	R5C - EXPECTORANTES	Similar	Tarja Sem Tarja	
CLORIDRATO DE AMBROXOL	AMBROXMEL	R5C - EXPECTORANTES	Similar	Tarja Sem Tarja	
CLORIDRATO DE AMBROXOL	CLORIDRATO DE AMBROXOL	R5C - EXPECTORANTES	Genérico	Tarja Sem Tarja	
CLORIDRATO DE AMBROXOL	CLORIDRATO DE AMBROXOL	R5C - EXPECTORANTES	Genérico	Tarja Sem Tarja	
CLORIDRATO DE AMBROXOL	CLORIDRATO DE AMBROXOL	R5C - EXPECTORANTES	Genérico	- (*) 	
CLORIDRATO DE AMBROXOL	CLORIDRATO DE AMBROXOL	R5C - EXPECTORANTES	Genérico	- (*) 	
CLORIDRATO DE AMBROXOL	FLUISOLVAN	R5C - EXPECTORANTES	Similar	- (*) 	
CLORIDRATO DE AMBROXOL	CLORIDRATO DE AMBROXOL	R5C - EXPECTORANTES	Genérico	Tarja Sem Tarja	
CLORIDRATO DE AMBROXOL	NEOSSOLVAN	R5C - EXPECTORANTES	Similar	- (*) 	
CLORIDRATO DE AMBROXOL	SEDAVAN	R5C - EXPECTORANTES	Similar	Tarja Sem Tarja	
CLORIDRATO DE AMBROXOL	MUCOSOLVAN	R5C - EXPECTORANTES	Novo	Tarja Sem Tarja	
CLORIDRATO DE AMBROXOL	MUCOSOLVAN	R5C - EXPECTORANTES	Novo	Tarja Sem Tarja	
CLORIDRATO DE AMILORIDA;CLORTALIDONA	DIUPRESS	C3A5 - AGENTES DIURÉTICOS POUPADORES DE POTÁSSIO ASSOCIADOS COM TIAZIDAS E/OU ANÁLOGOS	Novo	Tarja Vermelha	
CLORIDRATO DE AMILORIDA;HIDROCLOROTIAZIDA	CLORIDRATO DE AMILORIDA + HIDROCLOROTIAZIDA	C3A5 - AGENTES DIURÉTICOS POUPADORES DE POTÁSSIO ASSOCIADOS COM TIAZIDAS E/OU ANÁLOGOS	Genérico	- (*) 	
CLORIDRATO DE AMILORIDA;HIDROCLOROTIAZIDA	CLORIDRATO DE AMILORIDA + HIDROCLOROTIAZIDA	C3A5 - AGENTES DIURÉTICOS POUPADORES DE POTÁSSIO ASSOCIADOS COM TIAZIDAS E/OU ANÁLOGOS	Genérico	- (*) 	
CLORIDRATO DE AMIODARONA	ANCORON	C1B - ANTIARRÍTMICOS CARDÍACOS	Similar	Tarja Vermelha	
CLORIDRATO DE AMIODARONA	CLORIDRATO DE AMIODARONA	C1B - ANTIARRÍTMICOS CARDÍACOS	Genérico	Tarja Vermelha	
CLORIDRATO DE AMIODARONA	AMIOBAL	C1B - ANTIARRÍTMICOS CARDÍACOS	Similar	- (*) 	
CLORIDRATO DE AMIODARONA	MIODARON	C1B - ANTIARRÍTMICOS CARDÍACOS	Similar	- (*) 	
CLORIDRATO DE AMIODARONA	CLORIDRATO DE AMIODARONA	C1B - ANTIARRÍTMICOS CARDÍACOS	Genérico	Tarja Vermelha	
CLORIDRATO DE AMIODARONA	CLORIDRATO DE AMIODARONA	C1B - ANTIARRÍTMICOS CARDÍACOS	Genérico	Tarja Vermelha	
CLORIDRATO DE AMIODARONA	AMIORON	C1B - ANTIARRÍTMICOS CARDÍACOS	Similar	- (*) 	
CLORIDRATO DE AMIODARONA	CLORIDRATO DE AMIODARONA	C1B - ANTIARRÍTMICOS CARDÍACOS	Genérico	Tarja Vermelha	
CLORIDRATO DE AMIODARONA	CLORIDRATO DE AMIODARONA	C1B - ANTIARRÍTMICOS CARDÍACOS	Genérico	Tarja Vermelha	
CLORIDRATO DE AMIODARONA	CLORIDRATO DE AMIODARONA	C1B - ANTIARRÍTMICOS CARDÍACOS	Genérico	Tarja Vermelha	
CLORIDRATO DE AMIODARONA	ATLANSIL	C1B - ANTIARRÍTMICOS CARDÍACOS	Novo	Tarja Vermelha	
CLORIDRATO DE AMITRIPTILINA	CLORIDRATO DE AMITRIPTILINA	N6A9 - ANTIDEPRESSIVOS TODOS OS OUTROS	Genérico	Tarja Vermelha sob restrição	
CLORIDRATO DE AMITRIPTILINA	CLORIDRATO DE AMITRIPTILINA	N6A9 - ANTIDEPRESSIVOS TODOS OS OUTROS	Genérico	Tarja Vermelha sob restrição	
CLORIDRATO DE AMITRIPTILINA	AMYTRIL	N6A9 - ANTIDEPRESSIVOS TODOS OS OUTROS	Similar	Tarja Vermelha sob restrição	
CLORIDRATO DE AMITRIPTILINA	CLORIDRATO DE AMITRIPTILINA	N6A9 - ANTIDEPRESSIVOS TODOS OS OUTROS	Genérico	Tarja Vermelha	
CLORIDRATO DE AMITRIPTILINA	CLORIDRATO DE AMITRIPTILINA	N6A9 - ANTIDEPRESSIVOS TODOS OS OUTROS	Genérico	Tarja Vermelha sob restrição	
CLORIDRATO DE AMITRIPTILINA	CLORIDRATO DE AMITRIPTILINA	N6A9 - ANTIDEPRESSIVOS TODOS OS OUTROS	Genérico	Tarja Vermelha sob restrição	
CLORIDRATO DE AMITRIPTILINA	MITRIP	N6A9 - ANTIDEPRESSIVOS TODOS OS OUTROS	Similar	Tarja Vermelha sob restrição	
CLORIDRATO DE AMITRIPTILINA	CLORIDRATO DE AMITRIPTILINA	N6A9 - ANTIDEPRESSIVOS TODOS OS OUTROS	Genérico	Tarja Vermelha sob restrição	
CLORIDRATO DE AMITRIPTILINA	CLORIDRATO DE AMITRIPTILINA	N6A9 - ANTIDEPRESSIVOS TODOS OS OUTROS	Genérico	Tarja Vermelha sob restrição	
CLORIDRATO DE AMITRIPTILINA	CLORIDRATO DE AMITRIPTILINA	N6A9 - ANTIDEPRESSIVOS TODOS OS OUTROS	Genérico	Tarja Vermelha sob restrição	
CLORIDRATO DE AMOROLFINA	ONICORYL	D1A1 - ANTIFÚNGICOS DERMATOLÓGICOS TÓPICOS	Similar	- (*) 	
CLORIDRATO DE AMOROLFINA	UNHA SANA	D1A1 - ANTIFÚNGICOS DERMATOLÓGICOS TÓPICOS	Similar	Tarja Sem Tarja	
CLORIDRATO DE AMOROLFINA;AMOROLFINA	LOCERYL	D1A1 - ANTIFÚNGICOS DERMATOLÓGICOS TÓPICOS	Novo	Tarja Sem Tarja	
CLORIDRATO DE ANAGRELIDA	MONBOC	B1C4 - INIBIDORES DA AGREGAÇÃO PLAQUETÁRIA, REALÇADORES DO AMP CÍCLICO	Similar	Tarja Vermelha	
CLORIDRATO DE ANAGRELIDA	AGRYLIN	B1C4 - INIBIDORES DA AGREGAÇÃO PLAQUETÁRIA, REALÇADORES DO AMP CÍCLICO	Novo	Tarja Vermelha	
CLORIDRATO DE ASCIMINIBE	SCEMBLIX	L1H1 - INIBIDORES PREOTEÍNA KINASE ANTINEOPLÁSICOS, BCR-ABL	Novo	Tarja Vermelha	
CLORIDRATO DE ATOMOXETINA	ATENTAH	N7X - TODOS OS OUTROS PRODUTOS PARA O SISTEMA NERVOSO CENTRAL	Novo	Tarja Vermelha sob restrição	
CLORIDRATO DE ATOMOXETINA	CLORIDRATO DE ATOMOXETINA	N7X - TODOS OS OUTROS PRODUTOS PARA O SISTEMA NERVOSO CENTRAL	Genérico	Tarja Vermelha sob restrição	
CLORIDRATO DE AZELASTINA	RINO-LASTIN	R1A6 - AGENTES ANTIALÉRGICOS NASAIS	Novo	- (*) 	
CLORIDRATO DE BAMIFILINA	BAMIFIX	R3B2 - ANTIASMÁTICOS/DPOC XANTÍNICOS SISTÊMICOS	Similar	Tarja Vermelha	
CLORIDRATO DE BENAZEPRIL	BHENA	C9A - INIBIDORES DA ECA PUROS	Similar	Tarja Vermelha	
CLORIDRATO DE BENAZEPRIL;BESILATO DE ANLODIPINO	PRESS PLUS	C9B3 - INIBIDORES DA ECA ASSOCIADOS A ANTAGONISTAS DO CÁLCIO (C8)	Similar	- (*) 	
CLORIDRATO DE BENDAMUSTINA	CLORIDRATO DE BENDAMUSTINA	L1A - AGENTES ANTINEOPLÁSICOS ALQUILANTES	Genérico	Tarja Vermelha	
CLORIDRATO DE BENDAMUSTINA	BENALQ	L1A - AGENTES ANTINEOPLÁSICOS ALQUILANTES	Similar	Tarja Vermelha	
CLORIDRATO DE BENDAMUSTINA	CLORIDRATO DE BENDAMUSTINA	L1A - AGENTES ANTINEOPLÁSICOS ALQUILANTES	Genérico	Tarja Vermelha	
CLORIDRATO DE BENDAMUSTINA	BENDY	L1A - AGENTES ANTINEOPLÁSICOS ALQUILANTES	Similar	Tarja Vermelha	
CLORIDRATO DE BENSERAZIDA;LEVODOPA	PROLOPA	N4A - ANTIPARKINSONIANOS	Novo	Tarja Vermelha	
CLORIDRATO DE BENSERAZIDA;LEVODOPA	LEVODOPA + CLORIDRATO DE BENSERAZIDA	N4A - ANTIPARKINSONIANOS	Genérico	Tarja Vermelha	
CLORIDRATO DE BENSERAZIDA;LEVODOPA	EKSON	N4A - ANTIPARKINSONIANOS	Similar	Tarja Vermelha	
CLORIDRATO DE BENSERAZIDA;LEVODOPA	LEVODOPA+CLORIDRATO DE BENSERAZIDA	N4A - ANTIPARKINSONIANOS	Genérico	- (*) 	
CLORIDRATO DE BENSERAZIDA;LEVODOPA	LEBENS	N4A - ANTIPARKINSONIANOS	Similar	Tarja Vermelha	
CLORIDRATO DE BENZIDAMINA	ANGINO RUB	R2A - PREPARAÇÕES PARA GARGANTA	Similar	Tarja Sem Tarja	
CLORIDRATO DE BENZIDAMINA	GARGOJUICE	R2A - PREPARAÇÕES PARA GARGANTA	Similar	- (*) 	
CLORIDRATO DE BENZIDAMINA	FLOGORAL	R2A - PREPARAÇÕES PARA GARGANTA	Novo	Tarja Sem Tarja	
CLORIDRATO DE BENZIDAMINA	FLOGO-ROSA	G2X9 - OUTROS GINECOLÓGICOS	Novo	- (*) 	
CLORIDRATO DE BENZIDAMINA	CIFLOGEX	R2A - PREPARAÇÕES PARA GARGANTA	Similar	Tarja Sem Tarja	
CLORIDRATO DE BENZIDAMINA	PASTILHAS CEPACOL	R2A - PREPARAÇÕES PARA GARGANTA	Similar	Tarja Sem Tarja	
CLORIDRATO DE BETAISTINA	BETINA	N7C - ANTIVERTIGINOSOS	Similar	Tarja Vermelha	
CLORIDRATO DE BETAISTINA	DICLORIDRATO DE BETAISTINA	N7C - ANTIVERTIGINOSOS	Genérico	Tarja Vermelha	
CLORIDRATO DE BETAISTINA	LABIRIN	N7C - ANTIVERTIGINOSOS	Similar	Tarja Vermelha	
CLORIDRATO DE BETAISTINA	DEBET	N7C - ANTIVERTIGINOSOS	Similar	Tarja Vermelha	
CLORIDRATO DE BETAISTINA	BETASERC	N7C - ANTIVERTIGINOSOS	Novo	- (*) 	
CLORIDRATO DE BETAISTINA	BETADINE	N7C - ANTIVERTIGINOSOS	Similar	- (*) 	
CLORIDRATO DE BETAISTINA	DICLORIDRATO DE BETAISTINA	N7C - ANTIVERTIGINOSOS	Genérico	Tarja Vermelha	
CLORIDRATO DE BETAISTINA	DICLORIDRATO DE BETAISTINA	N7C - ANTIVERTIGINOSOS	Genérico	Tarja Vermelha	
CLORIDRATO DE BETAISTINA	DICLORIDRATO DE BETAISTINA	N7C - ANTIVERTIGINOSOS	Genérico	Tarja Vermelha	
CLORIDRATO DE BETAISTINA	DICLORIDRATO DE BETAISTINA	N7C - ANTIVERTIGINOSOS	Genérico	Tarja Vermelha	
CLORIDRATO DE BETAXOLOL	BETOPTIC	S1E2 - PREPARAÇÕES ANTIGLAUCOMAS E MIÓTICAS TÓPICAS	Novo	Tarja Vermelha	
CLORIDRATO DE BETAXOLOL	PRESMIN	S1E2 - PREPARAÇÕES ANTIGLAUCOMAS E MIÓTICAS TÓPICAS	Similar	- (*) 	
CLORIDRATO DE BETAXOLOL	VISOPTIC	S1E2 - PREPARAÇÕES ANTIGLAUCOMAS E MIÓTICAS TÓPICAS	Similar	- (*) 	
CLORIDRATO DE BETAXOLOL	CLORIDRATO DE BETAXOLOL	S1E2 - PREPARAÇÕES ANTIGLAUCOMAS E MIÓTICAS TÓPICAS	Genérico	- (*) 	
CLORIDRATO DE BIPERIDENO	CINETOL	N4A - ANTIPARKINSONIANOS	Similar	Tarja Vermelha sob restrição	
CLORIDRATO DE BIPERIDENO	PROPARK	N4A - ANTIPARKINSONIANOS	Similar	Tarja Vermelha sob restrição	
CLORIDRATO DE BIPERIDENO	AKINETON	N4A - ANTIPARKINSONIANOS	Novo	Tarja Vermelha	
CLORIDRATO DE BROMEXINA	CLORIDRATO DE BROMEXINA	R5C - EXPECTORANTES	Genérico	- (*) 	
CLORIDRATO DE BROMEXINA	BISURAN	R5C - EXPECTORANTES	Similar	- (*) 	
CLORIDRATO DE BROMEXINA	CLORIDRATO DE BROMEXINA	R5C - EXPECTORANTES	Genérico	- (*) 	
CLORIDRATO DE BROMEXINA	CLORIDRATO DE BROMEXINA	R5C - EXPECTORANTES	Genérico	- (*) 	
CLORIDRATO DE BROMEXINA	BRONCATAR	R5C - EXPECTORANTES	Similar	Tarja Sem Tarja	
CLORIDRATO DE BROMEXINA	LFM-BROMEXINA 0,08%	R5C - EXPECTORANTES	Similar	Tarja Sem Tarja	
CLORIDRATO DE BROMEXINA	AGIIXPEC	R5C - EXPECTORANTES	Similar	Tarja Sem Tarja	
CLORIDRATO DE BROMEXINA	CLORIDRATO DE BROMEXINA	R5C - EXPECTORANTES	Genérico	Tarja Sem Tarja	
CLORIDRATO DE BROMEXINA	CLORIDRATO DE BROMEXINA	R5C - EXPECTORANTES	Genérico	- (*) 	
CLORIDRATO DE BROMEXINA	BISOLVON	R5C - EXPECTORANTES	Novo	Tarja Sem Tarja	
CLORIDRATO DE BUPIVACAÍNA	NEOCAINA	N1B1 - ANESTÉSICOS LOCAIS MEDICINAIS INJETÁVEIS	Similar	Tarja Vermelha	
CLORIDRATO DE BUPIVACAÍNA	CLORIDRATO DE BUPIVACAÍNA	N1B1 - ANESTÉSICOS LOCAIS MEDICINAIS INJETÁVEIS	Genérico	Tarja Vermelha	
CLORIDRATO DE BUPIVACAÍNA	BUPSTESIC	N1B1 - ANESTÉSICOS LOCAIS MEDICINAIS INJETÁVEIS	Similar	- (*) 	
CLORIDRATO DE BUPIVACAÍNA	BUPICAN	N1B1 - ANESTÉSICOS LOCAIS MEDICINAIS INJETÁVEIS	Similar	Tarja Vermelha	
CLORIDRATO DE BUPIVACAÍNA	TRADINOL	N1B1 - ANESTÉSICOS LOCAIS MEDICINAIS INJETÁVEIS	Similar	- (*) 	
CLORIDRATO DE BUPIVACAÍNA MONOIDRATADO	CLORIDRATO DE BUPIVACAÍNA HIPERBÁRICA	N1B1 - ANESTÉSICOS LOCAIS MEDICINAIS INJETÁVEIS	Genérico	Tarja Vermelha	
CLORIDRATO DE BUPIVACAÍNA MONOIDRATADO	HYPOBUP H	N1B1 - ANESTÉSICOS LOCAIS MEDICINAIS INJETÁVEIS	Similar	Tarja Vermelha	
CLORIDRATO DE BUPIVACAÍNA MONOIDRATADO	HYPOBUP	N1B1 - ANESTÉSICOS LOCAIS MEDICINAIS INJETÁVEIS	Similar	Tarja Vermelha	
CLORIDRATO DE BUPIVACAÍNA;GLICOSE	NEOCAINA PESADA	N1B1 - ANESTÉSICOS LOCAIS MEDICINAIS INJETÁVEIS	Similar	Tarja Vermelha	
CLORIDRATO DE BUPIVACAÍNA;GLICOSE	CLORIDRATO DE BUPIVACAÍNA + GLICOSE	N1B1 - ANESTÉSICOS LOCAIS MEDICINAIS INJETÁVEIS	Genérico	Tarja Vermelha	
CLORIDRATO DE BUPIVACAÍNA;HEMITARTARATO DE EPINEFRINA	NEOCAÍNA COM VASOCONSTRITOR	N1B1 - ANESTÉSICOS LOCAIS MEDICINAIS INJETÁVEIS	Similar	Tarja Vermelha	
CLORIDRATO DE BUPIVACAÍNA;HEMITARTARATO DE EPINEFRINA	BUPSTESIC COM VASO	N1B1 - ANESTÉSICOS LOCAIS MEDICINAIS INJETÁVEIS	Similar	- (*) 	
CLORIDRATO DE BUPROPIONA	ZETRON	N6A9 - ANTIDEPRESSIVOS TODOS OS OUTROS	Similar	Tarja Vermelha sob restrição	
CLORIDRATO DE BUPROPIONA	BUP	N6A9 - ANTIDEPRESSIVOS TODOS OS OUTROS	Similar	Tarja Vermelha sob restrição	
CLORIDRATO DE BUPROPIONA	CLORIDRATO DE BUPROPIONA	N6A9 - ANTIDEPRESSIVOS TODOS OS OUTROS	Genérico	Tarja Vermelha sob restrição	
CLORIDRATO DE BUPROPIONA	BUP XL	N6A9 - ANTIDEPRESSIVOS TODOS OS OUTROS	Similar	Tarja Vermelha sob restrição	
CLORIDRATO DE BUPROPIONA	WELLBUTRIN	N6A9 - ANTIDEPRESSIVOS TODOS OS OUTROS	Novo	Tarja Vermelha sob restrição	
CLORIDRATO DE BUPROPIONA	CLORIDRATO DE BUPROPIONA	N7B - PRODUTOS ANTITABACO	Genérico	Tarja Vermelha sob restrição	
CLORIDRATO DE BUPROPIONA	BUENE	N6A9 - ANTIDEPRESSIVOS TODOS OS OUTROS	Similar	Tarja Vermelha sob restrição	
CLORIDRATO DE BUPROPIONA	ALPES XL	N6A9 - ANTIDEPRESSIVOS TODOS OS OUTROS	Similar	Tarja Vermelha sob restrição	
CLORIDRATO DE BUPROPIONA	CLORIDRATO DE BUPROPIONA	N6A9 - ANTIDEPRESSIVOS TODOS OS OUTROS	Genérico	Tarja Vermelha sob restrição	
CLORIDRATO DE BUPROPIONA	SETH	N7B - PRODUTOS ANTITABACO	Similar	Tarja Vermelha sob restrição	
CLORIDRATO DE BUPROPIONA	BUPREXIS XL	N6A9 - ANTIDEPRESSIVOS TODOS OS OUTROS	Similar	Tarja Vermelha sob restrição	
CLORIDRATO DE BUPROPIONA	CLORIDRATO DE BUPROPIONA	N7B - PRODUTOS ANTITABACO	Genérico	Tarja Vermelha sob restrição	
CLORIDRATO DE BUPROPIONA	EUTYMIA XL	N6A9 - ANTIDEPRESSIVOS TODOS OS OUTROS	Similar	Tarja Vermelha sob restrição	
CLORIDRATO DE BUPROPIONA	CLORIDRATO DE BUPROPIONA	N6A9 - ANTIDEPRESSIVOS TODOS OS OUTROS	Genérico	Tarja Vermelha sob restrição	
CLORIDRATO DE BUPROPIONA	DERADOP XL	N6A9 - ANTIDEPRESSIVOS TODOS OS OUTROS	Similar	Tarja Vermelha sob restrição	
CLORIDRATO DE BUPROPIONA	NORADOP	N7B - PRODUTOS ANTITABACO	Similar	Tarja Vermelha sob restrição	
CLORIDRATO DE BUPROPIONA	CLORIDRATO DE BUPROPIONA	N6A9 - ANTIDEPRESSIVOS TODOS OS OUTROS	Genérico	Tarja Vermelha sob restrição	
CLORIDRATO DE BUPROPIONA	CLORIDRATO DE BUPROPIONA	N7B - PRODUTOS ANTITABACO	Genérico	Tarja Vermelha sob restrição	
CLORIDRATO DE BUPROPIONA	BUPIUM XL	N6A9 - ANTIDEPRESSIVOS TODOS OS OUTROS	Similar	Tarja Vermelha sob restrição	
CLORIDRATO DE BUPROPIONA	BUPIUM	N7B - PRODUTOS ANTITABACO	Similar	Tarja Vermelha sob restrição	
CLORIDRATO DE BUPROPIONA	CLORIDRATO DE BUPROPIONA	N6A9 - ANTIDEPRESSIVOS TODOS OS OUTROS	Genérico	- (*) 	
CLORIDRATO DE BUPROPIONA	CLORIDRATO DE BUPROPIONA	N7B - PRODUTOS ANTITABACO	Genérico	Tarja Vermelha sob restrição	
CLORIDRATO DE BUPROPIONA;CLORIDRATO DE NALTREXONA	CONTRAVE	A8A - PREPARAÇÕES ANTIOBESIDADE, EXCETO OS DIETÉTICOS	Novo	Tarja Vermelha sob restrição	
CLORIDRATO DE BUSPIRONA	ANSITEC	N5C - TRANQUILIZANTES	Similar	Tarja Vermelha	
CLORIDRATO DE BUSPIRONA	STIMA	N5C - TRANQUILIZANTES	Similar	Tarja Vermelha sob restrição	
CLORIDRATO DE BUSPIRONA	TAGUE	N5C - TRANQUILIZANTES	Similar	Tarja Vermelha sob restrição	
CLORIDRATO DE CEFEPIMA	CLORIDRATO DE CEFEPIMA	J1D2 - CEFALOSPORINAS INJETÁVEIS	Genérico	Tarja Vermelha	
CLORIDRATO DE CEFEPIMA	CLORIDRATO DE CEFEPIMA	J1D2 - CEFALOSPORINAS INJETÁVEIS	Genérico	Tarja Vermelha	
CLORIDRATO DE CEFEPIMA	CLOCEF	J1D2 - CEFALOSPORINAS INJETÁVEIS	Similar	- (*) 	
CLORIDRATO DE CEFEPIMA	CLORIDRATO DE CEFEPIMA	J1D2 - CEFALOSPORINAS INJETÁVEIS	Genérico	- (*) 	
CLORIDRATO DE CEFEPIMA	CLORIDRATO DE CEFEPIMA	J1D2 - CEFALOSPORINAS INJETÁVEIS	Genérico	- (*) 	
CLORIDRATO DE CEFEPIMA	CLORIDRATO DE CEFEPIMA	J1D2 - CEFALOSPORINAS INJETÁVEIS	Genérico	Tarja Vermelha	
CLORIDRATO DE CEFEPIMA	CLORIDRATO DE CEFEPIME	J1D2 - CEFALOSPORINAS INJETÁVEIS	Genérico	Tarja Vermelha	
CLORIDRATO DE CICLOBENZAPRINA	CLORIDRATO DE CICLOBENZAPRINA	M3B - RELAXANTE MUSCULAR DE AÇÃO CENTRAL	Genérico	Tarja Vermelha	
CLORIDRATO DE CICLOBENZAPRINA	MUSCULARE	M3B - RELAXANTE MUSCULAR DE AÇÃO CENTRAL	Similar	Tarja Vermelha	
CLORIDRATO DE CICLOBENZAPRINA	MIOSAN	M3B - RELAXANTE MUSCULAR DE AÇÃO CENTRAL	Novo	- (*) 	
CLORIDRATO DE CICLOBENZAPRINA	MIOSAN ODT	M3B - RELAXANTE MUSCULAR DE AÇÃO CENTRAL	Novo	Tarja Vermelha	
CLORIDRATO DE CICLOBENZAPRINA	CLORIDRATO DE CICLOBENZAPRINA	M3B - RELAXANTE MUSCULAR DE AÇÃO CENTRAL	Genérico	- (*) 	
CLORIDRATO DE CICLOBENZAPRINA	BENZIFLEX	M3B - RELAXANTE MUSCULAR DE AÇÃO CENTRAL	Similar	- (*) 	
CLORIDRATO DE CICLOBENZAPRINA	CLORIDRATO DE CICLOBENZAPRINA	M3B - RELAXANTE MUSCULAR DE AÇÃO CENTRAL	Genérico	Tarja Vermelha sob restrição	
CLORIDRATO DE CICLOBENZAPRINA	CLORIDRATO DE CICLOBENZAPRINA	M3B - RELAXANTE MUSCULAR DE AÇÃO CENTRAL	Genérico	Tarja Vermelha	
CLORIDRATO DE CICLOBENZAPRINA	MIRTAX	M3B - RELAXANTE MUSCULAR DE AÇÃO CENTRAL	Similar	Tarja Vermelha	
CLORIDRATO DE CICLOBENZAPRINA	CLORIDRATO DE CICLOBENZAPRINA	M3B - RELAXANTE MUSCULAR DE AÇÃO CENTRAL	Genérico	Tarja Vermelha	
CLORIDRATO DE CICLOBENZAPRINA	CLORIDRATO DE CICLOBENZAPRINA	M3B - RELAXANTE MUSCULAR DE AÇÃO CENTRAL	Genérico	- (*) 	
CLORIDRATO DE CICLOBENZAPRINA	MUSCUSAN	M3B - RELAXANTE MUSCULAR DE AÇÃO CENTRAL	Similar	- (*) 	
CLORIDRATO DE CICLOBENZAPRINA	CLORIDRATO DE CICLOBENZAPRINA	M3B - RELAXANTE MUSCULAR DE AÇÃO CENTRAL	Genérico	Tarja Vermelha	
CLORIDRATO DE CICLOBENZAPRINA	MITRUL	M3B - RELAXANTE MUSCULAR DE AÇÃO CENTRAL	Novo	Tarja Vermelha	
CLORIDRATO DE CICLOBENZAPRINA	CLORIDRATO DE CICLOBENZAPRINA	M3B - RELAXANTE MUSCULAR DE AÇÃO CENTRAL	Genérico	Tarja Vermelha	
CLORIDRATO DE CICLOBENZAPRINA	CLORIDRATO DE CICLOBENZAPRINA	M3B - RELAXANTE MUSCULAR DE AÇÃO CENTRAL	Genérico	Tarja Vermelha	
CLORIDRATO DE CICLOBENZAPRINA	CLORIDRATO DE CICLOBENZAPRINA	M3B - RELAXANTE MUSCULAR DE AÇÃO CENTRAL	Genérico	Tarja Vermelha	
CLORIDRATO DE CICLOBENZAPRINA	CLORIDRATO DE CICLOBENZAPRINA	M3B - RELAXANTE MUSCULAR DE AÇÃO CENTRAL	Genérico	- (*) 	
CLORIDRATO DE CICLOBENZAPRINA	MIEBRA	M3B - RELAXANTE MUSCULAR DE AÇÃO CENTRAL	Similar	Tarja Vermelha	
CLORIDRATO DE CICLOBENZAPRINA	CLORIDRATO DE CICLOBENZAPRINA	M3B - RELAXANTE MUSCULAR DE AÇÃO CENTRAL	Genérico	- (*) 	
CLORIDRATO DE CICLOBENZAPRINA	MIOFIBRAX	M3B - RELAXANTE MUSCULAR DE AÇÃO CENTRAL	Similar	- (*) 	
CLORIDRATO DE CICLOBENZAPRINA	CLORIDRATO DE CICLOBENZAPRINA	M3B - RELAXANTE MUSCULAR DE AÇÃO CENTRAL	Genérico	- (*) 	
CLORIDRATO DE CICLOBENZAPRINA	CIZAX	M3B - RELAXANTE MUSCULAR DE AÇÃO CENTRAL	Similar	- (*) 	
CLORIDRATO DE CICLOBENZAPRINA;CAFEÍNA	MIOSAN CAF	M3B - RELAXANTE MUSCULAR DE AÇÃO CENTRAL	Novo	- (*) 	
CLORIDRATO DE CICLOPENTOLATO	CICLOPLÉGICO	S1F - MIDRIÁTICOS E CICLOPLÉGICOS	Novo	- (*) 	
CLORIDRATO DE CICLOPENTOLATO	CICLOLATO	S1F - MIDRIÁTICOS E CICLOPLÉGICOS	Similar	Tarja Vermelha sob restrição	
CLORIDRATO DE CINACALCETE	CLORIDRATO DE CINACALCETE	H4F - PRODUTOS ANTIPARATIREOIDEANOS	Genérico	Tarja Vermelha	
CLORIDRATO DE CINACALCETE	MISSORT	H4F - PRODUTOS ANTIPARATIREOIDEANOS	Similar	Tarja Vermelha	
CLORIDRATO DE CINACALCETE	MIMPARA	H4F - PRODUTOS ANTIPARATIREOIDEANOS	Novo	- (*) 	
CLORIDRATO DE CINACALCETE	CALT	H4F - PRODUTOS ANTIPARATIREOIDEANOS	Similar	Tarja Vermelha	
CLORIDRATO DE CINACALCETE	CLORIDRATO DE CINACALCETE	H4F - PRODUTOS ANTIPARATIREOIDEANOS	Genérico	Tarja Vermelha	
CLORIDRATO DE CINACALCETE	CLORIDRATO DE CINACALCETE	H4F - PRODUTOS ANTIPARATIREOIDEANOS	Genérico	Tarja Vermelha	
CLORIDRATO DE CIPROEPTADINA	COBAPETIT	A15A - OREXÍGENOS	Similar	Tarja Sem Tarja	
CLORIDRATO DE CIPROEPTADINA	APETIVAN BC	A15A - OREXÍGENOS	Similar	- (*) 	
CLORIDRATO DE CIPROEPTADINA;CLORIDRATO DE TIAMINA;RIBOFLAVINA;CLORIDRATO DE PIRIDOXINA;ÁCIDO ASCÓRBICO;NIACINAMIDA	PETIVIT BC	A15A - OREXÍGENOS	Similar	Tarja Sem Tarja	
CLORIDRATO DE CIPROEPTADINA;COBAMAMIDA	COBAVITAL	A15A - OREXÍGENOS	Novo	Tarja Sem Tarja	
CLORIDRATO DE CIPROEPTADINA;NICOTINAMIDA;CLORIDRATO DE TIAMINA;CLORIDRATO DE PIRIDOXINA;ÁCIDO ASCÓRBICO;FOSFATO SÓDICO DE RIBOFLAVINA	APETIVITON BC	A15A - OREXÍGENOS	Similar	Tarja Sem Tarja	
CLORIDRATO DE CIPROEPTADINA;NICOTINAMIDA;CLORIDRATO DE TIAMINA;RIBOFLAVINA;CLORIDRATO DE PIRIDOXINA;ÁCIDO ASCÓRBICO	APEVITIN BC	A15A - OREXÍGENOS	Novo	Tarja Sem Tarja	
CLORIDRATO DE CIPROFLOXACINO	CLORIDRATO DE CIPROFLOXACINO	J1G1 - FLUORQUINOLONAS ORAIS	Genérico	Tarja Vermelha sob restrição	
CLORIDRATO DE CIPROFLOXACINO	FORITUS	J1G1 - FLUORQUINOLONAS ORAIS	Similar	- (*) 	
CLORIDRATO DE CIPROFLOXACINO	CIPROBIOT	J1G1 - FLUORQUINOLONAS ORAIS	Similar	Tarja Vermelha sob restrição	
CLORIDRATO DE CIPROFLOXACINO	CLORIDRATO DE CIPROFLOXACINO	J1G1 - FLUORQUINOLONAS ORAIS	Genérico	Tarja Vermelha sob restrição	
CLORIDRATO DE CIPROFLOXACINO	CLORIDRATO DE CIPROFLOXACINO	J1G1 - FLUORQUINOLONAS ORAIS	Genérico	Tarja Vermelha sob restrição	
CLORIDRATO DE CIPROFLOXACINO	MAXIFLOX	S1A - ANTIINFECCIOS OFTALMOLÓGICOS	Similar	Tarja Vermelha sob restrição	
CLORIDRATO DE CIPROFLOXACINO	URCIP	J1G1 - FLUORQUINOLONAS ORAIS	Similar	Tarja Vermelha sob restrição	
CLORIDRATO DE CIPROFLOXACINO	CLORIDRATO DE CIPROFLOXACINO	J1G1 - FLUORQUINOLONAS ORAIS	Genérico	Tarja Vermelha sob restrição	
CLORIDRATO DE CIPROFLOXACINO	CLORIDRATO DE CIPROFLOXACINO	S1A - ANTIINFECCIOS OFTALMOLÓGICOS	Genérico	Tarja Vermelha sob restrição	
CLORIDRATO DE CIPROFLOXACINO	CYPCINO	J1G1 - FLUORQUINOLONAS ORAIS	Similar	Tarja Vermelha sob restrição	
CLORIDRATO DE CIPROFLOXACINO	CLORIDRATO DE CIPROFLOXACINO	J1G1 - FLUORQUINOLONAS ORAIS	Genérico	Tarja Vermelha sob restrição	
CLORIDRATO DE CIPROFLOXACINO	CIPROFLONAX	J1G1 - FLUORQUINOLONAS ORAIS	Similar	Tarja Vermelha sob restrição	
CLORIDRATO DE CIPROFLOXACINO	CLORIDRATO DE CIPROFLOXACINO	J1G1 - FLUORQUINOLONAS ORAIS	Genérico	Tarja Vermelha sob restrição	
CLORIDRATO DE CIPROFLOXACINO	CLORIDRATO DE CIPROFLOXACINO	J1G1 - FLUORQUINOLONAS ORAIS	Genérico	Tarja Vermelha sob restrição	
CLORIDRATO DE CIPROFLOXACINO	CIPRIX	J1G1 - FLUORQUINOLONAS ORAIS	Similar	Tarja Vermelha sob restrição	
CLORIDRATO DE CIPROFLOXACINO	CLORIDRATO DE CIPROFLOXACINO	J1G1 - FLUORQUINOLONAS ORAIS	Genérico	Tarja Vermelha sob restrição	
CLORIDRATO DE CIPROFLOXACINO	CIPRO	J1G1 - FLUORQUINOLONAS ORAIS	Novo	Tarja Vermelha sob restrição	
CLORIDRATO DE CIPROFLOXACINO ;DEXAMETASONA	CLORIDRATO DE CIPROFLOXACINO MONOIDRATADO + DEXAMETASONA	S1C1 - ASSOCIAÇÕES OFTALMOLÓGICAS CORTICOSTERÓIDES COM ANTIINFECCIOSOS	Genérico	Tarja Vermelha sob restrição	
CLORIDRATO DE CIPROFLOXACINO ;DEXAMETASONA	MAXIFLOX D	S1C1 - ASSOCIAÇÕES OFTALMOLÓGICAS CORTICOSTERÓIDES COM ANTIINFECCIOSOS	Similar	Tarja Vermelha sob restrição	
CLORIDRATO DE CIPROFLOXACINO ;DEXAMETASONA	CLORIDRATO DE CIPROFLOXACINO MONOIDRATADO + DEXAMETASONA	S1C1 - ASSOCIAÇÕES OFTALMOLÓGICAS CORTICOSTERÓIDES COM ANTIINFECCIOSOS	Genérico	Tarja Vermelha	
CLORIDRATO DE CIPROFLOXACINO ;DEXAMETASONA	CLORIDRATO DE CIPROFLOXACINO MONOIDRATADO + DEXAMETASONA	S1C1 - ASSOCIAÇÕES OFTALMOLÓGICAS CORTICOSTERÓIDES COM ANTIINFECCIOSOS	Genérico	Tarja Vermelha sob restrição	
CLORIDRATO DE CIPROFLOXACINO ;HIDROCORTISONA	OTOCIRIAX	S2C - ASSOCIAÇÕES OTOLÓGICAS CORTICOSTERÓIDES COM ANTIINFECCIOSOS	Similar	Tarja Vermelha sob restrição	
CLORIDRATO DE CIPROFLOXACINO MONOIDRATADO	CLORIDRATO DE CIPROFLOXACINO	J1G1 - FLUORQUINOLONAS ORAIS	Genérico	Tarja Vermelha sob restrição	
CLORIDRATO DE CIPROFLOXACINO MONOIDRATADO	CILOXAN	S1A - ANTIINFECCIOS OFTALMOLÓGICOS	Novo	Tarja Vermelha sob restrição	
CLORIDRATO DE CIPROFLOXACINO MONOIDRATADO	CLORIDRATO DE CIPROFLOXACINO	S1A - ANTIINFECCIOS OFTALMOLÓGICOS	Genérico	Tarja Vermelha sob restrição	
CLORIDRATO DE CIPROFLOXACINO MONOIDRATADO	CIPROFAR	J1G1 - FLUORQUINOLONAS ORAIS	Similar	Tarja Vermelha sob restrição	
CLORIDRATO DE CIPROFLOXACINO MONOIDRATADO	CLORIDRATO DE CIPROFLOXACINO	J1G1 - FLUORQUINOLONAS ORAIS	Genérico	Tarja Vermelha sob restrição	
CLORIDRATO DE CIPROFLOXACINO MONOIDRATADO	CIPROFLOXATRIN	J1G1 - FLUORQUINOLONAS ORAIS	Similar	Tarja Vermelha sob restrição	
CLORIDRATO DE CIPROFLOXACINO MONOIDRATADO	CLORIDRATO DE CIPROFLOXACINO	J1G1 - FLUORQUINOLONAS ORAIS	Genérico	Tarja Vermelha sob restrição	
CLORIDRATO DE CIPROFLOXACINO MONOIDRATADO	CICLATRY	J1G1 - FLUORQUINOLONAS ORAIS	Similar	Tarja Vermelha sob restrição	
CLORIDRATO DE CIPROFLOXACINO MONOIDRATADO	CLORIDRATO DE CIPROFLOXACINO	J1G1 - FLUORQUINOLONAS ORAIS	Genérico	Tarja Vermelha sob restrição	
CLORIDRATO DE CIPROFLOXACINO MONOIDRATADO	QUINOFLOX	J1G1 - FLUORQUINOLONAS ORAIS	Similar	Tarja Vermelha sob restrição	
CLORIDRATO DE CIPROFLOXACINO MONOIDRATADO	PROFLOX	J1G1 - FLUORQUINOLONAS ORAIS	Similar	Tarja Vermelha sob restrição	
CLORIDRATO DE CIPROFLOXACINO MONOIDRATADO	CLORIDRATO DE CIPROFLOXACINO	J1G1 - FLUORQUINOLONAS ORAIS	Genérico	Tarja Vermelha sob restrição	
CLORIDRATO DE CIPROFLOXACINO MONOIDRATADO	CIPROFLOXACINO	J1G1 - FLUORQUINOLONAS ORAIS	Genérico	Tarja Vermelha sob restrição	
CLORIDRATO DE CIPROFLOXACINO MONOIDRATADO	CIPROCILIN	J1G1 - FLUORQUINOLONAS ORAIS	Similar	Tarja Vermelha sob restrição	
CLORIDRATO DE CIPROFLOXACINO MONOIDRATADO	CLORIDRATO DE CIPROFLOXACINO	J1G1 - FLUORQUINOLONAS ORAIS	Genérico	Tarja Vermelha sob restrição	
CLORIDRATO DE CIPROFLOXACINO MONOIDRATADO	CLORIDRATO DE CIPROFLOXACINO	J1G1 - FLUORQUINOLONAS ORAIS	Genérico	Tarja Vermelha sob restrição	
CLORIDRATO DE CIPROFLOXACINO MONOIDRATADO	CIFLOXATIL	J1G1 - FLUORQUINOLONAS ORAIS	Similar	Tarja Vermelha sob restrição	
CLORIDRATO DE CLINDAMICINA MONOIDRATADO	CLORIDRATO DE CLINDAMICINA	J1F - MACROLIDEOS E SIMILARES	Genérico	Tarja Vermelha sob restrição	
CLORIDRATO DE CLINDAMICINA MONOIDRATADO	CLORIDRATO DE CLINDAMICINA	J1F - MACROLIDEOS E SIMILARES	Genérico	Tarja Vermelha sob restrição	
CLORIDRATO DE CLINDAMICINA MONOIDRATADO	CLINDAMIN-C	J1F - MACROLIDEOS E SIMILARES	Similar	Tarja Vermelha sob restrição	
CLORIDRATO DE CLINDAMICINA MONOIDRATADO	CLORIDRATO DE CLINDAMICINA	J1F - MACROLIDEOS E SIMILARES	Genérico	Tarja Vermelha sob restrição	
CLORIDRATO DE CLINDAMICINA MONOIDRATADO	DALACIN C	J1F - MACROLIDEOS E SIMILARES	Novo	Tarja Vermelha sob restrição	
CLORIDRATO DE CLOMIPRAMINA	CLORIDRATO DE CLOMIPRAMINA	N6A9 - ANTIDEPRESSIVOS TODOS OS OUTROS	Genérico	Tarja Vermelha sob restrição	
CLORIDRATO DE CLOMIPRAMINA	ANAFRANIL	N6A9 - ANTIDEPRESSIVOS TODOS OS OUTROS	Novo	Tarja Vermelha sob restrição	
CLORIDRATO DE CLOMIPRAMINA	CLORIDRATO DE CLOMIPRAMINA	N6A9 - ANTIDEPRESSIVOS TODOS OS OUTROS	Genérico	Tarja Vermelha sob restrição	
CLORIDRATO DE CLOMIPRAMINA	CLORIDRATO DE CLOMIPRAMINA	N6A9 - ANTIDEPRESSIVOS TODOS OS OUTROS	Genérico	- (*) 	
CLORIDRATO DE CLOMIPRAMINA	CLORIDRATO DE CLOMIPRAMINA	N6A9 - ANTIDEPRESSIVOS TODOS OS OUTROS	Genérico	Tarja Vermelha sob restrição	
CLORIDRATO DE CLOMIPRAMINA	CLO	N6A9 - ANTIDEPRESSIVOS TODOS OS OUTROS	Similar	Tarja Vermelha sob restrição	
CLORIDRATO DE CLONIDINA	CLORIDRATO DE CLONIDINA	N2B1 - ANALGÉSICOS NÃO NARCÓTICOS E ANTIPIRÉTICOS SOB PRESCRIÇÃO	Genérico	Tarja Vermelha	
CLORIDRATO DE CLONIDINA	CLORIDRATO DE CLONIDINA	N2B1 - ANALGÉSICOS NÃO NARCÓTICOS E ANTIPIRÉTICOS SOB PRESCRIÇÃO	Genérico	Tarja Vermelha	
CLORIDRATO DE CLONIDINA	CLONIDIN	N2B1 - ANALGÉSICOS NÃO NARCÓTICOS E ANTIPIRÉTICOS SOB PRESCRIÇÃO	Novo	Tarja Vermelha	
CLORIDRATO DE CLONIDINA	CLORIDRATO DE CLONIDINA	N2B1 - ANALGÉSICOS NÃO NARCÓTICOS E ANTIPIRÉTICOS SOB PRESCRIÇÃO	Genérico	Tarja Vermelha	
CLORIDRATO DE CLONIDINA	CLIZE	N2B1 - ANALGÉSICOS NÃO NARCÓTICOS E ANTIPIRÉTICOS SOB PRESCRIÇÃO	Similar	Tarja Vermelha	
CLORIDRATO DE CLONIDINA	ATENSINA	C2A1 - ANTI-HIPERTENSIVOS PURO-AÇÃO CENTRAL	Novo	Tarja Vermelha	
CLORIDRATO DE CLONIDINA	ATENSINA	C2A1 - ANTI-HIPERTENSIVOS PURO-AÇÃO CENTRAL	Novo	Tarja Vermelha	
CLORIDRATO DE CLORPROMAZINA	CLORIDRATO DE CLORPROMAZINA	N5A9 - ANTIPSICÓTICOS CONVENCIONAIS	Genérico	Tarja Vermelha sob restrição	
CLORIDRATO DE CLORPROMAZINA	LONGACTIL	N5A9 - ANTIPSICÓTICOS CONVENCIONAIS	Similar	Tarja Vermelha sob restrição	
CLORIDRATO DE CLORPROMAZINA	CLORPROMAZ	N5A9 - ANTIPSICÓTICOS CONVENCIONAIS	Similar	Tarja Vermelha sob restrição	
CLORIDRATO DE CLORPROMAZINA	AMPLICTIL	N5A1 - ANTIPSICÓTICOS ATÍPICOS	Novo	Tarja Vermelha sob restrição	
CLORIDRATO DE DAPOXETINA	EMPOZZE	G4X - TODOS OS OUTROS PRODUTOS UROLÓGICOS	Novo	Tarja Vermelha sob restrição	
CLORIDRATO DE DAPOXETINA	PROSOY	G4B9 - TODOS OUTROS PRODUTOS UROLOGICOS	Novo	Tarja Vermelha sob restrição	
CLORIDRATO DE DAUNORRUBICINA	EVOCLASS	L1D - AGENTES ANTINEOPLÁSICOS ANTIBIÓTICOS	Similar	- (*) 	
CLORIDRATO DE DEXMEDETOMIDINA	CLORIDRATO DE DEXMEDETOMIDINA	N1A2 - ANESTÉSICOS GERAIS INJETÁVEIS	Genérico	Tarja Vermelha	
CLORIDRATO DE DEXMEDETOMIDINA	BDEXBRAUN	N1A2 - ANESTÉSICOS GERAIS INJETÁVEIS	Similar	Tarja Vermelha sob restrição	
CLORIDRATO DE DEXMEDETOMIDINA	CLORIDRATO DE DEXMEDETOMIDINA	N1A2 - ANESTÉSICOS GERAIS INJETÁVEIS	Genérico	Tarja Vermelha sob restrição	
CLORIDRATO DE DEXMEDETOMIDINA	DEX	N1A2 - ANESTÉSICOS GERAIS INJETÁVEIS	Similar	Tarja Vermelha sob restrição	
CLORIDRATO DE DEXMEDETOMIDINA	DEX BOLSA	N1A2 - ANESTÉSICOS GERAIS INJETÁVEIS	Novo	Tarja Vermelha sob restrição	
CLORIDRATO DE DEXMEDETOMIDINA	CLORIDRATO DE DEXMEDETOMIDINA	N1A2 - ANESTÉSICOS GERAIS INJETÁVEIS	Genérico	Tarja Vermelha sob restrição	
CLORIDRATO DE DEXMEDETOMIDINA	EXTODIN	N1A2 - ANESTÉSICOS GERAIS INJETÁVEIS	Similar	Tarja Vermelha sob restrição	
CLORIDRATO DE DEXMEDETOMIDINA	SIMBILEX	N1A2 - ANESTÉSICOS GERAIS INJETÁVEIS	Similar	Tarja Vermelha	
CLORIDRATO DE DEXMEDETOMIDINA	CLORIDRATO DE DEXMEDETOMIDINA	N1A2 - ANESTÉSICOS GERAIS INJETÁVEIS	Genérico	Tarja Vermelha sob restrição	
CLORIDRATO DE DEXMEDETOMIDINA	CLORIDRATO DE DEXMEDETOMIDINA	N1A2 - ANESTÉSICOS GERAIS INJETÁVEIS	Genérico	Tarja Vermelha sob restrição	
CLORIDRATO DE DEXMEDETOMIDINA	PRECEDEX	N1A2 - ANESTÉSICOS GERAIS INJETÁVEIS	Novo	- (*) 	
CLORIDRATO DE DEXMEDETOMIDINA	CLORIDRATO DE DEXMEDETOMIDINA	N1A2 - ANESTÉSICOS GERAIS INJETÁVEIS	Genérico	Tarja Vermelha sob restrição	
CLORIDRATO DE DEXMEDETOMIDINA	CLORIDRATO DE DEXMEDETOMIDINA	N1A2 - ANESTÉSICOS GERAIS INJETÁVEIS	Genérico	Tarja Vermelha sob restrição	
CLORIDRATO DE DEXMEDETOMIDINA	SLIPDEX	N1A2 - ANESTÉSICOS GERAIS INJETÁVEIS	Similar	Tarja Vermelha sob restrição	
CLORIDRATO DE DEXMEDETOMIDINA	CLORIDRATO DE DEXMEDETOMIDINA	N1A2 - ANESTÉSICOS GERAIS INJETÁVEIS	Genérico	Tarja Vermelha sob restrição	
CLORIDRATO DE DEXMEDETOMIDINA	CLORIDRATO DE DEXMEDETOMIDINA	N1A2 - ANESTÉSICOS GERAIS INJETÁVEIS	Genérico	Tarja Preta	
CLORIDRATO DE DEXRAZOXANO	CARDIOXANE	V3D - AGENTES DESINTOXICANTES PARA O TRATAMENTO DE NEOPLASISAS	Novo	Tarja Vermelha	
CLORIDRATO DE DIFENIDRAMINA	LENIX	N5B1 - HIPNÓTICOS E SEDATIVOS NÃO BARBITÚRICOS PUROS	Novo	Tarja Vermelha	
CLORIDRATO DE DIFENIDRAMINA	DIFENIDRIN	R6A - ANTI-HISTAMÍNICOS SISTÊMICOS	Similar	- (*) 	
CLORIDRATO DE DIFENIDRAMINA;CALAMINA;CÂNFORA	SOLARDRIL	D4A - ANTIPRURIGINOSOS  TÓPICOS - INCLUINDO ANTIHISTAMÍNICOS, ANESTÉSICOS, ETC	Similar	Tarja Sem Tarja	
CLORIDRATO DE DILTIAZEM	CLORIDRATO DE DILTIAZEM	C8A - ANTAGONISTAS DO CÁLCIO PUROS	Genérico	- (*) 	
CLORIDRATO DE DILTIAZEM	CARDIZEM	C8A - ANTAGONISTAS DO CÁLCIO PUROS	Novo	- (*) 	
CLORIDRATO DE DILTIAZEM	CORDIL	C8A - ANTAGONISTAS DO CÁLCIO PUROS	Similar	Tarja Vermelha	
CLORIDRATO DE DILTIAZEM	CLORIDRATO DE DILTIAZEM	C8A - ANTAGONISTAS DO CÁLCIO PUROS	Genérico	Tarja Vermelha	
CLORIDRATO DE DILTIAZEM	CLORIDRATO DE DILTIAZEM	C8A - ANTAGONISTAS DO CÁLCIO PUROS	Genérico	Tarja Vermelha	
CLORIDRATO DE DILTIAZEM	CLORIDRATO DE DILTIAZEM	C8A - ANTAGONISTAS DO CÁLCIO PUROS	Genérico	Tarja Vermelha	
CLORIDRATO DE DOBUTAMINA	CLORIDRATO DE DOBUTAMINA	C1C2 - AGENTES CARDÍACOS DOPAMINÉRGICOS	Genérico	Tarja Vermelha	
CLORIDRATO DE DOBUTAMINA	CLORIDRATO DE DOBUTAMINA	C1C2 - AGENTES CARDÍACOS DOPAMINÉRGICOS	Genérico	- (*) 	
CLORIDRATO DE DOBUTAMINA	CLORIDRATO DE DOBUTAMINA	C1C2 - AGENTES CARDÍACOS DOPAMINÉRGICOS	Genérico	Tarja Vermelha	
CLORIDRATO DE DOBUTAMINA	CLORIDRATO DE DOBUTAMINA	C1C2 - AGENTES CARDÍACOS DOPAMINÉRGICOS	Genérico	- (*) 	
CLORIDRATO DE DOBUTAMINA	DOBUTARISTON	C1C2 - AGENTES CARDÍACOS DOPAMINÉRGICOS	Similar	Tarja Vermelha	
CLORIDRATO DE DOBUTAMINA	CLORIDRATO DE DOBUTAMINA	C1C2 - AGENTES CARDÍACOS DOPAMINÉRGICOS	Genérico	- (*) 	
CLORIDRATO DE DOBUTAMINA	DOBUTREX	C1C2 - AGENTES CARDÍACOS DOPAMINÉRGICOS	Novo	Tarja Vermelha	
CLORIDRATO DE DONEPEZILA	DON	N7D1 - PRODUTOS ANTIALZHEIMER, INIBIDORES DA COLINESTERASE	Similar	- (*) 	
CLORIDRATO DE DONEPEZILA	CLORIDRATO DE DONEPEZILA	N7D1 - PRODUTOS ANTIALZHEIMER, INIBIDORES DA COLINESTERASE	Genérico	Tarja Vermelha sob restrição	
CLORIDRATO DE DONEPEZILA	CLORIDRATO DE DONEPEZILA	N7D1 - PRODUTOS ANTIALZHEIMER, INIBIDORES DA COLINESTERASE	Genérico	- (*) 	
CLORIDRATO DE DONEPEZILA	CLORIDRATO DE DONEPEZILA	N7D1 - PRODUTOS ANTIALZHEIMER, INIBIDORES DA COLINESTERASE	Genérico	Tarja Vermelha sob restrição	
CLORIDRATO DE DONEPEZILA	CLORIDRATO DE DONEPEZILA	N7D1 - PRODUTOS ANTIALZHEIMER, INIBIDORES DA COLINESTERASE	Genérico	Tarja Vermelha sob restrição	
CLORIDRATO DE DONEPEZILA	LABREA	N7D1 - PRODUTOS ANTIALZHEIMER, INIBIDORES DA COLINESTERASE	Similar	- (*) 	
CLORIDRATO DE DONEPEZILA	SENES	N7D1 - PRODUTOS ANTIALZHEIMER, INIBIDORES DA COLINESTERASE	Similar	- (*) 	
CLORIDRATO DE DONEPEZILA	CLORIDRATO DE DONEPEZILA	N7D1 - PRODUTOS ANTIALZHEIMER, INIBIDORES DA COLINESTERASE	Genérico	Tarja Vermelha sob restrição	
CLORIDRATO DE DONEPEZILA	DEPZEL	N7D1 - PRODUTOS ANTIALZHEIMER, INIBIDORES DA COLINESTERASE	Similar	Tarja Vermelha sob restrição	
CLORIDRATO DE DONEPEZILA	EPÉZ	N7D1 - PRODUTOS ANTIALZHEIMER, INIBIDORES DA COLINESTERASE	Similar	- (*) 	
CLORIDRATO DE DONEPEZILA	CLORIDRATO DE DONEPEZILA	N7D1 - PRODUTOS ANTIALZHEIMER, INIBIDORES DA COLINESTERASE	Genérico	- (*) 	
CLORIDRATO DE DONEPEZILA	COMFECT	N7D1 - PRODUTOS ANTIALZHEIMER, INIBIDORES DA COLINESTERASE	Similar	Tarja Vermelha sob restrição	
CLORIDRATO DE DONEPEZILA	DONILA	N7D1 - PRODUTOS ANTIALZHEIMER, INIBIDORES DA COLINESTERASE	Similar	Tarja Vermelha sob restrição	
CLORIDRATO DE DONEPEZILA	CLORIDRATO DE DONEPEZILA	N7D1 - PRODUTOS ANTIALZHEIMER, INIBIDORES DA COLINESTERASE	Genérico	Tarja Vermelha sob restrição	
CLORIDRATO DE DONEPEZILA	CLORIDRATO DE DONEPEZILA	N7D1 - PRODUTOS ANTIALZHEIMER, INIBIDORES DA COLINESTERASE	Genérico	Tarja Vermelha sob restrição	
CLORIDRATO DE DONEPEZILA	CLORIDRATO DE DONEPEZILA	N7D1 - PRODUTOS ANTIALZHEIMER, INIBIDORES DA COLINESTERASE	Genérico	Tarja Vermelha sob restrição	
CLORIDRATO DE DONEPEZILA	FURP-DONEPEZILA	N7D1 - PRODUTOS ANTIALZHEIMER, INIBIDORES DA COLINESTERASE	Similar	- (*) 	
CLORIDRATO DE DONEPEZILA	CLORIDRATO DE DONEPEZILA	N7D1 - PRODUTOS ANTIALZHEIMER, INIBIDORES DA COLINESTERASE	Genérico	Tarja Vermelha sob restrição	
CLORIDRATO DE DONEPEZILA	ERANZ	N7D1 - PRODUTOS ANTIALZHEIMER, INIBIDORES DA COLINESTERASE	Novo	Tarja Vermelha sob restrição	
CLORIDRATO DE DONEPEZILA	CLORIDRATO DE DONEPEZILA	N7D1 - PRODUTOS ANTIALZHEIMER, INIBIDORES DA COLINESTERASE	Genérico	Tarja Vermelha sob restrição	
CLORIDRATO DE DONEPEZILA	CLORIDRATO DE DONEPEZILA	N7D1 - PRODUTOS ANTIALZHEIMER, INIBIDORES DA COLINESTERASE	Genérico	Tarja Vermelha	
CLORIDRATO DE DONEPEZILA	DANPEZIL	N7D1 - PRODUTOS ANTIALZHEIMER, INIBIDORES DA COLINESTERASE	Similar	Tarja Vermelha sob restrição	
CLORIDRATO DE DONEPEZILA	CLORIDRATO DE DONEPEZILA	N7D1 - PRODUTOS ANTIALZHEIMER, INIBIDORES DA COLINESTERASE	Genérico	Tarja Vermelha sob restrição	
CLORIDRATO DE DONEPEZILA	CLORIDRATO DE DONEPEZILA	N7D1 - PRODUTOS ANTIALZHEIMER, INIBIDORES DA COLINESTERASE	Genérico	Tarja Vermelha sob restrição	
CLORIDRATO DE DONEPEZILA	CLORIDRATO DE DONEPEZILA	N7D1 - PRODUTOS ANTIALZHEIMER, INIBIDORES DA COLINESTERASE	Genérico	Tarja Vermelha sob restrição	
CLORIDRATO DE DONEPEZILA	CLORIDRATO DE DONEPEZILA	N7D1 - PRODUTOS ANTIALZHEIMER, INIBIDORES DA COLINESTERASE	Genérico	Tarja Vermelha sob restrição	
CLORIDRATO DE DONEPEZILA	CLORIDRATO DE DONEPEZILA	N7D1 - PRODUTOS ANTIALZHEIMER, INIBIDORES DA COLINESTERASE	Genérico	Tarja Vermelha sob restrição	
CLORIDRATO DE DONEPEZILA	CLORIDRATO DE DONEPEZILA	N7D1 - PRODUTOS ANTIALZHEIMER, INIBIDORES DA COLINESTERASE	Genérico	Tarja Vermelha sob restrição	
CLORIDRATO DE DOPAMINA	DOPACRIS	C1C2 - AGENTES CARDÍACOS DOPAMINÉRGICOS	Similar	Tarja Vermelha	
CLORIDRATO DE DOPAMINA	CLORIDRATO DE DOPAMINA	C1C2 - AGENTES CARDÍACOS DOPAMINÉRGICOS	Genérico	- (*) 	
CLORIDRATO DE DOPAMINA	CLORIDRATO DE DOPAMINA	C1C2 - AGENTES CARDÍACOS DOPAMINÉRGICOS	Genérico	Tarja Vermelha	
CLORIDRATO DE DOPAMINA	CLORIDRATO DE DOPAMINA	C1C2 - AGENTES CARDÍACOS DOPAMINÉRGICOS	Genérico	- (*) 	
CLORIDRATO DE DOPAMINA	DOPABANE	C1C2 - AGENTES CARDÍACOS DOPAMINÉRGICOS	Similar	Tarja Vermelha	
CLORIDRATO DE DORZOLAMIDA	CLORIDRATO DE DORZOLAMIDA	S1E2 - PREPARAÇÕES ANTIGLAUCOMAS E MIÓTICAS TÓPICAS	Genérico	- (*) 	
CLORIDRATO DE DORZOLAMIDA	ZONIDRA	S1E2 - PREPARAÇÕES ANTIGLAUCOMAS E MIÓTICAS TÓPICAS	Similar	Tarja Vermelha	
CLORIDRATO DE DORZOLAMIDA	OCUPRESS	S1E2 - PREPARAÇÕES ANTIGLAUCOMAS E MIÓTICAS TÓPICAS	Similar	Tarja Vermelha	
CLORIDRATO DE DORZOLAMIDA	CLORIDRATO DE DORZOLAMIDA	S1E2 - PREPARAÇÕES ANTIGLAUCOMAS E MIÓTICAS TÓPICAS	Genérico	Tarja Vermelha	
CLORIDRATO DE DORZOLAMIDA	ANDRUM	S1E2 - PREPARAÇÕES ANTIGLAUCOMAS E MIÓTICAS TÓPICAS	Similar	Tarja Vermelha	
CLORIDRATO DE DORZOLAMIDA	CLORIDRATO DE DORZOLAMIDA	S1E2 - PREPARAÇÕES ANTIGLAUCOMAS E MIÓTICAS TÓPICAS	Genérico	Tarja Vermelha	
CLORIDRATO DE DORZOLAMIDA	CLORIDRATO DE DORZOLAMIDA	S1E2 - PREPARAÇÕES ANTIGLAUCOMAS E MIÓTICAS TÓPICAS	Genérico	- (*) 	
CLORIDRATO DE DORZOLAMIDA	DORZAL	S1E2 - PREPARAÇÕES ANTIGLAUCOMAS E MIÓTICAS TÓPICAS	Similar	- (*) 	
CLORIDRATO DE DOXICICLINA	CLORIDRATO DE DOXICICLINA	J1A - TETRACICLINAS E ASSOCIAÇÕES	Genérico	Tarja Vermelha sob restrição	
CLORIDRATO DE DOXICICLINA	DOXICLIN	J1A - TETRACICLINAS E ASSOCIAÇÕES	Similar	Tarja Vermelha sob restrição	
CLORIDRATO DE DOXICICLINA	HICLATO DE DOXICICLINA	J1A - TETRACICLINAS E ASSOCIAÇÕES	Genérico	Tarja Vermelha sob restrição	
CLORIDRATO DE DOXICICLINA	CLORIDRATO DE DOXICICLINA	J1A - TETRACICLINAS E ASSOCIAÇÕES	Genérico	Tarja Vermelha sob restrição	
CLORIDRATO DE DOXORRUBICINA	FAULDOXO	L1D - AGENTES ANTINEOPLÁSICOS ANTIBIÓTICOS	Similar	Tarja Vermelha	
CLORIDRATO DE DOXORRUBICINA	CLORIDRATO DE DOXORRUBICINA	L1D - AGENTES ANTINEOPLÁSICOS ANTIBIÓTICOS	Genérico	Tarja Vermelha	
CLORIDRATO DE DOXORRUBICINA	RUBIDOX	L1D - AGENTES ANTINEOPLÁSICOS ANTIBIÓTICOS	Similar	- (*) 	
CLORIDRATO DE DOXORRUBICINA	EVORUBICIN	L1D - AGENTES ANTINEOPLÁSICOS ANTIBIÓTICOS	Similar	- (*) 	
CLORIDRATO DE DOXORRUBICINA	DOXOPEG	L1D - AGENTES ANTINEOPLÁSICOS ANTIBIÓTICOS	Similar	Tarja Vermelha	
CLORIDRATO DE DOXORRUBICINA	REPEGOXA	L1D - AGENTES ANTINEOPLÁSICOS ANTIBIÓTICOS	Similar	Tarja Vermelha	
CLORIDRATO DE DOXORRUBICINA	DOCKS	L1D - AGENTES ANTINEOPLÁSICOS ANTIBIÓTICOS	Similar	Tarja Vermelha	
CLORIDRATO DE DULOXETINA	VELIJA	N6A5 - ANTIDEPRESSIVOS SNRI	Similar	Tarja Vermelha sob restrição	
CLORIDRATO DE DULOXETINA	CLORIDRATO DE DULOXETINA	N6A5 - ANTIDEPRESSIVOS SNRI	Genérico	Tarja Vermelha sob restrição	
CLORIDRATO DE DULOXETINA	DEP	N6A5 - ANTIDEPRESSIVOS SNRI	Similar	Tarja Vermelha sob restrição	
CLORIDRATO DE DULOXETINA	SYMPTA	N6A5 - ANTIDEPRESSIVOS SNRI	Similar	Tarja Vermelha sob restrição	
CLORIDRATO DE DULOXETINA	CLORIDRATO DE DULOXETINA	N6A5 - ANTIDEPRESSIVOS SNRI	Genérico	Tarja Vermelha sob restrição	
CLORIDRATO DE DULOXETINA	ABRETIA	N6A5 - ANTIDEPRESSIVOS SNRI	Similar	- (*) 	
CLORIDRATO DE DULOXETINA	CLORIDRATO DE DULOXETINA	N6A5 - ANTIDEPRESSIVOS SNRI	Genérico	Tarja Vermelha sob restrição	
CLORIDRATO DE DULOXETINA	LEDUO	N6A5 - ANTIDEPRESSIVOS SNRI	Similar	Tarja Vermelha sob restrição	
CLORIDRATO DE DULOXETINA	DUAL	N6A5 - ANTIDEPRESSIVOS SNRI	Similar	- (*) 	
CLORIDRATO DE DULOXETINA	CLORIDRATO DE DULOXETINA	N6A5 - ANTIDEPRESSIVOS SNRI	Genérico	Tarja Vermelha sob restrição	
CLORIDRATO DE DULOXETINA	CLORIDRATO DE DULOXETINA	N6A5 - ANTIDEPRESSIVOS SNRI	Genérico	Tarja Vermelha sob restrição	
CLORIDRATO DE DULOXETINA	MYDULO	N6A5 - ANTIDEPRESSIVOS SNRI	Similar	Tarja Vermelha sob restrição	
CLORIDRATO DE DULOXETINA	CYMBALTA	N6A5 - ANTIDEPRESSIVOS SNRI	Novo	Tarja Vermelha sob restrição	
CLORIDRATO DE DULOXETINA	CLORIDRATO DE DULOXETINA	N6A5 - ANTIDEPRESSIVOS SNRI	Genérico	Tarja Vermelha sob restrição	
CLORIDRATO DE DULOXETINA	CYMBI	N6A5 - ANTIDEPRESSIVOS SNRI	Similar	Tarja Vermelha sob restrição	
CLORIDRATO DE DULOXETINA	DEPRASIL	N6A5 - ANTIDEPRESSIVOS SNRI	Similar	Tarja Vermelha sob restrição	
CLORIDRATO DE DULOXETINA	CLORIDRATO DE DULOXETINA	N6A5 - ANTIDEPRESSIVOS SNRI	Genérico	Tarja Vermelha sob restrição	
CLORIDRATO DE DULOXETINA	CLORIDRATO DE DULOXETINA	N6A5 - ANTIDEPRESSIVOS SNRI	Genérico	Tarja Vermelha sob restrição	
CLORIDRATO DE DULOXETINA	DUXXEN	N6A5 - ANTIDEPRESSIVOS SNRI	Similar	Tarja Vermelha sob restrição	
CLORIDRATO DE EPINASTINA	RELESTAT	S1G1 - ANTIALÉRGICOS OFTAMOLÓGICOS, ANTI-HISTAMÍNICOS	Novo	Tarja Vermelha	
CLORIDRATO DE EPINASTINA	TALERC	R6A - ANTI-HISTAMÍNICOS SISTÊMICOS	Novo	- (*) 	
CLORIDRATO DE EPIRRUBICINA	CLORIDRATO DE EPIRRUBICINA	L1D - AGENTES ANTINEOPLÁSICOS ANTIBIÓTICOS	Genérico	- (*) 	
CLORIDRATO DE EPIRRUBICINA	BRECILA	L1D - AGENTES ANTINEOPLÁSICOS ANTIBIÓTICOS	Similar	Tarja Vermelha	
CLORIDRATO DE ERLOTINIBE	CLORIDRATO DE ERLOTINIBE	L1H2 - INIBIDORES PREOTEÍNA KINASE ANTINEOPLÁSICOS, EGFR	Genérico	Tarja Vermelha	
CLORIDRATO DE ERLOTINIBE	TARCEVA	L1H2 - INIBIDORES PREOTEÍNA KINASE ANTINEOPLÁSICOS, EGFR	Novo	- (*) 	
CLORIDRATO DE ERLOTINIBE	ROCAB	L1H2 - INIBIDORES PREOTEÍNA KINASE ANTINEOPLÁSICOS, EGFR	Similar	Tarja Vermelha	
CLORIDRATO DE ERLOTINIBE	TEMBLAR	L1H2 - INIBIDORES PREOTEÍNA KINASE ANTINEOPLÁSICOS, EGFR	Similar	Tarja Vermelha	
CLORIDRATO DE ERLOTINIBE	CLORIDRATO DE ERLOTINIBE	L1H2 - INIBIDORES PREOTEÍNA KINASE ANTINEOPLÁSICOS, EGFR	Genérico	Tarja Vermelha	
CLORIDRATO DE ERLOTINIBE	EGROTIB®	L1H2 - INIBIDORES PREOTEÍNA KINASE ANTINEOPLÁSICOS, EGFR	Similar	Tarja Vermelha	
CLORIDRATO DE ERLOTINIBE	CLORIDRATO DE ERLOTINIBE	L1H2 - INIBIDORES PREOTEÍNA KINASE ANTINEOPLÁSICOS, EGFR	Genérico	Tarja Vermelha	
CLORIDRATO DE ERLOTINIBE	ERLOK	L1H2 - INIBIDORES PREOTEÍNA KINASE ANTINEOPLÁSICOS, EGFR	Similar	Tarja Vermelha	
CLORIDRATO DE ERLOTINIBE	CLORIDRATO DE ERLOTINIBE	L1H2 - INIBIDORES PREOTEÍNA KINASE ANTINEOPLÁSICOS, EGFR	Genérico	Tarja Vermelha	
CLORIDRATO DE ESCETAMINA	CLORIDRATO DE ESCETAMINA	N1A2 - ANESTÉSICOS GERAIS INJETÁVEIS	Genérico	Tarja Preta	
CLORIDRATO DE ESCETAMINA	KETAMIN	N1A2 - ANESTÉSICOS GERAIS INJETÁVEIS	Similar	Tarja Preta	
CLORIDRATO DE ESCETAMINA	CLORIDRATO DE ESCETAMINA	N1A2 - ANESTÉSICOS GERAIS INJETÁVEIS	Genérico	Tarja Preta	
CLORIDRATO DE ESCETAMINA	KETAH	N1A2 - ANESTÉSICOS GERAIS INJETÁVEIS	Similar	Tarja Preta	
CLORIDRATO DE ESCETAMINA	KETAH LC	N1A2 - ANESTÉSICOS GERAIS INJETÁVEIS	Similar	Tarja Preta	
CLORIDRATO DE ESCETAMINA	SPRAVATO	N6A9 - ANTIDEPRESSIVOS TODOS OS OUTROS	Novo	Tarja Preta	
CLORIDRATO DE ESCETAMINA	CLORIDRATO DE ESCETAMINA	N1A2 - ANESTÉSICOS GERAIS INJETÁVEIS	Genérico	Tarja Preta	
CLORIDRATO DE ESMOLOL	BREVIBLOC	C7A0 - BETABLOQUEADORES PUROS	Similar	- (*) 	
CLORIDRATO DE ESMOLOL	BREVIBLOC DILUÍDO	C7A0 - BETABLOQUEADORES PUROS	Novo	Tarja Vermelha	
CLORIDRATO DE ETILEFRINA	ETILEFRIL	C1C1 - ESTIMULANTES CARDÍACOS EXCLUINDO AGENTES DOPAMINÉRGICOS.	Similar	Tarja Vermelha	
CLORIDRATO DE FENAZOPIRIDINA	PYRIDIUM	G4B9 - TODOS OUTROS PRODUTOS UROLOGICOS	Novo	Tarja Sem Tarja	
CLORIDRATO DE FENILEFRINA	GRIPALCÊ	R5A - ANTIGRIPAIS SEM ANTIINFECCIOSOS	Similar	Tarja Sem Tarja	
CLORIDRATO DE FENILEFRINA	FENILEFRIN	C1C1 - ESTIMULANTES CARDÍACOS EXCLUINDO AGENTES DOPAMINÉRGICOS.	Similar	Tarja Vermelha	
CLORIDRATO DE FENILEFRINA	RESFRILIV	R5A - ANTIGRIPAIS SEM ANTIINFECCIOSOS	Similar	- (*) 	
CLORIDRATO DE FENILEFRINA	NEOLEFRIN	R5A - ANTIGRIPAIS SEM ANTIINFECCIOSOS	Similar	Tarja Sem Tarja	
CLORIDRATO DE FEXOFENADINA	ALTIVA	R6A - ANTI-HISTAMÍNICOS SISTÊMICOS	Similar	Tarja Sem Tarja	
CLORIDRATO DE FEXOFENADINA	CLORIDRATO DE FEXOFENADINA	R6A - ANTI-HISTAMÍNICOS SISTÊMICOS	Genérico	Tarja Sem Tarja	
CLORIDRATO DE FEXOFENADINA	ALLEXOFEDRIN	R6A - ANTI-HISTAMÍNICOS SISTÊMICOS	Similar	Tarja Sem Tarja	
CLORIDRATO DE FEXOFENADINA	CLORIDRATO DE FEXOFENADINA	R6A - ANTI-HISTAMÍNICOS SISTÊMICOS	Genérico	Tarja Sem Tarja	
CLORIDRATO DE FEXOFENADINA	ALLEXOFEDRIN PEDIÁTRICO	R6A - ANTI-HISTAMÍNICOS SISTÊMICOS	Similar	Tarja Sem Tarja	
CLORIDRATO DE FEXOFENADINA	CLORIDRATO DE FEXOFENADINA	R1B - PREPARAÇÕES SISTÊMICAS NASAIS	Genérico	Tarja Sem Tarja	
CLORIDRATO DE FEXOFENADINA	FEXXOLYV	R6A - ANTI-HISTAMÍNICOS SISTÊMICOS	Similar	Tarja Vermelha	
CLORIDRATO DE FEXOFENADINA	CLORIDRATO DE FEXOFENADINA	R6A - ANTI-HISTAMÍNICOS SISTÊMICOS	Genérico	Tarja Sem Tarja	
CLORIDRATO DE FEXOFENADINA	AFECSO	R6A - ANTI-HISTAMÍNICOS SISTÊMICOS	Similar	Tarja Sem Tarja	
CLORIDRATO DE FEXOFENADINA	FEXX	R6A - ANTI-HISTAMÍNICOS SISTÊMICOS	Similar	Tarja Sem Tarja	
CLORIDRATO DE FEXOFENADINA	CLORIDRATO DE FEXOFENADINA	R6A - ANTI-HISTAMÍNICOS SISTÊMICOS	Genérico	Tarja Sem Tarja	
CLORIDRATO DE FEXOFENADINA	CLORIDRATO DE FEXOFENADINA	R6A - ANTI-HISTAMÍNICOS SISTÊMICOS	Genérico	Tarja Sem Tarja	
CLORIDRATO DE FEXOFENADINA	CLORIDRATO DE FEXOFENADINA	R6A - ANTI-HISTAMÍNICOS SISTÊMICOS	Genérico	- (*) 	
CLORIDRATO DE FEXOFENADINA	CLORIDRATO DE FEXOFENADINA	R6A - ANTI-HISTAMÍNICOS SISTÊMICOS	Genérico	Tarja Sem Tarja	
CLORIDRATO DE FEXOFENADINA	PRAALERGIA	R6A - ANTI-HISTAMÍNICOS SISTÊMICOS	Similar	Tarja Sem Tarja	
CLORIDRATO DE FEXOFENADINA	CLORIDRATO DE FEXOFENADINA	R6A - ANTI-HISTAMÍNICOS SISTÊMICOS	Genérico	Tarja Sem Tarja	
CLORIDRATO DE FEXOFENADINA	DESRINITE	R6A - ANTI-HISTAMÍNICOS SISTÊMICOS	Similar	Tarja Sem Tarja	
CLORIDRATO DE FEXOFENADINA	CLORIDRATO DE FEXOFENADINA	R6A - ANTI-HISTAMÍNICOS SISTÊMICOS	Genérico	Tarja Vermelha	
CLORIDRATO DE FEXOFENADINA	POLARMINPRO	R6A - ANTI-HISTAMÍNICOS SISTÊMICOS	Similar	Tarja Sem Tarja	
CLORIDRATO DE FEXOFENADINA	CLORIDRATO DE FEXOFENADINA	R6A - ANTI-HISTAMÍNICOS SISTÊMICOS	Genérico	Tarja Sem Tarja	
CLORIDRATO DE FEXOFENADINA	ALLEGRA	R6A - ANTI-HISTAMÍNICOS SISTÊMICOS	Novo	Tarja Sem Tarja	
CLORIDRATO DE FEXOFENADINA	ALER	R6A - ANTI-HISTAMÍNICOS SISTÊMICOS	Similar	Tarja Sem Tarja	
CLORIDRATO DE FEXOFENADINA;CLORIDRATO DE PSEUDOEFEDRINA	ALLEXOFEDRIN D	R1B - PREPARAÇÕES SISTÊMICAS NASAIS	Similar	Tarja Vermelha	
CLORIDRATO DE FEXOFENADINA;CLORIDRATO DE PSEUDOEFEDRINA	CLORIDRATO DE FEXOFENADINA + CLORIDRATO DE PSEUDOEFEDRINA	R1B - PREPARAÇÕES SISTÊMICAS NASAIS	Genérico	Tarja Vermelha	
CLORIDRATO DE FEXOFENADINA;CLORIDRATO DE PSEUDOEFEDRINA	CLORIDRATO DE FEXOFENADINA + CLORIDRATO DE PSEUDOEFEDRINA	R1B - PREPARAÇÕES SISTÊMICAS NASAIS	Genérico	Tarja Vermelha	
CLORIDRATO DE FEXOFENADINA;CLORIDRATO DE PSEUDOEFEDRINA	ALLEGRA D	R1B - PREPARAÇÕES SISTÊMICAS NASAIS	Novo	Tarja Vermelha	
CLORIDRATO DE FINGOLIMODE	GILENYA	N7A - PRODUTOS PARA ESCLEROSE MÚLTIPLA	Novo	- (*) 	
CLORIDRATO DE FINGOLIMODE	CLORIDRATO DE FINGOLIMODE	N7A - PRODUTOS PARA ESCLEROSE MÚLTIPLA	Genérico	Tarja Vermelha	
CLORIDRATO DE FINGOLIMODE	CLORIDRATO DE FINGOLIMODE	N7A - PRODUTOS PARA ESCLEROSE MÚLTIPLA	Genérico	Tarja Vermelha	
CLORIDRATO DE FINGOLIMODE	CLORIDRATO DE FINGOLIMODE	N7A - PRODUTOS PARA ESCLEROSE MÚLTIPLA	Genérico	Tarja Vermelha	
CLORIDRATO DE FINGOLIMODE	CLORIDRATO DE FINGOLIMODE	N7A - PRODUTOS PARA ESCLEROSE MÚLTIPLA	Genérico	Tarja Vermelha	
CLORIDRATO DE FLUOXETINA	VEROTINA	N6A4 - ANTIDEPRESSIVOS SSRI	Similar	Tarja Vermelha sob restrição	
CLORIDRATO DE FLUOXETINA	FLUXENE	N6A4 - ANTIDEPRESSIVOS SSRI	Similar	Tarja Vermelha sob restrição	
CLORIDRATO DE FLUOXETINA	CLORIDRATO DE FLUOXETINA	N6A4 - ANTIDEPRESSIVOS SSRI	Genérico	Tarja Vermelha sob restrição	
CLORIDRATO DE FLUOXETINA	CLORIDRATO DE FLUOXETINA	N6A4 - ANTIDEPRESSIVOS SSRI	Genérico	Tarja Vermelha sob restrição	
CLORIDRATO DE FLUOXETINA	CLORIDRATO DE FLUOXETINA	N6A4 - ANTIDEPRESSIVOS SSRI	Genérico	Tarja Vermelha sob restrição	
CLORIDRATO DE FLUOXETINA	CLORIDRATO DE FLUOXETINA	N6A4 - ANTIDEPRESSIVOS SSRI	Genérico	Tarja Vermelha sob restrição	
CLORIDRATO DE FLUOXETINA	CLORIDRATO DE FLUOXETINA	N6A4 - ANTIDEPRESSIVOS SSRI	Genérico	Tarja Vermelha sob restrição	
CLORIDRATO DE FLUOXETINA	FLUOXETIN	N6A4 - ANTIDEPRESSIVOS SSRI	Similar	Tarja Vermelha sob restrição	
CLORIDRATO DE FLUOXETINA	PROZEN	N6A4 - ANTIDEPRESSIVOS SSRI	Similar	- (*) 	
CLORIDRATO DE FLUOXETINA	CLORIDRATO DE FLUOXETINA	N6A4 - ANTIDEPRESSIVOS SSRI	Genérico	Tarja Vermelha sob restrição	
CLORIDRATO DE FLUOXETINA	CLORIDRATO DE FLUOXETINA	N6A4 - ANTIDEPRESSIVOS SSRI	Genérico	Tarja Vermelha sob restrição	
CLORIDRATO DE FLUOXETINA	CLORIDRATO DE FLUOXETINA	N6A4 - ANTIDEPRESSIVOS SSRI	Genérico	Tarja Vermelha	
CLORIDRATO DE FLUOXETINA	CLORIDRATO DE FLUOXETINA	N6A4 - ANTIDEPRESSIVOS SSRI	Genérico	Tarja Vermelha	
CLORIDRATO DE FLUOXETINA	CLORIDRATO DE FLUOXETINA	N6A4 - ANTIDEPRESSIVOS SSRI	Genérico	Tarja Vermelha sob restrição	
CLORIDRATO DE FLUOXETINA	CLORIDRATO DE FLUOXETINA	N6A4 - ANTIDEPRESSIVOS SSRI	Genérico	Tarja Vermelha sob restrição	
CLORIDRATO DE FLUOXETINA	CLORIDRATO DE FLUOXETINA	N6A4 - ANTIDEPRESSIVOS SSRI	Genérico	Tarja Vermelha sob restrição	
CLORIDRATO DE FLUOXETINA	CLORIDRATO DE FLUOXETINA	N6A4 - ANTIDEPRESSIVOS SSRI	Genérico	- (*) 	
CLORIDRATO DE FLUOXETINA	PROZAC	N6A4 - ANTIDEPRESSIVOS SSRI	Novo	Tarja Vermelha	
CLORIDRATO DE FLUOXETINA	CLORIDRATO DE FLUOXETINA	N6A4 - ANTIDEPRESSIVOS SSRI	Genérico	Tarja Vermelha sob restrição	
CLORIDRATO DE FLUOXETINA	CLORIDRATO DE FLUOXETINA	N6A4 - ANTIDEPRESSIVOS SSRI	Genérico	Tarja Vermelha sob restrição	
CLORIDRATO DE FLUOXETINA	CLORIDRATO DE FLUOXETINA	N6A4 - ANTIDEPRESSIVOS SSRI	Genérico	Tarja Vermelha sob restrição	
CLORIDRATO DE FLUOXETINA	CLORIDRATO DE FLUOXETINA	N6A4 - ANTIDEPRESSIVOS SSRI	Genérico	Tarja Vermelha sob restrição	
CLORIDRATO DE FLUOXETINA	DAFORIN	N6A4 - ANTIDEPRESSIVOS SSRI	    -     	Tarja Vermelha	
CLORIDRATO DE FLUOXETINA	CLORIDRATO DE FLUOXETINA	N6A4 - ANTIDEPRESSIVOS SSRI	Genérico	- (*) 	
CLORIDRATO DE FLUOXETINA	CLORIDRATO DE FLUOXETINA	N6A4 - ANTIDEPRESSIVOS SSRI	Genérico	Tarja Vermelha sob restrição	
CLORIDRATO DE FLUOXETINA	CLORIDRATO DE FLUOXETINA	N6A4 - ANTIDEPRESSIVOS SSRI	Genérico	- (*) 	
CLORIDRATO DE FLUOXETINA	CLORIDRATO DE FLUOXETINA	N6A4 - ANTIDEPRESSIVOS SSRI	Genérico	Tarja Vermelha sob restrição	
CLORIDRATO DE FLUOXETINA	CLORIDRATO DE FLUOXETINA	N6A4 - ANTIDEPRESSIVOS SSRI	Genérico	Tarja Vermelha sob restrição	
CLORIDRATO DE FLUOXETINA	CLORIDRATO DE FLUOXETINA	N6A4 - ANTIDEPRESSIVOS SSRI	Genérico	Tarja Vermelha sob restrição	
CLORIDRATO DE FLURAZEPAM	DALMADORM	N5B1 - HIPNÓTICOS E SEDATIVOS NÃO BARBITÚRICOS PUROS	Similar	Tarja Preta	
CLORIDRATO DE GENCITABINA	GENLIBBS	L1B - AGENTES ANTINEOPLÁSICOS ANTIMETABÓLITOS	Similar	Tarja Vermelha	
CLORIDRATO DE GENCITABINA	CLORIDRATO DE GENCITABINA	L1B - AGENTES ANTINEOPLÁSICOS ANTIMETABÓLITOS	Genérico	Tarja Vermelha	
CLORIDRATO DE GENCITABINA	CLORIDRATO DE GENCITABINA	L1D - AGENTES ANTINEOPLÁSICOS ANTIBIÓTICOS	Genérico	Tarja Vermelha sob restrição	
CLORIDRATO DE GENCITABINA	GEMCIT	L1B - AGENTES ANTINEOPLÁSICOS ANTIMETABÓLITOS	Novo	Tarja Vermelha	
CLORIDRATO DE GENCITABINA	GCIB	L1B - AGENTES ANTINEOPLÁSICOS ANTIMETABÓLITOS	Similar	Tarja Vermelha	
CLORIDRATO DE GENCITABINA	GENCIX	L1B - AGENTES ANTINEOPLÁSICOS ANTIMETABÓLITOS	Similar	Tarja Vermelha	
CLORIDRATO DE GENCITABINA	GEMZAR	L1B - AGENTES ANTINEOPLÁSICOS ANTIMETABÓLITOS	Novo	Tarja Vermelha	
CLORIDRATO DE GENCITABINA	CLORIDRATO DE GENCITABINA	L1B - AGENTES ANTINEOPLÁSICOS ANTIMETABÓLITOS	Genérico	- (*) 	
CLORIDRATO DE GENCITABINA	EVOZAR	L1B - AGENTES ANTINEOPLÁSICOS ANTIMETABÓLITOS	Similar	- (*) 	
CLORIDRATO DE GENCITABINA	CLORIDRATO DE GENCITABINA	L1B - AGENTES ANTINEOPLÁSICOS ANTIMETABÓLITOS	Genérico	Tarja Vermelha	
CLORIDRATO DE GENCITABINA	CLORIDRATO DE GENCITABINA	L1B - AGENTES ANTINEOPLÁSICOS ANTIMETABÓLITOS	Genérico	Tarja Vermelha	
CLORIDRATO DE GENCITABINA	HETGEM	L1B - AGENTES ANTINEOPLÁSICOS ANTIMETABÓLITOS	Similar	Tarja Vermelha	
CLORIDRATO DE GENCITABINA	CLORIDRATO DE GENCITABINA	L1B - AGENTES ANTINEOPLÁSICOS ANTIMETABÓLITOS	Genérico	Tarja Vermelha	
CLORIDRATO DE GENCITABINA	MYLZAR	L1B - AGENTES ANTINEOPLÁSICOS ANTIMETABÓLITOS	Similar	Tarja Vermelha	
CLORIDRATO DE GRANISETRONA	CLORIDRATO DE GRANISETRONA	A4A1 - ANTIEMÉTICOS E ANTINAUSEANTES, ANTAGONISTAS DA SEROTONINA	Genérico	Tarja Vermelha	
CLORIDRATO DE GRANISETRONA	CLORIDRATO DE GRANISETRONA	A4A1 - ANTIEMÉTICOS E ANTINAUSEANTES, ANTAGONISTAS DA SEROTONINA	Genérico	- (*) 	
CLORIDRATO DE GRANISETRONA	QUEVATRYL	A4A1 - ANTIEMÉTICOS E ANTINAUSEANTES, ANTAGONISTAS DA SEROTONINA	Novo	Tarja Vermelha	
CLORIDRATO DE GRANISETRONA	CLORIDRATO DE GRANISETRONA	A4A1 - ANTIEMÉTICOS E ANTINAUSEANTES, ANTAGONISTAS DA SEROTONINA	Genérico	Tarja Vermelha	
CLORIDRATO DE HIDRALAZINA	NEPRESOL	C2A2 - ANTI-HIPERTENSIVOS PURO-AÇÃO PERIFÉRICA	Novo	Tarja Vermelha	
CLORIDRATO DE HIDRALAZINA	APRESOLINA	C2A2 - ANTI-HIPERTENSIVOS PURO-AÇÃO PERIFÉRICA	Novo	Tarja Vermelha	
CLORIDRATO DE HIDROXIZINA	HIXIZINE	R6A - ANTI-HISTAMÍNICOS SISTÊMICOS	Similar	Tarja Vermelha	
CLORIDRATO DE HIDROXIZINA	CLORIDRATO DE HIDROXIZINE	R6A - ANTI-HISTAMÍNICOS SISTÊMICOS	Genérico	Tarja Vermelha	
CLORIDRATO DE HIDROXIZINA	DROXY	R6A - ANTI-HISTAMÍNICOS SISTÊMICOS	Similar	Tarja Vermelha	
CLORIDRATO DE HIDROXIZINA	CLORIDRATO DE HIDROXIZINA	R6A - ANTI-HISTAMÍNICOS SISTÊMICOS	Genérico	- (*) 	
CLORIDRATO DE HIDROXIZINA	CLORIDRATO DE HIDROXIZINA	R6A - ANTI-HISTAMÍNICOS SISTÊMICOS	Genérico	- (*) 	
CLORIDRATO DE HIDROXOCOBALAMINA	CRONOBÊ	A11F - VITAMINA B12 PURA	Específico	Tarja Vermelha	
CLORIDRATO DE HIDROXOCOBALAMINA	VITAMINA B12	A11F - VITAMINA B12 PURA	Específico	Tarja Vermelha	
CLORIDRATO DE HIDROXOCOBALAMINA;TRIPTOFANO;CLORIDRATO DE ARGININA;GLUTAMINA;FOSFATO DE LEVOTREONINA;DEXFOSFOSSERINA	FORTEN	A13A2 - TODOS OS OUTROS TÔNICOS	Específico	Tarja Sem Tarja	
CLORIDRATO DE IDARRUBICINA	EVOMID	L1D - AGENTES ANTINEOPLÁSICOS ANTIBIÓTICOS	Similar	Tarja Vermelha	
CLORIDRATO DE IMIPRAMINA	IMIPRA	N6A9 - ANTIDEPRESSIVOS TODOS OS OUTROS	Similar	Tarja Vermelha sob restrição	
CLORIDRATO DE IOIMBINA	YOMAX	G4E9 - OUTROS PRODUTOS PARA DISFUNÇÃO ERÉTIL	Específico	- (*) 	
CLORIDRATO DE IPTACOPANA MONOIDRATADO	FABHALTA	B6X - OUTROS AGENTES HEMATOLÓGICOS	Novo	Tarja Vermelha	
CLORIDRATO DE IRINOTECANO	EVOTERIN	L1C3 - AGENTES ANTINEOPLÁSICOS CAMPTOTECINAS	Similar	Tarja Vermelha	
CLORIDRATO DE IRINOTECANO	CAMPTOSAR	L1C3 - AGENTES ANTINEOPLÁSICOS CAMPTOTECINAS	Novo	Tarja Vermelha	
CLORIDRATO DE IRINOTECANO	CLORIDRATO DE IRINOTECANO	L1C3 - AGENTES ANTINEOPLÁSICOS CAMPTOTECINAS	Genérico	Tarja Vermelha	
CLORIDRATO DE IRINOTECANO	PROTO-ITECAN	L1C3 - AGENTES ANTINEOPLÁSICOS CAMPTOTECINAS	Similar	Tarja Vermelha	
CLORIDRATO DE IRINOTECANO TRIIDRATADO	CLORIDRATO DE IRINOTECANO	L1C3 - AGENTES ANTINEOPLÁSICOS CAMPTOTECINAS	Genérico	Tarja Vermelha	
CLORIDRATO DE IRINOTECANO TRIIDRATADO	CLORIDRATO DE IRINOTECANO	L1C3 - AGENTES ANTINEOPLÁSICOS CAMPTOTECINAS	Genérico	Tarja Vermelha	
CLORIDRATO DE IRINOTECANO TRIIDRATADO	IRO	L1C3 - AGENTES ANTINEOPLÁSICOS CAMPTOTECINAS	Similar	Tarja Vermelha	
CLORIDRATO DE IRINOTECANO TRIIDRATADO	TREBYXAN	L1C3 - AGENTES ANTINEOPLÁSICOS CAMPTOTECINAS	Similar	Tarja Vermelha	
CLORIDRATO DE IRINOTECANO TRIIDRATADO	CAMPTRIX	L1C3 - AGENTES ANTINEOPLÁSICOS CAMPTOTECINAS	Similar	Tarja Vermelha	
CLORIDRATO DE IRINOTECANO TRIIDRATADO	ONIVYDE	L1C3 - AGENTES ANTINEOPLÁSICOS CAMPTOTECINAS	Novo	Tarja Vermelha	
CLORIDRATO DE IRINOTECANO TRIIDRATADO	CLORIDRATO DE IRINOTECANO	L1C3 - AGENTES ANTINEOPLÁSICOS CAMPTOTECINAS	Genérico	Tarja Vermelha	
CLORIDRATO DE IRINOTECANO TRIIDRATADO	IRNO	L1C3 - AGENTES ANTINEOPLÁSICOS CAMPTOTECINAS	Similar	Tarja Vermelha	
CLORIDRATO DE IRINOTECANO TRIIDRATADO	CLORIDRATO DE IRINOTECANO TRIIDRATADO	L1C3 - AGENTES ANTINEOPLÁSICOS CAMPTOTECINAS	Genérico	Tarja Vermelha	
CLORIDRATO DE ISOTIPENDIL	ANDANTOL	D4A - ANTIPRURIGINOSOS  TÓPICOS - INCLUINDO ANTIHISTAMÍNICOS, ANESTÉSICOS, ETC	Similar	Tarja Sem Tarja	
CLORIDRATO DE ISOXSUPRINA	INIBINA	G2E - INIBIDORES DO PARTO	Similar	- (*) 	
CLORIDRATO DE IVABRADINA	IVAHART	C1D - TERAPIA CORONARIA EXCLUINDO ANTAGONISTAS DO CÁLCIO E NITRITOS	Similar	Tarja Vermelha	
CLORIDRATO DE IVABRADINA	CLORIDRATO DE IVABRADINA	C1X - TODAS OUTRAS PREPARAÇÕES CARDÍACAS	Genérico	Tarja Vermelha	
CLORIDRATO DE IVABRADINA	PROCORALAN	C1D - TERAPIA CORONARIA EXCLUINDO ANTAGONISTAS DO CÁLCIO E NITRITOS	Novo	- (*) 	
CLORIDRATO DE LERCANIDIPINO	ZANIDIP	C8A - ANTAGONISTAS DO CÁLCIO PUROS	Novo	Tarja Vermelha	
CLORIDRATO DE LERCANIDIPINO	CLORIDRATO DE LERCANIDIPINO	C8A - ANTAGONISTAS DO CÁLCIO PUROS	Genérico	Tarja Vermelha	
CLORIDRATO DE LERCANIDIPINO	CLORIDRATO DE LERCANIDIPINO	C8A - ANTAGONISTAS DO CÁLCIO PUROS	Genérico	Tarja Vermelha	
CLORIDRATO DE LERCANIDIPINO	ZANIDIP	C8A - ANTAGONISTAS DO CÁLCIO PUROS	Novo	- (*) 	
CLORIDRATO DE LEVOBUNOLOL	B-TABLOCK	S1E2 - PREPARAÇÕES ANTIGLAUCOMAS E MIÓTICAS TÓPICAS	Similar	Tarja Vermelha	
CLORIDRATO DE LEVOBUPIVACAÍNA	NOVABUPI (SEM VASOCONSTRITOR)	N1B1 - ANESTÉSICOS LOCAIS MEDICINAIS INJETÁVEIS	Similar	- (*) 	
CLORIDRATO DE LEVOMEPROMAZINA	LEVOZINE	N5A9 - ANTIPSICÓTICOS CONVENCIONAIS	Similar	Tarja Vermelha sob restrição	
CLORIDRATO DE LEVOMEPROMAZINA	NEOZINE	N5A9 - ANTIPSICÓTICOS CONVENCIONAIS	Novo	Tarja Vermelha sob restrição	
CLORIDRATO DE LIDOCAINA	CLORIDRATO DE LIDOCAINA	N1B1 - ANESTÉSICOS LOCAIS MEDICINAIS INJETÁVEIS	Genérico	Tarja Vermelha	
CLORIDRATO DE LIDOCAINA	CLORIDRATO DE LIDOCAÍNA	N1B3 - ANESTÉSICOS LOCAIS TÓPICOS	Genérico	Tarja Vermelha	
CLORIDRATO DE LIDOCAINA	XYLESTESIN	N1B1 - ANESTÉSICOS LOCAIS MEDICINAIS INJETÁVEIS	Similar	Tarja Vermelha	
CLORIDRATO DE LIDOCAINA	XYLESTESIN ISOBÁRICO	N1B1 - ANESTÉSICOS LOCAIS MEDICINAIS INJETÁVEIS	Similar	Tarja Vermelha	
CLORIDRATO DE LIDOCAINA	HYPOCAÍNA	N1B1 - ANESTÉSICOS LOCAIS MEDICINAIS INJETÁVEIS	Similar	Tarja Vermelha	
CLORIDRATO DE LIDOCAINA	CLORIDRATO DE LIDOCAÍNA	N1B1 - ANESTÉSICOS LOCAIS MEDICINAIS INJETÁVEIS	Genérico	Tarja Vermelha	
CLORIDRATO DE LIDOCAINA	LIDIAL	N1B3 - ANESTÉSICOS LOCAIS TÓPICOS	Similar	Tarja Vermelha	
CLORIDRATO DE LIDOCAINA	LIDOJET	N1B1 - ANESTÉSICOS LOCAIS MEDICINAIS INJETÁVEIS	Similar	Tarja Vermelha	
CLORIDRATO DE LIDOCAINA	CLORIDRATO DE LIDOCAÍNA	N1B1 - ANESTÉSICOS LOCAIS MEDICINAIS INJETÁVEIS	Genérico	Tarja Vermelha	
CLORIDRATO DE LIDOCAINA	CLORIDRATO DE LIDOCAÍNA	N1B1 - ANESTÉSICOS LOCAIS MEDICINAIS INJETÁVEIS	Genérico	- (*) 	
CLORIDRATO DE LIDOCAINA	LABCAÍNA	N1B3 - ANESTÉSICOS LOCAIS TÓPICOS	Similar	Tarja Vermelha	
CLORIDRATO DE LIDOCAINA	LIDOCAÍNA	N1B3 - ANESTÉSICOS LOCAIS TÓPICOS	Genérico	Tarja Vermelha	
CLORIDRATO DE LIDOCAINA	LIDOGEL	N1B3 - ANESTÉSICOS LOCAIS TÓPICOS	Similar	Tarja Vermelha	
CLORIDRATO DE LIDOCAINA	NOPASURE	N1B1 - ANESTÉSICOS LOCAIS MEDICINAIS INJETÁVEIS	Similar	Tarja Vermelha	
CLORIDRATO DE LIDOCAINA	CLORIDRATO DE LIDOCAINA	N1B1 - ANESTÉSICOS LOCAIS MEDICINAIS INJETÁVEIS	Genérico	Tarja Vermelha	
CLORIDRATO DE LIDOCAINA	CLORIDRATO DE LIDOCAINA	N1B1 - ANESTÉSICOS LOCAIS MEDICINAIS INJETÁVEIS	Genérico	Tarja Vermelha	
CLORIDRATO DE LIDOCAINA;CLORETO DE BENZETÔNIO	ANTIMAIS SÉPTICO	D8A1 - ANTISSEPTICOS E DESINFETANTES, EXCETO PRODUTOS PARA AS MAOS	Similar	- (*) 	
CLORIDRATO DE LIDOCAINA;CLORIDRATO DE FENILEFRINA	SS WHITE 100	N1B2 - ANESTÉSICOS LOCAIS INJETÁVEIS ODONTOLÓGICOS	Similar	- (*) 	
CLORIDRATO DE LIDOCAINA;GLICOSE	XYLESTESIN PESADA	N1B1 - ANESTÉSICOS LOCAIS MEDICINAIS INJETÁVEIS	Similar	- (*) 	
CLORIDRATO DE LIDOCAINA;HEMITARTARATO DE EPINEFRINA	LIDOSTESIM AD	N1B2 - ANESTÉSICOS LOCAIS INJETÁVEIS ODONTOLÓGICOS	Novo	Tarja Vermelha	
CLORIDRATO DE LIDOCAINA;HEMITARTARATO DE NOREPINEFRINA	XYLESTESIN COM NOREPINEFRINA	N1B2 - ANESTÉSICOS LOCAIS INJETÁVEIS ODONTOLÓGICOS	Similar	Tarja Vermelha	
CLORIDRATO DE LIDOCAINA;HEMITARTARATO DE NOREPINEFRINA	LIDOSTESIM	N1B2 - ANESTÉSICOS LOCAIS INJETÁVEIS ODONTOLÓGICOS	Similar	- (*) 	
CLORIDRATO DE LIDOCAINA;PIVALATO DE FLUOCORTOLONA	ULTRAPROCT LDO	C5A1 - ANTI-HEMORROIDAIS COM CORTICOSTERÓIDES	Novo	Tarja Vermelha	
CLORIDRATO DE LIDOCAINA;POLIDOCANOL;MATRICARIA CHAMOMILLA L.	NENE DENT N	A1A - ESTOMATOLÓGICOS	Novo	Tarja Sem Tarja	
CLORIDRATO DE LIDOCAÍNA MONOIDRATADA	CLORIDRATO DE LIDOCAÍNA	N1B3 - ANESTÉSICOS LOCAIS TÓPICOS	Genérico	Tarja Vermelha	
CLORIDRATO DE LINCOMICINA	LINATRON	J1F - MACROLIDEOS E SIMILARES	Similar	- (*) 	
CLORIDRATO DE LISINA	RESIST	J5B3 - ANTIVIRAIS PARA HERPES	Específico	Tarja Vermelha	
CLORIDRATO DE LOPERAMIDA	DIASEC	A7H - INIBIDORES DA MOTILIDADE	Similar	Tarja Vermelha	
CLORIDRATO DE LOPERAMIDA	CLORIDRATO DE LOPERAMIDA	A7H - INIBIDORES DA MOTILIDADE	Genérico	Tarja Vermelha	
CLORIDRATO DE LOPERAMIDA	INTESTIN	A7H - INIBIDORES DA MOTILIDADE	Similar	Tarja Vermelha	
CLORIDRATO DE LOPERAMIDA	CLORIDRATO DE LOPERAMIDA	A7H - INIBIDORES DA MOTILIDADE	Genérico	Tarja Vermelha	
CLORIDRATO DE LOPERAMIDA	KAOSEC	A7H - INIBIDORES DA MOTILIDADE	Similar	Tarja Vermelha	
CLORIDRATO DE LOPERAMIDA	CLORIDRATO DE LOPERAMIDA	A7H - INIBIDORES DA MOTILIDADE	Genérico	- (*) 	
CLORIDRATO DE LOPERAMIDA	MAGNOSTASE	A7H - INIBIDORES DA MOTILIDADE	Similar	Tarja Vermelha	
CLORIDRATO DE LOPERAMIDA	IMOSEC	A7H - INIBIDORES DA MOTILIDADE	Novo	Tarja Vermelha	
CLORIDRATO DE LURASIDONA	CLORIDRATO DE LURASIDONA	N5A1 - ANTIPSICÓTICOS ATÍPICOS	Genérico	Tarja Vermelha sob restrição	
CLORIDRATO DE LURASIDONA	LURATT	N5A1 - ANTIPSICÓTICOS ATÍPICOS	Similar	Tarja Vermelha sob restrição	
CLORIDRATO DE LURASIDONA	LATUDA®	N5A1 - ANTIPSICÓTICOS ATÍPICOS	Novo	Tarja Vermelha sob restrição	
CLORIDRATO DE LURASIDONA	LUTAB	N5A1 - ANTIPSICÓTICOS ATÍPICOS	Similar	Tarja Vermelha sob restrição	
CLORIDRATO DE LURASIDONA	LUBIP	N5A1 - ANTIPSICÓTICOS ATÍPICOS	Similar	Tarja Vermelha sob restrição	
CLORIDRATO DE LURASIDONA	CLORIDRATO DE LURASIDONA	N5A1 - ANTIPSICÓTICOS ATÍPICOS	Genérico	Tarja Vermelha sob restrição	
CLORIDRATO DE LURASIDONA	CLORIDRATO DE LURASIDONA	N5A1 - ANTIPSICÓTICOS ATÍPICOS	Genérico	Tarja Vermelha sob restrição	
CLORIDRATO DE MEBEVERINA	DUSPATALIN	A3A - ANTIESPASMÓDICOS E ANTICOLINÉRGICOS PUROS	Novo	Tarja Vermelha	
CLORIDRATO DE MEBEVERINA	RUBENTI	A3A - ANTIESPASMÓDICOS E ANTICOLINÉRGICOS PUROS	Similar	- (*) 	
CLORIDRATO DE MEFLOQUINA	LQFEX - MEFLOQUINA	P1D1 - ANTIMALÁRICOS, 1 INGREDIENTE	Similar	- (*) 	
CLORIDRATO DE MEFLOQUINA;ARTESUNATO	ARTESUNATO +  MEFLOQUINA FARMANGUINHOS	P1D2 - ANTIMALÁRICO COM VÁRIOS INGREDIENTES	Novo	Tarja Vermelha	
CLORIDRATO DE MELFALANA	CLORIDRATO DE MELFALANA	L1A - AGENTES ANTINEOPLÁSICOS ALQUILANTES	Genérico	Tarja Vermelha	
CLORIDRATO DE MEMANTINA	ZIDER	N7D9 - TODOS OS OUTROS PRODUTOS ANTIALZHEIMER	Similar	Tarja Vermelha sob restrição	
CLORIDRATO DE MEMANTINA	HEIMER	N7D9 - TODOS OS OUTROS PRODUTOS ANTIALZHEIMER	Similar	Tarja Vermelha sob restrição	
CLORIDRATO DE MEMANTINA	CLORIDRATO DE MEMANTINA	N7D9 - TODOS OS OUTROS PRODUTOS ANTIALZHEIMER	Genérico	Tarja Vermelha sob restrição	
CLORIDRATO DE MEMANTINA	CLORIDRATO DE MEMANTINA	N7D9 - TODOS OS OUTROS PRODUTOS ANTIALZHEIMER	Genérico	Tarja Vermelha sob restrição	
CLORIDRATO DE MEMANTINA	CLORIDRATO DE MEMANTINA	N7D9 - TODOS OS OUTROS PRODUTOS ANTIALZHEIMER	Genérico	Tarja Vermelha sob restrição	
CLORIDRATO DE MEMANTINA	ALOIS	N7D9 - TODOS OS OUTROS PRODUTOS ANTIALZHEIMER	Similar	Tarja Vermelha sob restrição	
CLORIDRATO DE MEMANTINA	CLORIDRATO DE MEMANTINA	N7D9 - TODOS OS OUTROS PRODUTOS ANTIALZHEIMER	Genérico	Tarja Vermelha sob restrição	
CLORIDRATO DE MEMANTINA	MORIALE ODT	N7D9 - TODOS OS OUTROS PRODUTOS ANTIALZHEIMER	Novo	Tarja Vermelha sob restrição	
CLORIDRATO DE MEMANTINA	CLORIDRATO DE MEMANTINA	N7D9 - TODOS OS OUTROS PRODUTOS ANTIALZHEIMER	Genérico	Tarja Vermelha sob restrição	
CLORIDRATO DE MEMANTINA	ALZ	N7D9 - TODOS OS OUTROS PRODUTOS ANTIALZHEIMER	Similar	Tarja Vermelha sob restrição	
CLORIDRATO DE MEMANTINA	CLORIDRATO DE MEMANTINA	N7D9 - TODOS OS OUTROS PRODUTOS ANTIALZHEIMER	Genérico	- (*) 	
CLORIDRATO DE MEMANTINA	DESIRÉE	N7D9 - TODOS OS OUTROS PRODUTOS ANTIALZHEIMER	Similar	Tarja Vermelha sob restrição	
CLORIDRATO DE MEMANTINA	EBIX	N7D9 - TODOS OS OUTROS PRODUTOS ANTIALZHEIMER	Novo	- (*) 	
CLORIDRATO DE MEMANTINA	CLORIDRATO DE MEMANTINA	N7D9 - TODOS OS OUTROS PRODUTOS ANTIALZHEIMER	Genérico	Tarja Vermelha sob restrição	
CLORIDRATO DE MEMANTINA	MEALZ	N7D9 - TODOS OS OUTROS PRODUTOS ANTIALZHEIMER	Similar	Tarja Vermelha sob restrição	
CLORIDRATO DE MEMANTINA	CLORIDRATO DE MEMANTINA	N7D9 - TODOS OS OUTROS PRODUTOS ANTIALZHEIMER	Genérico	Tarja Vermelha sob restrição	
CLORIDRATO DE MEMANTINA	VIE	N7D9 - TODOS OS OUTROS PRODUTOS ANTIALZHEIMER	Similar	Tarja Vermelha sob restrição	
CLORIDRATO DE MEMANTINA	CLORIDRATO DE MEMANTINA	N7D9 - TODOS OS OUTROS PRODUTOS ANTIALZHEIMER	Genérico	Tarja Vermelha	
CLORIDRATO DE MEMANTINA	CLORIDRATO DE MEMANTINA	N7D9 - TODOS OS OUTROS PRODUTOS ANTIALZHEIMER	Genérico	Tarja Vermelha sob restrição	
CLORIDRATO DE MEMANTINA	KAMPPI	N7D9 - TODOS OS OUTROS PRODUTOS ANTIALZHEIMER	Similar	Tarja Vermelha sob restrição	
CLORIDRATO DE MEMANTINA	CLORIDRATO DE MEMANTINA	N7D9 - TODOS OS OUTROS PRODUTOS ANTIALZHEIMER	Genérico	Tarja Vermelha sob restrição	
CLORIDRATO DE MEMANTINA	CLORIDRATO DE MEMANTINA	N7D9 - TODOS OS OUTROS PRODUTOS ANTIALZHEIMER	Genérico	Tarja Vermelha sob restrição	
CLORIDRATO DE MEMANTINA	CLORIDRATO DE MEMANTINA	N7D9 - TODOS OS OUTROS PRODUTOS ANTIALZHEIMER	Genérico	Tarja Vermelha	
CLORIDRATO DE MEMANTINA	MAIZHER	N7D9 - TODOS OS OUTROS PRODUTOS ANTIALZHEIMER	Similar	Tarja Vermelha	
CLORIDRATO DE MEMANTINA	CLORIDRATO DE MEMANTINA	N7D9 - TODOS OS OUTROS PRODUTOS ANTIALZHEIMER	Genérico	Tarja Vermelha sob restrição	
CLORIDRATO DE MEMANTINA	CLORIDRATO DE MEMANTINA	N7D9 - TODOS OS OUTROS PRODUTOS ANTIALZHEIMER	Genérico	Tarja Vermelha sob restrição	
CLORIDRATO DE MEMANTINA	CLORIDRATO DE MEMANTINA	N7D9 - TODOS OS OUTROS PRODUTOS ANTIALZHEIMER	Genérico	Tarja Vermelha sob restrição	
CLORIDRATO DE MEMANTINA;CLORIDRATO DE DONEPEZILA	CLORIDRATO DE DONEPEZILA + CLORIDRATO DE MEMANTINA	N7D9 - TODOS OS OUTROS PRODUTOS ANTIALZHEIMER	Genérico	Tarja Vermelha sob restrição	
CLORIDRATO DE MEMANTINA;CLORIDRATO DE DONEPEZILA	ALOIS DUO	N7D9 - TODOS OS OUTROS PRODUTOS ANTIALZHEIMER	Similar	Tarja Vermelha sob restrição	
CLORIDRATO DE MEMANTINA;CLORIDRATO DE DONEPEZILA	ALOIS DUO PACK	N7D9 - TODOS OS OUTROS PRODUTOS ANTIALZHEIMER	Novo	Tarja Vermelha sob restrição	
CLORIDRATO DE MEMANTINA;CLORIDRATO DE DONEPEZILA	MORIALE DUO	N7D9 - TODOS OS OUTROS PRODUTOS ANTIALZHEIMER	Similar	Tarja Vermelha sob restrição	
CLORIDRATO DE MEMANTINA;CLORIDRATO DE DONEPEZILA	CLORIDRATO DE DONEPEZILA + CLORIDRATO DE MEMANTINA	N7D9 - TODOS OS OUTROS PRODUTOS ANTIALZHEIMER	Genérico	Tarja Vermelha sob restrição	
CLORIDRATO DE MEMANTINA;CLORIDRATO DE DONEPEZILA	COMFECT DUO	N7D9 - TODOS OS OUTROS PRODUTOS ANTIALZHEIMER	Similar	Tarja Vermelha sob restrição	
CLORIDRATO DE MEMANTINA;CLORIDRATO DE DONEPEZILA	DONILA DUO	N7D9 - TODOS OS OUTROS PRODUTOS ANTIALZHEIMER	Novo	Tarja Vermelha sob restrição	
CLORIDRATO DE MEMANTINA;CLORIDRATO DE DONEPEZILA	CLORIDRATO DE DONEPEZILA + CLORIDRATO DE MEMANTINA	N7D9 - TODOS OS OUTROS PRODUTOS ANTIALZHEIMER	Genérico	Tarja Vermelha sob restrição	
CLORIDRATO DE MEMANTINA;CLORIDRATO DE DONEPEZILA MONOIDRATADO	LÁBREA DUO	N7D9 - TODOS OS OUTROS PRODUTOS ANTIALZHEIMER	Similar	Tarja Vermelha sob restrição	
CLORIDRATO DE MEMANTINA;CLORIDRATO DE DONEPEZILA MONOIDRATADO	EPÉZ DUO	N7D9 - TODOS OS OUTROS PRODUTOS ANTIALZHEIMER	Similar	Tarja Vermelha sob restrição	
CLORIDRATO DE MEMANTINA;CLORIDRATO DE DONEPEZILA MONOIDRATADO	CLORIDRATO DE DONEPEZILA + CLORIDRATO DE MEMANTINA	N7D9 - TODOS OS OUTROS PRODUTOS ANTIALZHEIMER	Genérico	Tarja Vermelha sob restrição	
CLORIDRATO DE MEPIVACAÍNA	MEPISV	N1B2 - ANESTÉSICOS LOCAIS INJETÁVEIS ODONTOLÓGICOS	Similar	- (*) 	
CLORIDRATO DE MEPIVACAÍNA	MEPICAIN 3%	N1B2 - ANESTÉSICOS LOCAIS INJETÁVEIS ODONTOLÓGICOS	Similar	Tarja Vermelha	
CLORIDRATO DE MEPIVACAÍNA	MEPIVALEM 3 % SV	N1B2 - ANESTÉSICOS LOCAIS INJETÁVEIS ODONTOLÓGICOS	Similar	Tarja Vermelha	
CLORIDRATO DE METADONA	MYTEDOM	N2A - ANALGÉSICOS NARCÓTICOS	Similar	Tarja Preta	
CLORIDRATO DE METFORMINA	GLIFAGE	A10J1 - ANTIDIABÉTICOS BIGUANIDAS PUROS	Novo	Tarja Vermelha	
CLORIDRATO DE METFORMINA	CLORIDRATO DE METFORMINA	A10J1 - ANTIDIABÉTICOS BIGUANIDAS PUROS	Genérico	Tarja Vermelha	
CLORIDRATO DE METFORMINA	GLIFAGE XR	A10J1 - ANTIDIABÉTICOS BIGUANIDAS PUROS	Novo	Tarja Vermelha	
CLORIDRATO DE METFORMINA	CLORIDRATO DE METFORMINA	A10J1 - ANTIDIABÉTICOS BIGUANIDAS PUROS	Genérico	Tarja Vermelha	
CLORIDRATO DE METFORMINA	MEGLIZE	A10J1 - ANTIDIABÉTICOS BIGUANIDAS PUROS	Novo	Tarja Vermelha	
CLORIDRATO DE METFORMINA	CLORIDRATO DE METFORMINA	A10J1 - ANTIDIABÉTICOS BIGUANIDAS PUROS	Genérico	Tarja Vermelha	
CLORIDRATO DE METFORMINA	GLICOMET	A10J1 - ANTIDIABÉTICOS BIGUANIDAS PUROS	Similar	Tarja Vermelha	
CLORIDRATO DE METFORMINA	CLORIDRATO DE METFORMINA	A10J1 - ANTIDIABÉTICOS BIGUANIDAS PUROS	Genérico	Tarja Vermelha	
CLORIDRATO DE METFORMINA	CLORIDRATO DE METFORMINA	A10J1 - ANTIDIABÉTICOS BIGUANIDAS PUROS	Genérico	Tarja Vermelha	
CLORIDRATO DE METFORMINA	DIGLIXX	A10J1 - ANTIDIABÉTICOS BIGUANIDAS PUROS	Similar	Tarja Vermelha	
CLORIDRATO DE METFORMINA	CLORIDRATO DE METFORMINA	A10J1 - ANTIDIABÉTICOS BIGUANIDAS PUROS	Genérico	Tarja Vermelha	
CLORIDRATO DE METFORMINA	CLORIDRATO DE METFORMINA	A10J1 - ANTIDIABÉTICOS BIGUANIDAS PUROS	Genérico	- (*) 	
CLORIDRATO DE METFORMINA	FORMYN	A10J1 - ANTIDIABÉTICOS BIGUANIDAS PUROS	Similar	Tarja Vermelha	
CLORIDRATO DE METFORMINA	CLORIDRATO DE METFORMINA	A10J1 - ANTIDIABÉTICOS BIGUANIDAS PUROS	Genérico	Tarja Vermelha	
CLORIDRATO DE METFORMINA	CLORIDRATO DE METFORMINA	A10J1 - ANTIDIABÉTICOS BIGUANIDAS PUROS	Genérico	Tarja Vermelha	
CLORIDRATO DE METFORMINA	CLORIDRATO DE METFORMINA	A10J1 - ANTIDIABÉTICOS BIGUANIDAS PUROS	Genérico	Tarja Vermelha	
CLORIDRATO DE METFORMINA	CLORIDRATO DE METFORMINA	A10J1 - ANTIDIABÉTICOS BIGUANIDAS PUROS	Genérico	Tarja Vermelha	
CLORIDRATO DE METFORMINA	GLICEFOR	A10J1 - ANTIDIABÉTICOS BIGUANIDAS PUROS	Similar	Tarja Vermelha	
CLORIDRATO DE METFORMINA	CLORIDRATO DE METFORMINA	A10J1 - ANTIDIABÉTICOS BIGUANIDAS PUROS	Genérico	Tarja Vermelha	
CLORIDRATO DE METFORMINA;DAPAGLIFLOZINA	XIGDUO XR	A10P3 - ASSOCIAÇÃO DE ANTIDIABÉTICOS INIBIDORES DE SGLT2 COM BIGUANIDAS	Novo	- (*) 	
CLORIDRATO DE METFORMINA;EMPAGLIFLOZINA	JARDIANCE DUO	A10P3 - ASSOCIAÇÃO DE ANTIDIABÉTICOS INIBIDORES DE SGLT2 COM BIGUANIDAS	Novo	Tarja Vermelha	
CLORIDRATO DE METFORMINA;FOSFATO DE SITAGLIPTINA	FOSFATO DE SITAGLIPTINA + CLORIDRATO DE METFORMINA	A10N3 - ASSOCIAÇÕES DE INIBIDORES DPP-IV COM BIGUANIDAS	Genérico	Tarja Vermelha	
CLORIDRATO DE METFORMINA;FOSFATO DE SITAGLIPTINA	SITEH MET LP	A10N3 - ASSOCIAÇÕES DE INIBIDORES DPP-IV COM BIGUANIDAS	Similar	Tarja Vermelha	
CLORIDRATO DE METFORMINA;FOSFATO DE SITAGLIPTINA	SITEH MET	A10N3 - ASSOCIAÇÕES DE INIBIDORES DPP-IV COM BIGUANIDAS	Similar	Tarja Vermelha	
CLORIDRATO DE METFORMINA;FOSFATO DE SITAGLIPTINA	FOSFATO DE SITAGLIPTINA + CLORIDRATO DE METFORMINA	A10N3 - ASSOCIAÇÕES DE INIBIDORES DPP-IV COM BIGUANIDAS	Genérico	Tarja Vermelha	
CLORIDRATO DE METFORMINA;FOSFATO DE SITAGLIPTINA	FOSFATO DE SITAGLIPTINA + CLORIDRATO DE METFORMINA	A10N3 - ASSOCIAÇÕES DE INIBIDORES DPP-IV COM BIGUANIDAS	Genérico	Tarja Vermelha	
CLORIDRATO DE METFORMINA;GLIMEPIRIDA	GLIMEPIRIDA + CLORIDRATO DE METFORMINA	A10J2 - ASSOCIAÇÕES DE ANTIDIABÉTICOS SULFONILOURÉIA COM BIGUANIDAS	Genérico	Tarja Vermelha	
CLORIDRATO DE METFORMINA;GLIMEPIRIDA	MERITOR	A10J2 - ASSOCIAÇÕES DE ANTIDIABÉTICOS SULFONILOURÉIA COM BIGUANIDAS	Novo	Tarja Vermelha	
CLORIDRATO DE METILFENIDATO	CLORIDRATO DE METILFENIDATO	N6B - PSICOESTIMULANTES	Genérico	Tarja Preta	
CLORIDRATO DE METILFENIDATO	ATTENZE	N6B - PSICOESTIMULANTES	Similar	Tarja Preta	
CLORIDRATO DE METILFENIDATO	MEDATO	N6B - PSICOESTIMULANTES	Similar	Tarja Preta	
CLORIDRATO DE METILFENIDATO	RITALINA	N6B - PSICOESTIMULANTES	Novo	Tarja Preta	
CLORIDRATO DE METILFENIDATO	CLORIDRATO DE METILFENIDATO	N6B - PSICOESTIMULANTES	Genérico	Tarja Preta	
CLORIDRATO DE METILFENIDATO	CLORIDRATO DE METILFENIDATO	N6B - PSICOESTIMULANTES	Genérico	Tarja Preta	
CLORIDRATO DE METILFENIDATO	CONCERTA	N6B - PSICOESTIMULANTES	Novo	- (*) 	
CLORIDRATO DE METILFENIDATO	CLORIDRATO DE METILFENIDATO	N6B - PSICOESTIMULANTES	Genérico	Tarja Preta	
CLORIDRATO DE METILFENIDATO	CLORIDRATO DE METILFENIDATO	N6B - PSICOESTIMULANTES	Genérico	Tarja Preta	
CLORIDRATO DE METILFENIDATO	CONSIV	N6B - PSICOESTIMULANTES	Similar	Tarja Preta	
CLORIDRATO DE METILFENIDATO	CLORIDRATO DE METILFENIDATO	N6B - PSICOESTIMULANTES	Genérico	Tarja Preta	
CLORIDRATO DE METILFENIDATO	RAGIONE	N6B - PSICOESTIMULANTES	Similar	Tarja Preta	
CLORIDRATO DE METILFENIDATO	CLORIDRATO DE METILFENIDATO	N6B - PSICOESTIMULANTES	Genérico	Tarja Preta	
CLORIDRATO DE METILFENIDATO	TEDEAGA	N6B - PSICOESTIMULANTES	Similar	Tarja Preta	
CLORIDRATO DE METILFENIDATO	FOQ XR	N6B - PSICOESTIMULANTES	Similar	Tarja Preta	
CLORIDRATO DE METILFENIDATO	CLORIDRATO DE METILFENIDATO	N6B - PSICOESTIMULANTES	Genérico	Tarja Preta	
CLORIDRATO DE METOCLOPRAMIDA	METOCLOSANTISA	A3F - GASTROPROCINÉTICOS	Similar	Tarja Vermelha	
CLORIDRATO DE METOCLOPRAMIDA	CLORIDRATO DE METOCLOPRAMIDA	A3F - GASTROPROCINÉTICOS	Genérico	Tarja Vermelha	
CLORIDRATO DE METOCLOPRAMIDA	PLABEL	A3F - GASTROPROCINÉTICOS	Similar	Tarja Vermelha	
CLORIDRATO DE METOCLOPRAMIDA	VOMISTOP	A3F - GASTROPROCINÉTICOS	Similar	- (*) 	
CLORIDRATO DE METOCLOPRAMIDA	FURP - METOCLOPRAMIDA	A3F - GASTROPROCINÉTICOS	Similar	- (*) 	
CLORIDRATO DE METOCLOPRAMIDA	METROFARMA	A3F - GASTROPROCINÉTICOS	Similar	- (*) 	
CLORIDRATO DE METOCLOPRAMIDA	ARISTOPRAMIDA	A3F - GASTROPROCINÉTICOS	Similar	- (*) 	
CLORIDRATO DE METOCLOPRAMIDA	CLORIDRATO DE METOCLOPRAMIDA	A3F - GASTROPROCINÉTICOS	Genérico	Tarja Vermelha	
CLORIDRATO DE METOCLOPRAMIDA MONOIDRATADO	NOPROSIL	A3F - GASTROPROCINÉTICOS	Similar	Tarja Vermelha	
CLORIDRATO DE METOCLOPRAMIDA MONOIDRATADO	CLORIDRATO DE METOCLOPRAMIDA	A3F - GASTROPROCINÉTICOS	Genérico	Tarja Vermelha	
CLORIDRATO DE METOCLOPRAMIDA MONOIDRATADO	CLORIDRATO DE METOCLOPRAMIDA	A3F - GASTROPROCINÉTICOS	Genérico	Tarja Vermelha	
CLORIDRATO DE METOCLOPRAMIDA MONOIDRATADO	CLORIDRATO DE METOCLOPRAMIDA	A4A9 - OUTROS ANTIEMÉTICOS E ANTINAUSEANTES	Genérico	Tarja Vermelha	
CLORIDRATO DE METOCLOPRAMIDA MONOIDRATADO	PLASIL	A3F - GASTROPROCINÉTICOS	Novo	Tarja Vermelha	
CLORIDRATO DE METOCLOPRAMIDA MONOIDRATADO;DIMETICONA;PEPSINA	DIGEPLUS	A9A - DIGESTIVOS, INCLUINDO ENZIMAS DIGESTIVAS	Novo	Tarja Vermelha	
CLORIDRATO DE MIDAZOLAM	CLORIDRATO DE MIDAZOLAM	N1A2 - ANESTÉSICOS GERAIS INJETÁVEIS	Genérico	Tarja Preta	
CLORIDRATO DE MIDAZOLAM	DORMIRE	N5B1 - HIPNÓTICOS E SEDATIVOS NÃO BARBITÚRICOS PUROS	Similar	Tarja Preta	
CLORIDRATO DE MIGALASTATE	GALAFOLD	A16A - OUTROS PRODUTOS PARA O APARELHO DIGESTÓRIO E METABOLISMO	Novo	Tarja Vermelha	
CLORIDRATO DE MINOCICLINA	CLORIDRATO DE MINOCICLINA	J1A - TETRACICLINAS E ASSOCIAÇÕES	Genérico	Tarja Vermelha sob restrição	
CLORIDRATO DE MITOXANTRONA	EVOMIXAN	L1D - AGENTES ANTINEOPLÁSICOS ANTIBIÓTICOS	Similar	- (*) 	
CLORIDRATO DE MOXIFLOXACINO	CLORIDRATO DE MOXIFLOXACINO	J1G2 - FLUORQUINOLONAS INJETÁVEIS	Genérico	Tarja Vermelha sob restrição	
CLORIDRATO DE MOXIFLOXACINO	PRAIVA	J1G1 - FLUORQUINOLONAS ORAIS	Similar	- (*) 	
CLORIDRATO DE MOXIFLOXACINO	VIGAMOX	S1A - ANTIINFECCIOS OFTALMOLÓGICOS	Novo	- (*) 	
CLORIDRATO DE MOXIFLOXACINO	CLORIDRATO DE MOXIFLOXACINO	J1G1 - FLUORQUINOLONAS ORAIS	Genérico	- (*) 	
CLORIDRATO DE MOXIFLOXACINO	CLORIDRATO DE MOXIFLOXACINO	J1G2 - FLUORQUINOLONAS INJETÁVEIS	Genérico	Tarja Vermelha sob restrição	
CLORIDRATO DE MOXIFLOXACINO	NEUMOSIN	J1G1 - FLUORQUINOLONAS ORAIS	Similar	- (*) 	
CLORIDRATO DE MOXIFLOXACINO	CLORIDRATO DE MOXIFLOXACINO	J1G2 - FLUORQUINOLONAS INJETÁVEIS	Genérico	Tarja Vermelha	
CLORIDRATO DE MOXIFLOXACINO	CLORIDRATO DE MOXIFLOXACINO	J1G1 - FLUORQUINOLONAS ORAIS	Genérico	Tarja Vermelha sob restrição	
CLORIDRATO DE MOXIFLOXACINO	CLORIDRATO DE MOXIFLOXACINO	J1G1 - FLUORQUINOLONAS ORAIS	Genérico	- (*) 	
CLORIDRATO DE MOXIFLOXACINO	CLORIDRATO DE MOXIFLOXACINO	J1G1 - FLUORQUINOLONAS ORAIS	Genérico	Tarja Vermelha sob restrição	
CLORIDRATO DE MOXIFLOXACINO	MADUN	J1G1 - FLUORQUINOLONAS ORAIS	Similar	Tarja Vermelha sob restrição	
CLORIDRATO DE MOXIFLOXACINO	CLORIDRATO DE MOXIFLOXACINO	S1A - ANTIINFECCIOS OFTALMOLÓGICOS	Genérico	Tarja Vermelha sob restrição	
CLORIDRATO DE MOXIFLOXACINO	OFTALMOX	S1A - ANTIINFECCIOS OFTALMOLÓGICOS	Similar	Tarja Vermelha sob restrição	
CLORIDRATO DE MOXIFLOXACINO	AVALOX	J1G1 - FLUORQUINOLONAS ORAIS	Novo	Tarja Vermelha sob restrição	
CLORIDRATO DE MOXIFLOXACINO MONOIDRATADO	ZANTY	S1A - ANTIINFECCIOS OFTALMOLÓGICOS	Similar	Tarja Vermelha sob restrição	
CLORIDRATO DE NAFAZOLINA	CLAROFT	S1G5 - DESCONGESTIONANTES OFTALMOLÓGICOS, SIMPATICOMIMÉTICOS	Novo	- (*) 	
CLORIDRATO DE NAFAZOLINA	CLORIDRATO DE NAFAZOLINA	R1A7 - DESCONGESTIONANTES NASAIS	Genérico	Tarja Vermelha	
CLORIDRATO DE NAFAZOLINA	FLUIDSORO	R1A7 - DESCONGESTIONANTES NASAIS	Similar	- (*) 	
CLORIDRATO DE NAFAZOLINA	CLORIDRATO DE NAFAZOLINA	R1A7 - DESCONGESTIONANTES NASAIS	Genérico	- (*) 	
CLORIDRATO DE NAFAZOLINA	NOVOSORO NF	R1A7 - DESCONGESTIONANTES NASAIS	Similar	Tarja Vermelha	
CLORIDRATO DE NAFAZOLINA	CLORIDRATO DE NAFAZOLINA	R1A7 - DESCONGESTIONANTES NASAIS	Genérico	Tarja Vermelha	
CLORIDRATO DE NAFAZOLINA	SORINE	R1A7 - DESCONGESTIONANTES NASAIS	Similar	- (*) 	
CLORIDRATO DE NAFAZOLINA	SINUSTRAT VASOCONSTRICTOR	R1A7 - DESCONGESTIONANTES NASAIS	Similar	Tarja Sem Tarja	
CLORIDRATO DE NAFAZOLINA	AD SORO	R1A7 - DESCONGESTIONANTES NASAIS	Similar	- (*) 	
CLORIDRATO DE NAFAZOLINA	SORINAN	R1A7 - DESCONGESTIONANTES NASAIS	Similar	Tarja Vermelha	
CLORIDRATO DE NAFAZOLINA	MULTISORO ADULTO	R1A7 - DESCONGESTIONANTES NASAIS	Similar	Tarja Vermelha	
CLORIDRATO DE NAFAZOLINA	NARIX	R1A7 - DESCONGESTIONANTES NASAIS	Similar	- (*) 	
CLORIDRATO DE NAFAZOLINA	SONARIN	R1A7 - DESCONGESTIONANTES NASAIS	Similar	Tarja Vermelha	
CLORIDRATO DE NAFAZOLINA	NEOSORO	R1A7 - DESCONGESTIONANTES NASAIS	Similar	- (*) 	
CLORIDRATO DE NAFAZOLINA;DEXPANTENOL;MALEATO DE MEPIRAMINA	NARIDRIN	R1A9 - OUTRAS PREPARAÇÕES TÓPICAS NASAIS	Novo	Tarja Vermelha	
CLORIDRATO DE NAFAZOLINA;FOSFATO DISSÓDICO DE DEXAMETASONA;SULFATO DE NEOMICINA	HIDROCIN	R1A3 - CORTICOSTERÓIDES NASAIS COM ANTI-INFECCIOSOS	Novo	- (*) 	
CLORIDRATO DE NAFAZOLINA;MALEATO DE FENIRAMINA	CLARIL	S1G5 - DESCONGESTIONANTES OFTALMOLÓGICOS, SIMPATICOMIMÉTICOS	Novo	- (*) 	
CLORIDRATO DE NAFAZOLINA;MALEATO DE FENIRAMINA	CRISTALIN	S1G1 - ANTIALÉRGICOS OFTAMOLÓGICOS, ANTI-HISTAMÍNICOS	Similar	Tarja Sem Tarja	
CLORIDRATO DE NAFAZOLINA;MALEATO DE FENIRAMINA	UNICLARIN	S1G1 - ANTIALÉRGICOS OFTAMOLÓGICOS, ANTI-HISTAMÍNICOS	Similar	Tarja Sem Tarja	
CLORIDRATO DE NAFAZOLINA;MALEATO DE FENIRAMINA	CLANISTIL	S1G5 - DESCONGESTIONANTES OFTALMOLÓGICOS, SIMPATICOMIMÉTICOS	Similar	Tarja Sem Tarja	
CLORIDRATO DE NAFAZOLINA;SULFATO DE ZINCO	COLÍRIO TEUTO	S1G5 - DESCONGESTIONANTES OFTALMOLÓGICOS, SIMPATICOMIMÉTICOS	Similar	Tarja Sem Tarja	
CLORIDRATO DE NAFAZOLINA;SULFATO DE ZINCO	COLÍRIO LEGRAND	S1G5 - DESCONGESTIONANTES OFTALMOLÓGICOS, SIMPATICOMIMÉTICOS	Similar	Tarja Sem Tarja	
CLORIDRATO DE NAFAZOLINA;SULFATO DE ZINCO HEPTAIDRATADO	LAVOLHO D	S1G5 - DESCONGESTIONANTES OFTALMOLÓGICOS, SIMPATICOMIMÉTICOS	Similar	Tarja Sem Tarja	
CLORIDRATO DE NAFAZOLINA;SULFATO DE ZINCO HEPTAIDRATADO	COLÍRIO MOURA BRASIL	S1G5 - DESCONGESTIONANTES OFTALMOLÓGICOS, SIMPATICOMIMÉTICOS	Novo	Tarja Sem Tarja	
CLORIDRATO DE NALBUFINA	NUBAIN	N2A - ANALGÉSICOS NARCÓTICOS	Similar	Tarja Vermelha	
CLORIDRATO DE NALBUFINA	NALBLI	N2A - ANALGÉSICOS NARCÓTICOS	Similar	Tarja Vermelha sob restrição	
CLORIDRATO DE NALBUFINA	CLORIDRATO DE NALBUFINA	N2A - ANALGÉSICOS NARCÓTICOS	Genérico	Tarja Vermelha sob restrição	
CLORIDRATO DE NALOXONA	NARCAN	N7F - PRODUTOS USADOS EM DEPENDÊNCIA OPIÁCEAS	Novo	Tarja Vermelha sob restrição	
CLORIDRATO DE NALOXONA	CLORIDRATO DE NALOXONA	N7F - PRODUTOS USADOS EM DEPENDÊNCIA OPIÁCEAS	Genérico	Tarja Vermelha sob restrição	
CLORIDRATO DE NALTREXONA	REVIA	N7E - PRODUTOS USADOS EM DEPENDÊNCIA ALCOÓLICA	Similar	- (*) 	
CLORIDRATO DE NALTREXONA	UNINALTREX	N7E - PRODUTOS USADOS EM DEPENDÊNCIA ALCOÓLICA	Similar	Tarja Vermelha sob restrição	
CLORIDRATO DE NALTREXONA DI-HIDRATADO;CLORIDRATO DE BUPROPIONA	REDUXALT	A8A - PREPARAÇÕES ANTIOBESIDADE, EXCETO OS DIETÉTICOS	Similar	Tarja Vermelha sob restrição	
CLORIDRATO DE NALTREXONA DI-HIDRATADO;CLORIDRATO DE BUPROPIONA	SLIV	A8A - PREPARAÇÕES ANTIOBESIDADE, EXCETO OS DIETÉTICOS	Similar	Tarja Vermelha sob restrição	
CLORIDRATO DE NALTREXONA DI-HIDRATADO;CLORIDRATO DE BUPROPIONA	BUPNAL	A8A - PREPARAÇÕES ANTIOBESIDADE, EXCETO OS DIETÉTICOS	Similar	Tarja Vermelha sob restrição	
CLORIDRATO DE NARATRIPTANA	NARAMIG	N2C1 - ANTIENXAQUECOSOS TRIPTÂNICOS	Novo	Tarja Vermelha	
CLORIDRATO DE NARATRIPTANA	CLORIDRATO DE NARATRIPTANA	N2C1 - ANTIENXAQUECOSOS TRIPTÂNICOS	Genérico	Tarja Vermelha	
CLORIDRATO DE NARATRIPTANA	NARATRIN	N2C1 - ANTIENXAQUECOSOS TRIPTÂNICOS	Similar	Tarja Vermelha	
CLORIDRATO DE NARATRIPTANA	NARCEF	N2C1 - ANTIENXAQUECOSOS TRIPTÂNICOS	Similar	Tarja Vermelha	
CLORIDRATO DE NARATRIPTANA	CLORIDRATO DE NARATRIPTANA	N2C1 - ANTIENXAQUECOSOS TRIPTÂNICOS	Genérico	Tarja Vermelha	
CLORIDRATO DE NARATRIPTANA	CLORIDRATO DE NARATRIPTANA	N2C1 - ANTIENXAQUECOSOS TRIPTÂNICOS	Genérico	Tarja Vermelha	
CLORIDRATO DE NARATRIPTANA	NARATANO	N2C1 - ANTIENXAQUECOSOS TRIPTÂNICOS	Similar	Tarja Vermelha	
CLORIDRATO DE NARATRIPTANA	NARANETY	N2C1 - ANTIENXAQUECOSOS TRIPTÂNICOS	Similar	Tarja Vermelha	
CLORIDRATO DE NARATRIPTANA	CLORIDRATO DE NARATRIPTANA	N2C1 - ANTIENXAQUECOSOS TRIPTÂNICOS	Genérico	Tarja Vermelha	
CLORIDRATO DE NEBIVOLOL	CLORIDRATO DE NEBIVOLOL	C7A0 - BETABLOQUEADORES PUROS	Genérico	Tarja Vermelha	
CLORIDRATO DE NEBIVOLOL	CLORIDRATO DE NEBIVOLOL	C7A0 - BETABLOQUEADORES PUROS	Genérico	Tarja Vermelha	
CLORIDRATO DE NEBIVOLOL	NYTEB	C7A0 - BETABLOQUEADORES PUROS	Similar	Tarja Vermelha	
CLORIDRATO DE NEBIVOLOL	BIVOLET	C7A0 - BETABLOQUEADORES PUROS	Similar	Tarja Vermelha	
CLORIDRATO DE NEBIVOLOL	CLORIDRATO DE NEBIVOLOL	C7A0 - BETABLOQUEADORES PUROS	Genérico	- (*) 	
CLORIDRATO DE NEBIVOLOL	NEBLOCK	C7A0 - BETABLOQUEADORES PUROS	Similar	Tarja Vermelha	
CLORIDRATO DE NEBIVOLOL	CLORIDRATO DE NEBIVOLOL	C7A0 - BETABLOQUEADORES PUROS	Genérico	Tarja Vermelha	
CLORIDRATO DE NEBIVOLOL	NEBITAH	C7A0 - BETABLOQUEADORES PUROS	Similar	Tarja Vermelha	
CLORIDRATO DE NEBIVOLOL	CLORIDRATO DE NEBIVOLOL	C7A0 - BETABLOQUEADORES PUROS	Genérico	Tarja Vermelha	
CLORIDRATO DE NEBIVOLOL	NEBILET	C7A0 - BETABLOQUEADORES PUROS	Novo	- (*) 	
CLORIDRATO DE NEBIVOLOL	CLORIDRATO DE NEBIVOLOL	C7A0 - BETABLOQUEADORES PUROS	Genérico	Tarja Vermelha	
CLORIDRATO DE NEBIVOLOL	BIVOLET	C7A0 - BETABLOQUEADORES PUROS	Similar	Tarja Vermelha	
CLORIDRATO DE NEBIVOLOL	NEBIC	C7A0 - BETABLOQUEADORES PUROS	Similar	Tarja Vermelha	
CLORIDRATO DE NEBIVOLOL	CLORIDRATO DE NEBIVOLOL	C7A0 - BETABLOQUEADORES PUROS	Genérico	Tarja Vermelha	
CLORIDRATO DE NEBIVOLOL	CLORIDRATO DE NEBIVOLOL	C7A0 - BETABLOQUEADORES PUROS	Genérico	Tarja Vermelha	
CLORIDRATO DE NEBIVOLOL	NEBIPRE	C7A0 - BETABLOQUEADORES PUROS	Similar	Tarja Vermelha	
CLORIDRATO DE NORTRIPTILINA	CLORIDRATO DE NORTRIPTILINA	N6A9 - ANTIDEPRESSIVOS TODOS OS OUTROS	Genérico	Tarja Vermelha sob restrição	
CLORIDRATO DE NORTRIPTILINA	CLORIDRATO DE NORTRIPTILINA	N6A9 - ANTIDEPRESSIVOS TODOS OS OUTROS	Genérico	Tarja Vermelha sob restrição	
CLORIDRATO DE NORTRIPTILINA	NORTRY	N6A9 - ANTIDEPRESSIVOS TODOS OS OUTROS	Similar	Tarja Vermelha sob restrição	
CLORIDRATO DE NORTRIPTILINA	PAMELOR	N6A9 - ANTIDEPRESSIVOS TODOS OS OUTROS	Novo	Tarja Vermelha sob restrição	
CLORIDRATO DE NORTRIPTILINA	CLORIDRATO DE NORTRIPTILINA	N6A9 - ANTIDEPRESSIVOS TODOS OS OUTROS	Genérico	Tarja Vermelha sob restrição	
CLORIDRATO DE NORTRIPTILINA	CLORIDRATO DE NORTRIPTILINA	N6A9 - ANTIDEPRESSIVOS TODOS OS OUTROS	Genérico	Tarja Vermelha sob restrição	
CLORIDRATO DE NORTRIPTILINA	CLORIDRATO DE NORTRIPTILINA	N6A9 - ANTIDEPRESSIVOS TODOS OS OUTROS	Genérico	Tarja Vermelha sob restrição	
CLORIDRATO DE OLODATEROL	STRIVERDI RESPIMAT	R3A3 - ANTIASMÁTICOS/DPOC AGONISTAS B2 LONGA AÇÃO INALANTE	Novo	Tarja Vermelha	
CLORIDRATO DE OLOPATADINA	PATANOL	S1G3 - ANTIALÉRGICOS OFTAMOLÓGICOS, MÚLTIPLA AÇÃO	Novo	Tarja Vermelha	
CLORIDRATO DE OLOPATADINA	OPTI	S1G3 - ANTIALÉRGICOS OFTAMOLÓGICOS, MÚLTIPLA AÇÃO	Similar	Tarja Vermelha	
CLORIDRATO DE OLOPATADINA	CLORIDRATO DE OLOPATADINA	S1G3 - ANTIALÉRGICOS OFTAMOLÓGICOS, MÚLTIPLA AÇÃO	Genérico	Tarja Vermelha	
CLORIDRATO DE OLOPATADINA	OLOP	S1G3 - ANTIALÉRGICOS OFTAMOLÓGICOS, MÚLTIPLA AÇÃO	Similar	Tarja Vermelha	
CLORIDRATO DE OLOPATADINA	PRUROK	S1G3 - ANTIALÉRGICOS OFTAMOLÓGICOS, MÚLTIPLA AÇÃO	Similar	Tarja Vermelha	
CLORIDRATO DE OXIBUPROCAÍNA	OXINEST	S1H - ANESTÉSICOS OFTALMOLÓGICOS LOCAIS	Similar	- (*) 	
CLORIDRATO DE OXIBUTININA	CLORIDRATO DE OXIBUTININA	G4D4 - PRODUTOS PARA INCONTINÊNCIA URINÁRIA	Genérico	Tarja Vermelha	
CLORIDRATO DE OXIBUTININA	RETEMIC	G4D4 - PRODUTOS PARA INCONTINÊNCIA URINÁRIA	Novo	Tarja Vermelha	
CLORIDRATO DE OXIBUTININA	DRY	G04B4 - PRODUTOS PARA INCONTINÊNCIA URINÁRIA	Similar	Tarja Vermelha	
CLORIDRATO DE OXIBUTININA	NOURIN	G04B4 - PRODUTOS PARA INCONTINÊNCIA URINÁRIA	Similar	Tarja Vermelha	
CLORIDRATO DE OXICODONA	CLORIDRATO DE OXICODONA	N2A - ANALGÉSICOS NARCÓTICOS	Genérico	Tarja Vermelha sob restrição	
CLORIDRATO DE OXICODONA	OXYPYNAL	N2A - ANALGÉSICOS NARCÓTICOS	Similar	Tarja Vermelha sob restrição	
CLORIDRATO DE OXICODONA	OXYCONTIN	N2A - ANALGÉSICOS NARCÓTICOS	Novo	Tarja Vermelha sob restrição	
CLORIDRATO DE OXICODONA	OXYNORM ®	N2A - ANALGÉSICOS NARCÓTICOS	Novo	Tarja Preta	
CLORIDRATO DE OXICODONA;CLORIDRATO DE NALOXONA	TARGIN	N2A - ANALGÉSICOS NARCÓTICOS	Novo	Tarja Vermelha sob restrição	
CLORIDRATO DE OXIMETAZOLINA	CLORIDRATO DE OXIMETAZOLINA	R1A7 - DESCONGESTIONANTES NASAIS	Genérico	Tarja Vermelha	
CLORIDRATO DE OXIMETAZOLINA	ATURGYL	R1A7 - DESCONGESTIONANTES NASAIS	Novo	Tarja Vermelha	
CLORIDRATO DE OXIMETAZOLINA	ATURGYL	R1A7 - DESCONGESTIONANTES NASAIS	Novo	Tarja Vermelha	
CLORIDRATO DE PALONOSETRONA	CLORIDRATO DE PALONOSETRONA	A4A1 - ANTIEMÉTICOS E ANTINAUSEANTES, ANTAGONISTAS DA SEROTONINA	Genérico	Tarja Vermelha	
CLORIDRATO DE PALONOSETRONA	LORAH	A4A1 - ANTIEMÉTICOS E ANTINAUSEANTES, ANTAGONISTAS DA SEROTONINA	Similar	Tarja Vermelha	
CLORIDRATO DE PALONOSETRONA	ONICIT	A4A1 - ANTIEMÉTICOS E ANTINAUSEANTES, ANTAGONISTAS DA SEROTONINA	Novo	Tarja Vermelha	
CLORIDRATO DE PALONOSETRONA	CLORIDRATO DE PALONOSETRONA	A4A1 - ANTIEMÉTICOS E ANTINAUSEANTES, ANTAGONISTAS DA SEROTONINA	Genérico	- (*) 	
CLORIDRATO DE PALONOSETRONA	PALOCYT	A4A1 - ANTIEMÉTICOS E ANTINAUSEANTES, ANTAGONISTAS DA SEROTONINA	Similar	Tarja Vermelha	
CLORIDRATO DE PALONOSETRONA;NETUPITANTO	AKYNZEO	A4A9 - OUTROS ANTIEMÉTICOS E ANTINAUSEANTES	Novo	Tarja Vermelha	
CLORIDRATO DE PAPAVERINA	HYPOVERIN	C4A1 - VASOTERAPÊUTICOS CEREBRAIS E PERIFÉRICOS, EXCLUINDO ANTOAGONISTAS DE CÁLCIO COM AÇÃO CEREBRAL	Similar	- (*) 	
CLORIDRATO DE PAROXETINA	CEBRILIN	N6A4 - ANTIDEPRESSIVOS SSRI	Similar	- (*) 	
CLORIDRATO DE PAROXETINA	PONDERA	N6A4 - ANTIDEPRESSIVOS SSRI	Similar	Tarja Vermelha sob restrição	
CLORIDRATO DE PAROXETINA	CLORIDRATO DE PAROXETINA	N6A4 - ANTIDEPRESSIVOS SSRI	Genérico	Tarja Vermelha sob restrição	
CLORIDRATO DE PAROXETINA	CLORIDRATO DE PAROXETINA	N6A4 - ANTIDEPRESSIVOS SSRI	Genérico	Tarja Vermelha sob restrição	
CLORIDRATO DE PAROXETINA	AROPAX	N6A4 - ANTIDEPRESSIVOS SSRI	Novo	Tarja Vermelha sob restrição	
CLORIDRATO DE PAROXETINA	PAXIL CR	N6A4 - ANTIDEPRESSIVOS SSRI	Novo	Tarja Vermelha sob restrição	
CLORIDRATO DE PAROXETINA	ROXETIN	N6A4 - ANTIDEPRESSIVOS SSRI	Similar	Tarja Vermelha sob restrição	
CLORIDRATO DE PAROXETINA	PAROX	N6A4 - ANTIDEPRESSIVOS SSRI	Similar	Tarja Vermelha sob restrição	
CLORIDRATO DE PAROXETINA	CLORIDRATO DE PAROXETINA	N6A4 - ANTIDEPRESSIVOS SSRI	Genérico	Tarja Vermelha sob restrição	
CLORIDRATO DE PAROXETINA	CLORIDRATO DE PAROXETINA	N6A4 - ANTIDEPRESSIVOS SSRI	Genérico	Tarja Vermelha sob restrição	
CLORIDRATO DE PAROXETINA	CLORIDRATO DE PAROXETINA	N6A4 - ANTIDEPRESSIVOS SSRI	Genérico	Tarja Vermelha sob restrição	
CLORIDRATO DE PAROXETINA	CLORIDRATO DE PAROXETINA	N6A4 - ANTIDEPRESSIVOS SSRI	Genérico	Tarja Vermelha sob restrição	
CLORIDRATO DE PAROXETINA	CLORIDRATO DE PAROXETINA	N6A4 - ANTIDEPRESSIVOS SSRI	Genérico	Tarja Vermelha sob restrição	
CLORIDRATO DE PAROXETINA	CLORIDRATO DE PAROXETINA	N6A4 - ANTIDEPRESSIVOS SSRI	Genérico	Tarja Vermelha sob restrição	
CLORIDRATO DE PAROXETINA	CLORIDRATO DE PAROXETINA	N6A4 - ANTIDEPRESSIVOS SSRI	Genérico	Tarja Vermelha sob restrição	
CLORIDRATO DE PAROXETINA	CLORIDRATO DE PAROXETINA	N6A4 - ANTIDEPRESSIVOS SSRI	Genérico	Tarja Vermelha sob restrição	
CLORIDRATO DE PAROXETINA HEMI-HIDRATADO	PONDERA XR	N6A4 - ANTIDEPRESSIVOS SSRI	Similar	Tarja Vermelha sob restrição	
CLORIDRATO DE PAROXETINA HEMI-HIDRATADO	SINCRO XR	N6A4 - ANTIDEPRESSIVOS SSRI	Similar	Tarja Vermelha sob restrição	
CLORIDRATO DE PAROXETINA HEMI-HIDRATADO	CLORIDRATO DE PAROXETINA	N6A4 - ANTIDEPRESSIVOS SSRI	Genérico	Tarja Vermelha sob restrição	
CLORIDRATO DE PAROXETINA HEMI-HIDRATADO	ROXETIN XR	N6A4 - ANTIDEPRESSIVOS SSRI	Similar	Tarja Vermelha sob restrição	
CLORIDRATO DE PAROXETINA HEMI-HIDRATADO	PAXTRAT	N6A4 - ANTIDEPRESSIVOS SSRI	Similar	Tarja Vermelha sob restrição	
CLORIDRATO DE PAROXETINA HEMI-HIDRATADO	DEPAXAN	N6A4 - ANTIDEPRESSIVOS SSRI	Similar	- (*) 	
CLORIDRATO DE PAROXETINA HEMI-HIDRATADO	CLORIDRATO DE PAROXETINA (PORT 344/98 LISTA C1)	N6A4 - ANTIDEPRESSIVOS SSRI	Genérico	- (*) 	
CLORIDRATO DE PAROXETINA HEMI-HIDRATADO	CLORIDRATO DE PAROXETINA	N6A4 - ANTIDEPRESSIVOS SSRI	Genérico	- (*) 	
CLORIDRATO DE PAROXETINA HEMI-HIDRATADO	CLORIDRATO DE PAROXETINA	N6A4 - ANTIDEPRESSIVOS SSRI	Genérico	Tarja Vermelha sob restrição	
CLORIDRATO DE PAROXETINA HEMI-HIDRATADO	CLORIDRATO DE PAROXETINA	N6A4 - ANTIDEPRESSIVOS SSRI	Genérico	Tarja Vermelha sob restrição	
CLORIDRATO DE PAROXETINA HEMI-HIDRATADO	CLORIDRATO DE PAROXETINA	N6A4 - ANTIDEPRESSIVOS SSRI	Genérico	Tarja Vermelha sob restrição	
CLORIDRATO DE PAROXETINA HEMI-HIDRATADO	CLORIDRATO DE PAROXETINA	N6A4 - ANTIDEPRESSIVOS SSRI	Genérico	- (*) 	
CLORIDRATO DE PAROXETINA HEMI-HIDRATADO	CLORIDRATO DE PAROXETINA	N6A4 - ANTIDEPRESSIVOS SSRI	Genérico	Tarja Vermelha sob restrição	
CLORIDRATO DE PAROXETINA HEMI-HIDRATADO	MORATUS	N6A4 - ANTIDEPRESSIVOS SSRI	Similar	Tarja Vermelha sob restrição	
CLORIDRATO DE PAZOPANIBE	CLORIDRATO DE PAZOPANIBE	L1H9 - OUTROS ANTINEOPLÁSICOS INIBIDORES DA PROTEÍNA KINASE	Genérico	Tarja Vermelha	
CLORIDRATO DE PAZOPANIBE	RENYB	L1H9 - OUTROS ANTINEOPLÁSICOS INIBIDORES DA PROTEÍNA KINASE	Similar	Tarja Vermelha	
CLORIDRATO DE PAZOPANIBE	VOTRIENT	L1H9 - OUTROS ANTINEOPLÁSICOS INIBIDORES DA PROTEÍNA KINASE	Novo	Tarja Vermelha	
CLORIDRATO DE PAZOPANIBE	CLORIDRATO DE PAZOPANIBE	L1H9 - OUTROS ANTINEOPLÁSICOS INIBIDORES DA PROTEÍNA KINASE	Genérico	Tarja Vermelha	
CLORIDRATO DE PAZOPANIBE	PAZOVANT	L1H9 - OUTROS ANTINEOPLÁSICOS INIBIDORES DA PROTEÍNA KINASE	Similar	Tarja Vermelha	
CLORIDRATO DE PETIDINA	DOLOSAL	N2A - ANALGÉSICOS NARCÓTICOS	Similar	Tarja Preta	
CLORIDRATO DE PETIDINA	CLORIDRATO DE PETIDINA (PORT. 344/98 - LISTA A1)	N2A - ANALGÉSICOS NARCÓTICOS	Genérico	Tarja Preta	
CLORIDRATO DE PILOCARPINA	PILOCARPINA	S1E2 - PREPARAÇÕES ANTIGLAUCOMAS E MIÓTICAS TÓPICAS	Novo	- (*) 	
CLORIDRATO DE PILOCARPINA	PILOCAN	S1E2 - PREPARAÇÕES ANTIGLAUCOMAS E MIÓTICAS TÓPICAS	Similar	- (*) 	
CLORIDRATO DE PIOGLITAZONA	STANGLIT	A10K1 - ANTIDIABÉTICOS GLITAZONAS PUROS	Similar	Tarja Vermelha	
CLORIDRATO DE PIOGLITAZONA	CLORIDRATO DE PIOGLITAZONA	A10K1 - ANTIDIABÉTICOS GLITAZONAS PUROS	Genérico	Tarja Vermelha	
CLORIDRATO DE PIOGLITAZONA	CLORIDRATO DE PIOGLITAZONA	A10K1 - ANTIDIABÉTICOS GLITAZONAS PUROS	Genérico	Tarja Vermelha	
CLORIDRATO DE PIOGLITAZONA	CLORIDRATO DE PIOGLITAZONA	A10K1 - ANTIDIABÉTICOS GLITAZONAS PUROS	Genérico	Tarja Vermelha	
CLORIDRATO DE PIOGLITAZONA	DIAGLITS	A10K1 - ANTIDIABÉTICOS GLITAZONAS PUROS	Similar	Tarja Vermelha	
CLORIDRATO DE PIOGLITAZONA	CLORIDRATO DE PIOGLITAZONA	A10K1 - ANTIDIABÉTICOS GLITAZONAS PUROS	Genérico	Tarja Vermelha	
CLORIDRATO DE PIOGLITAZONA	PIOTAZ	A10K1 - ANTIDIABÉTICOS GLITAZONAS PUROS	Similar	Tarja Vermelha	
CLORIDRATO DE PIOGLITAZONA	DOBLE	A10K1 - ANTIDIABÉTICOS GLITAZONAS PUROS	Similar	Tarja Vermelha	
CLORIDRATO DE PIOGLITAZONA	CLORIDRATO DE PIOGLITAZONA	A10K1 - ANTIDIABÉTICOS GLITAZONAS PUROS	Genérico	Tarja Vermelha	
CLORIDRATO DE PIOGLITAZONA	PIOMI	A10K1 - ANTIDIABÉTICOS GLITAZONAS PUROS	Similar	Tarja Vermelha	
CLORIDRATO DE PIOGLITAZONA	AGLITIL	A10K1 - ANTIDIABÉTICOS GLITAZONAS PUROS	Similar	Tarja Vermelha	
CLORIDRATO DE PIOGLITAZONA	CLORIDRATO DE PIOGLITAZONA	A10K1 - ANTIDIABÉTICOS GLITAZONAS PUROS	Genérico	Tarja Vermelha	
CLORIDRATO DE PIOGLITAZONA	CLORIDRATO DE PIOGLITAZONA	A10K1 - ANTIDIABÉTICOS GLITAZONAS PUROS	Genérico	Tarja Vermelha	
CLORIDRATO DE PIOGLITAZONA	CLORIDRATO DE PIOGLITAZONA	A10K1 - ANTIDIABÉTICOS GLITAZONAS PUROS	Genérico	Tarja Vermelha	
CLORIDRATO DE PIRIDOXINA	NEURI - B6	A11X2 - VITAMINA B6 (PIRODOXINA) PURA	Específico	- (*) 	
CLORIDRATO DE PIRIDOXINA;CIANOCOBALAMINA	NEVRIX	A11D4 - ASSOCIAÇÕES VITAMINA B1+ B6 E/OU B12	Específico	Tarja Vermelha	
CLORIDRATO DE PIRIDOXINA;ÁCIDO FÓLICO;CIANOCOBALAMINA	TENAVIT	A11B4 - POLIVITAMÍNICOS SEM MINERAIS, OUTROS	Específico	Tarja Sem Tarja	
CLORIDRATO DE PONATINIBE	ICLUSIG	L1H1 - INIBIDORES PREOTEÍNA KINASE ANTINEOPLÁSICOS, BCR-ABL	Novo	Tarja Vermelha	
CLORIDRATO DE PRASUGREL	EFFIENT	B1C2 - INIBIDORES DA AGRAGAÇÃO PLAQUETÁRIA, ANTAGONISTAS DOS RECEPTORES DA ADENOSINA DIFOSFATO	Novo	Tarja Vermelha	
CLORIDRATO DE PRILOCAÍNA	BARITEKAL HIPERBÁRICA	N1B1 - ANESTÉSICOS LOCAIS MEDICINAIS INJETÁVEIS	Novo	Tarja Vermelha	
CLORIDRATO DE PRILOCAÍNA;FELIPRESSINA	PRILONEST	N1B2 - ANESTÉSICOS LOCAIS INJETÁVEIS ODONTOLÓGICOS	Similar	- (*) 	
CLORIDRATO DE PRILOCAÍNA;FELIPRESSINA	CITOCAINA	N1B2 - ANESTÉSICOS LOCAIS INJETÁVEIS ODONTOLÓGICOS	Similar	Tarja Vermelha	
CLORIDRATO DE PRILOCAÍNA;FELIPRESSINA	CITANEST 3% COM OCTAPRESSIN	N1B2 - ANESTÉSICOS LOCAIS INJETÁVEIS ODONTOLÓGICOS	Similar	Tarja Vermelha sob restrição	
CLORIDRATO DE PROCAÍNA;TIMOL;MENTOL;CÂNFORA	PASSAJÁ	N1B3 - ANESTÉSICOS LOCAIS TÓPICOS	Similar	- (*) 	
CLORIDRATO DE PROMETAZINA	CLORIDRATO DE PROMETAZINA	R6A - ANTI-HISTAMÍNICOS SISTÊMICOS	Genérico	Tarja Vermelha	
CLORIDRATO DE PROMETAZINA	PAMERGAN	R6A - ANTI-HISTAMÍNICOS SISTÊMICOS	Similar	Tarja Vermelha	
CLORIDRATO DE PROMETAZINA	PROFERGAN	R6A - ANTI-HISTAMÍNICOS SISTÊMICOS	Similar	- (*) 	
CLORIDRATO DE PROMETAZINA	CLORIDRATO DE PROMETAZINA	R6A - ANTI-HISTAMÍNICOS SISTÊMICOS	Genérico	Tarja Vermelha	
CLORIDRATO DE PROMETAZINA	PROMERGAN	D4A - ANTIPRURIGINOSOS  TÓPICOS - INCLUINDO ANTIHISTAMÍNICOS, ANESTÉSICOS, ETC	Similar	- (*) 	
CLORIDRATO DE PROMETAZINA	PROMETAZOL	R6A - ANTI-HISTAMÍNICOS SISTÊMICOS	Similar	Tarja Vermelha	
CLORIDRATO DE PROMETAZINA	CLORIDRATO DE PROMETAZINA	R6A - ANTI-HISTAMÍNICOS SISTÊMICOS	Genérico	Tarja Vermelha	
CLORIDRATO DE PROMETAZINA	LISADOR	N2B2 - ANALGÉSICOS NÃO NARCÓTICOS E ANTIPIRÉTICOS ISENTOS DE PRESCRIÇÃO	Similar	Tarja Sem Tarja	
CLORIDRATO DE PROMETAZINA	FENERGAN	R6A - ANTI-HISTAMÍNICOS SISTÊMICOS	Novo	Tarja Vermelha	
CLORIDRATO DE PROMETAZINA;DIPIRONA;CLORIDRATO DE ADIFENINA	DORILESS	N2B2 - ANALGÉSICOS NÃO NARCÓTICOS E ANTIPIRÉTICOS ISENTOS DE PRESCRIÇÃO	Similar	Tarja Sem Tarja	
CLORIDRATO DE PROMETAZINA;DIPIRONA;CLORIDRATO DE ADIFENINA	DORILEN	N2B2 - ANALGÉSICOS NÃO NARCÓTICOS E ANTIPIRÉTICOS ISENTOS DE PRESCRIÇÃO	Similar	Tarja Sem Tarja	
CLORIDRATO DE PROPAFENONA	VATIS	C1B - ANTIARRÍTMICOS CARDÍACOS	Novo	Tarja Vermelha	
CLORIDRATO DE PROPAFENONA	CLORIDRATO DE PROPAFENONA	C1B - ANTIARRÍTMICOS CARDÍACOS	Genérico	Tarja Vermelha	
CLORIDRATO DE PROPAFENONA	TUNTÁ	C1B - ANTIARRÍTMICOS CARDÍACOS	Similar	Tarja Vermelha	
CLORIDRATO DE PROPAFENONA	RITMONORM	C1B - ANTIARRÍTMICOS CARDÍACOS	Novo	Tarja Vermelha	
CLORIDRATO DE PROPAFENONA	CLORIDRATO DE PROPAFENONA	C1B - ANTIARRÍTMICOS CARDÍACOS	Genérico	Tarja Vermelha	
CLORIDRATO DE PROPAFENONA	CADYR	C1B - ANTIARRÍTMICOS CARDÍACOS	Similar	Tarja Vermelha	
CLORIDRATO DE PROPAFENONA	CLORIDRATO DE PROPAFENONA	C1B - ANTIARRÍTMICOS CARDÍACOS	Genérico	Tarja Vermelha	
CLORIDRATO DE PROPRANOLOL	CLORIDRATO DE PROPRANOLOL	C7A0 - BETABLOQUEADORES PUROS	Genérico	Tarja Vermelha	
CLORIDRATO DE PROPRANOLOL	CLORIDRATO DE PROPRANOLOL	C7A0 - BETABLOQUEADORES PUROS	Genérico	Tarja Vermelha	
CLORIDRATO DE PROPRANOLOL	AMPRAX	C7A0 - BETABLOQUEADORES PUROS	Similar	- (*) 	
CLORIDRATO DE PROPRANOLOL	CLORIDRATO DE PROPRANOLOL	C7A0 - BETABLOQUEADORES PUROS	Genérico	- (*) 	
CLORIDRATO DE PROPRANOLOL	CLORIDRATO DE PROPRANOLOL	C7A0 - BETABLOQUEADORES PUROS	Genérico	Tarja Vermelha	
CLORIDRATO DE PROPRANOLOL	PROPRANOLOM	C7A0 - BETABLOQUEADORES PUROS	Similar	Tarja Vermelha	
CLORIDRATO DE PROPRANOLOL	CLORIDRATO DE PROPRANOLOL	C7A0 - BETABLOQUEADORES PUROS	Genérico	Tarja Vermelha	
CLORIDRATO DE PROPRANOLOL	CLORIDRATO DE PROPRANOLOL	C7A0 - BETABLOQUEADORES PUROS	Genérico	- (*) 	
CLORIDRATO DE PROPRANOLOL	PROPALOL	C7A0 - BETABLOQUEADORES PUROS	Similar	- (*) 	
CLORIDRATO DE PROPRANOLOL	CLORIDRATO DE PROPRANOLOL	C7A0 - BETABLOQUEADORES PUROS	Genérico	Tarja Vermelha	
CLORIDRATO DE PROPRANOLOL	PRANOLAL	C7A0 - BETABLOQUEADORES PUROS	Similar	- (*) 	
CLORIDRATO DE PROPRANOLOL	IQUEGO - PROPANOLOL	C7A0 - BETABLOQUEADORES PUROS	Similar	- (*) 	
CLORIDRATO DE PROPRANOLOL	FURP - PROPRANOLOL	C7A0 - BETABLOQUEADORES PUROS	Similar	- (*) 	
CLORIDRATO DE PROPRANOLOL	SANPRONOL	C7A0 - BETABLOQUEADORES PUROS	Similar	Tarja Vermelha	
CLORIDRATO DE PROPRANOLOL	CLORIDRATO DE PROPRANOLOL	C7A0 - BETABLOQUEADORES PUROS	Genérico	- (*) 	
CLORIDRATO DE PROPRANOLOL	PROPRANOLOL	C7A0 - BETABLOQUEADORES PUROS	Similar	Tarja Vermelha	
CLORIDRATO DE PROPRANOLOL	CLORIDRATO DE PROPRANOLOL	C7A0 - BETABLOQUEADORES PUROS	Genérico	Tarja Vermelha	
CLORIDRATO DE PROPRANOLOL	POLOL	C7A0 - BETABLOQUEADORES PUROS	Similar	Tarja Vermelha	
CLORIDRATO DE PROPRANOLOL	CLORIDRATO DE PROPRANOLOL	C7A0 - BETABLOQUEADORES PUROS	Genérico	Tarja Vermelha	
CLORIDRATO DE PROPRANOLOL	CLORIDRATO DE PROPRANOLOL	C7A0 - BETABLOQUEADORES PUROS	Genérico	- (*) 	
CLORIDRATO DE PROTAMINA	PROTAMINA	B2B2 - SULFATO PROTAMINA	Similar	Tarja Vermelha	
CLORIDRATO DE PROXIMETACAÍNA	ANESTALCON	S1H - ANESTÉSICOS OFTALMOLÓGICOS LOCAIS	Similar	- (*) 	
CLORIDRATO DE PSEUDOEFEDRINA;CLORIDRATO DE TRIPROLIDINA	ACTIFEDRIN	R1B - PREPARAÇÕES SISTÊMICAS NASAIS	Novo	Tarja Vermelha	
CLORIDRATO DE RALOXIFENO	CLORIDRATO DE RALOXIFENO	G3J - MODULADORES SELETIVOS DO RECEPTOR DE ESTROGÊNIO	Genérico	Tarja Vermelha	
CLORIDRATO DE RALOXIFENO	EVISTA	G3J - MODULADORES SELETIVOS DO RECEPTOR DE ESTROGÊNIO	Novo	- (*) 	
CLORIDRATO DE RALOXIFENO	CLORIDRATO DE RALOXIFENO	G3J - MODULADORES SELETIVOS DO RECEPTOR DE ESTROGÊNIO	Genérico	Tarja Vermelha	
CLORIDRATO DE RALOXIFENO	RALXFEM	G3J - MODULADORES SELETIVOS DO RECEPTOR DE ESTROGÊNIO	Similar	Tarja Vermelha	
CLORIDRATO DE RANITIDINA	CLORIDRATO DE RANITIDINA	A2B1 - ANTAGONISTAS RECEPTORES H2	Genérico	Tarja Vermelha	
CLORIDRATO DE RANITIDINA	CLORIDRATO DE RANITIDINA	A2B1 - ANTAGONISTAS RECEPTORES H2	Genérico	Tarja Vermelha	
CLORIDRATO DE RANITIDINA	CLORIDRATO DE RANITIDINA	A2B1 - ANTAGONISTAS RECEPTORES H2	    -     	Tarja Vermelha	
CLORIDRATO DE RANITIDINA	IQUEGO - RANITIDINA	A2B1 - ANTAGONISTAS RECEPTORES H2	Similar	- (*) 	
CLORIDRATO DE RANITIDINA	CLORIDRATO DE RANITIDINA	A2B1 - ANTAGONISTAS RECEPTORES H2	Genérico	Tarja Vermelha	
CLORIDRATO DE REMIFENTANILA	CLORIDRATO DE REMIFENTANILA	N1A2 - ANESTÉSICOS GERAIS INJETÁVEIS	Genérico	Tarja Preta	
CLORIDRATO DE REMIFENTANILA	CLORIDRATO DE REMIFENTANILA	N1A2 - ANESTÉSICOS GERAIS INJETÁVEIS	Genérico	Tarja Preta	
CLORIDRATO DE REMIFENTANILA	REMIFAS	N1A2 - ANESTÉSICOS GERAIS INJETÁVEIS	Similar	Tarja Preta	
CLORIDRATO DE REMIFENTANILA	REMISTESI	N2A - ANALGÉSICOS NARCÓTICOS	Similar	Tarja Preta	
CLORIDRATO DE REMIFENTANILA	RELYON	N1A2 - ANESTÉSICOS GERAIS INJETÁVEIS	Similar	Tarja Preta	
CLORIDRATO DE REMIFENTANILA	ULTIVA	N1A2 - ANESTÉSICOS GERAIS INJETÁVEIS	Novo	Tarja Preta	
CLORIDRATO DE ROPIVACAÍNA	CLORIDRATO DE ROPIVACAÍNA	N1B1 - ANESTÉSICOS LOCAIS MEDICINAIS INJETÁVEIS	Genérico	Tarja Vermelha	
CLORIDRATO DE ROPIVACAÍNA	ROPI	N1B1 - ANESTÉSICOS LOCAIS MEDICINAIS INJETÁVEIS	Similar	Tarja Vermelha	
CLORIDRATO DE ROPIVACAÍNA	CLORIDRATO DE ROPIVACAÍNA	N1B1 - ANESTÉSICOS LOCAIS MEDICINAIS INJETÁVEIS	Genérico	Tarja Vermelha	
CLORIDRATO DE ROPIVACAÍNA	CLORIDRATO DE ROPIVACAÍNA	N1B1 - ANESTÉSICOS LOCAIS MEDICINAIS INJETÁVEIS	Genérico	Tarja Vermelha	
CLORIDRATO DE ROPIVACAÍNA	NAROPIN	N1B1 - ANESTÉSICOS LOCAIS MEDICINAIS INJETÁVEIS	Novo	Tarja Vermelha	
CLORIDRATO DE ROPIVACAÍNA MONOIDRATADO	ROPI® BOLSA	N1B1 - ANESTÉSICOS LOCAIS MEDICINAIS INJETÁVEIS	Novo	Tarja Vermelha	
CLORIDRATO DE SELEGILINA	JUMEXIL	N4A - ANTIPARKINSONIANOS	Similar	Tarja Vermelha sob restrição	
CLORIDRATO DE SERTRALINA	CLORIDRATO DE SERTRALINA	N6A4 - ANTIDEPRESSIVOS SSRI	Genérico	Tarja Vermelha sob restrição	
CLORIDRATO DE SERTRALINA	ASSERT	N6A4 - ANTIDEPRESSIVOS SSRI	Similar	Tarja Vermelha sob restrição	
CLORIDRATO DE SERTRALINA	AFETUS	N6A4 - ANTIDEPRESSIVOS SSRI	Similar	Tarja Vermelha sob restrição	
CLORIDRATO DE SERTRALINA	ZOLOFT	N6A4 - ANTIDEPRESSIVOS SSRI	Novo	Tarja Vermelha sob restrição	
CLORIDRATO DE SERTRALINA	CLORIDRATO DE SERTRALINA	N6A4 - ANTIDEPRESSIVOS SSRI	Genérico	Tarja Vermelha	
CLORIDRATO DE SERTRALINA	CLORIDRATO DE SERTRALINA	N6A4 - ANTIDEPRESSIVOS SSRI	Genérico	Tarja Vermelha sob restrição	
CLORIDRATO DE SERTRALINA	SERENATA	N6A4 - ANTIDEPRESSIVOS SSRI	Similar	Tarja Vermelha sob restrição	
CLORIDRATO DE SERTRALINA	CLORIDRATO DE SERTRALINA	N6A4 - ANTIDEPRESSIVOS SSRI	Genérico	Tarja Vermelha sob restrição	
CLORIDRATO DE SERTRALINA	CLORIDRATO DE SERTRALINA	N6A4 - ANTIDEPRESSIVOS SSRI	Genérico	Tarja Vermelha sob restrição	
CLORIDRATO DE SERTRALINA	CLORIDRATO DE SERTRALINA	N6A4 - ANTIDEPRESSIVOS SSRI	Genérico	Tarja Vermelha sob restrição	
CLORIDRATO DE SERTRALINA	TOLREST	N6A4 - ANTIDEPRESSIVOS SSRI	Similar	Tarja Vermelha sob restrição	
CLORIDRATO DE SERTRALINA	CLORIDRATO DE SERTRALINA	N6A4 - ANTIDEPRESSIVOS SSRI	Genérico	Tarja Vermelha sob restrição	
CLORIDRATO DE SERTRALINA	CLORIDRATO DE SERTRALINA	N6A4 - ANTIDEPRESSIVOS SSRI	Genérico	- (*) 	
CLORIDRATO DE SERTRALINA	CLORIDRATO DE SERTRALINA	N6A4 - ANTIDEPRESSIVOS SSRI	Genérico	Tarja Vermelha sob restrição	
CLORIDRATO DE SERTRALINA	CLORIDRATO DE SERTRALINA	N6A4 - ANTIDEPRESSIVOS SSRI	Genérico	Tarja Vermelha sob restrição	
CLORIDRATO DE SERTRALINA	CLORIDRATO DE SERTRALINA	N6A4 - ANTIDEPRESSIVOS SSRI	Genérico	Tarja Vermelha sob restrição	
CLORIDRATO DE SERTRALINA	RALZIN	N6A4 - ANTIDEPRESSIVOS SSRI	Similar	Tarja Vermelha sob restrição	
CLORIDRATO DE SERTRALINA	CLORIDRATO DE SERTRALINA	N6A4 - ANTIDEPRESSIVOS SSRI	Genérico	- (*) 	
CLORIDRATO DE SERTRALINA	CLORIDRATO DE SERTRALINA	N6A4 - ANTIDEPRESSIVOS SSRI	Genérico	Tarja Vermelha sob restrição	
CLORIDRATO DE SERTRALINA	CLORIDRATO DE SERTRALINA	N6A4 - ANTIDEPRESSIVOS SSRI	Genérico	Tarja Vermelha sob restrição	
CLORIDRATO DE SERTRALINA	CLORIDRATO DE SERTRALINA	N6A4 - ANTIDEPRESSIVOS SSRI	Genérico	Tarja Vermelha sob restrição	
CLORIDRATO DE SERTRALINA	CLORIDRATO DE SERTRALINA	N6A4 - ANTIDEPRESSIVOS SSRI	Genérico	Tarja Vermelha sob restrição	
CLORIDRATO DE SERTRALINA	CLORIDRATO DE SERTRALINA	N6A4 - ANTIDEPRESSIVOS SSRI	Genérico	Tarja Vermelha sob restrição	
CLORIDRATO DE SERTRALINA	DIELOFT	N6A4 - ANTIDEPRESSIVOS SSRI	Similar	Tarja Vermelha sob restrição	
CLORIDRATO DE SERTRALINA	CLORIDRATO DE SERTRALINA	N6A4 - ANTIDEPRESSIVOS SSRI	Genérico	Tarja Vermelha sob restrição	
CLORIDRATO DE SERTRALINA	ZOLOFT	N6A4 - ANTIDEPRESSIVOS SSRI	Novo	Tarja Vermelha sob restrição	
CLORIDRATO DE SEVELÂMER	CLORIDRATO DE SEVELAMER	V3G2 - PRODUTOS PARA HIPERFOSFATEMIA	Genérico	Tarja Vermelha	
CLORIDRATO DE SEVELÂMER	SEVCLOT	V3G2 - PRODUTOS PARA HIPERFOSFATEMIA	Similar	Tarja Vermelha	
CLORIDRATO DE SEVELÂMER	CLORIDRATO DE SEVELAMER	V3G2 - PRODUTOS PARA HIPERFOSFATEMIA	Genérico	Tarja Vermelha	
CLORIDRATO DE SEVELÂMER	RENAGEL	V3G2 - PRODUTOS PARA HIPERFOSFATEMIA	Novo	Tarja Vermelha	
CLORIDRATO DE SEVELÂMER	CLORIDRATO DE SEVELAMER	V3G2 - PRODUTOS PARA HIPERFOSFATEMIA	Genérico	Tarja Vermelha	
CLORIDRATO DE SIBUTRAMINA	BIOMAG	A8A - PREPARAÇÕES ANTIOBESIDADE, EXCETO OS DIETÉTICOS	Similar	Tarja Preta	
CLORIDRATO DE SIBUTRAMINA MONOIDRATADO	SIBUS	A8A - PREPARAÇÕES ANTIOBESIDADE, EXCETO OS DIETÉTICOS	Similar	Tarja Vermelha sob restrição	
CLORIDRATO DE SIBUTRAMINA MONOIDRATADO	CLORIDRATO DE SIBUTRAMINA MONOIDRATADO	A8A - PREPARAÇÕES ANTIOBESIDADE, EXCETO OS DIETÉTICOS	Genérico	- (*) 	
CLORIDRATO DE SIBUTRAMINA MONOIDRATADO	CLORIDRATO DE SIBUTRAMINA	A8A - PREPARAÇÕES ANTIOBESIDADE, EXCETO OS DIETÉTICOS	Genérico	Tarja Preta	
CLORIDRATO DE SIBUTRAMINA MONOIDRATADO	CLORIDRATO DE SIBUTRAMINA MONOIDRATADA	A8A - PREPARAÇÕES ANTIOBESIDADE, EXCETO OS DIETÉTICOS	Genérico	- (*) 	
CLORIDRATO DE SIBUTRAMINA MONOIDRATADO	CLORIDRATO DE SIBUTRAMINA MONOIDRATADO	A8A - PREPARAÇÕES ANTIOBESIDADE, EXCETO OS DIETÉTICOS	Genérico	Tarja Preta	
CLORIDRATO DE SIBUTRAMINA MONOIDRATADO	CLORIDRATO DE SIBUTRAMINA MONOIDRATADO	A8A - PREPARAÇÕES ANTIOBESIDADE, EXCETO OS DIETÉTICOS	Genérico	Tarja Preta	
CLORIDRATO DE SIBUTRAMINA MONOIDRATADO	CLORIDRATO DE SIBUTRAMINA MONOIDRATADO	A8A - PREPARAÇÕES ANTIOBESIDADE, EXCETO OS DIETÉTICOS	Genérico	Tarja Preta	
CLORIDRATO DE SIBUTRAMINA MONOIDRATADO	SIGRAN	A8A - PREPARAÇÕES ANTIOBESIDADE, EXCETO OS DIETÉTICOS	Similar	Tarja Preta	
CLORIDRATO DE SIBUTRAMINA MONOIDRATADO	CLORIDRATO DE SIBUTRAMINA MONOIDRATADO	A8A - PREPARAÇÕES ANTIOBESIDADE, EXCETO OS DIETÉTICOS	Genérico	Tarja Preta	
CLORIDRATO DE SIBUTRAMINA MONOIDRATADO	VAZY	A8A - PREPARAÇÕES ANTIOBESIDADE, EXCETO OS DIETÉTICOS	Similar	Tarja Preta	
CLORIDRATO DE SIBUTRAMINA MONOIDRATADO	CLORIDRATO DE SIBUTRAMINA	A8A - PREPARAÇÕES ANTIOBESIDADE, EXCETO OS DIETÉTICOS	Genérico	Tarja Preta	
CLORIDRATO DE SITAGLIPTINA MONOIDRATADO	SITAREDDYS	A10N1 - ANTIDIABÉTICOS INIBIDORES DPP-IV  PUROS	Novo	- (*) 	
CLORIDRATO DE SITAGLIPTINA MONOIDRATADO;CLORIDRATO DE METFORMINA	SITAREDDYS-M	A10N3 - ASSOCIAÇÕES DE INIBIDORES DPP-IV COM BIGUANIDAS	Novo	Tarja Vermelha	
CLORIDRATO DE SITAGLIPTINA MONOIDRATADO;CLORIDRATO DE METFORMINA	CLORIDRATO DE SITAGLIPTINA MONOIDRATADO + CLORIDRATO DE METFORMINA	A10N3 - ASSOCIAÇÕES DE INIBIDORES DPP-IV COM BIGUANIDAS	Genérico	Tarja Vermelha	
CLORIDRATO DE SOTALOL	CLORIDRATO DE  SOTALOL	C7A0 - BETABLOQUEADORES PUROS	Genérico	- (*) 	
CLORIDRATO DE SOTALOL	CLORIDRATO DE SOTALOL	C7A0 - BETABLOQUEADORES PUROS	Genérico	Tarja Vermelha	
CLORIDRATO DE SOTALOL	CLORIDRATO DE SOTALOL	C7A0 - BETABLOQUEADORES PUROS	Genérico	- (*) 	
CLORIDRATO DE TANSULOSINA	CLORIDRATO DE TANSULOSINA	G4C2 - BPH ANTAGONISTAS ALFA-ADRENÉRGICOS PUROS	Genérico	Tarja Vermelha	
CLORIDRATO DE TANSULOSINA	TANSUDART	G4C2 - BPH ANTAGONISTAS ALFA-ADRENÉRGICOS PUROS	Similar	Tarja Vermelha	
CLORIDRATO DE TANSULOSINA	CLORIDRATO DE TANSULOSINA	G4C2 - BPH ANTAGONISTAS ALFA-ADRENÉRGICOS PUROS	Genérico	Tarja Vermelha	
CLORIDRATO DE TANSULOSINA	TANZURYS	G4C2 - BPH ANTAGONISTAS ALFA-ADRENÉRGICOS PUROS	Similar	Tarja Vermelha	
CLORIDRATO DE TANSULOSINA	HPROZ	G4C2 - BPH ANTAGONISTAS ALFA-ADRENÉRGICOS PUROS	Similar	Tarja Vermelha	
CLORIDRATO DE TANSULOSINA	CLORIDRATO DE TANSULOSINA	G4C2 - BPH ANTAGONISTAS ALFA-ADRENÉRGICOS PUROS	Genérico	Tarja Vermelha	
CLORIDRATO DE TANSULOSINA	CLORIDRATO DE TANSULOSINA	G4C2 - BPH ANTAGONISTAS ALFA-ADRENÉRGICOS PUROS	Genérico	Tarja Vermelha	
CLORIDRATO DE TANSULOSINA	STUB	G4C2 - BPH ANTAGONISTAS ALFA-ADRENÉRGICOS PUROS	Similar	Tarja Vermelha	
CLORIDRATO DE TANSULOSINA	TAMSULON	G4C2 - BPH ANTAGONISTAS ALFA-ADRENÉRGICOS PUROS	Similar	- (*) 	
CLORIDRATO DE TANSULOSINA	CLORIDRATO DE TANSULOSINA	G4C2 - BPH ANTAGONISTAS ALFA-ADRENÉRGICOS PUROS	Genérico	Tarja Vermelha	
CLORIDRATO DE TANSULOSINA	TASULIL	G4C2 - BPH ANTAGONISTAS ALFA-ADRENÉRGICOS PUROS	Similar	Tarja Vermelha	
CLORIDRATO DE TANSULOSINA	CLORIDRATO DE TANSULOSINA	G4C2 - BPH ANTAGONISTAS ALFA-ADRENÉRGICOS PUROS	Genérico	Tarja Vermelha	
CLORIDRATO DE TANSULOSINA	CLORIDRATO DE TANSULOSINA	G4C2 - BPH ANTAGONISTAS ALFA-ADRENÉRGICOS PUROS	Genérico	Tarja Vermelha	
CLORIDRATO DE TANSULOSINA	CLORIDRATO DE TANSULOSINA	G4C2 - BPH ANTAGONISTAS ALFA-ADRENÉRGICOS PUROS	Genérico	Tarja Vermelha	
CLORIDRATO DE TANSULOSINA	USOLEG	G4C2 - BPH ANTAGONISTAS ALFA-ADRENÉRGICOS PUROS	Similar	Tarja Vermelha	
CLORIDRATO DE TANSULOSINA	OMNIC OCAS	G4C2 - BPH ANTAGONISTAS ALFA-ADRENÉRGICOS PUROS	Similar	Tarja Vermelha	
CLORIDRATO DE TAPENTADOL	PALEXIS® LP	N2A - ANALGÉSICOS NARCÓTICOS	Novo	Tarja Preta	
CLORIDRATO DE TAPENTADOL	PALEXIS	N2A - ANALGÉSICOS NARCÓTICOS	Novo	Tarja Preta	
CLORIDRATO DE TEPOTINIBE MONOIDRATADO	TEPMETKO	L1H9 - OUTROS ANTINEOPLÁSICOS INIBIDORES DA PROTEÍNA KINASE	Novo	Tarja Vermelha	
CLORIDRATO DE TERBINAFINA	CLORIDRATO DE TERBINAFINA	J2A - AGENTES SISTÊMICOS PARA INFECÇÕES FÚNGICAS	Genérico	- (*) 	
CLORIDRATO DE TERBINAFINA	CLORIDRATO DE TERBINAFINA	D1A1 - ANTIFÚNGICOS DERMATOLÓGICOS TÓPICOS	Genérico	- (*) 	
CLORIDRATO DE TERBINAFINA	FUNTYL	J2A - AGENTES SISTÊMICOS PARA INFECÇÕES FÚNGICAS	Similar	- (*) 	
CLORIDRATO DE TERBINAFINA	CLORIDRATO DE TERBINAFINA	J2A - AGENTES SISTÊMICOS PARA INFECÇÕES FÚNGICAS	Genérico	Tarja Vermelha	
CLORIDRATO DE TERBINAFINA	ZIOR	J2A - AGENTES SISTÊMICOS PARA INFECÇÕES FÚNGICAS	Similar	Tarja Vermelha	
CLORIDRATO DE TERBINAFINA	CLORIDRATO DE TERBINAFINA	J2A - AGENTES SISTÊMICOS PARA INFECÇÕES FÚNGICAS	Genérico	- (*) 	
CLORIDRATO DE TERBINAFINA	CLORIDRATO DE TERBINAFINA	D1A1 - ANTIFÚNGICOS DERMATOLÓGICOS TÓPICOS	Genérico	- (*) 	
CLORIDRATO DE TERBINAFINA	CLORIDRATO DE TERBINAFINA	J2A - AGENTES SISTÊMICOS PARA INFECÇÕES FÚNGICAS	Genérico	- (*) 	
CLORIDRATO DE TERBINAFINA	LAKESIAPES	D7B2 - CORTICOESTERÓIDES ASSOCIADOS A ANTIMICOTICOS	Similar	Tarja Sem Tarja	
CLORIDRATO DE TERBINAFINA	CLORIDRATO DE TERBINAFINA	J2A - AGENTES SISTÊMICOS PARA INFECÇÕES FÚNGICAS	Genérico	Tarja Vermelha	
CLORIDRATO DE TETRACAÍNA;CLORFENESINA;VALERATO DE BETAMETASONA	OTO BETNOVATE	S2C - ASSOCIAÇÕES OTOLÓGICAS CORTICOSTERÓIDES COM ANTIINFECCIOSOS	Novo	- (*) 	
CLORIDRATO DE TETRACAÍNA;CLORIDRATO DE FENILEFRINA	ANESTÉSICO OCULUM	S1H - ANESTÉSICOS OFTALMOLÓGICOS LOCAIS	Novo	- (*) 	
CLORIDRATO DE TETRACAÍNA;ISETIONATO DE HEXAMIDINA	HEXOMEDINE	R2A - PREPARAÇÕES PARA GARGANTA	Novo	Tarja Vermelha	
CLORIDRATO DE TETRACAÍNA;ISETIONATO DE HEXAMIDINA	HEXOMEDINE	R2A - PREPARAÇÕES PARA GARGANTA	Novo	Tarja Vermelha	
CLORIDRATO DE TETRACICLINA	CLORIDRATO DE TETRACICLINA	J1A - TETRACICLINAS E ASSOCIAÇÕES	Genérico	- (*) 	
CLORIDRATO DE TETRACICLINA	TETRAMED	J1A - TETRACICLINAS E ASSOCIAÇÕES	Similar	- (*) 	
CLORIDRATO DE TETRACICLINA	CLORIDRATO DE TETRACICLINA	J1A - TETRACICLINAS E ASSOCIAÇÕES	Genérico	- (*) 	
CLORIDRATO DE TETRACICLINA	CINATREX	S1A - ANTIINFECCIOS OFTALMOLÓGICOS	Similar	Tarja Vermelha sob restrição	
CLORIDRATO DE TETRACICLINA	CLORIDRATO DE TETRACICLINA	J1A - TETRACICLINAS E ASSOCIAÇÕES	Genérico	- (*) 	
CLORIDRATO DE TETRACICLINA;ANFOTERICINA B	NOVASUTIN	G1B - ANTIFÚNGICOS GINECOLÓGICOS	Similar	- (*) 	
CLORIDRATO DE TETRACICLINA;ANFOTERICINA B	TERICIN AT	G1B - ANTIFÚNGICOS GINECOLÓGICOS	Similar	- (*) 	
CLORIDRATO DE TIAMINA	BENEUM	A11D3 - VITAMINA B1 PURA	Específico	- (*) 	
CLORIDRATO DE TIAMINA	BENERVA	A11D3 - VITAMINA B1 PURA	Específico	Tarja Vermelha	
CLORIDRATO DE TIAMINA	NAÉVIA	A11D3 - VITAMINA B1 PURA	Específico	Tarja Vermelha	
CLORIDRATO DE TIAMINA	NEURIVIT	A11D3 - VITAMINA B1 PURA	Específico	- (*) 	
CLORIDRATO DE TIAMINA	CLORIDRATO DE TIAMINA	A11D3 - VITAMINA B1 PURA	Específico	Tarja Vermelha	
CLORIDRATO DE TIAMINA	HIPOVIT B	A11D3 - VITAMINA B1 PURA	Específico	Tarja Vermelha	
CLORIDRATO DE TIAMINA	NERVAMIN	A11D3 - VITAMINA B1 PURA	Específico	- (*) 	
CLORIDRATO DE TIAMINA	VITAUM	A11D3 - VITAMINA B1 PURA	Específico	- (*) 	
CLORIDRATO DE TIAMINA	VITAMINA B1 NEO QUÍMICA	A11D3 - VITAMINA B1 PURA	Específico	Tarja Vermelha	
CLORIDRATO DE TIAMINA	ACESYL	A11D3 - VITAMINA B1 PURA	Específico	Tarja Vermelha sob restrição	
CLORIDRATO DE TIAMINA;CARISOPRODOL;CLORIDRATO DE PIRIDOXINA;CIANOCOBALAMINA	MIONEVRIX	M3B - RELAXANTE MUSCULAR DE AÇÃO CENTRAL	Novo	Tarja Vermelha	
CLORIDRATO DE TIAMINA;CLORIDRATO DE PIRIDOXINA;CIANOCOBALAMINA	TIPICI	A11D4 - ASSOCIAÇÕES VITAMINA B1+ B6 E/OU B12	Específico	Tarja Vermelha	
CLORIDRATO DE TIAMINA;CLORIDRATO DE PIRIDOXINA;CIANOCOBALAMINA	CRONOBE COMPLEX  IM	A11D4 - ASSOCIAÇÕES VITAMINA B1+ B6 E/OU B12	Específico	Tarja Vermelha	
CLORIDRATO DE TIAMINA;CLORIDRATO DE PIRIDOXINA;CIANOCOBALAMINA	CITONEURIN	A11D4 - ASSOCIAÇÕES VITAMINA B1+ B6 E/OU B12	Específico	- (*) 	
CLORIDRATO DE TIAMINA;CLORIDRATO DE PIRIDOXINA;CIANOCOBALAMINA	NEVRIX IM	A11D4 - ASSOCIAÇÕES VITAMINA B1+ B6 E/OU B12	Específico	Tarja Vermelha	
CLORIDRATO DE TIAMINA;CLORIDRATO DE PIRIDOXINA;CIANOCOBALAMINA;FOSFATO DE DEXAMETASONA	DEXADOR	H2B - ASSOCIAÇÕES DE CORTICOSTERÓIDES SISTÊMICOS	Similar	Tarja Vermelha	
CLORIDRATO DE TIAMINA;PANTOTENATO DE CÁLCIO;ÁCIDO GAMAMINOBUTÍRICO;CLORIDRATO DE PIRIDOXINA;CLORIDRATO DE LISINA	GABALLON	A13A2 - TODOS OS OUTROS TÔNICOS	Específico	Tarja Vermelha	
CLORIDRATO DE TICLOPIDINA	CLORIDRATO DE TICLOPIDINA	B1C2 - INIBIDORES DA AGRAGAÇÃO PLAQUETÁRIA, ANTAGONISTAS DOS RECEPTORES DA ADENOSINA DIFOSFATO	Genérico	- (*) 	
CLORIDRATO DE TICLOPIDINA	PLAKETAR	B1C2 - INIBIDORES DA AGRAGAÇÃO PLAQUETÁRIA, ANTAGONISTAS DOS RECEPTORES DA ADENOSINA DIFOSFATO	Similar	Tarja Vermelha	
CLORIDRATO DE TICLOPIDINA	CLORIDRATO DE TICLOPIDINA	B1C2 - INIBIDORES DA AGRAGAÇÃO PLAQUETÁRIA, ANTAGONISTAS DOS RECEPTORES DA ADENOSINA DIFOSFATO	Genérico	Tarja Vermelha	
CLORIDRATO DE TIORIDAZINA	UNITIDAZIN	N5A9 - ANTIPSICÓTICOS CONVENCIONAIS	Similar	Tarja Vermelha sob restrição	
CLORIDRATO DE TIORIDAZINA	MELLERIL	N5A9 - ANTIPSICÓTICOS CONVENCIONAIS	Novo	Tarja Vermelha sob restrição	
CLORIDRATO DE TIROFIBAN MONOIDRATADO	CLORIDRATO DE TIROFIBANA MONOIDRATADO	B1C3 - INIBIDORES DA AGREGAÇÃO PLAQUETÁRIA, ANTAGONISTAS GLICOPROTEÍNA IIB/IIIA	Genérico	Tarja Vermelha	
CLORIDRATO DE TIZANIDINA	SIRDALUD	M3B - RELAXANTE MUSCULAR DE AÇÃO CENTRAL	Novo	Tarja Vermelha	
CLORIDRATO DE TIZANIDINA	CLORIDRATO DE TIZANIDINA	M3B - RELAXANTE MUSCULAR DE AÇÃO CENTRAL	Genérico	Tarja Vermelha	
CLORIDRATO DE TOPOTECANA	CLORIDRATO DE TOPOTECANA	L1C3 - AGENTES ANTINEOPLÁSICOS CAMPTOTECINAS	Genérico	- (*) 	
CLORIDRATO DE TOPOTECANA	TOPOTACX	L1C3 - AGENTES ANTINEOPLÁSICOS CAMPTOTECINAS	Similar	- (*) 	
CLORIDRATO DE TRAMADOL	CLORIDRATO DE TRAMADOL	N2A - ANALGÉSICOS NARCÓTICOS	Genérico	Tarja Vermelha sob restrição	
CLORIDRATO DE TRAMADOL	CLORIDRATO DE TRAMADOL	N2A - ANALGÉSICOS NARCÓTICOS	Genérico	Tarja Vermelha sob restrição	
CLORIDRATO DE TRAMADOL	GÉSICO	N2A - ANALGÉSICOS NARCÓTICOS	Similar	Tarja Vermelha sob restrição	
CLORIDRATO DE TRAMADOL	CLORIDRATO DE TRAMADOL	N2A - ANALGÉSICOS NARCÓTICOS	Genérico	Tarja Vermelha sob restrição	
CLORIDRATO DE TRAMADOL	CLORIDRATO DE TRAMADOL	N2A - ANALGÉSICOS NARCÓTICOS	Genérico	Tarja Vermelha sob restrição	
CLORIDRATO DE TRAMADOL	TRAMADON	N2A - ANALGÉSICOS NARCÓTICOS	Similar	Tarja Vermelha sob restrição	
CLORIDRATO DE TRAMADOL	CLORIDRATO DE TRAMADOL	N2A - ANALGÉSICOS NARCÓTICOS	Genérico	Tarja Preta	
CLORIDRATO DE TRAMADOL	CLORIDRATO DE TRAMADOL (PORT 344/98 - LISTA A2)	N2A - ANALGÉSICOS NARCÓTICOS	Genérico	Tarja Preta	
CLORIDRATO DE TRAMADOL	CLORIDRATO DE TRAMADOL (PORT. 344/98, L-A2)	N2A - ANALGÉSICOS NARCÓTICOS	Genérico	Tarja Vermelha sob restrição	
CLORIDRATO DE TRAMADOL	TROL	N2A - ANALGÉSICOS NARCÓTICOS	Similar	Tarja Vermelha sob restrição	
CLORIDRATO DE TRAMADOL	CLORIDRATO DE TRAMADOL	N2A - ANALGÉSICOS NARCÓTICOS	Genérico	Tarja Vermelha sob restrição	
CLORIDRATO DE TRAMADOL	TRAUM	N2A - ANALGÉSICOS NARCÓTICOS	Similar	Tarja Vermelha sob restrição	
CLORIDRATO DE TRAMADOL	CLORIDRATO DE TRAMADOL	N2A - ANALGÉSICOS NARCÓTICOS	Genérico	Tarja Vermelha sob restrição	
CLORIDRATO DE TRAMADOL	CLORIDRATO DE TRAMADOL (PORTARIA 344/98 - LISTA A2)	N2A - ANALGÉSICOS NARCÓTICOS	Genérico	Tarja Vermelha sob restrição	
CLORIDRATO DE TRAMADOL	CLORIDRATO DE TRAMADOL (PORT. 344/98 - LISTA A2)	N2A - ANALGÉSICOS NARCÓTICOS	Genérico	- (*) 	
CLORIDRATO DE TRAMADOL	CLORIDRATO DE TRAMADOL	N2A - ANALGÉSICOS NARCÓTICOS	Genérico	- (*) 	
CLORIDRATO DE TRAMADOL	CLORIDRATO DE TRAMADOL	N2A - ANALGÉSICOS NARCÓTICOS	Genérico	Tarja Vermelha sob restrição	
CLORIDRATO DE TRAMADOL	CLORIDRATO DE TRAMADOL	N2A - ANALGÉSICOS NARCÓTICOS	Genérico	- (*) 	
CLORIDRATO DE TRAMADOL	CLORIDRATO DE TRAMADOL	N2A - ANALGÉSICOS NARCÓTICOS	Genérico	- (*) 	
CLORIDRATO DE TRAMADOL	NOVOTRAM	N2A - ANALGÉSICOS NARCÓTICOS	Similar	Tarja Vermelha sob restrição	
CLORIDRATO DE TRAMADOL	TRAMAL	N2A - ANALGÉSICOS NARCÓTICOS	Novo	Tarja Vermelha	
CLORIDRATO DE TRAMADOL	TRAMAL RETARD	N2A - ANALGÉSICOS NARCÓTICOS	Novo	Tarja Vermelha	
CLORIDRATO DE TRAMADOL;DICLOFENACO SÓDICO	CLORIDRATO DE TRAMADOL + DICLOFENACO SÓDICO	N2A - ANALGÉSICOS NARCÓTICOS	Genérico	Tarja Vermelha sob restrição	
CLORIDRATO DE TRAMADOL;DICLOFENACO SÓDICO	NUSIRA	N2A - ANALGÉSICOS NARCÓTICOS	Similar	Tarja Vermelha sob restrição	
CLORIDRATO DE TRAMADOL;DICLOFENACO SÓDICO	ADORLAN	N2A - ANALGÉSICOS NARCÓTICOS	Novo	Tarja Vermelha sob restrição	
CLORIDRATO DE TRAMADOL;PARACETAMOL	CLORIDRATO DE TRAMADOL + PARACETAMOL	N2A - ANALGÉSICOS NARCÓTICOS	Genérico	Tarja Vermelha sob restrição	
CLORIDRATO DE TRAMADOL;PARACETAMOL	GÉSICO DUO	N2A - ANALGÉSICOS NARCÓTICOS	Similar	Tarja Vermelha sob restrição	
CLORIDRATO DE TRAMADOL;PARACETAMOL	ATRACE	N2A - ANALGÉSICOS NARCÓTICOS	Similar	Tarja Vermelha sob restrição	
CLORIDRATO DE TRAMADOL;PARACETAMOL	CLORIDRATO DE TRAMADOL + PARACETAMOL	N2A - ANALGÉSICOS NARCÓTICOS	Genérico	Tarja Vermelha sob restrição	
CLORIDRATO DE TRAMADOL;PARACETAMOL	TROL PAR	N2A - ANALGÉSICOS NARCÓTICOS	Similar	Tarja Vermelha sob restrição	
CLORIDRATO DE TRAMADOL;PARACETAMOL	ONZUK	N2A - ANALGÉSICOS NARCÓTICOS	Similar	Tarja Vermelha sob restrição	
CLORIDRATO DE TRAMADOL;PARACETAMOL	DAISAN	N2A - ANALGÉSICOS NARCÓTICOS	Similar	Tarja Vermelha sob restrição	
CLORIDRATO DE TRAMADOL;PARACETAMOL	CLORIDRATO DE TRAMADOL + PARACETAMOL	N2A - ANALGÉSICOS NARCÓTICOS	Genérico	Tarja Vermelha sob restrição	
CLORIDRATO DE TRAMADOL;PARACETAMOL	COMBFIX	N2A - ANALGÉSICOS NARCÓTICOS	Similar	Tarja Vermelha sob restrição	
CLORIDRATO DE TRAMADOL;PARACETAMOL	CLORIDRATO DE TRAMADOL + PARACETAMOL	N2A - ANALGÉSICOS NARCÓTICOS	Genérico	Tarja Vermelha sob restrição	
CLORIDRATO DE TRAMADOL;PARACETAMOL	REVANGE	N2A - ANALGÉSICOS NARCÓTICOS	Similar	Tarja Vermelha sob restrição	
CLORIDRATO DE TRAMADOL;PARACETAMOL	CLORIDRATO DE TRAMADOL + PARACETAMOL	N2A - ANALGÉSICOS NARCÓTICOS	Genérico	Tarja Vermelha sob restrição	
CLORIDRATO DE TRAMADOL;PARACETAMOL	ULTRACET	N2A - ANALGÉSICOS NARCÓTICOS	Novo	Tarja Vermelha sob restrição	
CLORIDRATO DE TRAMADOL;PARACETAMOL	TILESTAL	N2A - ANALGÉSICOS NARCÓTICOS	Similar	Tarja Vermelha sob restrição	
CLORIDRATO DE TRAMADOL;PARACETAMOL	PARATRAM	N2A - ANALGÉSICOS NARCÓTICOS	Novo	Tarja Vermelha	
CLORIDRATO DE TRAMADOL;PARACETAMOL	CLORIDRATO DE TRAMADOL + PARACETAMOL	N2A - ANALGÉSICOS NARCÓTICOS	Genérico	Tarja Vermelha sob restrição	
CLORIDRATO DE TRAMADOL;PARACETAMOL	CLORIDRATO DE TRAMADOL + PARACETAMOL	N2A - ANALGÉSICOS NARCÓTICOS	Genérico	Tarja Vermelha sob restrição	
CLORIDRATO DE TRAMADOL;PARACETAMOL	NOVOTRAM PAR	N2A - ANALGÉSICOS NARCÓTICOS	Similar	Tarja Vermelha sob restrição	
CLORIDRATO DE TRAZODONA	SONIC	N6A9 - ANTIDEPRESSIVOS TODOS OS OUTROS	Similar	Tarja Vermelha sob restrição	
CLORIDRATO DE TRAZODONA	CLORIDRATO DE TRAZODONA	N6A9 - ANTIDEPRESSIVOS TODOS OS OUTROS	Genérico	Tarja Vermelha sob restrição	
CLORIDRATO DE TRAZODONA	MOTRAZ	N6A9 - ANTIDEPRESSIVOS TODOS OS OUTROS	Similar	Tarja Vermelha sob restrição	
CLORIDRATO DE TRAZODONA	DONAREN	N6A9 - ANTIDEPRESSIVOS TODOS OS OUTROS	Similar	Tarja Vermelha sob restrição	
CLORIDRATO DE TRAZODONA	DONAREN RETARD	N6A9 - ANTIDEPRESSIVOS TODOS OS OUTROS	Novo	Tarja Vermelha sob restrição	
CLORIDRATO DE TRAZODONA	INSERIS XR	N6A9 - ANTIDEPRESSIVOS TODOS OS OUTROS	Novo	Tarja Vermelha sob restrição	
CLORIDRATO DE TRAZODONA	DONAREN® LP	N6A9 - ANTIDEPRESSIVOS TODOS OS OUTROS	Similar	Tarja Vermelha sob restrição	
CLORIDRATO DE TRAZODONA	CLORIDRATO DE TRAZODONA	N6A9 - ANTIDEPRESSIVOS TODOS OS OUTROS	Genérico	Tarja Vermelha sob restrição	
CLORIDRATO DE TRAZODONA	LUMBRA	N6A9 - ANTIDEPRESSIVOS TODOS OS OUTROS	Similar	Tarja Vermelha sob restrição	
CLORIDRATO DE TRAZODONA	AZOD	N6A9 - ANTIDEPRESSIVOS TODOS OS OUTROS	Similar	Tarja Vermelha sob restrição	
CLORIDRATO DE TRAZODONA	CLORIDRATO DE TRAZODONA	N6A9 - ANTIDEPRESSIVOS TODOS OS OUTROS	Genérico	- (*) 	
CLORIDRATO DE TRAZODONA	LOREDON	N6A9 - ANTIDEPRESSIVOS TODOS OS OUTROS	Similar	- (*) 	
CLORIDRATO DE TRAZODONA	CLORIDRATO DE TRAZODONA	N6A9 - ANTIDEPRESSIVOS TODOS OS OUTROS	Genérico	Tarja Vermelha sob restrição	
CLORIDRATO DE TRAZODONA	RAZ XR	N6A9 - ANTIDEPRESSIVOS TODOS OS OUTROS	Similar	Tarja Vermelha sob restrição	
CLORIDRATO DE TRAZODONA	CLORIDRATO DE TRAZODONA	N6A9 - ANTIDEPRESSIVOS TODOS OS OUTROS	Genérico	Tarja Vermelha sob restrição	
CLORIDRATO DE TRAZODONA	CLORIDRATO DE TRAZODONA	N6A9 - ANTIDEPRESSIVOS TODOS OS OUTROS	Genérico	- (*) 	
CLORIDRATO DE TRAZODONA	TRADEP	N6A9 - ANTIDEPRESSIVOS TODOS OS OUTROS	Similar	- (*) 	
CLORIDRATO DE TRAZODONA	CLORIDRATO DE TRAZODONA	N6A9 - ANTIDEPRESSIVOS TODOS OS OUTROS	Genérico	Tarja Vermelha sob restrição	
CLORIDRATO DE TRAZODONA	CLORIDRATO DE TRAZODONA	N6A9 - ANTIDEPRESSIVOS TODOS OS OUTROS	Genérico	Tarja Vermelha sob restrição	
CLORIDRATO DE TRAZODONA	CLORIDRATO DE TRAZODONA	N6A9 - ANTIDEPRESSIVOS TODOS OS OUTROS	Genérico	Tarja Vermelha sob restrição	
CLORIDRATO DE TRAZODONA	CLORIDRATO DE TRAZODONA	N6A9 - ANTIDEPRESSIVOS TODOS OS OUTROS	Genérico	Tarja Vermelha sob restrição	
CLORIDRATO DE TRIEXIFENIDIL	ARTANE	N4A - ANTIPARKINSONIANOS	Novo	Tarja Preta	
CLORIDRATO DE VALACICLOVIR	CLORIDRATO DE VALACICLOVIR	J5B3 - ANTIVIRAIS PARA HERPES	Genérico	Tarja Vermelha	
CLORIDRATO DE VALACICLOVIR	VILAXY	J5B3 - ANTIVIRAIS PARA HERPES	Similar	Tarja Vermelha	
CLORIDRATO DE VALACICLOVIR	VANLURE	J5B3 - ANTIVIRAIS PARA HERPES	Similar	Tarja Vermelha	
CLORIDRATO DE VALACICLOVIR	VALTREX	J5B3 - ANTIVIRAIS PARA HERPES	Novo	- (*) 	
CLORIDRATO DE VALACICLOVIR	VALASKI	J5B3 - ANTIVIRAIS PARA HERPES	Similar	Tarja Vermelha	
CLORIDRATO DE VALACICLOVIR	DENPRYX	J5B3 - ANTIVIRAIS PARA HERPES	Similar	Tarja Vermelha	
CLORIDRATO DE VALACICLOVIR	HERPSTAL	J5B3 - ANTIVIRAIS PARA HERPES	Similar	- (*) 	
CLORIDRATO DE VALACICLOVIR	CLORIDRATO DE VALACICLOVIR	J5B3 - ANTIVIRAIS PARA HERPES	Genérico	Tarja Vermelha	
CLORIDRATO DE VALGANCICLOVIR	CLORIDRATO DE VALGANCICLOVIR	J5B3 - ANTIVIRAIS PARA HERPES	Genérico	Tarja Vermelha	
CLORIDRATO DE VALGANCICLOVIR	VALCYTE	J5B3 - ANTIVIRAIS PARA HERPES	Novo	Tarja Vermelha	
CLORIDRATO DE VANCOMICINA	NOVAMICIN	J1X1 - ANTIBIÓTICOS GLUCOPEPTÍDEOS	Similar	Tarja Vermelha	
CLORIDRATO DE VANCOMICINA	CLORIDRATO DE VANCOMICINA	J1X1 - ANTIBIÓTICOS GLUCOPEPTÍDEOS	Genérico	- (*) 	
CLORIDRATO DE VANCOMICINA	VANCOTRAT	J1X1 - ANTIBIÓTICOS GLUCOPEPTÍDEOS	Similar	Tarja Vermelha sob restrição	
CLORIDRATO DE VANCOMICINA	CLORIDRATO DE VANCOMICINA	J1X1 - ANTIBIÓTICOS GLUCOPEPTÍDEOS	Genérico	Tarja Vermelha	
CLORIDRATO DE VANCOMICINA	VANCOSON	J1X1 - ANTIBIÓTICOS GLUCOPEPTÍDEOS	Similar	Tarja Vermelha	
CLORIDRATO DE VANCOMICINA	HICOVAN	J1X1 - ANTIBIÓTICOS GLUCOPEPTÍDEOS	Similar	Tarja Vermelha	
CLORIDRATO DE VANCOMICINA	VANCOCINA CP	J1X1 - ANTIBIÓTICOS GLUCOPEPTÍDEOS	Novo	Tarja Vermelha sob restrição	
CLORIDRATO DE VANCOMICINA	CLORIDRATO DE VANCOMICINA	J1X1 - ANTIBIÓTICOS GLUCOPEPTÍDEOS	Genérico	Tarja Vermelha	
CLORIDRATO DE VARDENAFILA	LEVITRA	G4E1 - PRODUTOS PARA DISFUNÇÃO ERÉTIL, INIBIDORES DA PDE5	Novo	- (*) 	
CLORIDRATO DE VENLAFAXINA	VENLAXIN XR	N6A5 - ANTIDEPRESSIVOS SNRI	Similar	Tarja Vermelha sob restrição	
CLORIDRATO DE VENLAFAXINA	CLORIDRATO DE VENLAFAXINA	N6A5 - ANTIDEPRESSIVOS SNRI	Genérico	Tarja Vermelha sob restrição	
CLORIDRATO DE VENLAFAXINA	EFEXOR	N6A5 - ANTIDEPRESSIVOS SNRI	Novo	Tarja Vermelha sob restrição	
CLORIDRATO DE VENLAFAXINA	CLORIDRATO DE VENLAFAXINA	N6A5 - ANTIDEPRESSIVOS SNRI	Genérico	Tarja Vermelha sob restrição	
CLORIDRATO DE VENLAFAXINA	VENSATE LP	N6A5 - ANTIDEPRESSIVOS SNRI	Similar	Tarja Vermelha sob restrição	
CLORIDRATO DE VENLAFAXINA	CLORIDRATO DE VENLAFAXINA	N6A5 - ANTIDEPRESSIVOS SNRI	Genérico	Tarja Vermelha sob restrição	
CLORIDRATO DE VENLAFAXINA	VENLAFAXINA	N6A5 - ANTIDEPRESSIVOS SNRI	Genérico	Tarja Vermelha sob restrição	
CLORIDRATO DE VENLAFAXINA	VENLIFT OD	N6A5 - ANTIDEPRESSIVOS SNRI	Similar	Tarja Vermelha sob restrição	
CLORIDRATO DE VENLAFAXINA	CLORIDRATO DE VENLAFAXINA	N6A5 - ANTIDEPRESSIVOS SNRI	Genérico	Tarja Vermelha sob restrição	
CLORIDRATO DE VENLAFAXINA	CLORIDRATO DE VENLAFAXINA	N6A5 - ANTIDEPRESSIVOS SNRI	Genérico	Tarja Vermelha sob restrição	
CLORIDRATO DE VENLAFAXINA	ALENTHUS XR	N6A5 - ANTIDEPRESSIVOS SNRI	Similar	Tarja Vermelha sob restrição	
CLORIDRATO DE VENLAFAXINA	CLORIDRATO DE VENLAFAXINA (PORT. 344/98 L-C1)	N6A5 - ANTIDEPRESSIVOS SNRI	Genérico	- (*) 	
CLORIDRATO DE VENLAFAXINA	CLORIDRATO DE VENLAFAXINA	N6A5 - ANTIDEPRESSIVOS SNRI	Genérico	Tarja Vermelha sob restrição	
CLORIDRATO DE VENLAFAXINA	CLORIDRATO DE VENLAFAXINA	N6A5 - ANTIDEPRESSIVOS SNRI	Genérico	Tarja Vermelha sob restrição	
CLORIDRATO DE VENLAFAXINA	CLORIDRATO DE VENLAFAXINA	N6A5 - ANTIDEPRESSIVOS SNRI	Genérico	Tarja Vermelha sob restrição	
CLORIDRATO DE VENLAFAXINA	MYLETIN	N6A5 - ANTIDEPRESSIVOS SNRI	Similar	Tarja Vermelha sob restrição	
CLORIDRATO DE VENLAFAXINA	VENFORIN	N6A5 - ANTIDEPRESSIVOS SNRI	Similar	Tarja Vermelha sob restrição	
CLORIDRATO DE VENLAFAXINA	CLORIDRATO DE VENLAFAXINA	N6A5 - ANTIDEPRESSIVOS SNRI	Genérico	Tarja Vermelha sob restrição	
CLORIDRATO DE VENLAFAXINA	CLORIDRATO DE VENLAFAXINA	N6A5 - ANTIDEPRESSIVOS SNRI	Genérico	Tarja Vermelha sob restrição	
CLORIDRATO DE VENLAFAXINA	CLORIDRATO DE VENLAFAXINA	N6A5 - ANTIDEPRESSIVOS SNRI	Genérico	Tarja Vermelha sob restrição	
CLORIDRATO DE VENLAFAXINA	CLORIDRATO DE VENLAFAXINA	N6A5 - ANTIDEPRESSIVOS SNRI	Genérico	Tarja Vermelha sob restrição	
CLORIDRATO DE VENLAFAXINA	ALENTHUS XR	N6A5 - ANTIDEPRESSIVOS SNRI	Similar	Tarja Vermelha sob restrição	
CLORIDRATO DE VENLAFAXINA	CLORIDRATO DE VENLAFAXINA	N6A5 - ANTIDEPRESSIVOS SNRI	Genérico	Tarja Vermelha sob restrição	
CLORIDRATO DE VENLAFAXINA	EFEXOR	N6A5 - ANTIDEPRESSIVOS SNRI	Novo	Tarja Vermelha sob restrição	
CLORIDRATO DE VERAPAMIL	CLORIDRATO DE VERAPAMIL	C8A - ANTAGONISTAS DO CÁLCIO PUROS	Genérico	- (*) 	
CLORIDRATO DE VERAPAMIL	DILACORON	C8A - ANTAGONISTAS DO CÁLCIO PUROS	Novo	- (*) 	
CLORIDRATO DE VERAPAMIL	CLORIDRATO DE VERAPAMIL	C8A - ANTAGONISTAS DO CÁLCIO PUROS	Genérico	- (*) 	
CLORIDRATO DE VERAPAMIL	CLORIDRATO DE VERAPAMIL	C8A - ANTAGONISTAS DO CÁLCIO PUROS	Genérico	Tarja Vermelha	
CLORIDRATO DE VERAPAMIL	CLORIDRATO DE VERAPAMIL	C8A - ANTAGONISTAS DO CÁLCIO PUROS	Genérico	Tarja Vermelha	
CLORIDRATO DE VERAPAMIL	CLORIDRATO DE VERAPAMIL	C8A - ANTAGONISTAS DO CÁLCIO PUROS	Genérico	Tarja Vermelha	
CLORIDRATO DE VILAZODONA	AYMEE	N6A9 - ANTIDEPRESSIVOS TODOS OS OUTROS	Similar	Tarja Vermelha sob restrição	
CLORIDRATO DE ZIPRASIDONA	GEODON	N5A1 - ANTIPSICÓTICOS ATÍPICOS	Novo	Tarja Vermelha sob restrição	
CLORIDRATO DE ZIPRASIDONA	CLORIDRATO DE ZIPRASIDONA	N5A1 - ANTIPSICÓTICOS ATÍPICOS	Genérico	- (*) 	
CLORIDRATO DE ZIPRASIDONA MONOIDRATADO	CLORIDRATO DE ZIPRASIDONA	N5A1 - ANTIPSICÓTICOS ATÍPICOS	Genérico	- (*) 	
CLORIDRATO DE ZIPRASIDONA MONOIDRATADO	LFM ZIPRASIDONA	N5A1 - ANTIPSICÓTICOS ATÍPICOS	Similar	Tarja Vermelha sob restrição	
CLORIDRATO DE ZIPRASIDONA MONOIDRATADO	CLORIDRATO DE ZIPRASIDONA	N5A1 - ANTIPSICÓTICOS ATÍPICOS	Genérico	Tarja Vermelha sob restrição	
CLORIDRATO DE ZIPRASIDONA MONOIDRATADO	GEODON	N5A1 - ANTIPSICÓTICOS ATÍPICOS	Novo	Tarja Vermelha sob restrição	
CLORTALIDONA	CLOROTALIDONA	C3A3 - DIURÉTICOS TIAZIDAS E ANÁLOGOS PUROS	Genérico	- (*) 	
CLORTALIDONA	CLORDILON	C3A3 - DIURÉTICOS TIAZIDAS E ANÁLOGOS PUROS	Similar	Tarja Vermelha	
CLORTALIDONA	CLORTALIDONA	C3A3 - DIURÉTICOS TIAZIDAS E ANÁLOGOS PUROS	Genérico	Tarja Vermelha	
CLORTALIDONA	CLORTALIDONA	C3A3 - DIURÉTICOS TIAZIDAS E ANÁLOGOS PUROS	Genérico	- (*) 	
CLOTRIMAZOL	CLOTRIMAZOL	D1A1 - ANTIFÚNGICOS DERMATOLÓGICOS TÓPICOS	Genérico	Tarja Vermelha sob restrição	
CLOTRIMAZOL	CLOTRIMIX	D1A1 - ANTIFÚNGICOS DERMATOLÓGICOS TÓPICOS	Similar	Tarja Sem Tarja	
CLOTRIMAZOL	CLOTRIMAZOL	D1A1 - ANTIFÚNGICOS DERMATOLÓGICOS TÓPICOS	Genérico	Tarja Sem Tarja	
CLOTRIMAZOL	FUNGISTEN	D1A1 - ANTIFÚNGICOS DERMATOLÓGICOS TÓPICOS	Similar	- (*) 	
CLOTRIMAZOL	CLOTRIMAZOL	D1A1 - ANTIFÚNGICOS DERMATOLÓGICOS TÓPICOS	Genérico	Tarja Sem Tarja	
CLOTRIMAZOL	DERMOTRIZOL	D1A1 - ANTIFÚNGICOS DERMATOLÓGICOS TÓPICOS	Similar	Tarja Sem Tarja	
CLOTRIMAZOL	CLOTRIMAZOL	D1A1 - ANTIFÚNGICOS DERMATOLÓGICOS TÓPICOS	Genérico	Tarja Sem Tarja	
CLOTRIMAZOL	CLOTRIMAZOL	G1B - ANTIFÚNGICOS GINECOLÓGICOS	Genérico	Tarja Sem Tarja	
CLOTRIMAZOL	ABC	D1A1 - ANTIFÚNGICOS DERMATOLÓGICOS TÓPICOS	Similar	Tarja Sem Tarja	
CLOTRIMAZOL	CLOTRIGEL	G1B - ANTIFÚNGICOS GINECOLÓGICOS	Similar	Tarja Sem Tarja	
CLOTRIMAZOL	LOMECAN	G1B - ANTIFÚNGICOS GINECOLÓGICOS	Similar	Tarja Sem Tarja	
CLOTRIMAZOL	CLOMAZOL	D1A1 - ANTIFÚNGICOS DERMATOLÓGICOS TÓPICOS	Similar	- (*) 	
CLOTRIMAZOL	DERMOBENE	D1A1 - ANTIFÚNGICOS DERMATOLÓGICOS TÓPICOS	Similar	- (*) 	
CLOTRIMAZOL	CANESTEN	D1A1 - ANTIFÚNGICOS DERMATOLÓGICOS TÓPICOS	Novo	Tarja Sem Tarja	
CLOTRIMAZOL	GINO-CANESTEN	G1B - ANTIFÚNGICOS GINECOLÓGICOS	Novo	Tarja Sem Tarja	
CLOTRIMAZOL	CLOTRIMAZOL	G1B - ANTIFÚNGICOS GINECOLÓGICOS	Genérico	Tarja Sem Tarja	
CLOTRIMAZOL;ACETATO DE DEXAMETASONA	CLOTRIMAZOL + ACETATO DE DEXAMETASONA	D7B2 - CORTICOESTERÓIDES ASSOCIADOS A ANTIMICOTICOS	Genérico	Tarja Vermelha	
CLOZAPINA	CLOZAPINA	N5A1 - ANTIPSICÓTICOS ATÍPICOS	Genérico	- (*) 	
CLOZAPINA	PINAZAN	N5A1 - ANTIPSICÓTICOS ATÍPICOS	Similar	Tarja Vermelha sob restrição	
CLOZAPINA	CLOZAPINA	N5A1 - ANTIPSICÓTICOS ATÍPICOS	Genérico	- (*) 	
CLOZAPINA	OKÓTICO	N5A1 - ANTIPSICÓTICOS ATÍPICOS	Similar	Tarja Vermelha sob restrição	
CLOZAPINA	LEPONEX	N5A1 - ANTIPSICÓTICOS ATÍPICOS	Novo	Tarja Vermelha sob restrição	
COLAGENASE	KOLLAGENASE	D3A9 - TODOS OUTROS PRODUTOS PARA TRATAMENTO DE FERIDAS	Biológico	- (*) 	
COLAGENASE	DBRIZ UNO	D3A9 - TODOS OUTROS PRODUTOS PARA TRATAMENTO DE FERIDAS	Biológico	- (*) 	
COLAGENASE	IRUXOL MONO	D3A9 - TODOS OUTROS PRODUTOS PARA TRATAMENTO DE FERIDAS	    -     	- (*) 	
COLCHICINA	COLCHIS	M4A - ANTIGOTOSOS	Específico	Tarja Vermelha	
COLCHICINA	COCICHIMIL	M4A - ANTIGOTOSOS	Similar	- (*) 	
COLCHICINA	COLCHICINA	M4A - ANTIGOTOSOS	Genérico	- (*) 	
COLCHICINA	COXYM	M4A - ANTIGOTOSOS	Similar	- (*) 	
COLCHICINA	COLCHICINA	M4A - ANTIGOTOSOS	Genérico	- (*) 	
COLCHICINA	CIXIN	M4A - ANTIGOTOSOS	Similar	Tarja Vermelha	
COLECALCIFEROL	DEFULL	A11C2 - VITAMINA D PURA	Específico	Tarja Vermelha	
COLECALCIFEROL	ALTAD	A11C2 - VITAMINA D PURA	Específico	Tarja Vermelha	
COLECALCIFEROL	ALTAD CAPS	A11C2 - VITAMINA D PURA	Específico	Tarja Vermelha	
COLECALCIFEROL	OHDE CAPS	A11C2 - VITAMINA D PURA	Específico	Tarja Vermelha	
COLECALCIFEROL	VITAMINA D3	A11C2 - VITAMINA D PURA	Específico	Tarja Vermelha	
COLECALCIFEROL	VITAMINA D3	A11C2 - VITAMINA D PURA	Específico	Tarja Vermelha	
COLECALCIFEROL	INPRUV D	A11C2 - VITAMINA D PURA	Específico	Tarja Vermelha	
COLECALCIFEROL	VIDYN D3	A11C2 - VITAMINA D PURA	Específico	Tarja Vermelha	
COLECALCIFEROL	GRAN-D	A11C2 - VITAMINA D PURA	Específico	- (*) 	
COLECALCIFEROL	TUA D3	A11C2 - VITAMINA D PURA	Específico	Tarja Vermelha	
COLECALCIFEROL	DEMI-D	A11C2 - VITAMINA D PURA	Específico	- (*) 	
COLECALCIFEROL	VITDERA D3	A11C2 - VITAMINA D PURA	Específico	Tarja Vermelha	
COLECALCIFEROL	VITAMINA D3	A11C2 - VITAMINA D PURA	Específico	Tarja Vermelha	
COLECALCIFEROL	MILDÊ	A11C2 - VITAMINA D PURA	Específico	Tarja Vermelha	
COLECALCIFEROL	CYGNUS D	A11C2 - VITAMINA D PURA	Específico	- (*) 	
COLECALCIFEROL	D3CAPS	A11C2 - VITAMINA D PURA	Específico	Tarja Vermelha	
COLECALCIFEROL	FONT D	A11C2 - VITAMINA D PURA	Específico	Tarja Vermelha	
COLECALCIFEROL	VITAMINA D3	A11C2 - VITAMINA D PURA	Específico	Tarja Vermelha	
COLECALCIFEROL	SOF D	A11C2 - VITAMINA D PURA	Específico	- (*) 	
COLECALCIFEROL	SANY D	A11C2 - VITAMINA D PURA	Específico	Tarja Vermelha	
COLECALCIFEROL	SANY D CAPS	A11C2 - VITAMINA D PURA	Específico	Tarja Vermelha	
COLECALCIFEROL	PLEX-D3 VITAMIN	A11C2 - VITAMINA D PURA	Específico	Tarja Vermelha	
COLECALCIFEROL	DOSS	A11C2 - VITAMINA D PURA	Específico	Tarja Vermelha	
COLECALCIFEROL	VITAMINA D3	A11C2 - VITAMINA D PURA	Específico	Tarja Vermelha	
COLECALCIFEROL	DEGEN	A11C2 - VITAMINA D PURA	Específico	Tarja Vermelha	
COLECALCIFEROL	VITAMINA D	A11C2 - VITAMINA D PURA	Específico	Tarja Vermelha	
COLECALCIFEROL	DPREV CAPS	A11C2 - VITAMINA D PURA	Específico	Tarja Vermelha	
COLECALCIFEROL	DPREV	A11C2 - VITAMINA D PURA	Específico	Tarja Vermelha	
COLECALCIFEROL	DPREV GOTAS	A11C2 - VITAMINA D PURA	Específico	- (*) 	
COLECALCIFEROL	DVITTA	A11C2 - VITAMINA D PURA	Específico	Tarja Vermelha	
COLECALCIFEROL	VITAMINA D3	A11C2 - VITAMINA D PURA	Específico	Tarja Vermelha	
COLECALCIFEROL	TRESDÊ	A11C2 - VITAMINA D PURA	Específico	Tarja Vermelha	
COLECALCIFEROL	TRYNDÊ	A11C2 - VITAMINA D PURA	Específico	Tarja Vermelha	
COLECALCIFEROL	KOLI D3	A11C2 - VITAMINA D PURA	Específico	Tarja Vermelha	
COLECALCIFEROL	INVIT D3	A11C2 - VITAMINA D PURA	Específico	Tarja Vermelha	
COLECALCIFEROL	DVITERD3	A11C2 - VITAMINA D PURA	Específico	- (*) 	
COLECALCIFEROL	DPHAR	A11C2 - VITAMINA D PURA	Específico	Tarja Vermelha	
COLECALCIFEROL	VITAMINA D CIMED	A11C2 - VITAMINA D PURA	Específico	Tarja Vermelha	
COLECALCIFEROL	DELUMI	A11C2 - VITAMINA D PURA	Específico	- (*) 	
COLECALCIFEROL	DROPY-D	A11C2 - VITAMINA D PURA	Específico	Tarja Vermelha	
COLECALCIFEROL	VITAMINA D3	A11C2 - VITAMINA D PURA	Específico	Tarja Vermelha	
COLECALCIFEROL	DEFORCE	A11C2 - VITAMINA D PURA	Específico	- (*) 	
COLECALCIFEROL	MAISOL	A11C2 - VITAMINA D PURA	Específico	Tarja Vermelha	
COLECALCIFEROL	ADDERA D3	A11C2 - VITAMINA D PURA	Específico	- (*) 	
COLECALCIFEROL	DEPURA	A11C2 - VITAMINA D PURA	Específico	Tarja Sem Tarja	
COLESTIRAMINA	QUESTRAN LIGHT	C10A3 - RESINAS TROCADORAS DE ÍONS	Novo	- (*) 	
COLISTIMETATO DE SÓDIO	COLIS-TEK	J1X2 - POLIMIXINAS	Novo	Tarja Vermelha sob restrição	
COLISTIMETATO DE SÓDIO	COLISTIMETATO DE SÓDIO	J1X2 - POLIMIXINAS	Genérico	Tarja Vermelha	
COMPLEXO PROTROMBÍNICO PARCIALMENTE ATIVADO	FEIBA	K3A - SANGUE E FRAÇÕES DO PLASMA	Biológico	- (*) 	
CONCIZUMABE	ALHEMO®	B2D3 - PRODUTOS ANTI-INIBIDORES DA HEMOFILIA	Biológico	Tarja Vermelha	
CONDROITINA SULFATO DE SÓDIO;SULFATO DE GLICOSAMINA	CONDROFLEX	M5X - TODOS OS OUTROS FÁRMACOS COM AÇÃO MÚSCULO-ESQUELÉTICA	Novo	- (*) 	
CONJUGADO DE POLISSACARÍDEO CAPSULAR DE HAEMOPHILUS INFLUENZAE TIPO B E TOXÓIDE TETÂNICO;POLIOVÍRUS INATIVADOS TIPO 3;POLIOVÍRUS INATIVADOS TIPO 2;PERTACTINA;POLIOVÍRUS INATIVADOS TIPO 1	INFANRIX PENTA	J7B1 - ASSOCIAÇÔES COM VACINA ANTITETÂNICA	Biológico	- (*) 	
COPOLÍMERO DE DIVINILBENZENO E METACRILATO DE NICOTINA	FUMAGUM	N7B - PRODUTOS ANTITABACO	Específico	Tarja Sem Tarja	
CORDIA VERBENACEA DC.	ACHEFLAN	M2A - ANTIRREUMÁTICOS E ANALGÉSICOS TÓPICOS	Fitoterápico	Tarja Sem Tarja	
CORYNEBACTERIUM PARVUM	PARVULAN	L3A9 - OUTROS AGENTES IMUNOESTIMULANTES EXCETO INTERFERONAS	Biológico	- (*) 	
CRATAEGUS RHIPIDOPHYLLA GAND.;PASSIFLORA INCARNATA;SALIX ALBA L.	PASALIX	N5B5 - HIPNÓTICOS E SEDATIVOS HERBÁCEOS	Fitoterápico	Tarja Sem Tarja	
CRATAEGUS RHIPIDOPHYLLA GAND.;PASSIFLORA INCARNATA;SALIX ALBA L.	SERENUS	V3X - TODOS OS OUTROS PRODUTOS TERAPÊUTICOS	Fitoterápico	- (*) 	
CRIZOTINIBE	XALKORI	L1H3 - INIBIDORES PREOTEÍNA KINASE ANTINEOPLÁSICOS, ALK	Novo	Tarja Vermelha	
CROMOGLICATO DE SODIO	CROMOGLICATO	S1G2 - ANTIALÉRGICOS OFTAMOLÓGICOS, ESTABILISADORES DE MASTÓCITOS	Novo	- (*) 	
CROVALIMABE	PIASKY	B6X - OUTROS AGENTES HEMATOLÓGICOS	Biológico	Tarja Vermelha	
CURCUMA LONGA L.	MOTORE	M5X - TODOS OS OUTROS FÁRMACOS COM AÇÃO MÚSCULO-ESQUELÉTICA	Fitoterápico	Tarja Vermelha	
CYNARA SCOLYMUS L.	ALCACHOFRAX	A5A1 - COLERÉTICOS E COLECINÉTICOS	Fitoterápico	Tarja Sem Tarja	
CYNARA SCOLYMUS L.	ALCACHOFRA VIDORA	A5A1 - COLERÉTICOS E COLECINÉTICOS	Fitoterápico	Tarja Sem Tarja	
CYNARA SCOLYMUS L.	ALCACHOFRA MULTILAB	A5A1 - COLERÉTICOS E COLECINÉTICOS	Fitoterápico	Tarja Sem Tarja	
CYNARA SCOLYMUS L.	ALCACHOFRA  HERBARIUM	A5A1 - COLERÉTICOS E COLECINÉTICOS	Fitoterápico	- (*) 	
CYNARA SCOLYMUS L.	ALCACHOFRA ASPEN PHARMA	A5A1 - COLERÉTICOS E COLECINÉTICOS	Fitoterápico	Tarja Sem Tarja	
CYNARA SCOLYMUS L.	ALCACHOFRA NATULAB	A5A1 - COLERÉTICOS E COLECINÉTICOS	Fitoterápico	- (*) 	
CÂNFORA (2-BORNANONA);MENTOL;SALICILATO DE METILA	ALIVIOL	R4A - UNGUENTOS PERCUTÂNEOS E OUTROS INALANTES	Específico	Tarja Sem Tarja	
DACARBAZINA	FAULDACAR	L1A - AGENTES ANTINEOPLÁSICOS ALQUILANTES	Similar	- (*) 	
DACARBAZINA	DACARB	L1A - AGENTES ANTINEOPLÁSICOS ALQUILANTES	Novo	- (*) 	
DACARBAZINA	DACARBAZINA	L1A - AGENTES ANTINEOPLÁSICOS ALQUILANTES	Genérico	Tarja Vermelha	
DACARBAZINA	DACARBAZINA	L1A - AGENTES ANTINEOPLÁSICOS ALQUILANTES	Genérico	Tarja Vermelha	
DACARBAZINA	EVODAZIN	L1A - AGENTES ANTINEOPLÁSICOS ALQUILANTES	Similar	Tarja Vermelha	
DANAZOL	LADOGAL	G3X - OUTROS HORMÔNIOS SEXUAIS E PRODUTOS SIMILARES	Novo	Tarja Vermelha	
DANAZOL	LADOGAL	G3X - OUTROS HORMÔNIOS SEXUAIS E PRODUTOS SIMILARES	Novo	Tarja Vermelha	
DANICOPANA	VOYDEYA	B6X - OUTROS AGENTES HEMATOLÓGICOS	Novo	Tarja Vermelha	
DANTROLENO SÓDICO HEMIEPTAIDRATADO	DANTROLEN	M3A - RELAXANTE MUSCULAR DE AÇÃO PERIFÉRICA	Novo	Tarja Vermelha	
DAPAGLIFLOZINA	DAPAGLIFLOZINA	A10P1 - ANTIDIABÉTICOS INIBIDORES DE SGLT2, PUROS	Genérico	Tarja Vermelha	
DAPAGLIFLOZINA	GLIF	A10P1 - ANTIDIABÉTICOS INIBIDORES DE SGLT2, PUROS	Similar	Tarja Vermelha	
DAPAGLIFLOZINA	DAPLIZA	A10P1 - ANTIDIABÉTICOS INIBIDORES DE SGLT2, PUROS	Similar	Tarja Vermelha	
DAPAGLIFLOZINA	DAPAGLIFLOZINA	A10P1 - ANTIDIABÉTICOS INIBIDORES DE SGLT2, PUROS	Genérico	Tarja Vermelha	
DAPAGLIFLOZINA	VIDAP	A10P1 - ANTIDIABÉTICOS INIBIDORES DE SGLT2, PUROS	Similar	Tarja Vermelha	
DAPAGLIFLOZINA	DAPAGLIFLOZINA	A10P1 - ANTIDIABÉTICOS INIBIDORES DE SGLT2, PUROS	Genérico	Tarja Vermelha	
DAPAGLIFLOZINA	FORXIGA	A10P1 - ANTIDIABÉTICOS INIBIDORES DE SGLT2, PUROS	Novo	Tarja Vermelha	
DAPAGLIFLOZINA	EDISTRIDE	A10P1 - ANTIDIABÉTICOS INIBIDORES DE SGLT2, PUROS	Similar	Tarja Vermelha	
DAPAGLIFLOZINA	DAPAGLIFLOZINA PROPANODIOL	A10P1 - ANTIDIABÉTICOS INIBIDORES DE SGLT2, PUROS	Genérico	Tarja Vermelha	
DAPAGLIFLOZINA PROPANODIOL MONOIDRATADO	JUGLINT	A10P1 - ANTIDIABÉTICOS INIBIDORES DE SGLT2, PUROS	Similar	Tarja Vermelha	
DAPAGLIFLOZINA PROPANODIOL MONOIDRATADO	DAPAGLIFLOZINA PROPANODIOL	A10P1 - ANTIDIABÉTICOS INIBIDORES DE SGLT2, PUROS	Genérico	Tarja Vermelha	
DAPAGLIFLOZINA PROPANODIOL MONOIDRATADO	DAPAGLE	A10P1 - ANTIDIABÉTICOS INIBIDORES DE SGLT2, PUROS	Similar	Tarja Vermelha	
DAPSONA	FURP-DAPSONA	J4B - DROGAS PARA TRATAMENTO DE HANSENÍASE	Similar	- (*) 	
DAPTOMICINA	TRISK	J1X9 - TODOS OS OUTROS ANTIBIÓTICOS	Similar	Tarja Vermelha sob restrição	
DAPTOMICINA	CUBICIN	J1X9 - TODOS OS OUTROS ANTIBIÓTICOS	Novo	Tarja Vermelha sob restrição	
DAPTOMICINA	RELDAPTOS	J1X9 - TODOS OS OUTROS ANTIBIÓTICOS	Similar	Tarja Vermelha sob restrição	
DAPTOMICINA	EXFUNO	J1X9 - TODOS OS OUTROS ANTIBIÓTICOS	Similar	Tarja Vermelha sob restrição	
DAPTOMICINA	DAPTOMICINA	J1X9 - TODOS OS OUTROS ANTIBIÓTICOS	Genérico	Tarja Vermelha sob restrição	
DAPTOMICINA	DOPCYM	J1X9 - TODOS OS OUTROS ANTIBIÓTICOS	Similar	Tarja Vermelha sob restrição	
DAPTOMICINA	DAPTOMICINA	J1X9 - TODOS OS OUTROS ANTIBIÓTICOS	Genérico	Tarja Vermelha	
DAPTOMICINA	GAPOBAK	J1X9 - TODOS OS OUTROS ANTIBIÓTICOS	Similar	Tarja Vermelha sob restrição	
DARATUMUMABE	DALINVI	L1G9 - ANTICORPOS MONOCLONAIS ANTINEOPLÁSICOS, OUTROS	Biológico	Tarja Vermelha sob restrição	
DAROLUTAMIDA	NUBEQA	L2B2 - HORMÔNIOS ANTIANDROGÊNICOS CITOSTÁTICOS	Novo	Tarja Vermelha	
DARUNAVIR	PREZISTA	J5C2 - INIBIDORES DA PROTEASE	Novo	Tarja Vermelha	
DASATINIBE	SPRYCEL	L1H1 - INIBIDORES PREOTEÍNA KINASE ANTINEOPLÁSICOS, BCR-ABL	Novo	Tarja Vermelha	
DASATINIBE	DASATINIBE	L1H1 - INIBIDORES PREOTEÍNA KINASE ANTINEOPLÁSICOS, BCR-ABL	Genérico	Tarja Vermelha	
DASATINIBE	LADIZAC	L1H1 - INIBIDORES PREOTEÍNA KINASE ANTINEOPLÁSICOS, BCR-ABL	Similar	Tarja Vermelha	
DASATINIBE MONOIDRATADO	ZEVUXA	L1H1 - INIBIDORES PREOTEÍNA KINASE ANTINEOPLÁSICOS, BCR-ABL	Similar	Tarja Vermelha	
DASATINIBE MONOIDRATADO	DASATINIBE MONOIDRATADO	L1H1 - INIBIDORES PREOTEÍNA KINASE ANTINEOPLÁSICOS, BCR-ABL	Genérico	Tarja Vermelha	
DASATINIBE MONOIDRATADO	DASNAR	L1H1 - INIBIDORES PREOTEÍNA KINASE ANTINEOPLÁSICOS, BCR-ABL	Similar	Tarja Vermelha	
DASATINIBE MONOIDRATADO	DASATINIBE MONOIDRATADO	L1H1 - INIBIDORES PREOTEÍNA KINASE ANTINEOPLÁSICOS, BCR-ABL	Genérico	Tarja Vermelha	
DECANOATO DE HALOPERIDOL	HALO  DECANOATO	N5A9 - ANTIPSICÓTICOS CONVENCIONAIS	Similar	Tarja Vermelha sob restrição	
DECANOATO DE HALOPERIDOL	DECAN HALOPER	N5A9 - ANTIPSICÓTICOS CONVENCIONAIS	Similar	Tarja Vermelha sob restrição	
DECANOATO DE HALOPERIDOL	HALDOL DECANOATO	N5A9 - ANTIPSICÓTICOS CONVENCIONAIS	Novo	Tarja Vermelha sob restrição	
DECANOATO DE NANDROLONA	DECA-DURABOLIN	A14A1 - ANABOLIZANTES HORMONAIS PUROS	Novo	Tarja Vermelha sob restrição	
DECANOATO DE TESTOSTERONA;FEMPROPIONATO DE TESTOSTERONA;ISOCAPROATO DE TESTOSTERONA;PROPIONATO DE TESTOSTERONA	DURATESTON	G3B - ANDRÓGENOS EXCLUINDO G3E, G3F	Novo	Tarja Vermelha sob restrição	
DECITABINA	ALTRYXEN	L1B - AGENTES ANTINEOPLÁSICOS ANTIMETABÓLITOS	Similar	Tarja Vermelha	
DECITABINA	DACOGEN	L1B - AGENTES ANTINEOPLÁSICOS ANTIMETABÓLITOS	Novo	Tarja Vermelha	
DECITABINA	DECITABINA	L1B - AGENTES ANTINEOPLÁSICOS ANTIMETABÓLITOS	Genérico	Tarja Vermelha sob restrição	
DECITABINA	DECI	L1B - AGENTES ANTINEOPLÁSICOS ANTIMETABÓLITOS	Similar	Tarja Vermelha sob restrição	
DECITABINA	DECITABINA	L1B - AGENTES ANTINEOPLÁSICOS ANTIMETABÓLITOS	Genérico	Tarja Vermelha	
DECITABINA	REDTIBIN	L1B - AGENTES ANTINEOPLÁSICOS ANTIMETABÓLITOS	Similar	Tarja Vermelha	
DECITABINA	DECITABINA	L1B - AGENTES ANTINEOPLÁSICOS ANTIMETABÓLITOS	Genérico	Tarja Vermelha	
DEFERASIROX	EXJADE	V3F - AGENTES FERRO-QUELANTES	Novo	Tarja Vermelha	
DEFERASIROX	DESAIRON	V3F - AGENTES FERRO-QUELANTES	Similar	Tarja Vermelha	
DEFERASIROX	DEFERASIROX	V3F - AGENTES FERRO-QUELANTES	Genérico	Tarja Vermelha	
DEFERIPRONA	FERRIPROX	V3F - AGENTES FERRO-QUELANTES	Novo	- (*) 	
DEFERIPRONA	FERRIPROX BD	V3F - AGENTES FERRO-QUELANTES	Novo	Tarja Vermelha	
DEFIBROTIDA	DEFITELIO	B1D - FIBRINOLÍTICOS	Biológico	Tarja Vermelha	
DEFLAZACORTE	DEFLAZACORTE	H2A2 - CORTICOSTERÓIDES ORAIS PUROS	Genérico	- (*) 	
DEFLAZACORTE	CALCORT	H2A2 - CORTICOSTERÓIDES ORAIS PUROS	Novo	Tarja Vermelha	
DEFLAZACORTE	DEFLAZACORTE	H2A2 - CORTICOSTERÓIDES ORAIS PUROS	Genérico	Tarja Vermelha	
DEFLAZACORTE	DEFLAIMMUN	H2A2 - CORTICOSTERÓIDES ORAIS PUROS	Similar	Tarja Vermelha	
DELAFLOXACINO MEGLUMINA	DELABAXI	J1G2 - FLUORQUINOLONAS INJETÁVEIS	Novo	Tarja Vermelha sob restrição	
DELAMANIDE	DELTYBA	J4A9 - OUTROS ANTITUBERCULOSOS	Novo	Tarja Vermelha sob restrição	
DELANDISTROGENO MOXEPARVOVEQUE	ELEVIDYS	M5X - TODOS OS OUTROS FÁRMACOS COM AÇÃO MÚSCULO-ESQUELÉTICA	Produto de Terapia Avançada	Tarja Vermelha	
DELTAFOLITROPINA	REKOVELLE	G3G - GONADOTROFINAS INCLUINDO OUTROS ESTIMULANTES PARA OVULAÇÃO	Biológico	Tarja Vermelha	
DELTAMETRINA	DELTAPIL	P3A - ECTOPARASITICIDAS INCLUINDO ESCABICIDAS	Similar	- (*) 	
DELTAMETRINA	PEDIDERM	P3A - ECTOPARASITICIDAS INCLUINDO ESCABICIDAS	Similar	- (*) 	
DELTAMETRINA	DELTALAB	P3A - ECTOPARASITICIDAS INCLUINDO ESCABICIDAS	Similar	- (*) 	
DELTAMETRINA	DELTA - IFAL	P3A - ECTOPARASITICIDAS INCLUINDO ESCABICIDAS	Similar	Tarja Sem Tarja	
DENOSUMABE	WYOST	M5B9 - OUTROS REGULADORES DO CÁLCIO ÓSSEO	Biológico	Tarja Vermelha	
DENOSUMABE	DENBONLI	M5B9 - OUTROS REGULADORES DO CÁLCIO ÓSSEO	Biológico	Tarja Vermelha	
DENOSUMABE	PROLIA	M5B9 - OUTROS REGULADORES DO CÁLCIO ÓSSEO	Biológico	- (*) 	
DENOSUMABE	XGEVA	M5B9 - OUTROS REGULADORES DO CÁLCIO ÓSSEO	Biológico	Tarja Vermelha	
DERISOMALTOSE FÉRRICA	MONOFER	B3A1 - FERRO PURO	Específico	Tarja Vermelha	
DESLANOSÍDEO	DESLANOL	C1A1 - CARDIOGLICOSÍDEOS PUROS	Similar	Tarja Vermelha	
DESLORATADINA	DESALEX	R6A - ANTI-HISTAMÍNICOS SISTÊMICOS	Novo	Tarja Sem Tarja	
DESLORATADINA	AVIANT	R6A - ANTI-HISTAMÍNICOS SISTÊMICOS	Similar	Tarja Sem Tarja	
DESLORATADINA	DESLORATADINA	R6A - ANTI-HISTAMÍNICOS SISTÊMICOS	Genérico	Tarja Sem Tarja	
DESLORATADINA	LEG	R6A - ANTI-HISTAMÍNICOS SISTÊMICOS	Similar	Tarja Sem Tarja	
DESLORATADINA	DESLORATADINA	R6A - ANTI-HISTAMÍNICOS SISTÊMICOS	Genérico	Tarja Sem Tarja	
DESLORATADINA	SUPERHIST ODT	R6A - ANTI-HISTAMÍNICOS SISTÊMICOS	Novo	Tarja Vermelha	
DESLORATADINA	ALOFF XPE	R6A - ANTI-HISTAMÍNICOS SISTÊMICOS	Similar	Tarja Sem Tarja	
DESLORATADINA	ALOFF	R6A - ANTI-HISTAMÍNICOS SISTÊMICOS	Similar	Tarja Sem Tarja	
DESLORATADINA	SUPERHIST	R6A - ANTI-HISTAMÍNICOS SISTÊMICOS	Similar	Tarja Sem Tarja	
DESLORATADINA	AVIANT	R6A - ANTI-HISTAMÍNICOS SISTÊMICOS	Similar	Tarja Vermelha	
DESLORATADINA	DESTADIN	R6A - ANTI-HISTAMÍNICOS SISTÊMICOS	Similar	Tarja Sem Tarja	
DESLORATADINA	DESLORATADINA	R6A - ANTI-HISTAMÍNICOS SISTÊMICOS	Genérico	Tarja Sem Tarja	
DESLORATADINA	DESLORATADINA	R6A - ANTI-HISTAMÍNICOS SISTÊMICOS	Genérico	Tarja Sem Tarja	
DESLORATADINA	DESLORATADINA	R6A - ANTI-HISTAMÍNICOS SISTÊMICOS	Genérico	Tarja Sem Tarja	
DESLORATADINA	LUR	R6A - ANTI-HISTAMÍNICOS SISTÊMICOS	Similar	- (*) 	
DESLORATADINA	LUR GOTAS	R6A - ANTI-HISTAMÍNICOS SISTÊMICOS	Similar	- (*) 	
DESLORATADINA	DECONLERG	R6A - ANTI-HISTAMÍNICOS SISTÊMICOS	Similar	Tarja Sem Tarja	
DESLORATADINA	ESALERG	R6A - ANTI-HISTAMÍNICOS SISTÊMICOS	Similar	- (*) 	
DESLORATADINA	ESALERG GOTAS	R6A - ANTI-HISTAMÍNICOS SISTÊMICOS	Novo	- (*) 	
DESLORATADINA	DESLORATADINA	R6A - ANTI-HISTAMÍNICOS SISTÊMICOS	Genérico	- (*) 	
DESLORATADINA	DESLORATADINA	R6A - ANTI-HISTAMÍNICOS SISTÊMICOS	Genérico	Tarja Sem Tarja	
DESLORATADINA	ALERADINA	R6A - ANTI-HISTAMÍNICOS SISTÊMICOS	Similar	Tarja Sem Tarja	
DESLORATADINA	DESLORATADINA	R6A - ANTI-HISTAMÍNICOS SISTÊMICOS	Genérico	Tarja Sem Tarja	
DESLORATADINA	DESLORATADINA	R6A - ANTI-HISTAMÍNICOS SISTÊMICOS	Genérico	Tarja Sem Tarja	
DESLORATADINA	DESLORATADINA	R6A - ANTI-HISTAMÍNICOS SISTÊMICOS	Genérico	Tarja Sem Tarja	
DESLORATADINA	IKAROS	R6A - ANTI-HISTAMÍNICOS SISTÊMICOS	Similar	Tarja Sem Tarja	
DESLORATADINA	DESLORATADINA	R6A - ANTI-HISTAMÍNICOS SISTÊMICOS	Genérico	Tarja Sem Tarja	
DESLORATADINA	DESLORATADINA	R6A - ANTI-HISTAMÍNICOS SISTÊMICOS	Genérico	Tarja Sem Tarja	
DESLORATADINA	HYSTALOR	R6A - ANTI-HISTAMÍNICOS SISTÊMICOS	Similar	Tarja Sem Tarja	
DESLORATADINA	DESLORANA	R6A - ANTI-HISTAMÍNICOS SISTÊMICOS	Similar	Tarja Sem Tarja	
DESLORATADINA	DESLORATADINA	R6A - ANTI-HISTAMÍNICOS SISTÊMICOS	Genérico	Tarja Sem Tarja	
DESLORATADINA	RESPITRAT	R6A - ANTI-HISTAMÍNICOS SISTÊMICOS	Similar	Tarja Sem Tarja	
DESLORATADINA	DESLORATADINA	R6A - ANTI-HISTAMÍNICOS SISTÊMICOS	Genérico	Tarja Sem Tarja	
DESLORATADINA	DEZLORBE	R6A - ANTI-HISTAMÍNICOS SISTÊMICOS	Similar	Tarja Sem Tarja	
DESLORATADINA;SULFATO DE PSEUDOEFEDRINA	DESALEX D12	R1B - PREPARAÇÕES SISTÊMICAS NASAIS	Novo	Tarja Vermelha	
DESLORATADINA;SULFATO DE PSEUDOEFEDRINA	LUR D12	R1B - PREPARAÇÕES SISTÊMICAS NASAIS	Similar	Tarja Vermelha	
DESLORATADINA;SULFATO DE PSEUDOEFEDRINA	ESALERG D12	R1B - PREPARAÇÕES SISTÊMICAS NASAIS	Similar	Tarja Vermelha	
DESOGESTREL	PÉROLA	G3A5 - PREPARAÇÕES ORAIS COM PROGESTAGÊNIOS SOMENTE	Similar	- (*) 	
DESOGESTREL	CERAZETTE	G3A5 - PREPARAÇÕES ORAIS COM PROGESTAGÊNIOS SOMENTE	Novo	- (*) 	
DESOGESTREL	NACTALI	G3A5 - PREPARAÇÕES ORAIS COM PROGESTAGÊNIOS SOMENTE	Similar	- (*) 	
DESOGESTREL	MAMADES	G3A5 - PREPARAÇÕES ORAIS COM PROGESTAGÊNIOS SOMENTE	Similar	Tarja Vermelha	
DESOGESTREL	DESOGESTREL	G3A5 - PREPARAÇÕES ORAIS COM PROGESTAGÊNIOS SOMENTE	Genérico	Tarja Vermelha	
DESOGESTREL	DESOGESTREL	G3A5 - PREPARAÇÕES ORAIS COM PROGESTAGÊNIOS SOMENTE	Genérico	Tarja Vermelha	
DESOGESTREL	DESOGESTREL	G3A5 - PREPARAÇÕES ORAIS COM PROGESTAGÊNIOS SOMENTE	Genérico	Tarja Vermelha	
DESOGESTREL	CERAZETTE	G3A5 - PREPARAÇÕES ORAIS COM PROGESTAGÊNIOS SOMENTE	Novo	- (*) 	
DESOGESTREL	DESOGESTREL	G3A5 - PREPARAÇÕES ORAIS COM PROGESTAGÊNIOS SOMENTE	Genérico	Tarja Vermelha	
DESOGESTREL	CARELI	G3A5 - PREPARAÇÕES ORAIS COM PROGESTAGÊNIOS SOMENTE	Similar	Tarja Vermelha	
DESOGESTREL	ONUA	G3A5 - PREPARAÇÕES ORAIS COM PROGESTAGÊNIOS SOMENTE	Similar	- (*) 	
DESOGESTREL	MYLUS	G3A5 - PREPARAÇÕES ORAIS COM PROGESTAGÊNIOS SOMENTE	Similar	Tarja Vermelha	
DESOGESTREL	DESOGESTREL	G3A5 - PREPARAÇÕES ORAIS COM PROGESTAGÊNIOS SOMENTE	Genérico	Tarja Vermelha	
DESOGESTREL	RUBIA	G3A5 - PREPARAÇÕES ORAIS COM PROGESTAGÊNIOS SOMENTE	Similar	Tarja Vermelha	
DESOGESTREL	DESOGESTREL	G3A5 - PREPARAÇÕES ORAIS COM PROGESTAGÊNIOS SOMENTE	Genérico	Tarja Vermelha	
DESOGESTREL	MELIK	G3A5 - PREPARAÇÕES ORAIS COM PROGESTAGÊNIOS SOMENTE	Similar	Tarja Vermelha	
DESOGESTREL	DESOGESTREL	G3A5 - PREPARAÇÕES ORAIS COM PROGESTAGÊNIOS SOMENTE	Genérico	Tarja Vermelha	
DESOGESTREL	KELLY	G3A5 - PREPARAÇÕES ORAIS COM PROGESTAGÊNIOS SOMENTE	Similar	Tarja Vermelha	
DESOGESTREL	DESOGESTREL	G3A5 - PREPARAÇÕES ORAIS COM PROGESTAGÊNIOS SOMENTE	Genérico	Tarja Vermelha	
DESOGESTREL	DESOGESTREL	G3A5 - PREPARAÇÕES ORAIS COM PROGESTAGÊNIOS SOMENTE	Genérico	Tarja Vermelha	
DESOGESTREL	MAYSA	G3A5 - PREPARAÇÕES ORAIS COM PROGESTAGÊNIOS SOMENTE	Similar	Tarja Vermelha	
DESOGESTREL;ETINILESTRADIOL	GRACIAL	G3A3 - PREPARAÇÕES CONTRACEPTIVAS BIFÁSICAS	Novo	Tarja Vermelha	
DESOGESTREL;ETINILESTRADIOL	MERCILON	G3A1 - HORMÔNIOS CONTRACEPTIVOS MONOFÁSICOS COM ESTROGÊNIOS <50MCG	Novo	Tarja Vermelha	
DESOGESTREL;ETINILESTRADIOL	MERCILON CONTI	G3A1 - HORMÔNIOS CONTRACEPTIVOS MONOFÁSICOS COM ESTROGÊNIOS <50MCG	Novo	- (*) 	
DESOGESTREL;ETINILESTRADIOL	MICRODIOL	G3A1 - HORMÔNIOS CONTRACEPTIVOS MONOFÁSICOS COM ESTROGÊNIOS <50MCG	Novo	Tarja Vermelha	
DESOGESTREL;ETINILESTRADIOL	MINIAN	G3A1 - HORMÔNIOS CONTRACEPTIVOS MONOFÁSICOS COM ESTROGÊNIOS <50MCG	Similar	- (*) 	
DESOGESTREL;ETINILESTRADIOL	DESOGESTREL + ETINILESTRADIOL	G3A1 - HORMÔNIOS CONTRACEPTIVOS MONOFÁSICOS COM ESTROGÊNIOS <50MCG	Genérico	- (*) 	
DESOGESTREL;ETINILESTRADIOL	PRIMERA 20	G3A1 - HORMÔNIOS CONTRACEPTIVOS MONOFÁSICOS COM ESTROGÊNIOS <50MCG	Similar	- (*) 	
DESOGESTREL;ETINILESTRADIOL	PRIMERA 30	G3A1 - HORMÔNIOS CONTRACEPTIVOS MONOFÁSICOS COM ESTROGÊNIOS <50MCG	Similar	- (*) 	
DESOGESTREL;ETINILESTRADIOL	ETINILESTRADIOL+DESOGESTREL	G3A1 - HORMÔNIOS CONTRACEPTIVOS MONOFÁSICOS COM ESTROGÊNIOS <50MCG	Genérico	Tarja Vermelha	
DESOGESTREL;ETINILESTRADIOL	DIOLESS	G3A1 - HORMÔNIOS CONTRACEPTIVOS MONOFÁSICOS COM ESTROGÊNIOS <50MCG	Similar	- (*) 	
DESOGESTREL;ETINILESTRADIOL	FEMINA	G3A1 - HORMÔNIOS CONTRACEPTIVOS MONOFÁSICOS COM ESTROGÊNIOS <50MCG	Similar	- (*) 	
DESOGESTREL;ETINILESTRADIOL	DESOGESTREL + ETINILESTRADIOL	G3A1 - HORMÔNIOS CONTRACEPTIVOS MONOFÁSICOS COM ESTROGÊNIOS <50MCG	Genérico	Tarja Vermelha	
DESOGESTREL;ETINILESTRADIOL	MALÚ	G3A1 - HORMÔNIOS CONTRACEPTIVOS MONOFÁSICOS COM ESTROGÊNIOS <50MCG	Similar	Tarja Vermelha	
DESONIDA	DESONIDA	D7A - CORTICOESTERÓIDES TÓPICOS PUROS	Genérico	Tarja Vermelha	
DESONIDA	DESONIDA	D7A - CORTICOESTERÓIDES TÓPICOS PUROS	Genérico	Tarja Vermelha	
DESONIDA	ADINOS	D7A - CORTICOESTERÓIDES TÓPICOS PUROS	Novo	Tarja Vermelha	
DESONIDA	DESONIDA	D7A - CORTICOESTERÓIDES TÓPICOS PUROS	Genérico	Tarja Vermelha	
DESONIDA	DESONIDA	D7A - CORTICOESTERÓIDES TÓPICOS PUROS	Genérico	Tarja Vermelha	
DESONIDA	DESOSKIN	D7A - CORTICOESTERÓIDES TÓPICOS PUROS	Similar	- (*) 	
DESONIDA	DESONIDA	D7A - CORTICOESTERÓIDES TÓPICOS PUROS	Genérico	Tarja Vermelha	
DESONIDA	DESONIDA	D7A - CORTICOESTERÓIDES TÓPICOS PUROS	Genérico	- (*) 	
DESOXIMETASONA	ESPERSON	D7A - CORTICOESTERÓIDES TÓPICOS PUROS	Novo	Tarja Vermelha	
DESOXIMETASONA;SULFATO DE NEOMICINA	ESPERSON N	D7B1 - CORTICOESTERÓIDES ASSOCIADOS A ANTIBACTERIANOS	Novo	Tarja Vermelha	
DEUCRAVACITINIBE	SOTYKTU	D5B - ANTIPSORÍASE SISTÊMICOS	Novo	Tarja Vermelha	
DEUTETRABENAZINA	AUSTEDO	N7X - TODOS OS OUTROS PRODUTOS PARA O SISTEMA NERVOSO CENTRAL	Novo	Tarja Vermelha sob restrição	
DEXAMETASONA	MAXIDEX	S1B - CORTICOSTERÓIDES OFTALMOLÓGICOS	Novo	Tarja Vermelha	
DEXAMETASONA	DEXAMETASONA	H2A2 - CORTICOSTERÓIDES ORAIS PUROS	Genérico	Tarja Vermelha	
DEXAMETASONA	DEXASON	D7A - CORTICOESTERÓIDES TÓPICOS PUROS	Similar	- (*) 	
DEXAMETASONA	DEXAMETASONA	H2A2 - CORTICOSTERÓIDES ORAIS PUROS	Genérico	- (*) 	
DEXAMETASONA	DECADRON	H2A2 - CORTICOSTERÓIDES ORAIS PUROS	Similar	- (*) 	
DEXAMETASONA	DEXAMETASONA	H2A2 - CORTICOSTERÓIDES ORAIS PUROS	Genérico	- (*) 	
DEXAMETASONA	DEXAMETASONA	H2A2 - CORTICOSTERÓIDES ORAIS PUROS	Genérico	- (*) 	
DEXAMETASONA	CORTIDEX	D7A - CORTICOESTERÓIDES TÓPICOS PUROS	Similar	Tarja Vermelha	
DEXAMETASONA	DEXAMETASONA	H2A2 - CORTICOSTERÓIDES ORAIS PUROS	Genérico	- (*) 	
DEXAMETASONA	BEXETON	H2A2 - CORTICOSTERÓIDES ORAIS PUROS	Similar	Tarja Vermelha	
DEXAMETASONA	DEXAMETASONA + SULFATO DE NEOMICINA + SULFATO DE POLIMIXINA B	S1C1 - ASSOCIAÇÕES OFTALMOLÓGICAS CORTICOSTERÓIDES COM ANTIINFECCIOSOS	Genérico	- (*) 	
DEXAMETASONA	DEXAMETASONA	H2A2 - CORTICOSTERÓIDES ORAIS PUROS	Genérico	Tarja Vermelha	
DEXAMETASONA	OZURDEX	S1P - PRODUTOS ANTINEOVASCULARIZAÇÃO OCULAR	Novo	Tarja Vermelha	
DEXAMETASONA;ACETATO DE DEXAMETASONA	DEXADEN	D7A - CORTICOESTERÓIDES TÓPICOS PUROS	Similar	- (*) 	
DEXAMETASONA;CLORIDRATO DE CIPROFLOXACINO MONOIDRATADO	CILODEX	S1C1 - ASSOCIAÇÕES OFTALMOLÓGICAS CORTICOSTERÓIDES COM ANTIINFECCIOSOS	Similar	Tarja Vermelha sob restrição	
DEXAMETASONA;CLORIDRATO DE CIPROFLOXACINO MONOIDRATADO	CYLOCORT	S1C1 - ASSOCIAÇÕES OFTALMOLÓGICAS CORTICOSTERÓIDES COM ANTIINFECCIOSOS	Similar	Tarja Vermelha sob restrição	
DEXAMETASONA;CLORIDRATO DE CIPROFLOXACINO MONOIDRATADO	BIANCORT	S1C1 - ASSOCIAÇÕES OFTALMOLÓGICAS CORTICOSTERÓIDES COM ANTIINFECCIOSOS	Similar	Tarja Vermelha	
DEXAMETASONA;CLORIDRATO DE CIPROFLOXACINO MONOIDRATADO	CLORIDRATO DE CIPROFLOXACINO + DEXAMETASONA	S1C1 - ASSOCIAÇÕES OFTALMOLÓGICAS CORTICOSTERÓIDES COM ANTIINFECCIOSOS	Genérico	Tarja Vermelha sob restrição	
DEXAMETASONA;CLORIDRATO DE CIPROFLOXACINO MONOIDRATADO	CIPRIXIN DEXA	S1C1 - ASSOCIAÇÕES OFTALMOLÓGICAS CORTICOSTERÓIDES COM ANTIINFECCIOSOS	Similar	Tarja Vermelha sob restrição	
DEXAMETASONA;CLORIDRATO DE CIPROFLOXACINO MONOIDRATADO	DUODEX	S1C1 - ASSOCIAÇÕES OFTALMOLÓGICAS CORTICOSTERÓIDES COM ANTIINFECCIOSOS	Similar	Tarja Vermelha sob restrição	
DEXAMETASONA;CLORIDRATO DE CIPROFLOXACINO MONOIDRATADO	BIALUDEX	S1C1 - ASSOCIAÇÕES OFTALMOLÓGICAS CORTICOSTERÓIDES COM ANTIINFECCIOSOS	Similar	Tarja Vermelha sob restrição	
DEXAMETASONA;SULFATO DE NEOMICINA;NISTATINA	TRIVAGEL N	G1B - ANTIFÚNGICOS GINECOLÓGICOS	Similar	- (*) 	
DEXAMETASONA;SULFATO DE NEOMICINA;SULFATO DE POLIMIXINA B	MAXITROL	S1C1 - ASSOCIAÇÕES OFTALMOLÓGICAS CORTICOSTERÓIDES COM ANTIINFECCIOSOS	Novo	Tarja Vermelha sob restrição	
DEXAMETASONA;SULFATO DE NEOMICINA;SULFATO DE POLIMIXINA B	MAXINOM	S1C1 - ASSOCIAÇÕES OFTALMOLÓGICAS CORTICOSTERÓIDES COM ANTIINFECCIOSOS	Similar	Tarja Vermelha sob restrição	
DEXAMETASONA;SULFATO DE NEOMICINA;SULFATO DE POLIMIXINA B	MAXIVIEW	S1C1 - ASSOCIAÇÕES OFTALMOLÓGICAS CORTICOSTERÓIDES COM ANTIINFECCIOSOS	Similar	Tarja Vermelha sob restrição	
DEXAMETASONA;TOBRAMICINA	TOBRADEX	S1C1 - ASSOCIAÇÕES OFTALMOLÓGICAS CORTICOSTERÓIDES COM ANTIINFECCIOSOS	Novo	Tarja Vermelha sob restrição	
DEXAMETASONA;TOBRAMICINA	TOBRACORT	S1C1 - ASSOCIAÇÕES OFTALMOLÓGICAS CORTICOSTERÓIDES COM ANTIINFECCIOSOS	Similar	Tarja Vermelha sob restrição	
DEXLANSOPRAZOL	DEXILANT	A2B2 - INIBIDORES DA BOMBA DE PRÓTONS	Novo	Tarja Vermelha	
DEXLANSOPRAZOL SESQUI-HIDRATADO	FROSIV	A2B2 - INIBIDORES DA BOMBA DE PRÓTONS	Similar	Tarja Vermelha	
DEXPANTENOL	CICATENOL	D3A9 - TODOS OUTROS PRODUTOS PARA TRATAMENTO DE FERIDAS	Específico	Tarja Sem Tarja	
DEXPANTENOL	EPITHELIZE	S1M - TÔNICOS E VITAMINAS OFTALMOLÓGICAS	Específico	Tarja Vermelha	
DEXPANTENOL	TEUPANTOL	D3A9 - TODOS OUTROS PRODUTOS PARA TRATAMENTO DE FERIDAS	Específico	- (*) 	
DEXPANTENOL	VIT PANTENOL	D3A9 - TODOS OUTROS PRODUTOS PARA TRATAMENTO DE FERIDAS	Específico	Tarja Sem Tarja	
DEXPANTENOL	EPITEGEL	S1M - TÔNICOS E VITAMINAS OFTALMOLÓGICAS	Específico	Tarja Vermelha	
DEXPANTENOL	DEXPROTENOL	D3A9 - TODOS OUTROS PRODUTOS PARA TRATAMENTO DE FERIDAS	Específico	- (*) 	
DEXPANTENOL	BEPANTRIZ	D3A9 - TODOS OUTROS PRODUTOS PARA TRATAMENTO DE FERIDAS	Específico	Tarja Sem Tarja	
DEXPANTENOL	DEPANTEX	D3A9 - TODOS OUTROS PRODUTOS PARA TRATAMENTO DE FERIDAS	Específico	Tarja Sem Tarja	
DEXPANTENOL	PANTODEX	D3A9 - TODOS OUTROS PRODUTOS PARA TRATAMENTO DE FERIDAS	Específico	- (*) 	
DEXPANTENOL	NEOPANTOL	D3A9 - TODOS OUTROS PRODUTOS PARA TRATAMENTO DE FERIDAS	Específico	- (*) 	
DEXTRANA 70 (99M TC);HIPROMELOSE	SENSILACRI	S1K1 - LÁGRIMAS ARTIFICIAIS E LUBRIFICANTES OFTAMOLÓGICOS	Específico	Tarja Sem Tarja	
DEXTRANA;HIPROMELOSE	LACRIMA PLUS	S1K1 - LÁGRIMAS ARTIFICIAIS E LUBRIFICANTES OFTAMOLÓGICOS	Específico	Tarja Sem Tarja	
DEXTRANA;HIPROMELOSE	LACRIBELL	S1K1 - LÁGRIMAS ARTIFICIAIS E LUBRIFICANTES OFTAMOLÓGICOS	Específico	Tarja Sem Tarja	
DEXTRANA;HIPROMELOSE;GLICEROL	TRISORB	S1K1 - LÁGRIMAS ARTIFICIAIS E LUBRIFICANTES OFTAMOLÓGICOS	Específico	- (*) 	
DIACEREÍNA	ARTRODAR	M1A1 - ANTIRREUMÁTICOS NÃO ESTEROIDAIS PUROS	Novo	Tarja Vermelha	
DIASPARTATO DE PASIREOTIDA	UPELIOR	H1C2 - HORMÔNIOS ANTICRESCIMENTO	Novo	Tarja Vermelha	
DIAZEPAM	DIAZEPAM	N5C - TRANQUILIZANTES	Genérico	Tarja Preta	
DIAZEPAM	SANTIAZEPAM	N5C - TRANQUILIZANTES	Similar	Tarja Preta	
DIAZEPAM	DIAZEPAM	N5B1 - HIPNÓTICOS E SEDATIVOS NÃO BARBITÚRICOS PUROS	Genérico	Tarja Preta	
DIAZEPAM	COMPAZ	N5C - TRANQUILIZANTES	Similar	Tarja Preta	
DIAZEPAM	DIAZEPAM	N5C - TRANQUILIZANTES	Genérico	Tarja Preta	
DIAZEPAM	UNI-DIAZEPAX	N5C - TRANQUILIZANTES	Similar	Tarja Preta	
DIAZEPAM	DIAZEPAM	N5C - TRANQUILIZANTES	Genérico	Tarja Preta	
DIAZEPAM	VALIUM	N5C - TRANQUILIZANTES	Novo	Tarja Preta	
DIAZEPAM	RELAPAX	N5C - TRANQUILIZANTES	Similar	Tarja Preta	
DIAZEPAM	FURP-DIAZEPAM	N5C - TRANQUILIZANTES	Similar	Tarja Preta	
DIAZEPAM	DIAZEPAM	N5C - TRANQUILIZANTES	Genérico	- (*) 	
DIAZEPAM	DIAZEPAM NQ	N5B1 - HIPNÓTICOS E SEDATIVOS NÃO BARBITÚRICOS PUROS	Similar	- (*) 	
DIAZEPAM	DIAZEPAM	N5C - TRANQUILIZANTES	Genérico	- (*) 	
DIAZEPAM	DIAZEPAM	N5C - TRANQUILIZANTES	Genérico	Tarja Preta	
DIAZEPAM	DIAZEPAM	N5C - TRANQUILIZANTES	Genérico	Tarja Preta	
DIAZÓXIDO	TENSURIL	C2A2 - ANTI-HIPERTENSIVOS PURO-AÇÃO PERIFÉRICA	Similar	- (*) 	
DICLOFENACO	BEXAI	M1A1 - ANTIRREUMÁTICOS NÃO ESTEROIDAIS PUROS	Novo	Tarja Vermelha	
DICLOFENACO	FENAFLAN	M1A1 - ANTIRREUMÁTICOS NÃO ESTEROIDAIS PUROS	Similar	- (*) 	
DICLOFENACO	DICLOFENACO SÓDICO	M1A1 - ANTIRREUMÁTICOS NÃO ESTEROIDAIS PUROS	Genérico	Tarja Vermelha	
DICLOFENACO	DICLOFENACO RESINATO	M1A1 - ANTIRREUMÁTICOS NÃO ESTEROIDAIS PUROS	Genérico	Tarja Vermelha	
DICLOFENACO	DORFLAN	M2A - ANTIRREUMÁTICOS E ANALGÉSICOS TÓPICOS	Similar	Tarja Sem Tarja	
DICLOFENACO COLESTIRAMINA	FLOTAC	M1A1 - ANTIRREUMÁTICOS NÃO ESTEROIDAIS PUROS	Novo	Tarja Vermelha	
DICLOFENACO COLESTIRAMINA	DICLOFENACO COLESTIRAMINA	M1A1 - ANTIRREUMÁTICOS NÃO ESTEROIDAIS PUROS	Genérico	Tarja Vermelha	
DICLOFENACO COLESTIRAMINA	DICLOFENACO COLESTIRAMINA	M1A1 - ANTIRREUMÁTICOS NÃO ESTEROIDAIS PUROS	Genérico	Tarja Vermelha	
DICLOFENACO COLESTIRAMINA	DRYLTAC	M1A1 - ANTIRREUMÁTICOS NÃO ESTEROIDAIS PUROS	Similar	Tarja Vermelha	
DICLOFENACO COLESTIRAMINA	DICLOFENACO COLESTIRAMINA	M1A1 - ANTIRREUMÁTICOS NÃO ESTEROIDAIS PUROS	Genérico	- (*) 	
DICLOFENACO DE POTÁSSIO	DICLOFENACO POTÁSSICO	M1A1 - ANTIRREUMÁTICOS NÃO ESTEROIDAIS PUROS	Genérico	Tarja Vermelha	
DICLOFENACO DE POTÁSSIO	DICLOFENACO RESINATO	M1A1 - ANTIRREUMÁTICOS NÃO ESTEROIDAIS PUROS	Genérico	- (*) 	
DICLOFENACO DE POTÁSSIO	FENAFLAN D	M1A1 - ANTIRREUMÁTICOS NÃO ESTEROIDAIS PUROS	Similar	Tarja Vermelha	
DICLOFENACO DE POTÁSSIO	BIOFENAC	M1A1 - ANTIRREUMÁTICOS NÃO ESTEROIDAIS PUROS	Similar	- (*) 	
DICLOFENACO DE POTÁSSIO	DICLOFENACO POTÁSSICO	M1A1 - ANTIRREUMÁTICOS NÃO ESTEROIDAIS PUROS	Genérico	Tarja Vermelha	
DICLOFENACO DE POTÁSSIO	BENEVRAN	M1A1 - ANTIRREUMÁTICOS NÃO ESTEROIDAIS PUROS	Similar	Tarja Vermelha	
DICLOFENACO DE SÓDIO;CARISOPRODOL;PARACETAMOL;CAFEÍNA	CARISOPRODOL + DICLOFENACO DE SÓDIO + PARACETAMOL+ CAFEÍNA	M3B - RELAXANTE MUSCULAR DE AÇÃO CENTRAL	Genérico	Tarja Vermelha	
DICLOFENACO DE SÓDIO;CARISOPRODOL;PARACETAMOL;CAFEÍNA	TRIMUSK	M3B - RELAXANTE MUSCULAR DE AÇÃO CENTRAL	Similar	- (*) 	
DICLOFENACO DE SÓDIO;CARISOPRODOL;PARACETAMOL;CAFEÍNA	TANDERALGIN	M3B - RELAXANTE MUSCULAR DE AÇÃO CENTRAL	Similar	Tarja Vermelha	
DICLOFENACO DE SÓDIO;CLORIDRATO DE TIAMINA;CLORIDRATO DE PIRIDOXINA;CIANOCOBALAMINA	ALGINAC	M1A2 - ANTIRREUMÁTICOS NÃO ESTEROIDAIS ASSOCIADOS	Novo	Tarja Vermelha	
DICLOFENACO DIETILAMÔNIO	CATAFLAMPRO	M2A - ANTIRREUMÁTICOS E ANALGÉSICOS TÓPICOS	Novo	Tarja Sem Tarja	
DICLOFENACO DIETILAMÔNIO	ADVIPRO	M2A - ANTIRREUMÁTICOS E ANALGÉSICOS TÓPICOS	Similar	Tarja Sem Tarja	
DICLOFENACO DIETILAMÔNIO	DICLOFENACO DIETILAMÔNIO	M2A - ANTIRREUMÁTICOS E ANALGÉSICOS TÓPICOS	Genérico	Tarja Sem Tarja	
DICLOFENACO DIETILAMÔNIO	BIOFLADEX	M2A - ANTIRREUMÁTICOS E ANALGÉSICOS TÓPICOS	Similar	- (*) 	
DICLOFENACO DIETILAMÔNIO	BENGPRO	M2A - ANTIRREUMÁTICOS E ANALGÉSICOS TÓPICOS	Similar	Tarja Sem Tarja	
DICLOFENACO DIETILAMÔNIO	FLEXSPORT	M2A - ANTIRREUMÁTICOS E ANALGÉSICOS TÓPICOS	Similar	Tarja Sem Tarja	
DICLOFENACO DIETILAMÔNIO	DICLOFENACO DIETILAMONIO	M2A - ANTIRREUMÁTICOS E ANALGÉSICOS TÓPICOS	Genérico	- (*) 	
DICLOFENACO DIETILAMÔNIO	DICLOFENACO DIETILAMÔNIO	M2A - ANTIRREUMÁTICOS E ANALGÉSICOS TÓPICOS	Genérico	Tarja Sem Tarja	
DICLOFENACO DIETILAMÔNIO	FENAREN	M2A - ANTIRREUMÁTICOS E ANALGÉSICOS TÓPICOS	Similar	Tarja Sem Tarja	
DICLOFENACO DIETILAMÔNIO	DICLOFENACO DIETILAMÔNIO	M2A - ANTIRREUMÁTICOS E ANALGÉSICOS TÓPICOS	Genérico	Tarja Sem Tarja	
DICLOFENACO DIETILAMÔNIO	CATAFLEXYM	M2A - ANTIRREUMÁTICOS E ANALGÉSICOS TÓPICOS	Similar	Tarja Vermelha	
DICLOFENACO DIETILAMÔNIO	DICLOFENACO DIETILAMÔNIO	M2A - ANTIRREUMÁTICOS E ANALGÉSICOS TÓPICOS	Genérico	- (*) 	
DICLOFENACO DIETILAMÔNIO	FARMAFLAN	M2A - ANTIRREUMÁTICOS E ANALGÉSICOS TÓPICOS	Similar	Tarja Sem Tarja	
DICLOFENACO DIETILAMÔNIO	PROBENXIL	M2A - ANTIRREUMÁTICOS E ANALGÉSICOS TÓPICOS	Similar	Tarja Sem Tarja	
DICLOFENACO DIETILAMÔNIO	DICLOFENACO DIETILAMÔNIO	M2A - ANTIRREUMÁTICOS E ANALGÉSICOS TÓPICOS	Genérico	Tarja Sem Tarja	
DICLOFENACO DIETILAMÔNIO	NEVRALPRO	M2A - ANTIRREUMÁTICOS E ANALGÉSICOS TÓPICOS	Similar	Tarja Sem Tarja	
DICLOFENACO DIETILAMÔNIO	NEOCOFLAN	M2A - ANTIRREUMÁTICOS E ANALGÉSICOS TÓPICOS	Similar	- (*) 	
DICLOFENACO DIETILAMÔNIO	DICLOFENACO DE DIETILAMÔMIO	M2A - ANTIRREUMÁTICOS E ANALGÉSICOS TÓPICOS	Genérico	Tarja Sem Tarja	
DICLOFENACO DIETILAMÔNIO	DICLOFENACO DIETILAMÔNIO	M2A - ANTIRREUMÁTICOS E ANALGÉSICOS TÓPICOS	Genérico	- (*) 	
DICLOFENACO DIETILAMÔNIO	DICLOAIR	M2A - ANTIRREUMÁTICOS E ANALGÉSICOS TÓPICOS	Similar	- (*) 	
DICLOFENACO DIETILAMÔNIO	BENEVRAN GEL	M2A - ANTIRREUMÁTICOS E ANALGÉSICOS TÓPICOS	Similar	Tarja Sem Tarja	
DICLOFENACO DIETILAMÔNIO	CALMINEX DICLO	M2A - ANTIRREUMÁTICOS E ANALGÉSICOS TÓPICOS	Similar	- (*) 	
DICLOFENACO DIETILAMÔNIO	DICLOFENACO DIETILAMÔNIO	M2A - ANTIRREUMÁTICOS E ANALGÉSICOS TÓPICOS	Genérico	Tarja Sem Tarja	
DICLOFENACO DIETILAMÔNIO	ADVIPRO	M2A - ANTIRREUMÁTICOS E ANALGÉSICOS TÓPICOS	Similar	Tarja Sem Tarja	
DICLOFENACO DIETILAMÔNIO	CATAFLAMPRO	M2A - ANTIRREUMÁTICOS E ANALGÉSICOS TÓPICOS	Novo	Tarja Sem Tarja	
DICLOFENACO POTÁSSICO	CATAFLAM	M1A1 - ANTIRREUMÁTICOS NÃO ESTEROIDAIS PUROS	Novo	- (*) 	
DICLOFENACO POTÁSSICO	DICLOFENACO POTÁSSICO	M1A1 - ANTIRREUMÁTICOS NÃO ESTEROIDAIS PUROS	Genérico	- (*) 	
DICLOFENACO POTÁSSICO	DICLOFENACO	M1A1 - ANTIRREUMÁTICOS NÃO ESTEROIDAIS PUROS	Genérico	Tarja Vermelha	
DICLOFENACO POTÁSSICO	CLOFEN K	M1A1 - ANTIRREUMÁTICOS NÃO ESTEROIDAIS PUROS	Similar	Tarja Vermelha	
DICLOFENACO POTÁSSICO	POLTAX	M1A1 - ANTIRREUMÁTICOS NÃO ESTEROIDAIS PUROS	Similar	- (*) 	
DICLOFENACO POTÁSSICO	DICLOFENACO POTÁSSICO	M1A1 - ANTIRREUMÁTICOS NÃO ESTEROIDAIS PUROS	Genérico	Tarja Vermelha	
DICLOFENACO POTÁSSICO	DICLOFENACO POTÁSSICO	M1A1 - ANTIRREUMÁTICOS NÃO ESTEROIDAIS PUROS	Genérico	Tarja Vermelha	
DICLOFENACO SÓDICO	DICLOFENACO SÓDICO	M1A1 - ANTIRREUMÁTICOS NÃO ESTEROIDAIS PUROS	Genérico	Tarja Vermelha	
DICLOFENACO SÓDICO	INLUPE	M1A1 - ANTIRREUMÁTICOS NÃO ESTEROIDAIS PUROS	Similar	Tarja Vermelha	
DICLOFENACO SÓDICO	DICLAC	M1A1 - ANTIRREUMÁTICOS NÃO ESTEROIDAIS PUROS	Similar	Tarja Vermelha	
DICLOFENACO SÓDICO	VOLTAREN	M1A1 - ANTIRREUMÁTICOS NÃO ESTEROIDAIS PUROS	Novo	Tarja Vermelha	
DICLOFENACO SÓDICO	STILL	S1R - ANTIINFLAMATÓRIOS OFTALMOLÓGICOS NÃO ESTEROIDAIS	Novo	Tarja Vermelha	
DICLOFENACO SÓDICO	DICLOFENACO SÓDICO	M2A - ANTIRREUMÁTICOS E ANALGÉSICOS TÓPICOS	Genérico	Tarja Sem Tarja	
DICLOFENACO SÓDICO	DICLOFENACO SODICO	M1A1 - ANTIRREUMÁTICOS NÃO ESTEROIDAIS PUROS	Genérico	Tarja Vermelha	
DICLOFENACO SÓDICO	MAXILERG	S1R - ANTIINFLAMATÓRIOS OFTALMOLÓGICOS NÃO ESTEROIDAIS	Similar	Tarja Vermelha	
DICLOFENACO SÓDICO	DICLOFENACO SÓDICO	M1A1 - ANTIRREUMÁTICOS NÃO ESTEROIDAIS PUROS	Genérico	- (*) 	
DICLOFENACO SÓDICO	DICLOFENACO SÓDICO	M1A1 - ANTIRREUMÁTICOS NÃO ESTEROIDAIS PUROS	Genérico	- (*) 	
DICLOFENACO SÓDICO	DICLOFENACO SÓDICO	M1A1 - ANTIRREUMÁTICOS NÃO ESTEROIDAIS PUROS	Genérico	- (*) 	
DICLOFENACO SÓDICO	BELFAREN	M1A1 - ANTIRREUMÁTICOS NÃO ESTEROIDAIS PUROS	Similar	- (*) 	
DICLOFENACO SÓDICO	DICLOFENACO SODICO	M1A1 - ANTIRREUMÁTICOS NÃO ESTEROIDAIS PUROS	Genérico	- (*) 	
DICLOFENACO SÓDICO	DICLOFENACO SÓDICO	M1A1 - ANTIRREUMÁTICOS NÃO ESTEROIDAIS PUROS	Genérico	- (*) 	
DICLOFENACO SÓDICO	DICLOFENACO SÓDICO	M1A1 - ANTIRREUMÁTICOS NÃO ESTEROIDAIS PUROS	Genérico	Tarja Vermelha	
DICLOFENACO SÓDICO	FURP - DICLOFENACO	M1A1 - ANTIRREUMÁTICOS NÃO ESTEROIDAIS PUROS	Similar	Tarja Vermelha	
DICLOFENACO SÓDICO	DICLOFARMA	M1A1 - ANTIRREUMÁTICOS NÃO ESTEROIDAIS PUROS	Similar	Tarja Vermelha	
DICLOFENACO SÓDICO	DICLOFENACO SÓDICO	M1A1 - ANTIRREUMÁTICOS NÃO ESTEROIDAIS PUROS	Genérico	Tarja Vermelha	
DICLOFENACO SÓDICO	DICLOFENACO SÓDICO	M1A1 - ANTIRREUMÁTICOS NÃO ESTEROIDAIS PUROS	Genérico	- (*) 	
DICLOFENACO SÓDICO	DNAREN	M1A1 - ANTIRREUMÁTICOS NÃO ESTEROIDAIS PUROS	Similar	Tarja Vermelha	
DICLOFENACO SÓDICO	DICLOFENACO SÓDICO	M1A1 - ANTIRREUMÁTICOS NÃO ESTEROIDAIS PUROS	Genérico	- (*) 	
DICLOFENACO SÓDICO	FLODIN DUO	M1A1 - ANTIRREUMÁTICOS NÃO ESTEROIDAIS PUROS	Novo	Tarja Vermelha	
DICLOFENACO SÓDICO	DICLOFENACO SÓDICO	M1A1 - ANTIRREUMÁTICOS NÃO ESTEROIDAIS PUROS	Genérico	- (*) 	
DICLOFENACO SÓDICO	SOMAFLEX AP	M1A1 - ANTIRREUMÁTICOS NÃO ESTEROIDAIS PUROS	Similar	Tarja Vermelha	
DICLOFENACO SÓDICO	SODIX	M1A1 - ANTIRREUMÁTICOS NÃO ESTEROIDAIS PUROS	Similar	Tarja Vermelha	
DICLOFENACO SÓDICO	DICLOFENACO SÓDICO	M1A1 - ANTIRREUMÁTICOS NÃO ESTEROIDAIS PUROS	Genérico	Tarja Vermelha	
DICLOFENACO SÓDICO	DICLOFENACO SÓDICO	M1A1 - ANTIRREUMÁTICOS NÃO ESTEROIDAIS PUROS	Genérico	- (*) 	
DICLOFENACO SÓDICO	NEOTAREN	M1A1 - ANTIRREUMÁTICOS NÃO ESTEROIDAIS PUROS	Similar	Tarja Vermelha	
DICLOFENACO SÓDICO	DICLOFENACO SÓDICO	M1A1 - ANTIRREUMÁTICOS NÃO ESTEROIDAIS PUROS	Genérico	- (*) 	
DICLOFENACO SÓDICO;FOSFATO DE CODEÍNA HEMI-HIDRATADO	CODATEN	N2A - ANALGÉSICOS NARCÓTICOS	Novo	- (*) 	
DICLORIDRATO DE BEROTRALSTATE	ORLADEYO	B6D - PRODUTOS PARA ANGIODEMA HEREDITÁRIO	Novo	Tarja Vermelha	
DICLORIDRATO DE BETAISTINA	LABIRIN XR	N7C - ANTIVERTIGINOSOS	Similar	Tarja Vermelha	
DICLORIDRATO DE BETAISTINA	VITALIA	N7C - ANTIVERTIGINOSOS	Similar	- (*) 	
DICLORIDRATO DE BETAISTINA	VITALIA XR	N7C - ANTIVERTIGINOSOS	Similar	Tarja Vermelha	
DICLORIDRATO DE BETAISTINA	DICLORIDRATO DE BETAISTINA	N7C - ANTIVERTIGINOSOS	Genérico	- (*) 	
DICLORIDRATO DE BETAISTINA	BETADINE XR	N7C - ANTIVERTIGINOSOS	Novo	Tarja Vermelha	
DICLORIDRATO DE BETAISTINA	DICLORIDRATO DE BETAISTINA	N7C - ANTIVERTIGINOSOS	Genérico	Tarja Vermelha	
DICLORIDRATO DE BUCLIZINA	BUCLINA	A15A - OREXÍGENOS	Novo	Tarja Vermelha	
DICLORIDRATO DE BUCLIZINA	BUCLINA	A15A - OREXÍGENOS	Novo	Tarja Vermelha	
DICLORIDRATO DE CAPMATINIBE MONOIDRATADO	TABRECTA	L1H9 - OUTROS ANTINEOPLÁSICOS INIBIDORES DA PROTEÍNA KINASE	Novo	Tarja Vermelha	
DICLORIDRATO DE CETIRIZINA	ZYRTEC	R6A - ANTI-HISTAMÍNICOS SISTÊMICOS	Novo	- (*) 	
DICLORIDRATO DE CETIRIZINA	REACTINE	R6A - ANTI-HISTAMÍNICOS SISTÊMICOS	Novo	Tarja Sem Tarja	
DICLORIDRATO DE DACLATASVIR	DICLORIDRATO DE DACLATASVIR	J5D3 - ANTIVIRAIS PARA HEPATITE C	Genérico	Tarja Vermelha	
DICLORIDRATO DE DACLATASVIR	DICLORIDRATO DE DACLATASVIR	J5D3 - ANTIVIRAIS PARA HEPATITE C	Genérico	Tarja Vermelha	
DICLORIDRATO DE ETAMBUTOL	FURP - ETAMBUTOL	J4A1 - ANTITUBERCULOSOS PUROS	Similar	Tarja Vermelha sob restrição	
DICLORIDRATO DE FLUFENAZINA	FLUFENAN	N5A9 - ANTIPSICÓTICOS CONVENCIONAIS	Similar	- (*) 	
DICLORIDRATO DE FLUNARIZINA	VERTIZAN	C4A2 - ANTAGONISTAS DO CÁLCIO COM AÇÃO CEREBRAL	Similar	- (*) 	
DICLORIDRATO DE FLUNARIZINA	DICLORIDRATO DE FLUNARIZINA	C4A2 - ANTAGONISTAS DO CÁLCIO COM AÇÃO CEREBRAL	Genérico	- (*) 	
DICLORIDRATO DE FLUNARIZINA	VERTIX	C4A2 - ANTAGONISTAS DO CÁLCIO COM AÇÃO CEREBRAL	Similar	- (*) 	
DICLORIDRATO DE FLUNARIZINA	FLUNARIN	C4A2 - ANTAGONISTAS DO CÁLCIO COM AÇÃO CEREBRAL	Similar	- (*) 	
DICLORIDRATO DE FLUNARIZINA	VERTIGIUM	N7C - ANTIVERTIGINOSOS	Similar	- (*) 	
DICLORIDRATO DE FLUNARIZINA;MESILATO DE DIIDROERGOCRISTINA	VERTIZINE D	C4A2 - ANTAGONISTAS DO CÁLCIO COM AÇÃO CEREBRAL	Similar	Tarja Vermelha	
DICLORIDRATO DE HIDROXIZINA	DICLORIDRATO DE HIDROXIZINA	R6A - ANTI-HISTAMÍNICOS SISTÊMICOS	Genérico	- (*) 	
DICLORIDRATO DE HIDROXIZINA	HIXILERG	R6A - ANTI-HISTAMÍNICOS SISTÊMICOS	Similar	Tarja Vermelha	
DICLORIDRATO DE HIDROXIZINA	HOXIDRIN	R6A - ANTI-HISTAMÍNICOS SISTÊMICOS	Similar	Tarja Sem Tarja	
DICLORIDRATO DE HIDROXIZINA	CLORIDRATO DE HIDROXIZINA	R6A - ANTI-HISTAMÍNICOS SISTÊMICOS	Genérico	Tarja Vermelha	
DICLORIDRATO DE HIDROXIZINA	DICLORIDRATO DE HIDROXIZINA	R6A - ANTI-HISTAMÍNICOS SISTÊMICOS	Genérico	- (*) 	
DICLORIDRATO DE HIDROXIZINA	CLORIDRATO DE HIDROXIZINA	R6A - ANTI-HISTAMÍNICOS SISTÊMICOS	Genérico	Tarja Vermelha	
DICLORIDRATO DE HIDROXIZINA	DICLORIDRATO DE HIDROXIZINA	R6A - ANTI-HISTAMÍNICOS SISTÊMICOS	Genérico	Tarja Vermelha	
DICLORIDRATO DE HIDROXIZINA	HIDROALERG	R6A - ANTI-HISTAMÍNICOS SISTÊMICOS	Similar	Tarja Vermelha	
DICLORIDRATO DE HIDROXIZINA	CLORIDRATO DE HIDROXIZINA	R6A - ANTI-HISTAMÍNICOS SISTÊMICOS	Genérico	- (*) 	
DICLORIDRATO DE HIDROXIZINA	DICLORIDRATO DE HIDROXIZINA	R6A - ANTI-HISTAMÍNICOS SISTÊMICOS	Genérico	- (*) 	
DICLORIDRATO DE HIDROXIZINA	CLORIDRATO DE HIDROXIZINA	R6A - ANTI-HISTAMÍNICOS SISTÊMICOS	Genérico	Tarja Vermelha	
DICLORIDRATO DE HIDROXIZINA	PRURI-GRAN	R6A - ANTI-HISTAMÍNICOS SISTÊMICOS	Similar	Tarja Vermelha	
DICLORIDRATO DE HIDROXIZINA	DICLORIDRATO DE HIDROXIZINA	R6A - ANTI-HISTAMÍNICOS SISTÊMICOS	Genérico	- (*) 	
DICLORIDRATO DE HIDROXIZINA;HIDROXIZINA;CLORIDRATO DE HIDROXIZINA	CLORIDRATO DE HIDROXIZINA	R6A - ANTI-HISTAMÍNICOS SISTÊMICOS	Genérico	Tarja Vermelha	
DICLORIDRATO DE LEVOCETIRIZINA	ZINA	R6A - ANTI-HISTAMÍNICOS SISTÊMICOS	Similar	Tarja Sem Tarja	
DICLORIDRATO DE LEVOCETIRIZINA	DICLORIDRATO DE LEVOCETIRIZINA	R6A - ANTI-HISTAMÍNICOS SISTÊMICOS	Genérico	Tarja Sem Tarja	
DICLORIDRATO DE LEVOCETIRIZINA	ZINA ODT	R6A - ANTI-HISTAMÍNICOS SISTÊMICOS	Novo	Tarja Vermelha	
DICLORIDRATO DE LEVOCETIRIZINA	DICLORIDRATO DE LEVOCETIRIZINA	R6A - ANTI-HISTAMÍNICOS SISTÊMICOS	Genérico	Tarja Sem Tarja	
DICLORIDRATO DE LEVOCETIRIZINA	DICLORIDRATO DE LEVOCETIRIZINA	R6A - ANTI-HISTAMÍNICOS SISTÊMICOS	Genérico	Tarja Sem Tarja	
DICLORIDRATO DE LEVOCETIRIZINA	DICLORIDRATO DE LEVOCETIRIZINA	R6A - ANTI-HISTAMÍNICOS SISTÊMICOS	Genérico	Tarja Vermelha	
DICLORIDRATO DE LEVOCETIRIZINA	ZALERV	R6A - ANTI-HISTAMÍNICOS SISTÊMICOS	Similar	Tarja Sem Tarja	
DICLORIDRATO DE LEVOCETIRIZINA	VOCETY	R6A - ANTI-HISTAMÍNICOS SISTÊMICOS	Similar	Tarja Sem Tarja	
DICLORIDRATO DE LEVOCETIRIZINA	DICLORIDRATO DE LEVOCETIRIZINA	R6A - ANTI-HISTAMÍNICOS SISTÊMICOS	Genérico	Tarja Sem Tarja	
DICLORIDRATO DE LEVOCETIRIZINA	DICLORIDRATO DE LEVOCETIRIZINA	R6A - ANTI-HISTAMÍNICOS SISTÊMICOS	Genérico	Tarja Sem Tarja	
DICLORIDRATO DE LEVOCETIRIZINA	ZYXEM	R6A - ANTI-HISTAMÍNICOS SISTÊMICOS	Novo	Tarja Sem Tarja	
DICLORIDRATO DE LEVOCETIRIZINA	DICLORIDRATO DE LEVOCETIRIZINA	R6A - ANTI-HISTAMÍNICOS SISTÊMICOS	Genérico	Tarja Sem Tarja	
DICLORIDRATO DE LEVOCETIRIZINA	DICLORIDRATO DE LEVOCETIRIZINA	R6A - ANTI-HISTAMÍNICOS SISTÊMICOS	Genérico	Tarja Sem Tarja	
DICLORIDRATO DE LEVOCETIRIZINA	RIZI	R6A - ANTI-HISTAMÍNICOS SISTÊMICOS	Similar	Tarja Sem Tarja	
DICLORIDRATO DE LEVOCETIRIZINA;MONTELUCASTE DE SÓDIO	LEMONT	R3J2 - ANTIASMÁTICOS/DPOC ANTILEUCOTRIENOS SISTÊMICOS	Similar	Tarja Vermelha	
DICLORIDRATO DE LEVOCETIRIZINA;MONTELUCASTE DE SÓDIO	MONTELUCASTE DE SÓDIO +   DICLORIDRATO DE LEVOCETIRIZINA	R3J2 - ANTIASMÁTICOS/DPOC ANTILEUCOTRIENOS SISTÊMICOS	Genérico	Tarja Vermelha	
DICLORIDRATO DE LEVOCETIRIZINA;MONTELUCASTE DE SÓDIO	RIZI-M	R3J2 - ANTIASMÁTICOS/DPOC ANTILEUCOTRIENOS SISTÊMICOS	Similar	Tarja Vermelha	
DICLORIDRATO DE MANIDIPINO	MANIVASC	C8A - ANTAGONISTAS DO CÁLCIO PUROS	Novo	Tarja Vermelha	
DICLORIDRATO DE MANIDIPINO	DICLORIDRATO DE MANIDIPINO	C8A - ANTAGONISTAS DO CÁLCIO PUROS	Genérico	Tarja Vermelha	
DICLORIDRATO DE MECLOZINA	MECLIN	A4A9 - OUTROS ANTIEMÉTICOS E ANTINAUSEANTES	Novo	Tarja Sem Tarja	
DICLORIDRATO DE MECLOZINA MONOIDRATADO	MECLIN JET	A4A9 - OUTROS ANTIEMÉTICOS E ANTINAUSEANTES	Novo	Tarja Vermelha	
DICLORIDRATO DE MECLOZINA MONOIDRATADO	NAUCLOZ	N7C - ANTIVERTIGINOSOS	Novo	Tarja Vermelha	
DICLORIDRATO DE MOMELOTINIBE MONOIDRATADO	OJJAARA	L1H9 - OUTROS ANTINEOPLÁSICOS INIBIDORES DA PROTEÍNA KINASE	Novo	- (*) 	
DICLORIDRATO DE PRAMIPEXOL	DICLORIDRATO DE PRAMIPEXOL	N4A - ANTIPARKINSONIANOS	Genérico	Tarja Vermelha sob restrição	
DICLORIDRATO DE PRAMIPEXOL	PISA	N4A - ANTIPARKINSONIANOS	Similar	Tarja Vermelha sob restrição	
DICLORIDRATO DE PRAMIPEXOL	DICLORIDRATO DE PRAMIPEXOL	N4A - ANTIPARKINSONIANOS	Genérico	- (*) 	
DICLORIDRATO DE PRAMIPEXOL	QUERA LP	N4A - ANTIPARKINSONIANOS	Similar	Tarja Vermelha sob restrição	
DICLORIDRATO DE PRAMIPEXOL	SIFROL	N4A - ANTIPARKINSONIANOS	Similar	Tarja Vermelha sob restrição	
DICLORIDRATO DE PRAMIPEXOL	MINÉRGI	N4A - ANTIPARKINSONIANOS	Similar	Tarja Vermelha sob restrição	
DICLORIDRATO DE PRAMIPEXOL	STABIL	N4A - ANTIPARKINSONIANOS	Similar	Tarja Vermelha sob restrição	
DICLORIDRATO DE PRAMIPEXOL	DICLORIDRATO DE PRAMIPEXOL	N4A - ANTIPARKINSONIANOS	Genérico	Tarja Vermelha sob restrição	
DICLORIDRATO DE PRAMIPEXOL	DICLORIDRATO DE PRAMIPEXOL	N4A - ANTIPARKINSONIANOS	Genérico	- (*) 	
DICLORIDRATO DE PRAMIPEXOL	DICLORIDRATO DE PRAMIPEXOL	N4A - ANTIPARKINSONIANOS	Genérico	- (*) 	
DICLORIDRATO DE PRAMIPEXOL	DICLORIDRATO DE PRAMIPEXOL	N4A - ANTIPARKINSONIANOS	Similar	Tarja Vermelha sob restrição	
DICLORIDRATO DE PRAMIPEXOL	ROCKY	N4A - ANTIPARKINSONIANOS	Similar	Tarja Vermelha sob restrição	
DICLORIDRATO DE PRAMIPEXOL MONOIDRATADO	QUERA	N4A - ANTIPARKINSONIANOS	Similar	Tarja Vermelha sob restrição	
DICLORIDRATO DE PRAMIPEXOL MONOIDRATADO	STABIL XR	N4A - ANTIPARKINSONIANOS	Similar	Tarja Vermelha sob restrição	
DICLORIDRATO DE PRAMIPEXOL MONOIDRATADO	DICLORIDRATO DE PRAMIPEXOL	N4A - ANTIPARKINSONIANOS	Genérico	Tarja Vermelha	
DICLORIDRATO DE SAPROPTERINA	KUVAN	A16A - OUTROS PRODUTOS PARA O APARELHO DIGESTÓRIO E METABOLISMO	Novo	Tarja Vermelha	
DICLORIDRATO DE TRIENTINA	WILLENTINE	A16A - OUTROS PRODUTOS PARA O APARELHO DIGESTÓRIO E METABOLISMO	Novo	Tarja Vermelha	
DICLORIDRATO DE TRIFLUOPERAZINA	STELAZINE	N5A9 - ANTIPSICÓTICOS CONVENCIONAIS	Similar	Tarja Vermelha sob restrição	
DICLORIDRATO DE TRIMETAZIDINA	VASCOR MR	C1D - TERAPIA CORONARIA EXCLUINDO ANTAGONISTAS DO CÁLCIO E NITRITOS	Similar	Tarja Vermelha	
DICLORIDRATO DE TRIMETAZIDINA	DICLORIDRATO DE TRIMETAZIDINA	C1D - TERAPIA CORONARIA EXCLUINDO ANTAGONISTAS DO CÁLCIO E NITRITOS	Genérico	Tarja Vermelha	
DICLORIDRATO DE TRIMETAZIDINA	DICLORIDRATO DE TRIMETAZIDINA	C1D - TERAPIA CORONARIA EXCLUINDO ANTAGONISTAS DO CÁLCIO E NITRITOS	Genérico	Tarja Vermelha	
DICLORIDRATO DE TRIMETAZIDINA	NEOVANGY MR	C1D - TERAPIA CORONARIA EXCLUINDO ANTAGONISTAS DO CÁLCIO E NITRITOS	Similar	Tarja Vermelha	
DICLORIDRATO DE TRIMETAZIDINA	QUICARD	C1D - TERAPIA CORONARIA EXCLUINDO ANTAGONISTAS DO CÁLCIO E NITRITOS	Similar	Tarja Vermelha	
DICLORIDRATO DE TRIMETAZIDINA	MUSKARD	C1D - TERAPIA CORONARIA EXCLUINDO ANTAGONISTAS DO CÁLCIO E NITRITOS	Similar	Tarja Vermelha	
DICLORIDRATO DE TRIMETAZIDINA	DICLORIDRATO DE TRIMETAZIDINA	C1D - TERAPIA CORONARIA EXCLUINDO ANTAGONISTAS DO CÁLCIO E NITRITOS	Genérico	Tarja Vermelha	
DICLORIDRATO DE TRIMETAZIDINA	SOANZA XR	C1D - TERAPIA CORONARIA EXCLUINDO ANTAGONISTAS DO CÁLCIO E NITRITOS	Similar	Tarja Vermelha	
DICLORIDRATO DE TRIMETAZIDINA	DICLORIDRATO DE TRIMETAZIDINA	C1D - TERAPIA CORONARIA EXCLUINDO ANTAGONISTAS DO CÁLCIO E NITRITOS	Genérico	Tarja Vermelha	
DICLORIDRATO DE TRIMETAZIDINA	HERZATEN	C1D - TERAPIA CORONARIA EXCLUINDO ANTAGONISTAS DO CÁLCIO E NITRITOS	Similar	Tarja Vermelha	
DICLORIDRATO DE TRIMETAZIDINA	VASTAREL	C1D - TERAPIA CORONARIA EXCLUINDO ANTAGONISTAS DO CÁLCIO E NITRITOS	Novo	Tarja Vermelha	
DICLORIDRATO DE TRIMETAZIDINA	VASTAREL CAPS LP	C1D - TERAPIA CORONARIA EXCLUINDO ANTAGONISTAS DO CÁLCIO E NITRITOS	Novo	Tarja Vermelha	
DICLORIDRATO DE TRIMETAZIDINA	DICLORIDRATO DE TRIMETAZIDINA	C1D - TERAPIA CORONARIA EXCLUINDO ANTAGONISTAS DO CÁLCIO E NITRITOS	Genérico	Tarja Vermelha	
DICLORIDRATO DE TRIMETAZIDINA	VAZIDIN	C1D - TERAPIA CORONARIA EXCLUINDO ANTAGONISTAS DO CÁLCIO E NITRITOS	Similar	Tarja Vermelha	
DICLORIDRATO DE TRIMETAZIDINA	DICLORIDRATO DE TRIMETAZIDINA	C1D - TERAPIA CORONARIA EXCLUINDO ANTAGONISTAS DO CÁLCIO E NITRITOS	Genérico	Tarja Vermelha	
DICLORIDRATO DE TRIMETAZIDINA	ESKEMICO	C1D - TERAPIA CORONARIA EXCLUINDO ANTAGONISTAS DO CÁLCIO E NITRITOS	Similar	Tarja Vermelha	
DICLORIDRATO DE TRIMETAZIDINA	ZISQUE	C1D - TERAPIA CORONARIA EXCLUINDO ANTAGONISTAS DO CÁLCIO E NITRITOS	Similar	Tarja Vermelha	
DICLORIDRATO DE TRIMETAZIDINA	DICLORIDRATO DE TRIMETAZIDINA	C1D - TERAPIA CORONARIA EXCLUINDO ANTAGONISTAS DO CÁLCIO E NITRITOS	Genérico	Tarja Vermelha	
DICLORIDRATO DE ZUCLOPENTIXOL	CLOPIXOL	N5A9 - ANTIPSICÓTICOS CONVENCIONAIS	Novo	Tarja Vermelha sob restrição	
DIDROGESTERONA	DUPHASTON	G3D - PROGESTÓGENOS EXCLUINDO G3A, G3F	Novo	- (*) 	
DIENOGESTE	DIENOGESTE	G3D - PROGESTÓGENOS EXCLUINDO G3A, G3F	Genérico	Tarja Vermelha	
DIENOGESTE	PIETRA ED	G3D - PROGESTÓGENOS EXCLUINDO G3A, G3F	Similar	Tarja Vermelha	
DIENOGESTE	ALURAX	G3D - PROGESTÓGENOS EXCLUINDO G3A, G3F	Similar	Tarja Vermelha	
DIENOGESTE	DIENOGESTE	G3D - PROGESTÓGENOS EXCLUINDO G3A, G3F	Genérico	Tarja Vermelha	
DIENOGESTE	LUDILI ED	G3D - PROGESTÓGENOS EXCLUINDO G3A, G3F	Similar	Tarja Vermelha	
DIENOGESTE	KALIST	G3D - PROGESTÓGENOS EXCLUINDO G3A, G3F	Similar	- (*) 	
DIENOGESTE	DIENOGESTE	G3D - PROGESTÓGENOS EXCLUINDO G3A, G3F	Genérico	Tarja Vermelha	
DIENOGESTE	MELUREN	G3D - PROGESTÓGENOS EXCLUINDO G3A, G3F	Similar	Tarja Vermelha	
DIENOGESTE	DIENOGESTE	G3D - PROGESTÓGENOS EXCLUINDO G3A, G3F	Genérico	Tarja Vermelha	
DIENOGESTE	DIOST	G3D - PROGESTÓGENOS EXCLUINDO G3A, G3F	Similar	- (*) 	
DIENOGESTE	DIENOGESTE	G3D - PROGESTÓGENOS EXCLUINDO G3A, G3F	Genérico	Tarja Vermelha	
DIENOGESTE	DIENOGESTE	G3D - PROGESTÓGENOS EXCLUINDO G3A, G3F	Genérico	Tarja Vermelha	
DIENOGESTE	DIENOGESTE	G3D - PROGESTÓGENOS EXCLUINDO G3A, G3F	Genérico	Tarja Vermelha	
DIENOGESTE	ALANDRE	G3D - PROGESTÓGENOS EXCLUINDO G3A, G3F	Similar	Tarja Vermelha	
DIENOGESTE	ALLURENE	G3D - PROGESTÓGENOS EXCLUINDO G3A, G3F	Novo	Tarja Vermelha	
DIENOGESTE;VALERATO DE ESTRADIOL	QLAIRA	G3A4 - PREPARAÇÕES CONTRACEPTIVAS TRIFÁSICAS	Novo	Tarja Vermelha	
DIFOSFATO DE CLOROQUINA	QUINACRIS	P1D1 - ANTIMALÁRICOS, 1 INGREDIENTE	Similar	Tarja Vermelha	
DIFOSFATO DE CLOROQUINA	CLOROQUINA DIFOSFATO	P1D1 - ANTIMALÁRICOS, 1 INGREDIENTE	Similar	- (*) 	
DIFOSFATO DE CLOROQUINA	LQFEX - CLOROQUINA	P1D1 - ANTIMALÁRICOS, 1 INGREDIENTE	Similar	- (*) 	
DIFOSFATO DE PRIMAQUINA	FARMANGUINHOS PRIMAQUINA	P1D1 - ANTIMALÁRICOS, 1 INGREDIENTE	Novo	Tarja Vermelha	
DIGOXINA	DIGOXINA	C1A1 - CARDIOGLICOSÍDEOS PUROS	Genérico	- (*) 	
DIGOXINA	FURP-DIGOXINA	C1A1 - CARDIOGLICOSÍDEOS PUROS	Similar	- (*) 	
DIGOXINA	DIGOXINA	C1A1 - CARDIOGLICOSÍDEOS PUROS	Genérico	- (*) 	
DIGOXINA	DIGOXINA	C1A1 - CARDIOGLICOSÍDEOS PUROS	Genérico	Tarja Vermelha	
DIMALEATO DE AFATINIBE	GIOTRIF	L1H2 - INIBIDORES PREOTEÍNA KINASE ANTINEOPLÁSICOS, EGFR	Novo	Tarja Vermelha	
DIMENIDRINATO	NAUSICALM CÁPSULA MOLE	A4A9 - OUTROS ANTIEMÉTICOS E ANTINAUSEANTES	Similar	Tarja Vermelha	
DIMENIDRINATO	DRAMIN	A4A9 - OUTROS ANTIEMÉTICOS E ANTINAUSEANTES	Novo	Tarja Vermelha	
DIMENIDRINATO;CLORIDRATO DE PIRIDOXINA	DIMENIDRIN	A4A9 - OUTROS ANTIEMÉTICOS E ANTINAUSEANTES	Similar	- (*) 	
DIMENIDRINATO;CLORIDRATO DE PIRIDOXINA	DIMENIDRINATO + CLORIDRATO DE PIRIDOXINA	A4A9 - OUTROS ANTIEMÉTICOS E ANTINAUSEANTES	Genérico	Tarja Vermelha	
DIMENIDRINATO;CLORIDRATO DE PIRIDOXINA	NAUSICALM B6	A4A9 - OUTROS ANTIEMÉTICOS E ANTINAUSEANTES	Similar	Tarja Vermelha	
DIMENIDRINATO;CLORIDRATO DE PIRIDOXINA	NAUSILON B6	A4A9 - OUTROS ANTIEMÉTICOS E ANTINAUSEANTES	Similar	Tarja Vermelha	
DIMENIDRINATO;CLORIDRATO DE PIRIDOXINA	DRAMAVIT B6	A4A9 - OUTROS ANTIEMÉTICOS E ANTINAUSEANTES	Similar	Tarja Vermelha	
DIMENIDRINATO;CLORIDRATO DE PIRIDOXINA	DRAMIN B6	A4A9 - OUTROS ANTIEMÉTICOS E ANTINAUSEANTES	Novo	Tarja Vermelha	
DIMESILATO DE LISDEXANFETAMINA	LYSDEXA	N6B - PSICOESTIMULANTES	Similar	Tarja Preta	
DIMESILATO DE LISDEXANFETAMINA	DIMESILATO DE LISDEXANFETAMINA	N6B - PSICOESTIMULANTES	Genérico	Tarja Preta	
DIMESILATO DE LISDEXANFETAMINA	LISDEV	N6B - PSICOESTIMULANTES	Similar	Tarja Preta	
DIMESILATO DE LISDEXANFETAMINA	LIND	N6B - PSICOESTIMULANTES	Similar	Tarja Preta	
DIMESILATO DE LISDEXANFETAMINA	LYBERDIA	N6B - PSICOESTIMULANTES	Similar	Tarja Preta	
DIMESILATO DE LISDEXANFETAMINA	LYBERDIA GOTAS	N6B - PSICOESTIMULANTES	Novo	Tarja Preta	
DIMESILATO DE LISDEXANFETAMINA	DIMESILATO DE LISDEXANFETAMINA	N6B - PSICOESTIMULANTES	Genérico	Tarja Preta	
DIMESILATO DE LISDEXANFETAMINA	DEKSA	N6B - PSICOESTIMULANTES	Similar	Tarja Preta	
DIMESILATO DE LISDEXANFETAMINA	DIMESILATO DE LISDEXANFETAMINA	N6B - PSICOESTIMULANTES	Genérico	Tarja Preta	
DIMESILATO DE LISDEXANFETAMINA	LIDEXOR	N6B - PSICOESTIMULANTES	Similar	Tarja Preta	
DIMESILATO DE LISDEXANFETAMINA	LIDEXOR GOTAS	N6B - PSICOESTIMULANTES	Similar	Tarja Preta	
DIMESILATO DE LISDEXANFETAMINA	JUNEVE	N6B - PSICOESTIMULANTES	Similar	Tarja Preta	
DIMESILATO DE LISDEXANFETAMINA	VENVANSE	N6B - PSICOESTIMULANTES	Novo	Tarja Preta	
DIMESILATO DE LISDEXANFETAMINA	DIMESILATO DE LISDEXANFETAMINA	N6B - PSICOESTIMULANTES	Genérico	Tarja Preta	
DIMESILATO DE LISDEXANFETAMINA	VIMADE	N6B - PSICOESTIMULANTES	Similar	Tarja Preta	
DIMESILATO DE LISDEXANFETAMINA	DIMESILATO DE LISDEXANFETAMINA	N6B - PSICOESTIMULANTES	Genérico	Tarja Preta	
DIMESILATO DE LISDEXANFETAMINA	LISVENX	N6B - PSICOESTIMULANTES	Similar	Tarja Preta	
DIMESILATO DE LISDEXANFETAMINA	DEXXAH	N6B - PSICOESTIMULANTES	Similar	Tarja Preta	
DIMESILATO DE LISDEXANFETAMINA	DIMESILATO DE LISDEXANFETAMINA	N6B - PSICOESTIMULANTES	Genérico	Tarja Preta	
DIMESILATO DE LISDEXANFETAMINA	MONITUM	N6B - PSICOESTIMULANTES	Similar	Tarja Preta	
DIMESILATO DE LISDEXANFETAMINA	DIMESILATO DE LISDEXANFETAMINA	N6B - PSICOESTIMULANTES	Genérico	Tarja Preta	
DIMETICONA;HIDROXIDO DE MAGNESIO;HIDROXIDO DE ALUMÍNIO	PEPSOGEL	A2A4 - ANTIÁCIDOS COM ANTIFLATULENTOS OU CARMINATIVOS	Específico	- (*) 	
DIMETILSULFÓXIDO DE TRAMETINIBE	MEKINIST	L1H4 - INIBIDORES PREOTEÍNA KINASE ANTINEOPLÁSICOS, BRAF/MEK	Novo	Tarja Vermelha	
DINITRATO DE ISOSSORBIDA	ISORDIL	C1E - NITRITOS E NITRATOS	Similar	Tarja Vermelha	
DINOPROSTONA	PROPESS	G2X9 - OUTROS GINECOLÓGICOS	Similar	Tarja Vermelha	
DIOSMINA	FLEBODIA	C5C - VASOPROTETORES SISTÊMICOS	Específico	Tarja Vermelha	
DIOSMINA;FLAVONÓIDES EXPRESSOS EM HESPERIDINA	PERIVASC	C5C - VASOPROTETORES SISTÊMICOS	Específico	Tarja Vermelha	
DIOSMINA;FLAVONÓIDES EXPRESSOS EM HESPERIDINA	DIEVARI	C5C - VASOPROTETORES SISTÊMICOS	Específico	Tarja Vermelha	
DIOSMINA;FLAVONÓIDES EXPRESSOS EM HESPERIDINA	DIOVASES	C5C - VASOPROTETORES SISTÊMICOS	Específico	Tarja Vermelha	
DIOSMINA;FLAVONÓIDES EXPRESSOS EM HESPERIDINA	PASSARE	C5C - VASOPROTETORES SISTÊMICOS	Específico	- (*) 	
DIOSMINA;FLAVONÓIDES EXPRESSOS EM HESPERIDINA	VENAFLON	C5C - VASOPROTETORES SISTÊMICOS	Específico	Tarja Vermelha	
DIOSMINA;FLAVONÓIDES EXPRESSOS EM HESPERIDINA	DHIVAS	C5C - VASOPROTETORES SISTÊMICOS	Específico	Tarja Vermelha	
DIOSMINA;FLAVONÓIDES EXPRESSOS EM HESPERIDINA	VARYLIFT	C5C - VASOPROTETORES SISTÊMICOS	Específico	Tarja Vermelha	
DIOSMINA;FLAVONÓIDES EXPRESSOS EM HESPERIDINA	DIOHESP	C5C - VASOPROTETORES SISTÊMICOS	Específico	Tarja Vermelha	
DIOSMINA;FLAVONÓIDES EXPRESSOS EM HESPERIDINA	VENOXIDE	C5C - VASOPROTETORES SISTÊMICOS	Específico	Tarja Vermelha	
DIOSMINA;FLAVONÓIDES EXPRESSOS EM HESPERIDINA	DISP H	C5C - VASOPROTETORES SISTÊMICOS	Específico	Tarja Vermelha	
DIOSMINA;FLAVONÓIDES EXPRESSOS EM HESPERIDINA	DIOSMIN	C5C - VASOPROTETORES SISTÊMICOS	Específico	Tarja Vermelha	
DIOSMINA;FLAVONÓIDES EXPRESSOS EM HESPERIDINA	FLAVENOS	C5C - VASOPROTETORES SISTÊMICOS	Específico	- (*) 	
DIOSMINA;FLAVONÓIDES EXPRESSOS EM HESPERIDINA	DIOEH	C5C - VASOPROTETORES SISTÊMICOS	Específico	- (*) 	
DIOSMINA;FLAVONÓIDES EXPRESSOS EM HESPERIDINA	DAFLON	C5C - VASOPROTETORES SISTÊMICOS	Específico	Tarja Vermelha	
DIOSMINA;FLAVONÓIDES EXPRESSOS EM HESPERIDINA	HISMERID	C5C - VASOPROTETORES SISTÊMICOS	Específico	Tarja Vermelha	
DIOSMINA;FLAVONÓIDES EXPRESSOS EM HESPERIDINA	FLAVONID	C5C - VASOPROTETORES SISTÊMICOS	Específico	Tarja Vermelha	
DIPIRONA	SANTIDOR	N2B1 - ANALGÉSICOS NÃO NARCÓTICOS E ANTIPIRÉTICOS SOB PRESCRIÇÃO	Similar	Tarja Sem Tarja	
DIPIRONA	DIPIRONA	N2B1 - ANALGÉSICOS NÃO NARCÓTICOS E ANTIPIRÉTICOS SOB PRESCRIÇÃO	Genérico	Tarja Vermelha	
DIPIRONA	DIPIRONA SÓDICA	N2B2 - ANALGÉSICOS NÃO NARCÓTICOS E ANTIPIRÉTICOS ISENTOS DE PRESCRIÇÃO	Genérico	Tarja Sem Tarja	
DIPIRONA	DORFEBRIL	N2B2 - ANALGÉSICOS NÃO NARCÓTICOS E ANTIPIRÉTICOS ISENTOS DE PRESCRIÇÃO	Similar	Tarja Sem Tarja	
DIPIRONA	DIPIRONA SODICA	N2B2 - ANALGÉSICOS NÃO NARCÓTICOS E ANTIPIRÉTICOS ISENTOS DE PRESCRIÇÃO	Genérico	Tarja Sem Tarja	
DIPIRONA	DIPIRONA SÓDICA	N2B2 - ANALGÉSICOS NÃO NARCÓTICOS E ANTIPIRÉTICOS ISENTOS DE PRESCRIÇÃO	Genérico	- (*) 	
DIPIRONA	DIPIRONA MONOIDRATADA	N2B2 - ANALGÉSICOS NÃO NARCÓTICOS E ANTIPIRÉTICOS ISENTOS DE PRESCRIÇÃO	Genérico	Tarja Sem Tarja	
DIPIRONA	TERMOPRIN	N2B2 - ANALGÉSICOS NÃO NARCÓTICOS E ANTIPIRÉTICOS ISENTOS DE PRESCRIÇÃO	Similar	- (*) 	
DIPIRONA	DIPIMED	N2B2 - ANALGÉSICOS NÃO NARCÓTICOS E ANTIPIRÉTICOS ISENTOS DE PRESCRIÇÃO	Similar	Tarja Sem Tarja	
DIPIRONA	DIPIFARMA	N2B1 - ANALGÉSICOS NÃO NARCÓTICOS E ANTIPIRÉTICOS SOB PRESCRIÇÃO	Similar	Tarja Vermelha	
DIPIRONA	DIPIRONA SÓDICA	N2B2 - ANALGÉSICOS NÃO NARCÓTICOS E ANTIPIRÉTICOS ISENTOS DE PRESCRIÇÃO	Genérico	Tarja Sem Tarja	
DIPIRONA	LQFEX - DIPIRONA	N2B2 - ANALGÉSICOS NÃO NARCÓTICOS E ANTIPIRÉTICOS ISENTOS DE PRESCRIÇÃO	Similar	- (*) 	
DIPIRONA	DIPIRONA MONOIDRATADA	N2B1 - ANALGÉSICOS NÃO NARCÓTICOS E ANTIPIRÉTICOS SOB PRESCRIÇÃO	Genérico	Tarja Vermelha	
DIPIRONA	DIPIDOR	N2B2 - ANALGÉSICOS NÃO NARCÓTICOS E ANTIPIRÉTICOS ISENTOS DE PRESCRIÇÃO	Similar	Tarja Sem Tarja	
DIPIRONA	DIFEBRIL	N2B2 - ANALGÉSICOS NÃO NARCÓTICOS E ANTIPIRÉTICOS ISENTOS DE PRESCRIÇÃO	Similar	Tarja Sem Tarja	
DIPIRONA	DIPIRONA MONOIDRATADA	N2B2 - ANALGÉSICOS NÃO NARCÓTICOS E ANTIPIRÉTICOS ISENTOS DE PRESCRIÇÃO	Genérico	Tarja Sem Tarja	
DIPIRONA	MULTIPIRAL	N2B2 - ANALGÉSICOS NÃO NARCÓTICOS E ANTIPIRÉTICOS ISENTOS DE PRESCRIÇÃO	Similar	Tarja Sem Tarja	
DIPIRONA	DIPIRONA SODICA	N2B - ANALGÉSICOS NÃO NARCÓTICOS E ANTIPIRÉTICOS	Genérico	Tarja Sem Tarja	
DIPIRONA	DIPIRONA SODICA	N2B2 - ANALGÉSICOS NÃO NARCÓTICOS E ANTIPIRÉTICOS ISENTOS DE PRESCRIÇÃO	Genérico	Tarja Sem Tarja	
DIPIRONA	DUZOR	N2B2 - ANALGÉSICOS NÃO NARCÓTICOS E ANTIPIRÉTICOS ISENTOS DE PRESCRIÇÃO	Similar	Tarja Sem Tarja	
DIPIRONA	MAXALGINA	N2B2 - ANALGÉSICOS NÃO NARCÓTICOS E ANTIPIRÉTICOS ISENTOS DE PRESCRIÇÃO	Similar	Tarja Sem Tarja	
DIPIRONA	DIPIRONA MONOIDRATADA	N2B2 - ANALGÉSICOS NÃO NARCÓTICOS E ANTIPIRÉTICOS ISENTOS DE PRESCRIÇÃO	Genérico	Tarja Sem Tarja	
DIPIRONA	ABERALGINA	N2B2 - ANALGÉSICOS NÃO NARCÓTICOS E ANTIPIRÉTICOS ISENTOS DE PRESCRIÇÃO	Similar	- (*) 	
DIPIRONA	DIPRIN	N2B2 - ANALGÉSICOS NÃO NARCÓTICOS E ANTIPIRÉTICOS ISENTOS DE PRESCRIÇÃO	Similar	- (*) 	
DIPIRONA	DIPIRONA SODICA	N2B2 - ANALGÉSICOS NÃO NARCÓTICOS E ANTIPIRÉTICOS ISENTOS DE PRESCRIÇÃO	Genérico	- (*) 	
DIPIRONA	DIPIRONA SÓDICA	N2B2 - ANALGÉSICOS NÃO NARCÓTICOS E ANTIPIRÉTICOS ISENTOS DE PRESCRIÇÃO	Genérico	- (*) 	
DIPIRONA	DIPIRONA SÓDICA	N2B2 - ANALGÉSICOS NÃO NARCÓTICOS E ANTIPIRÉTICOS ISENTOS DE PRESCRIÇÃO	Genérico	Tarja Sem Tarja	
DIPIRONA	DIPIRONA	N2B2 - ANALGÉSICOS NÃO NARCÓTICOS E ANTIPIRÉTICOS ISENTOS DE PRESCRIÇÃO	Genérico	Tarja Sem Tarja	
DIPIRONA	DIPIRONA MONOIDRATADA	N2B2 - ANALGÉSICOS NÃO NARCÓTICOS E ANTIPIRÉTICOS ISENTOS DE PRESCRIÇÃO	Genérico	Tarja Sem Tarja	
DIPIRONA	DIPIRONA  MONOIDRATADA	N2B2 - ANALGÉSICOS NÃO NARCÓTICOS E ANTIPIRÉTICOS ISENTOS DE PRESCRIÇÃO	Genérico	Tarja Sem Tarja	
DIPIRONA	ASPDIP	N2B2 - ANALGÉSICOS NÃO NARCÓTICOS E ANTIPIRÉTICOS ISENTOS DE PRESCRIÇÃO	Similar	Tarja Sem Tarja	
DIPIRONA	MAGNOPYROL	N2B2 - ANALGÉSICOS NÃO NARCÓTICOS E ANTIPIRÉTICOS ISENTOS DE PRESCRIÇÃO	Similar	- (*) 	
DIPIRONA	CAFILISADOR	N2B2 - ANALGÉSICOS NÃO NARCÓTICOS E ANTIPIRÉTICOS ISENTOS DE PRESCRIÇÃO	Novo	Tarja Sem Tarja	
DIPIRONA	ATROVERAN DIP	N2B2 - ANALGÉSICOS NÃO NARCÓTICOS E ANTIPIRÉTICOS ISENTOS DE PRESCRIÇÃO	Similar	- (*) 	
DIPIRONA	LISADOR DIP	N2B2 - ANALGÉSICOS NÃO NARCÓTICOS E ANTIPIRÉTICOS ISENTOS DE PRESCRIÇÃO	Similar	Tarja Sem Tarja	
DIPIRONA	DIPIRONA SÓDICA	N2B2 - ANALGÉSICOS NÃO NARCÓTICOS E ANTIPIRÉTICOS ISENTOS DE PRESCRIÇÃO	Genérico	Tarja Sem Tarja	
DIPIRONA	DIPIRONA	N2B2 - ANALGÉSICOS NÃO NARCÓTICOS E ANTIPIRÉTICOS ISENTOS DE PRESCRIÇÃO	Genérico	Tarja Sem Tarja	
DIPIRONA	DIPBE	N2B2 - ANALGÉSICOS NÃO NARCÓTICOS E ANTIPIRÉTICOS ISENTOS DE PRESCRIÇÃO	Similar	Tarja Sem Tarja	
DIPIRONA MONOIDRATADA	DIPIRONA MONOIDRATADA	N2B2 - ANALGÉSICOS NÃO NARCÓTICOS E ANTIPIRÉTICOS ISENTOS DE PRESCRIÇÃO	Genérico	Tarja Sem Tarja	
DIPIRONA MONOIDRATADA	DIPIRONA	N2B1 - ANALGÉSICOS NÃO NARCÓTICOS E ANTIPIRÉTICOS SOB PRESCRIÇÃO	Genérico	Tarja Vermelha	
DIPIRONA MONOIDRATADA	HYNALGIN	N2B1 - ANALGÉSICOS NÃO NARCÓTICOS E ANTIPIRÉTICOS SOB PRESCRIÇÃO	Similar	Tarja Vermelha sob restrição	
DIPIRONA MONOIDRATADA	DIPIRONA MONOIDRATADA	N2B1 - ANALGÉSICOS NÃO NARCÓTICOS E ANTIPIRÉTICOS SOB PRESCRIÇÃO	Genérico	Tarja Vermelha sob restrição	
DIPIRONA MONOIDRATADA	DORALEX	N2B2 - ANALGÉSICOS NÃO NARCÓTICOS E ANTIPIRÉTICOS ISENTOS DE PRESCRIÇÃO	Similar	Tarja Sem Tarja	
DIPIRONA MONOIDRATADA	DIPIRONA MONOIDRATADA	N2B2 - ANALGÉSICOS NÃO NARCÓTICOS E ANTIPIRÉTICOS ISENTOS DE PRESCRIÇÃO	Genérico	Tarja Sem Tarja	
DIPIRONA MONOIDRATADA	DIPIRONA MONOIDRATADA	N2B2 - ANALGÉSICOS NÃO NARCÓTICOS E ANTIPIRÉTICOS ISENTOS DE PRESCRIÇÃO	Genérico	Tarja Sem Tarja	
DIPIRONA MONOIDRATADA	DIPIRONA SÓDICA	N2B2 - ANALGÉSICOS NÃO NARCÓTICOS E ANTIPIRÉTICOS ISENTOS DE PRESCRIÇÃO	Genérico	Tarja Sem Tarja	
DIPIRONA MONOIDRATADA	DIPIRONA SODICA	N2B2 - ANALGÉSICOS NÃO NARCÓTICOS E ANTIPIRÉTICOS ISENTOS DE PRESCRIÇÃO	Similar	- (*) 	
DIPIRONA MONOIDRATADA	DODOY	N2B2 - ANALGÉSICOS NÃO NARCÓTICOS E ANTIPIRÉTICOS ISENTOS DE PRESCRIÇÃO	Similar	Tarja Sem Tarja	
DIPIRONA MONOIDRATADA	DIPIRONA	N2B2 - ANALGÉSICOS NÃO NARCÓTICOS E ANTIPIRÉTICOS ISENTOS DE PRESCRIÇÃO	Genérico	Tarja Sem Tarja	
DIPIRONA MONOIDRATADA	FURP- DIPIRONA	N2B2 - ANALGÉSICOS NÃO NARCÓTICOS E ANTIPIRÉTICOS ISENTOS DE PRESCRIÇÃO	Similar	Tarja Sem Tarja	
DIPIRONA MONOIDRATADA	DIPIRONA SÓDICA	N2B2 - ANALGÉSICOS NÃO NARCÓTICOS E ANTIPIRÉTICOS ISENTOS DE PRESCRIÇÃO	Genérico	- (*) 	
DIPIRONA MONOIDRATADA	DIPIRONA	N2B2 - ANALGÉSICOS NÃO NARCÓTICOS E ANTIPIRÉTICOS ISENTOS DE PRESCRIÇÃO	Genérico	Tarja Sem Tarja	
DIPIRONA MONOIDRATADA	NEVRALGEX DIP	N2B2 - ANALGÉSICOS NÃO NARCÓTICOS E ANTIPIRÉTICOS ISENTOS DE PRESCRIÇÃO	Similar	Tarja Sem Tarja	
DIPIRONA MONOIDRATADA	DORAGEO	N2B2 - ANALGÉSICOS NÃO NARCÓTICOS E ANTIPIRÉTICOS ISENTOS DE PRESCRIÇÃO	Similar	Tarja Sem Tarja	
DIPIRONA MONOIDRATADA	MIRADOR	N2B2 - ANALGÉSICOS NÃO NARCÓTICOS E ANTIPIRÉTICOS ISENTOS DE PRESCRIÇÃO	Similar	Tarja Sem Tarja	
DIPIRONA MONOIDRATADA	DIPIRONA MONOHIDRATADA	N2B2 - ANALGÉSICOS NÃO NARCÓTICOS E ANTIPIRÉTICOS ISENTOS DE PRESCRIÇÃO	Genérico	Tarja Sem Tarja	
DIPIRONA MONOIDRATADA	DORILEN DIP	N2B2 - ANALGÉSICOS NÃO NARCÓTICOS E ANTIPIRÉTICOS ISENTOS DE PRESCRIÇÃO	Similar	Tarja Sem Tarja	
DIPIRONA MONOIDRATADA	NEOSALDINA DIP	N2B - ANALGÉSICOS NÃO NARCÓTICOS E ANTIPIRÉTICOS	Similar	Tarja Sem Tarja	
DIPIRONA MONOIDRATADA	DIPIRONA MONOIDRATADA	N2B2 - ANALGÉSICOS NÃO NARCÓTICOS E ANTIPIRÉTICOS ISENTOS DE PRESCRIÇÃO	Genérico	Tarja Sem Tarja	
DIPIRONA MONOIDRATADA	NOVALGINA	N2B2 - ANALGÉSICOS NÃO NARCÓTICOS E ANTIPIRÉTICOS ISENTOS DE PRESCRIÇÃO	Novo	Tarja Sem Tarja	
DIPIRONA MONOIDRATADA	DORFLEX UNO	N2B2 - ANALGÉSICOS NÃO NARCÓTICOS E ANTIPIRÉTICOS ISENTOS DE PRESCRIÇÃO	Similar	Tarja Sem Tarja	
DIPIRONA MONOIDRATADA	ANADOR	N2B2 - ANALGÉSICOS NÃO NARCÓTICOS E ANTIPIRÉTICOS ISENTOS DE PRESCRIÇÃO	Similar	Tarja Sem Tarja	
DIPIRONA MONOIDRATADA	DORFLEX DIP	N2B2 - ANALGÉSICOS NÃO NARCÓTICOS E ANTIPIRÉTICOS ISENTOS DE PRESCRIÇÃO	Similar	Tarja Sem Tarja	
DIPIRONA MONOIDRATADA	DORFLEX UNO	N2B2 - ANALGÉSICOS NÃO NARCÓTICOS E ANTIPIRÉTICOS ISENTOS DE PRESCRIÇÃO	Similar	Tarja Sem Tarja	
DIPIRONA MONOIDRATADA	NOVALGINA	N2B2 - ANALGÉSICOS NÃO NARCÓTICOS E ANTIPIRÉTICOS ISENTOS DE PRESCRIÇÃO	Novo	Tarja Sem Tarja	
DIPIRONA MONOIDRATADA;BUTILBROMETO DE ESCOPOLAMINA	NEOCOPAN COMPOSTO	A3D - ASSOCIAÇÕES DE ANTIESPASMÓDICOS COM ANALGÉSICOS	Similar	Tarja Sem Tarja	
DIPIRONA MONOIDRATADA;BUTILBROMETO DE ESCOPOLAMINA	BUSCOVERAN COMPOSTO	A3D - ASSOCIAÇÕES DE ANTIESPASMÓDICOS COM ANALGÉSICOS	Similar	Tarja Vermelha	
DIPIRONA MONOIDRATADA;BUTILBROMETO DE ESCOPOLAMINA	ESPASMOPAN COMPOSTO	A3D - ASSOCIAÇÕES DE ANTIESPASMÓDICOS COM ANALGÉSICOS	Similar	Tarja Sem Tarja	
DIPIRONA MONOIDRATADA;BUTILBROMETO DE ESCOPOLAMINA	ATROVEX	A3D - ASSOCIAÇÕES DE ANTIESPASMÓDICOS COM ANALGÉSICOS	Similar	Tarja Sem Tarja	
DIPIRONA MONOIDRATADA;BUTILBROMETO DE ESCOPOLAMINA	BUTILBROMETO DE ESCOPOLAMINA + DIPIRONA SÓDICA	A3D - ASSOCIAÇÕES DE ANTIESPASMÓDICOS COM ANALGÉSICOS	Genérico	Tarja Vermelha	
DIPIRONA MONOIDRATADA;BUTILBROMETO DE ESCOPOLAMINA	BUTILBROMETO DE ESCOPOLAMINA + DIPIRONA MONOIDRATADA	A3D - ASSOCIAÇÕES DE ANTIESPASMÓDICOS COM ANALGÉSICOS	Genérico	Tarja Vermelha	
DIPIRONA MONOIDRATADA;BUTILBROMETO DE ESCOPOLAMINA	DIPIRONA MONOIDRATADA + BUTILBROMETO DE ESCOPOLAMINA	A3D - ASSOCIAÇÕES DE ANTIESPASMÓDICOS COM ANALGÉSICOS	Genérico	Tarja Sem Tarja	
DIPIRONA MONOIDRATADA;BUTILBROMETO DE ESCOPOLAMINA	BUSCOPLEX COMPOSTO	A3D - ASSOCIAÇÕES DE ANTIESPASMÓDICOS COM ANALGÉSICOS	Similar	Tarja Sem Tarja	
DIPIRONA MONOIDRATADA;BUTILBROMETO DE ESCOPOLAMINA	ESCOPEN COMPOSTO	A3D - ASSOCIAÇÕES DE ANTIESPASMÓDICOS COM ANALGÉSICOS	Similar	Tarja Sem Tarja	
DIPIRONA MONOIDRATADA;BUTILBROMETO DE ESCOPOLAMINA	MIRADOR CÓLICA	A3D - ASSOCIAÇÕES DE ANTIESPASMÓDICOS COM ANALGÉSICOS	Similar	Tarja Sem Tarja	
DIPIRONA MONOIDRATADA;BUTILBROMETO DE ESCOPOLAMINA	BUSCOPAN COMPOSTO	A3D - ASSOCIAÇÕES DE ANTIESPASMÓDICOS COM ANALGÉSICOS	Novo	Tarja Sem Tarja	
DIPIRONA MONOIDRATADA;BUTILBROMETO DE ESCOPOLAMINA	LISADOR CÓLICA	A3D - ASSOCIAÇÕES DE ANTIESPASMÓDICOS COM ANALGÉSICOS	Similar	Tarja Sem Tarja	
DIPIRONA MONOIDRATADA;CAFEÍNA	DORALGINA DIPCAF	N2B - ANALGÉSICOS NÃO NARCÓTICOS E ANTIPIRÉTICOS	Similar	Tarja Sem Tarja	
DIPIRONA MONOIDRATADA;CAFEÍNA ANIDRA	DORIL DC 500	N2B2 - ANALGÉSICOS NÃO NARCÓTICOS E ANTIPIRÉTICOS ISENTOS DE PRESCRIÇÃO	Similar	Tarja Sem Tarja	
DIPIRONA MONOIDRATADA;CAFEÍNA ANIDRA	NOVALGINA FLASH	N2B2 - ANALGÉSICOS NÃO NARCÓTICOS E ANTIPIRÉTICOS ISENTOS DE PRESCRIÇÃO	Novo	Tarja Sem Tarja	
DIPIRONA MONOIDRATADA;CAFEÍNA ANIDRA;CITRATO DE ORFENADRINA	SEDALEX	M3B - RELAXANTE MUSCULAR DE AÇÃO CENTRAL	Similar	Tarja Sem Tarja	
DIPIRONA MONOIDRATADA;CAFEÍNA ANIDRA;CITRATO DE ORFENADRINA	DIPIRONA SODICA+CAFEINA ANIDRA+CITRATO DE ORFENADRINA	M3B - RELAXANTE MUSCULAR DE AÇÃO CENTRAL	Genérico	Tarja Sem Tarja	
DIPIRONA MONOIDRATADA;CAFEÍNA ANIDRA;CITRATO DE ORFENADRINA	DORCIFLEXIN	M3B - RELAXANTE MUSCULAR DE AÇÃO CENTRAL	Similar	Tarja Sem Tarja	
DIPIRONA MONOIDRATADA;CAFEÍNA ANIDRA;CITRATO DE ORFENADRINA	NEOSALDINA MUSCULAR MAX	M3B - RELAXANTE MUSCULAR DE AÇÃO CENTRAL	Novo	Tarja Sem Tarja	
DIPIRONA MONOIDRATADA;CAFEÍNA ANIDRA;CITRATO DE ORFENADRINA	NEOSALDINA MUSCULAR	M3B - RELAXANTE MUSCULAR DE AÇÃO CENTRAL	Similar	Tarja Sem Tarja	
DIPIRONA MONOIDRATADA;CAFEÍNA ANIDRA;CITRATO DE ORFENADRINA	LISADOR MUSCULAR	M3B - RELAXANTE MUSCULAR DE AÇÃO CENTRAL	Novo	Tarja Sem Tarja	
DIPIRONA MONOIDRATADA;CAFEÍNA ANIDRA;CITRATO DE ORFENADRINA	FLEXMUSCULAR	M3B - RELAXANTE MUSCULAR DE AÇÃO CENTRAL	Similar	Tarja Sem Tarja	
DIPIRONA MONOIDRATADA;CAFEÍNA ANIDRA;CITRATO DE ORFENADRINA	DORFLEX	M3B - RELAXANTE MUSCULAR DE AÇÃO CENTRAL	Novo	Tarja Sem Tarja	
DIPIRONA MONOIDRATADA;CAFEÍNA ANIDRA;CITRATO DE ORFENADRINA	DIPBE FLEX	M3B - RELAXANTE MUSCULAR DE AÇÃO CENTRAL	Similar	Tarja Sem Tarja	
DIPIRONA MONOIDRATADA;CAFEÍNA ANIDRA;MUCATO DE ISOMETEPTENO	NERALGYN	A3D - ASSOCIAÇÕES DE ANTIESPASMÓDICOS COM ANALGÉSICOS	Similar	- (*) 	
DIPIRONA MONOIDRATADA;CAFEÍNA ANIDRA;MUCATO DE ISOMETEPTENO	DORALGINA	A3D - ASSOCIAÇÕES DE ANTIESPASMÓDICOS COM ANALGÉSICOS	Similar	Tarja Sem Tarja	
DIPIRONA MONOIDRATADA;DIPIRONA	DIPIRONA SÓDICA	N2B2 - ANALGÉSICOS NÃO NARCÓTICOS E ANTIPIRÉTICOS ISENTOS DE PRESCRIÇÃO	Genérico	- (*) 	
DIPIRONA MONOIDRATADA;MUCATO DE ISOMETEPTENO;CAFEÍNA	RESSALIVDOR	A3D - ASSOCIAÇÕES DE ANTIESPASMÓDICOS COM ANALGÉSICOS	Similar	Tarja Sem Tarja	
DIPIRONA MONOIDRATADA;MUCATO DE ISOMETEPTENO;CAFEÍNA	SEDAMED	A3D - ASSOCIAÇÕES DE ANTIESPASMÓDICOS COM ANALGÉSICOS	Similar	Tarja Sem Tarja	
DIPIRONA MONOIDRATADA;MUCATO DE ISOMETEPTENO;CAFEÍNA	NEVRALGEX DC	A3D - ASSOCIAÇÕES DE ANTIESPASMÓDICOS COM ANALGÉSICOS	Similar	Tarja Sem Tarja	
DIPIRONA MONOIDRATADA;MUCATO DE ISOMETEPTENO;CAFEÍNA	DIPBE DC	A3D - ASSOCIAÇÕES DE ANTIESPASMÓDICOS COM ANALGÉSICOS	Similar	Tarja Sem Tarja	
DIPROPIONATO DE BECLOMETASONA	CLENIL	R1A1 - CORTICOSTERÓIDES NASAIS SEM ANTIINFECCIOSOS	Similar	Tarja Vermelha	
DIPROPIONATO DE BECLOMETASONA	ALERFIN	R1A1 - CORTICOSTERÓIDES NASAIS SEM ANTIINFECCIOSOS	Similar	- (*) 	
DIPROPIONATO DE BECLOMETASONA	CLENIL HFA	R3D1 - ANTIASMÁTICOS/DPOC CORTICOSTERÓIDES INALANTES	Novo	- (*) 	
DIPROPIONATO DE BECLOMETASONA	DIPROPIONATO DE BECLOMETASONA	R3D1 - ANTIASMÁTICOS/DPOC CORTICOSTERÓIDES INALANTES	Genérico	Tarja Vermelha	
DIPROPIONATO DE BECLOMETASONA	BECLOSOL	R1A1 - CORTICOSTERÓIDES NASAIS SEM ANTIINFECCIOSOS	Novo	Tarja Vermelha	
DIPROPIONATO DE BECLOMETASONA	DIPROPIONATO DE BECLOMETASONA	R3D1 - ANTIASMÁTICOS/DPOC CORTICOSTERÓIDES INALANTES	Genérico	Tarja Vermelha	
DIPROPIONATO DE BECLOMETASONA	AILUK	R3D1 - ANTIASMÁTICOS/DPOC CORTICOSTERÓIDES INALANTES	Similar	Tarja Vermelha	
DIPROPIONATO DE BECLOMETASONA;FUMARATO DE FORMOTEROL DI-HIDRATADO	FOSTAIR	R3F1 - ANTIASMÁTICOS/DPOC AGONISTAS B2 ASSOCIADOS A CORTICOSTERÓIDES, INALANTES	Novo	- (*) 	
DIPROPIONATO DE BETAMETASONA	DIPROPIONATO DE BETAMETASONA	D7A - CORTICOESTERÓIDES TÓPICOS PUROS	Genérico	Tarja Vermelha	
DIPROPIONATO DE BETAMETASONA	CORTIFAR	D7A - CORTICOESTERÓIDES TÓPICOS PUROS	Similar	- (*) 	
DIPROPIONATO DE BETAMETASONA	DIPROPIONATO DE BETAMETASONA	D7A - CORTICOESTERÓIDES TÓPICOS PUROS	Genérico	- (*) 	
DIPROPIONATO DE BETAMETASONA	DIPROSONE	D7A - CORTICOESTERÓIDES TÓPICOS PUROS	Novo	- (*) 	
DIPROPIONATO DE BETAMETASONA	DAIVOBET	D5A - ANTIPSORÍASE TÓPICOS	Novo	Tarja Vermelha	
DIPROPIONATO DE BETAMETASONA;ÁCIDO ACETILSALICÍLICO	DIPROPIONATO DE BETAMETASONA + ÁCIDO SALICÍLICO	D5A - ANTIPSORÍASE TÓPICOS	Genérico	Tarja Vermelha	
DITOSILATO DE LAPATINIBE	TYKERB	L1H9 - OUTROS ANTINEOPLÁSICOS INIBIDORES DA PROTEÍNA KINASE	Novo	Tarja Vermelha	
DIVALPROATO DE SÓDIO	GABA ER	N3A - ANTIEPILÉPTICOS	Similar	Tarja Vermelha sob restrição	
DIVALPROATO DE SÓDIO	DIVALPROATO DE SÓDIO	N3A - ANTIEPILÉPTICOS	Genérico	Tarja Vermelha sob restrição	
DIVALPROATO DE SÓDIO	DUEPOLI  ER	N3A - ANTIEPILÉPTICOS	Similar	Tarja Vermelha sob restrição	
DIVALPROATO DE SÓDIO	DIVALPROATO DE SÓDIO	N3A - ANTIEPILÉPTICOS	Genérico	Tarja Vermelha sob restrição	
DIVALPROATO DE SÓDIO	DIVALPROATO DE SÓDIO	N3A - ANTIEPILÉPTICOS	Genérico	Tarja Vermelha	
DIVALPROATO DE SÓDIO	LEPS ER	N3A - ANTIEPILÉPTICOS	Similar	Tarja Vermelha sob restrição	
DIVALPROATO DE SÓDIO	DEPAKOTE	N3A - ANTIEPILÉPTICOS	Novo	Tarja Vermelha sob restrição	
DIVALPROATO DE SÓDIO	DIVALPROATO DE SÓDIO	N3A - ANTIEPILÉPTICOS	Genérico	Tarja Vermelha sob restrição	
DIVALPROATO DE SÓDIO	DIVALCON	N3A - ANTIEPILÉPTICOS	Similar	Tarja Vermelha sob restrição	
DIVALPROATO DE SÓDIO	VALPI	N3A - ANTIEPILÉPTICOS	Similar	Tarja Vermelha sob restrição	
DIVALPROATO DE SÓDIO	DIVALPROATO DE SÓDIO	N3A - ANTIEPILÉPTICOS	Genérico	Tarja Vermelha sob restrição	
DIVALPROATO DE SÓDIO	DIVALPROATO DE SÓDIO	N3A - ANTIEPILÉPTICOS	Genérico	Tarja Vermelha	
DIVALPROATO DE SÓDIO	DIVALPROATO DE SODIO	N3A - ANTIEPILÉPTICOS	Genérico	Tarja Vermelha	
DIVALPROATO DE SÓDIO	ZEUGMA XR	N3A - ANTIEPILÉPTICOS	Similar	Tarja Vermelha sob restrição	
DIVALPROATO DE SÓDIO	DIVALPROATO DE SÓDIO	N3A - ANTIEPILÉPTICOS	Genérico	Tarja Vermelha sob restrição	
DIVALPROATO DE SÓDIO	DIVALPROATO DE SÓDIO	N3A - ANTIEPILÉPTICOS	Genérico	Tarja Vermelha	
DOBESILATO DE CÁLCIO	DOBEVEN	C5C - VASOPROTETORES SISTÊMICOS	Novo	Tarja Vermelha	
DOCETAXEL	TACE	L1C2 - AGENTES ANTINEOPLÁSICOS TAXANOS	Similar	Tarja Vermelha	
DOCETAXEL	DOCETAXEL	L1C2 - AGENTES ANTINEOPLÁSICOS TAXANOS	Genérico	Tarja Vermelha	
DOCETAXEL	DOCETAXEL	L1C2 - AGENTES ANTINEOPLÁSICOS TAXANOS	Genérico	Tarja Vermelha	
DOCETAXEL	TAXONTAS	L1C2 - AGENTES ANTINEOPLÁSICOS TAXANOS	Similar	Tarja Vermelha	
DOCETAXEL	TEQUEL	L1C2 - AGENTES ANTINEOPLÁSICOS TAXANOS	Similar	Tarja Vermelha	
DOCETAXEL TRI-HIDRATADO	DOCETAXEL	L1C2 - AGENTES ANTINEOPLÁSICOS TAXANOS	Genérico	Tarja Vermelha	
DOCETAXEL TRI-HIDRATADO	TAXXONEX	L1C2 - AGENTES ANTINEOPLÁSICOS TAXANOS	Similar	Tarja Vermelha	
DOCETAXEL TRI-HIDRATADO	DOHET	L1C2 - AGENTES ANTINEOPLÁSICOS TAXANOS	Similar	Tarja Vermelha	
DOCETAXEL TRIIDRATADO	DOCELIBBS	L1C2 - AGENTES ANTINEOPLÁSICOS TAXANOS	Similar	Tarja Vermelha	
DOCETAXEL TRIIDRATADO	DOCEUNO	L1C2 - AGENTES ANTINEOPLÁSICOS TAXANOS	Similar	Tarja Vermelha	
DOCETAXEL TRIIDRATADO	KOKSARA	L1C2 - AGENTES ANTINEOPLÁSICOS TAXANOS	Similar	Tarja Vermelha	
DOCETAXEL TRIIDRATADO	DOCETAXEL	L1C2 - AGENTES ANTINEOPLÁSICOS TAXANOS	Genérico	Tarja Vermelha	
DOCETAXEL TRIIDRATADO	TAXOTERE	L1C2 - AGENTES ANTINEOPLÁSICOS TAXANOS	Novo	Tarja Vermelha	
DOCUSATO DE SÓDIO;BISACODIL	HUMECTOL D	A6A2 - LAXANTES ESTIMULANTES	Novo	- (*) 	
DOLUTEGRAVIR SÓDICO	TIVICAY	J5C5 - ANTIVIRAIS HIV, INIBIDORES DA INTEGRASE	Novo	Tarja Vermelha	
DOLUTEGRAVIR SÓDICO	TIVICAY PD	J5C5 - ANTIVIRAIS HIV, INIBIDORES DA INTEGRASE	Novo	Tarja Vermelha	
DOLUTEGRAVIR SÓDICO	DOLUTEGRAVIR SÓDICO	J5C5 - ANTIVIRAIS HIV, INIBIDORES DA INTEGRASE	Genérico	Tarja Vermelha	
DOLUTEGRAVIR SÓDICO	DOLUTEGRAVIR SÓDICO	J5C9 - ANTIVIRAIS HIV, OUTROS	Genérico	Tarja Vermelha	
DOLUTEGRAVIR SÓDICO	DOLUTEGRAVIR SÓDICO	J5C5 - ANTIVIRAIS HIV, INIBIDORES DA INTEGRASE	Genérico	Tarja Vermelha	
DOLUTEGRAVIR SÓDICO;LAMIVUDINA	LAMIVUDINA + DOLUTEGRAVIR SÓDICO	J5C8 - ANTIVIRAIS HIV, PRODUTOS DE COMBINAÇÃO MULTICLASSES	Genérico	Tarja Vermelha	
DOLUTEGRAVIR SÓDICO;SULFATO DE ABACAVIR;LAMIVUDINA	TRIUMEQ	J5C8 - ANTIVIRAIS HIV, PRODUTOS DE COMBINAÇÃO MULTICLASSES	Novo	Tarja Vermelha	
DOMPERIDONA	DOMPERIX	A3F - GASTROPROCINÉTICOS	Similar	- (*) 	
DOMPERIDONA	DOMPERIDONA	A3F - GASTROPROCINÉTICOS	Genérico	- (*) 	
DOMPERIDONA	DOMPERIDONA	A3F - GASTROPROCINÉTICOS	Genérico	Tarja Vermelha	
DOMPERIDONA	DOMPLIV	A3F - GASTROPROCINÉTICOS	Similar	Tarja Vermelha	
DOMPERIDONA	DOMPED	A3F - GASTROPROCINÉTICOS	Novo	Tarja Vermelha	
DOMPERIDONA	MOTIRIDONA	A3F - GASTROPROCINÉTICOS	Similar	Tarja Vermelha	
DOMPERIDONA	DOMPERIDONA	A3F - GASTROPROCINÉTICOS	Genérico	Tarja Vermelha	
DOMPERIDONA	MOTILIUM	A3F - GASTROPROCINÉTICOS	Novo	- (*) 	
DOMPERIDONA	DOMPERIDONA	A3F - GASTROPROCINÉTICOS	Genérico	Tarja Vermelha	
DOMPERIDONA	DOMPERIDONA	A3F - GASTROPROCINÉTICOS	Genérico	Tarja Vermelha	
DOMPERIDONA	MOLIDON	A3F - GASTROPROCINÉTICOS	Similar	Tarja Vermelha	
DOMPERIDONA	DOMPERIDONA	A3F - GASTROPROCINÉTICOS	Genérico	Tarja Vermelha	
DOMPERIDONA	DOMPERIDONA	A3F - GASTROPROCINÉTICOS	Genérico	Tarja Vermelha	
DOMPERIDONA	MOTILIUM	A3F - GASTROPROCINÉTICOS	Novo	Tarja Vermelha	
DOMPERIDONA	DOMPGRAN	A3F - GASTROPROCINÉTICOS	Similar	Tarja Vermelha	
DOMPERIDONA	DOMPERIDONA	A3F - GASTROPROCINÉTICOS	Genérico	Tarja Vermelha	
DOMPERIDONA	PERIDAL	A3F - GASTROPROCINÉTICOS	Similar	Tarja Vermelha	
DOMPERIDONA	DOMPERIDONA	A3F - GASTROPROCINÉTICOS	Genérico	Tarja Vermelha	
DONANEMABE	KISUNLA	N7D9 - TODOS OS OUTROS PRODUTOS ANTIALZHEIMER	Biológico	Tarja Vermelha	
DOSTARLIMABE	JEMPERLI	L1G5 - ANTICORPOS MONOCLONAIS ANTINEOPLÁSICOS, PD-1/PD-L1	Biológico	Tarja Vermelha	
DOXICICLINA MONOIDRATADA	DOXICICLINA	J1A - TETRACICLINAS E ASSOCIAÇÕES	Genérico	Tarja Vermelha sob restrição	
DOXICICLINA MONOIDRATADA	VIBRAMICINA	J1A - TETRACICLINAS E ASSOCIAÇÕES	Novo	Tarja Vermelha sob restrição	
DROPERIDOL	DROPERDAL	N1A2 - ANESTÉSICOS GERAIS INJETÁVEIS	Similar	Tarja Vermelha sob restrição	
DROPROPIZINA	GOTAS BINELLI	R5D1 - ANTITUSSÍGENOS PUROS	Similar	- (*) 	
DROPROPIZINA	ATOSSION	R5D1 - ANTITUSSÍGENOS PUROS	Similar	Tarja Sem Tarja	
DROPROPIZINA	ECOS	R5D1 - ANTITUSSÍGENOS PUROS	Similar	Tarja Sem Tarja	
DROPROPIZINA	DROPROPIZINA	R5D1 - ANTITUSSÍGENOS PUROS	Genérico	Tarja Sem Tarja	
DROPROPIZINA	VIBRAL	R5D1 - ANTITUSSÍGENOS PUROS	Novo	- (*) 	
DROPROPIZINA	NOTUSS TSS	R5D1 - ANTITUSSÍGENOS PUROS	Similar	Tarja Sem Tarja	
DROPROPIZINA	DROPROPIZINA	R5D1 - ANTITUSSÍGENOS PUROS	Genérico	Tarja Sem Tarja	
DROPROPIZINA	ZIPTUSS	R5D1 - ANTITUSSÍGENOS PUROS	Similar	Tarja Sem Tarja	
DROPROPIZINA	NEOTOSS	R5D1 - ANTITUSSÍGENOS PUROS	Similar	- (*) 	
DROSPIRENONA	SLINDA	G3A5 - PREPARAÇÕES ORAIS COM PROGESTAGÊNIOS SOMENTE	Novo	Tarja Vermelha	
DROSPIRENONA	AMMY	G3A5 - PREPARAÇÕES ORAIS COM PROGESTAGÊNIOS SOMENTE	Similar	Tarja Vermelha	
DROSPIRENONA;ESTETROL MONOIDRATADO	NEXTELA	G3A2 - HORMÔNIOS CONTRACEPTIVOS MONOFÁSICOS COM ESTROGÊNIOS >=50MCG	Novo	Tarja Vermelha	
DULAGLUTIDA	TRULICITY	A10S - ANTIDIABÉTICOS AGONISTAS DE GLP-1	Biológico	Tarja Vermelha	
DUPILUMABE	DUPIXENT	L4C - INIBIDORES DA INTERLEUCINA	Biológico	Tarja Vermelha	
DURVALUMABE	IMFINZI	L1G5 - ANTICORPOS MONOCLONAIS ANTINEOPLÁSICOS, PD-1/PD-L1	Biológico	Tarja Vermelha	
DUTASTERIDA	AVODART	G4C3 - BPH INIBIDORES DA 5-ALFA TESTOSTERONA REDUTASE (5-ARI) PUROS	Novo	Tarja Vermelha	
DUTASTERIDA	DROALFA	G4C3 - BPH INIBIDORES DA 5-ALFA TESTOSTERONA REDUTASE (5-ARI) PUROS	Similar	Tarja Vermelha	
DUTASTERIDA	DASTENE	G4C3 - BPH INIBIDORES DA 5-ALFA TESTOSTERONA REDUTASE (5-ARI) PUROS	Similar	Tarja Vermelha	
DUTASTERIDA	DUTASTERIDA	G4C3 - BPH INIBIDORES DA 5-ALFA TESTOSTERONA REDUTASE (5-ARI) PUROS	Genérico	Tarja Vermelha	
DUTASTERIDA;CLORIDRATO DE TANSULOSINA	COMBODART	G4C4 - BPH COMBINAÇÕES DE ALFA-ANTAGONISTAS E INIBIDORES DA 5-ALFA TESTOSTERONA REDUTASE	Novo	Tarja Vermelha	
DUTASTERIDA;CLORIDRATO DE TANSULOSINA	DUTASTERIDA + CLORIDRATO DE TANSULOSINA	G4C4 - BPH COMBINAÇÕES DE ALFA-ANTAGONISTAS E INIBIDORES DA 5-ALFA TESTOSTERONA REDUTASE	Genérico	Tarja Vermelha	
DUTASTERIDA;CLORIDRATO DE TANSULOSINA	TANDUO	G4C4 - BPH COMBINAÇÕES DE ALFA-ANTAGONISTAS E INIBIDORES DA 5-ALFA TESTOSTERONA REDUTASE	Similar	Tarja Vermelha	
DUTASTERIDA;CLORIDRATO DE TANSULOSINA	DASTENE DUO	G4C4 - BPH COMBINAÇÕES DE ALFA-ANTAGONISTAS E INIBIDORES DA 5-ALFA TESTOSTERONA REDUTASE	Similar	Tarja Vermelha	
DUTASTERIDA;CLORIDRATO DE TANSULOSINA	DUTASTERIDA + CLORIDRATO DE TANSULOSINA	G4C4 - BPH COMBINAÇÕES DE ALFA-ANTAGONISTAS E INIBIDORES DA 5-ALFA TESTOSTERONA REDUTASE	Genérico	Tarja Vermelha	
DUTASTERIDA;CLORIDRATO DE TANSULOSINA	DUTAM	G4C4 - BPH COMBINAÇÕES DE ALFA-ANTAGONISTAS E INIBIDORES DA 5-ALFA TESTOSTERONA REDUTASE	Similar	Tarja Vermelha	
DUTASTERIDA;CLORIDRATO DE TANSULOSINA	DUTASTERIDA + CLORIDRATO DE TANSULOSINA	G4C4 - BPH COMBINAÇÕES DE ALFA-ANTAGONISTAS E INIBIDORES DA 5-ALFA TESTOSTERONA REDUTASE	Genérico	Tarja Vermelha	
EBASTINA	EBASTEL	R6A - ANTI-HISTAMÍNICOS SISTÊMICOS	Novo	Tarja Sem Tarja	
ECHINACEA PURPUREA (L.) MOENCH	ECHINACEA VITALAB	V3X1 - PREPARAÇÃO DE ORIGEM HERBÁCEA PROMOTORA DA DEFESA ORGÂNICA CONTRA INFECÇÕES	Fitoterápico	Tarja Vermelha	
ECHINACEA PURPUREA (L.) MOENCH	ENAX	V3X1 - PREPARAÇÃO DE ORIGEM HERBÁCEA PROMOTORA DA DEFESA ORGÂNICA CONTRA INFECÇÕES	Fitoterápico	Tarja Vermelha	
ECULIZUMABE	SOLIRIS	L4E - INIBIDORES DO COMPLEMENTO	Biológico	Tarja Vermelha	
ECULIZUMABE	SOLIRIS	L4E - INIBIDORES DO COMPLEMENTO	Biológico	Tarja Vermelha	
EDARAVONA	RADICAVA	N7X - TODOS OS OUTROS PRODUTOS PARA O SISTEMA NERVOSO CENTRAL	Novo	- (*) 	
EDOXABANA	LIXIANA®	B1F - INIBIDORES DIRETOS DO FATOR XA	Novo	Tarja Vermelha	
EFAVIRENZ	EVIR	J5C3 - INIBDORES DA TRANSCRIPTASE REVERSA NÃO NUCLEOSÍDEOS	Similar	Tarja Vermelha	
EFAVIRENZ	EFAVIRENZ	J5C3 - INIBDORES DA TRANSCRIPTASE REVERSA NÃO NUCLEOSÍDEOS	Genérico	- (*) 	
ELAFIBRANOR	IQIRVO	A5A9 - OUTROS PRODUTOS PARA DESORDENS DO TRATO BILIAR	Novo	Tarja Vermelha	
ELOTUZUMABE	EMPLICITI	L1X1 - PREPARAÇÕES ALTERNATIVAS PARA TERAPIA ONCOLÓGICA	Biológico	- (*) 	
ELRANATAMABE	ELREXFIO	L1G9 - ANTICORPOS MONOCLONAIS ANTINEOPLÁSICOS, OUTROS	Biológico	Tarja Vermelha	
ELTROMBOPAGUE OLAMINA	REVOLADE	B2E - Agonistas da Trombopoetina	Novo	Tarja Vermelha	
ELTROMBOPAGUE OLAMINA	ELTROMBOPAGUE OLAMINA	B2E - Agonistas da Trombopoetina	Genérico	Tarja Vermelha	
EMBONATO DE PIRVÍNIO	PYVERM	P1B - ANTI-HELMÍNTICOS EXCETO ESQUISTOSSOMICIDAS (P1C)	Similar	Tarja Vermelha	
EMBONATO DE TRIPTORRELINA	NEO DECAPEPTYL	L2A3 - ANÁLOGOS HORMONAIS DE LIBERAÇÃO DE GONADOTROFINAS CITOSTÁTICOS	Novo	Tarja Vermelha	
EMICIZUMABE	HEMCIBRA	B2D1 - FATOR VIII	Biológico	Tarja Vermelha	
EMPAGLIFLOZINA	JARDIANCE	A10P1 - ANTIDIABÉTICOS INIBIDORES DE SGLT2, PUROS	Novo	Tarja Vermelha	
EMPAGLIFLOZINA	EMPAGLIFLOZINA	A10P1 - ANTIDIABÉTICOS INIBIDORES DE SGLT2, PUROS	Genérico	Tarja Vermelha	
ENANTATO DE ESTRADIOL;ALGESTONA ACETOFENIDA	ALGESTONA ACETOFENIDA + ENANTATO DE ESTRADIOL	G3A9 - OUTROS HORMÔNIOS CONTRACEPTIVOS SISTÊMICOS	Genérico	Tarja Vermelha	
ENANTATO DE ESTRADIOL;ALGESTONA ACETOFENIDA	ALGESTONA ACETOFENIDA + ENANTATO DE ESTRADIOL	G3A9 - OUTROS HORMÔNIOS CONTRACEPTIVOS SISTÊMICOS	Genérico	- (*) 	
ENANTATO DE ESTRADIOL;ALGESTONA ACETOFENIDA	ALDIJET	G3A9 - OUTROS HORMÔNIOS CONTRACEPTIVOS SISTÊMICOS	Similar	- (*) 	
ENANTATO DE ESTRADIOL;ALGESTONA ACETOFENIDA	CICLOVULAR	G3A9 - OUTROS HORMÔNIOS CONTRACEPTIVOS SISTÊMICOS	Similar	Tarja Vermelha	
ENANTATO DE ESTRADIOL;ALGESTONA ACETOFENIDA	ALGESTONA ACETOFENIDA + ENANTATO DE ESTRADIOL	G3A9 - OUTROS HORMÔNIOS CONTRACEPTIVOS SISTÊMICOS	Genérico	Tarja Vermelha	
ENANTATO DE ESTRADIOL;ALGESTONA ACETOFENIDA	ALGESTONA ACETOFENIDA + ENANTATO DE ESTRADIOL	G3A9 - OUTROS HORMÔNIOS CONTRACEPTIVOS SISTÊMICOS	Genérico	Tarja Vermelha	
ENANTATO DE ESTRADIOL;ALGESTONA ACETOFENIDA	PREGNOLAN	G3A9 - OUTROS HORMÔNIOS CONTRACEPTIVOS SISTÊMICOS	Similar	Tarja Vermelha	
ENANTATO DE ESTRADIOL;ALGESTONA ACETOFENIDA	PREG-LESS	G3A9 - OUTROS HORMÔNIOS CONTRACEPTIVOS SISTÊMICOS	Similar	Tarja Vermelha	
ENANTATO DE ESTRADIOL;ALGESTONA ACETOFENIDA	ALGESTONA ACETOFENIDA + ENANTATO DE ESTRADIOL	G3A9 - OUTROS HORMÔNIOS CONTRACEPTIVOS SISTÊMICOS	Genérico	- (*) 	
ENANTATO DE ESTRADIOL;ALGESTONA ACETOFENIDA	PERLUMES	G3A9 - OUTROS HORMÔNIOS CONTRACEPTIVOS SISTÊMICOS	Similar	- (*) 	
ENANTATO DE FLUFENAZINA	FLUFENAN DEPOT	N5A9 - ANTIPSICÓTICOS CONVENCIONAIS	Similar	- (*) 	
ENANTATO DE NORETISTERONA;VALERATO DE ESTRADIOL	ENANTATO DE NORETISTERONA + VALERATO DE ESTRADIOL	G3A9 - OUTROS HORMÔNIOS CONTRACEPTIVOS SISTÊMICOS	Genérico	- (*) 	
ENANTATO DE NORETISTERONA;VALERATO DE ESTRADIOL	ENANTATO DE NORETISTERONA + VALERATO DE ESTRADIOL	G3A9 - OUTROS HORMÔNIOS CONTRACEPTIVOS SISTÊMICOS	Genérico	Tarja Vermelha	
ENANTATO DE NORETISTERONA;VALERATO DE ESTRADIOL	NOREGYNA	G3A9 - OUTROS HORMÔNIOS CONTRACEPTIVOS SISTÊMICOS	Similar	Tarja Vermelha	
ENANTATO DE NORETISTERONA;VALERATO DE ESTRADIOL	MESIGYNA	G3A9 - OUTROS HORMÔNIOS CONTRACEPTIVOS SISTÊMICOS	Novo	Tarja Vermelha	
ENCORAFENIBE	BRAFTOVI	L1H4 - INIBIDORES PREOTEÍNA KINASE ANTINEOPLÁSICOS, BRAF/MEK	Novo	Tarja Vermelha	
ENFLURANO	ENFLURAN	N1A1 - ANESTÉSICOS GERAIS INALANTES	Similar	- (*) 	
ENFORTUMABE VEDOTINA	PADCEV	L1G9 - ANTICORPOS MONOCLONAIS ANTINEOPLÁSICOS, OUTROS	Biológico	Tarja Vermelha	
ENFORTUMABE VEDOTINA	PADCEV	L1G9 - ANTICORPOS MONOCLONAIS ANTINEOPLÁSICOS, OUTROS	Biológico	Tarja Vermelha	
ENFUVIRTIDA	FUZEON	J5C4 - ANTIVIRAIS HIV, INIBIDORES DE ENTRADA	Novo	Tarja Vermelha	
ENOXAPARINA SÓDICA	VERSA	B1B2 - HEPARINAS FRACIONADAS	Biológico	- (*) 	
ENOXAPARINA SÓDICA	ENDOCRIS	B1B2 - HEPARINAS FRACIONADAS	Biológico	- (*) 	
ENOXAPARINA SÓDICA	HEPARINOX	B1B2 - HEPARINAS FRACIONADAS	Biológico	Tarja Vermelha	
ENOXAPARINA SÓDICA	VOLARE	B1B2 - HEPARINAS FRACIONADAS	Biológico	- (*) 	
ENOXAPARINA SÓDICA	ENOXALOW	B1B2 - HEPARINAS FRACIONADAS	Biológico	- (*) 	
ENOXAPARINA SÓDICA	NOXX	B1B2 - HEPARINAS FRACIONADAS	Biológico	Tarja Vermelha	
ENOXAPARINA SÓDICA	GHEMAXAN	B1B2 - HEPARINAS FRACIONADAS	Biológico	- (*) 	
ENOXAPARINA SÓDICA	HYBLUT	B1B2 - HEPARINAS FRACIONADAS	Biológico	Tarja Vermelha	
ENOXAPARINA SÓDICA	ENOKSA	B1B2 - HEPARINAS FRACIONADAS	Biológico	Tarja Vermelha sob restrição	
ENOXAPARINA SÓDICA	CLEXANE	B1B2 - HEPARINAS FRACIONADAS	Biológico	- (*) 	
ENOXAPARINA SÓDICA	CUTENOX	B1B2 - HEPARINAS FRACIONADAS	    -     	- (*) 	
ENOXAPARINA SÓDICA	HEPTRIS	B1B2 - HEPARINAS FRACIONADAS	Biológico	Tarja Vermelha	
ENTACAPONA	COMTAN	N4A - ANTIPARKINSONIANOS	Novo	Tarja Vermelha sob restrição	
ENTACAPONA	ENTARKIN	N4A - ANTIPARKINSONIANOS	Similar	- (*) 	
ENTECAVIR MONOIDRATADO	ENTECAVIR	J5D2 - ANTIVIRAIS PARA HEPATITE B	Genérico	Tarja Vermelha	
ENZALUTAMIDA	ZAYON	L2B2 - HORMÔNIOS ANTIANDROGÊNICOS CITOSTÁTICOS	Similar	Tarja Vermelha	
ENZALUTAMIDA	ENLUTOZA	L2B2 - HORMÔNIOS ANTIANDROGÊNICOS CITOSTÁTICOS	Similar	Tarja Vermelha	
ENZALUTAMIDA	NINDEV	L2B2 - HORMÔNIOS ANTIANDROGÊNICOS CITOSTÁTICOS	Similar	Tarja Vermelha	
ENZALUTAMIDA	XTANDI	L2B2 - HORMÔNIOS ANTIANDROGÊNICOS CITOSTÁTICOS	Novo	Tarja Vermelha	
EPCORITAMABE	EPKINLY	L1G9 - ANTICORPOS MONOCLONAIS ANTINEOPLÁSICOS, OUTROS	Biológico	Tarja Vermelha	
EPINEFRINA	HYFREN	C1C1 - ESTIMULANTES CARDÍACOS EXCLUINDO AGENTES DOPAMINÉRGICOS.	Similar	Tarja Vermelha	
EPINEFRINA	ADREN	C1C1 - ESTIMULANTES CARDÍACOS EXCLUINDO AGENTES DOPAMINÉRGICOS.	Similar	Tarja Vermelha	
EPINEFRINA;BENZENO;MENTOL;BENZOCAÍNA	POMADA DE ERVA DE BICHO ADRENALINA E HAMAMÉLIS COMPOSTA IMESCARD	C5A2 - ANTI-HEMORROIDAIS SEM CORTICOSTERÓIDES	Novo	- (*) 	
EPINEFRINA;CLORIDRATO DE ARTICAÍNA	ARTICAINE	N1B2 - ANESTÉSICOS LOCAIS INJETÁVEIS ODONTOLÓGICOS	Similar	Tarja Vermelha	
EPINEFRINA;CLORIDRATO DE LIDOCAINA	ALPHACAINE	N1B2 - ANESTÉSICOS LOCAIS INJETÁVEIS ODONTOLÓGICOS	Similar	- (*) 	
EPINEFRINA;CLORIDRATO DE MEPIVACAÍNA	MEPIADRE	N1B2 - ANESTÉSICOS LOCAIS INJETÁVEIS ODONTOLÓGICOS	Similar	Tarja Vermelha	
EPINEFRINA;CLORIDRATO DE MEPIVACAÍNA	MEPIVALEM AD	N1B2 - ANESTÉSICOS LOCAIS INJETÁVEIS ODONTOLÓGICOS	Similar	Tarja Vermelha	
EPLERENONA	INSPRA	C3A1 - AGENTES DIURÉTICOS POUPADORES POTÁSSIO PUROS	Novo	Tarja Vermelha	
EPLERENONA	INSPRA	C6A - OUTROS PRODUTOS CARDIOVASCULARES	Novo	Tarja Vermelha	
EPLONTERSENA SÓDICA	WAINUA	N7X - TODOS OS OUTROS PRODUTOS PARA O SISTEMA NERVOSO CENTRAL	Novo	Tarja Vermelha	
ERDAFITINIBE	ERFANDEL	L1H9 - OUTROS ANTINEOPLÁSICOS INIBIDORES DA PROTEÍNA KINASE	Novo	Tarja Vermelha	
ERTAPENÉM SÓDICO	INVANZ	J1P2 - CARBAPENEMES E PENEMES	Novo	Tarja Vermelha	
ERTAPENÉM SÓDICO	ERTAPENÉM SÓDICO	J1P2 - CARBAPENEMES E PENEMES	Genérico	Tarja Vermelha	
ERTAPENÉM SÓDICO	ERTAPENÉM SÓDICO	J1P2 - CARBAPENEMES E PENEMES	Genérico	Tarja Vermelha	
ESCINA;POLISSULFATO DE ESCINA SÓDICA;SALICILATO DE DIETILAMÔNIO	HEMATOM	C5B - TERAPIA ANTIVARICOSA TÓPICA	Específico	Tarja Sem Tarja	
ESCINA;SALICILATO DE DIETILAMÔNIO	REPARIL	C5B - TERAPIA ANTIVARICOSA TÓPICA	Específico	- (*) 	
ESILATO DE NINTEDANIBE	OFEV	R7D - PRODUTOS DE FIBROSE PULMONAR IDIOPÁTICA	Novo	Tarja Vermelha	
ESILATO DE NINTEDANIBE	OKSANA	R7D - PRODUTOS DE FIBROSE PULMONAR IDIOPÁTICA	Similar	Tarja Vermelha	
ESILATO DE NINTEDANIBE	ESILATO DE NINTEDANIBE	R7D - PRODUTOS DE FIBROSE PULMONAR IDIOPÁTICA	Genérico	Tarja Vermelha	
ESILATO DE NINTEDANIBE	NIDHI	R7D - PRODUTOS DE FIBROSE PULMONAR IDIOPÁTICA	Similar	Tarja Vermelha	
ESILATO DE NINTEDANIBE	ESILATO DE NINTEDANIBE	R7D - PRODUTOS DE FIBROSE PULMONAR IDIOPÁTICA	Genérico	Tarja Vermelha	
ESILATO DE NINTEDANIBE	NINDAXEF	R7D - PRODUTOS DE FIBROSE PULMONAR IDIOPÁTICA	Similar	Tarja Vermelha	
ESOMEPRAZOL MAGNÉSICO	ÉSIO	A2B2 - INIBIDORES DA BOMBA DE PRÓTONS	Similar	Tarja Vermelha	
ESOMEPRAZOL MAGNÉSICO	ESOGASTRO	A2B2 - INIBIDORES DA BOMBA DE PRÓTONS	Similar	Tarja Vermelha	
ESOMEPRAZOL MAGNÉSICO	ESOMEPRAZOL MAGNÉSICO TRI-HIDRATADO	A2B2 - INIBIDORES DA BOMBA DE PRÓTONS	Genérico	Tarja Vermelha	
ESOMEPRAZOL MAGNÉSICO	ESMOG	A2B2 - INIBIDORES DA BOMBA DE PRÓTONS	Similar	Tarja Vermelha	
ESOMEPRAZOL MAGNÉSICO	GAESO	A2B2 - INIBIDORES DA BOMBA DE PRÓTONS	Similar	Tarja Vermelha	
ESOMEPRAZOL MAGNÉSICO	MEZOLIUM	A2B2 - INIBIDORES DA BOMBA DE PRÓTONS	Similar	Tarja Vermelha	
ESOMEPRAZOL MAGNÉSICO	ESOMEPRAZOL MAGNÉSICO TRI-HIDRATADO	A2B2 - INIBIDORES DA BOMBA DE PRÓTONS	Genérico	Tarja Vermelha	
ESOMEPRAZOL MAGNÉSICO	NEXIUM	A2B2 - INIBIDORES DA BOMBA DE PRÓTONS	Novo	- (*) 	
ESOMEPRAZOL MAGNÉSICO	ESOMEPRAZOL MAGNÉSIO TRIIDRATADO	A2B2 - INIBIDORES DA BOMBA DE PRÓTONS	Genérico	- (*) 	
ESOMEPRAZOL MAGNÉSICO	ESOMEPRAZOL MAGNÉSICO	A2B2 - INIBIDORES DA BOMBA DE PRÓTONS	Genérico	Tarja Vermelha	
ESOMEPRAZOL MAGNÉSICO	ESOMEX	A2B2 - INIBIDORES DA BOMBA DE PRÓTONS	Similar	Tarja Vermelha	
ESOMEPRAZOL MAGNÉSICO	ESOMEPRAZOL MAGNÉSICO	A2B9 - TODOS OS OUTROS ANTIULCEROSOS	Genérico	Tarja Vermelha	
ESOMEPRAZOL MAGNÉSICO	NEXPRAZIN	A2B2 - INIBIDORES DA BOMBA DE PRÓTONS	Similar	Tarja Vermelha	
ESOMEPRAZOL MAGNÉSICO	ESOMEPRAZOL MAGNÉSICO TRI-HIDRATADO	A2B2 - INIBIDORES DA BOMBA DE PRÓTONS	Genérico	Tarja Vermelha	
ESOMEPRAZOL MAGNÉSICO	ESOMEPRAZOL MAGNÉSICO	A2B2 - INIBIDORES DA BOMBA DE PRÓTONS	Genérico	Tarja Vermelha	
ESOMEPRAZOL MAGNÉSICO DI-HIDRATADO;AMOXICILINA TRI-HIDRATADA;CLARITROMICINA	AMOXICILINA + CLARITROMICINA + ESOMEPRAZOL	A2B2 - INIBIDORES DA BOMBA DE PRÓTONS	Genérico	Tarja Vermelha sob restrição	
ESOMEPRAZOL MAGNÉSICO TRI-HIDRATADO	ESOP	A2B2 - INIBIDORES DA BOMBA DE PRÓTONS	Similar	Tarja Vermelha	
ESOMEPRAZOL MAGNÉSICO TRI-HIDRATADO	ESOMEPRAZOL MAGNÉSICO TRI-HIDRATADO	A2B2 - INIBIDORES DA BOMBA DE PRÓTONS	Genérico	Tarja Vermelha	
ESOMEPRAZOL MAGNÉSICO TRI-HIDRATADO	ESOMEPRAZOL MAGNÉSICO	A2B2 - INIBIDORES DA BOMBA DE PRÓTONS	Genérico	Tarja Vermelha	
ESOMEPRAZOL MAGNÉSICO TRI-HIDRATADO	ESOL XR	A2B2 - INIBIDORES DA BOMBA DE PRÓTONS	Novo	Tarja Vermelha	
ESOMEPRAZOL SÓDICO	MEZP	A2B2 - INIBIDORES DA BOMBA DE PRÓTONS	Similar	Tarja Vermelha	
ESOMEPRAZOL SÓDICO	NEXIUM IV	A2B2 - INIBIDORES DA BOMBA DE PRÓTONS	Novo	- (*) 	
ESOMEPRAZOL SÓDICO	ESOMEPRAZOL SODICO	A2B2 - INIBIDORES DA BOMBA DE PRÓTONS	Genérico	- (*) 	
ESOMEPRAZOL SÓDICO	ESOMEPRAZOL SÓDICO	A2B2 - INIBIDORES DA BOMBA DE PRÓTONS	Genérico	Tarja Vermelha	
ESOMEPRAZOL SÓDICO	EZHYUM	A2B2 - INIBIDORES DA BOMBA DE PRÓTONS	Similar	Tarja Vermelha	
ESOMEPRAZOL SÓDICO	ESOMEPRAZOL SÓDICO	A2B2 - INIBIDORES DA BOMBA DE PRÓTONS	Genérico	Tarja Vermelha	
ESPESOLIMABE	SPEVIGO	L4C - INIBIDORES DA INTERLEUCINA	Biológico	Tarja Vermelha	
ESPIRAMICINA	ROVAMICINA	J1F - MACROLIDEOS E SIMILARES	Novo	Tarja Vermelha sob restrição	
ESPIRONOLACTONA	ESPIRONOLACTONA	C3A1 - AGENTES DIURÉTICOS POUPADORES POTÁSSIO PUROS	Genérico	- (*) 	
ESPIRONOLACTONA	DIACQUA	C3A1 - AGENTES DIURÉTICOS POUPADORES POTÁSSIO PUROS	Similar	Tarja Vermelha	
ESPIRONOLACTONA	ESPIRONOLACTONA	C3A1 - AGENTES DIURÉTICOS POUPADORES POTÁSSIO PUROS	Genérico	Tarja Vermelha	
ESPIRONOLACTONA	ESPIRONOLACTONA	C3A1 - AGENTES DIURÉTICOS POUPADORES POTÁSSIO PUROS	Genérico	Tarja Vermelha	
ESPIRONOLACTONA	ESPIRONOLACTONA	C3A1 - AGENTES DIURÉTICOS POUPADORES POTÁSSIO PUROS	Genérico	Tarja Vermelha	
ESPIRONOLACTONA	ESPIRONOLACTONA	C3A1 - AGENTES DIURÉTICOS POUPADORES POTÁSSIO PUROS	Genérico	Tarja Vermelha	
ESPIRONOLACTONA	ALDACTONE	C3A1 - AGENTES DIURÉTICOS POUPADORES POTÁSSIO PUROS	Novo	- (*) 	
ESPIRONOLACTONA	ESPIRONOLACTONA	C3A1 - AGENTES DIURÉTICOS POUPADORES POTÁSSIO PUROS	Genérico	Tarja Sem Tarja	
ESPIRONOLACTONA;HIDROCLOROTIAZIDA	ALDAZIDA	C3A5 - AGENTES DIURÉTICOS POUPADORES DE POTÁSSIO ASSOCIADOS COM TIAZIDAS E/OU ANÁLOGOS	Novo	Tarja Vermelha	
ESTAVUDINA	SVUDIN	J5C1 - ANTIVIRAIS ANTI-HIV INIBIDORES DA TRANSCRIPTASE REVERSA NUCLEOSÍDEOS E NUCLEOTÍDEOS	Similar	- (*) 	
ESTAZOLAM	NOCTAL	N5B1 - HIPNÓTICOS E SEDATIVOS NÃO BARBITÚRICOS PUROS	Novo	- (*) 	
ESTOLATO DE ERITROMICINA	RUBROMICIN	J1F - MACROLIDEOS E SIMILARES	Similar	- (*) 	
ESTRADIOL	SANDRENA	G2F - HORMÔNIOS SEXUAIS TÓPICOS	Novo	Tarja Vermelha	
ESTRADIOL	SANDRENA	G2F - HORMÔNIOS SEXUAIS TÓPICOS	Novo	- (*) 	
ESTRADIOL HEMI-HIDRATADO	NATIFA	G3C - ESTRÓGENOS EXCLUINDO G3A, G3E, G3F	Similar	- (*) 	
ESTRADIOL HEMI-HIDRATADO	ESTRADOT	G3C - ESTRÓGENOS EXCLUINDO G3A, G3E, G3F	Similar	Tarja Vermelha	
ESTRADIOL HEMI-HIDRATADO	SYSTEN	G3C - ESTRÓGENOS EXCLUINDO G3A, G3E, G3F	Novo	Tarja Vermelha	
ESTRADIOL HEMI-HIDRATADO	ESTREVA	G2F - HORMÔNIOS SEXUAIS TÓPICOS	Novo	Tarja Vermelha	
ESTRADIOL HEMI-HIDRATADO	OESTROGEL	G2F - HORMÔNIOS SEXUAIS TÓPICOS	Novo	Tarja Vermelha	
ESTRADIOL HEMI-HIDRATADO	VAGIFEM	G3C - ESTRÓGENOS EXCLUINDO G3A, G3E, G3F	Novo	Tarja Vermelha	
ESTRADIOL HEMI-HIDRATADO	LENZETTO	G3C - ESTRÓGENOS EXCLUINDO G3A, G3E, G3F	Novo	Tarja Vermelha	
ESTRADIOL HEMI-HIDRATADO;ACETATO DE NOMEGESTROL	IZIZ	G3A2 - HORMÔNIOS CONTRACEPTIVOS MONOFÁSICOS COM ESTROGÊNIOS >=50MCG	Similar	Tarja Vermelha	
ESTRADIOL HEMI-HIDRATADO;ACETATO DE NOMEGESTROL	STEZZA	G3A2 - HORMÔNIOS CONTRACEPTIVOS MONOFÁSICOS COM ESTROGÊNIOS >=50MCG	Novo	Tarja Vermelha	
ESTRADIOL HEMI-HIDRATADO;ACETATO DE NORETISTERONA	NATIFA PRO	G3F - ASSOCIAÇÕES DE ESTRÓGENOS E PROGESTÓGENOS	Similar	- (*) 	
ESTRADIOL HEMI-HIDRATADO;ACETATO DE NORETISTERONA	NATIFA PRO UBD	G3F - ASSOCIAÇÕES DE ESTRÓGENOS E PROGESTÓGENOS	Novo	Tarja Vermelha	
ESTRADIOL HEMI-HIDRATADO;ACETATO DE NORETISTERONA	SYSTEN CONTI	G3F - ASSOCIAÇÕES DE ESTRÓGENOS E PROGESTÓGENOS	Similar	Tarja Vermelha	
ESTRADIOL HEMI-HIDRATADO;ACETATO DE NORETISTERONA	SYSTEN SEQUI	G3F - ASSOCIAÇÕES DE ESTRÓGENOS E PROGESTÓGENOS	Similar	Tarja Vermelha	
ESTRADIOL HEMI-HIDRATADO;DIDROGESTERONA	FEMOSTON	G3F - ASSOCIAÇÕES DE ESTRÓGENOS E PROGESTÓGENOS	Novo	- (*) 	
ESTRADIOL HEMI-HIDRATADO;DROSPIRENONA	CECI	G3F - ASSOCIAÇÕES DE ESTRÓGENOS E PROGESTÓGENOS	Similar	Tarja Vermelha	
ESTRADIOL HEMI-HIDRATADO;DROSPIRENONA	ESTRADIOL + DROSPIRENONA	G3F - ASSOCIAÇÕES DE ESTRÓGENOS E PROGESTÓGENOS	Genérico	Tarja Vermelha	
ESTRADIOL HEMI-HIDRATADO;DROSPIRENONA	NUANCE	G3F - ASSOCIAÇÕES DE ESTRÓGENOS E PROGESTÓGENOS	Similar	Tarja Vermelha	
ESTRADIOL HEMI-HIDRATADO;DROSPIRENONA	ESTRADIOL + DROSPIRENONA	G3F - ASSOCIAÇÕES DE ESTRÓGENOS E PROGESTÓGENOS	Genérico	Tarja Vermelha	
ESTRADIOL HEMI-HIDRATADO;DROSPIRENONA	ANGELIQ	G3F - ASSOCIAÇÕES DE ESTRÓGENOS E PROGESTÓGENOS	Novo	Tarja Vermelha	
ESTRADIOL;ACETATO DE NORETISTERONA	ESTALIS	G3F - ASSOCIAÇÕES DE ESTRÓGENOS E PROGESTÓGENOS	Novo	Tarja Vermelha	
ESTRADIOL;ACETATO DE NORETISTERONA	ESTRADIOL+ACETATO DE NORETISTERONA	G3F - ASSOCIAÇÕES DE ESTRÓGENOS E PROGESTÓGENOS	Genérico	- (*) 	
ESTRADIOL;ACETATO DE NORETISTERONA	SUPREMA	G3F - ASSOCIAÇÕES DE ESTRÓGENOS E PROGESTÓGENOS	Similar	- (*) 	
ESTRIOL	OVESTRION	G3C - ESTRÓGENOS EXCLUINDO G3A, G3E, G3F	Novo	Tarja Vermelha	
ESTRIOL	STELE	G3C - ESTRÓGENOS EXCLUINDO G3A, G3E, G3F	Similar	Tarja Vermelha	
ESTRIOL	ESTRIOL	G3C - ESTRÓGENOS EXCLUINDO G3A, G3E, G3F	Genérico	Tarja Vermelha	
ESTRIOL	ESTRIONIL	G3C - ESTRÓGENOS EXCLUINDO G3A, G3E, G3F	Similar	Tarja Vermelha	
ESTROGÊNIOS CONJUGADOS	MENOPRIN	G3C - ESTRÓGENOS EXCLUINDO G3A, G3E, G3F	Similar	Tarja Vermelha	
ESZOPICLONA	PRYSMA	N5B1 - HIPNÓTICOS E SEDATIVOS NÃO BARBITÚRICOS PUROS	Novo	Tarja Preta	
ESZOPICLONA	EZONIA	N5B1 - HIPNÓTICOS E SEDATIVOS NÃO BARBITÚRICOS PUROS	Similar	Tarja Preta	
ESZOPICLONA	ESZOPICLONA	N5B1 - HIPNÓTICOS E SEDATIVOS NÃO BARBITÚRICOS PUROS	Genérico	Tarja Preta	
ESZOPICLONA	HEZO	N5B1 - HIPNÓTICOS E SEDATIVOS NÃO BARBITÚRICOS PUROS	Similar	Tarja Preta	
ESZOPICLONA	TORREM	N5B1 - HIPNÓTICOS E SEDATIVOS NÃO BARBITÚRICOS PUROS	Similar	Tarja Preta	
ESZOPICLONA	ESZOPICLONA	N5B1 - HIPNÓTICOS E SEDATIVOS NÃO BARBITÚRICOS PUROS	Genérico	Tarja Preta	
ESZOPICLONA	ESZOPICLONA	N5B1 - HIPNÓTICOS E SEDATIVOS NÃO BARBITÚRICOS PUROS	Genérico	Tarja Preta	
ESZOPICLONA	SOUL	N5B1 - HIPNÓTICOS E SEDATIVOS NÃO BARBITÚRICOS PUROS	Similar	Tarja Preta	
ESZOPICLONA	ECZO	N5B1 - HIPNÓTICOS E SEDATIVOS NÃO BARBITÚRICOS PUROS	Similar	Tarja Preta	
ESZOPICLONA	ESZOPICLONA	N5B1 - HIPNÓTICOS E SEDATIVOS NÃO BARBITÚRICOS PUROS	Genérico	Tarja Preta	
ESZOPICLONA	ESZOPICLONA	N5B1 - HIPNÓTICOS E SEDATIVOS NÃO BARBITÚRICOS PUROS	Genérico	Tarja Preta	
ESZOPICLONA	ESZOPICLONA	N5B1 - HIPNÓTICOS E SEDATIVOS NÃO BARBITÚRICOS PUROS	Genérico	Tarja Preta	
ETABONATO DE LOTEPREDNOL	LOTEPROL	S1B - CORTICOSTERÓIDES OFTALMOLÓGICOS	Novo	- (*) 	
ETABONATO DE LOTEPREDNOL;TOBRAMICINA	ZYLET	S1C1 - ASSOCIAÇÕES OFTALMOLÓGICAS CORTICOSTERÓIDES COM ANTIINFECCIOSOS	Novo	Tarja Vermelha sob restrição	
ETANERCEPTE	ERELZI	L4B - PRODUTOS ANTI-TNF( FATOR DE NECROSE TUMORAL)	Biológico	Tarja Vermelha	
ETANERCEPTE	ENBREL PFS	L4B - PRODUTOS ANTI-TNF( FATOR DE NECROSE TUMORAL)	Biológico	- (*) 	
ETANERCEPTE	ENBREL	L4B - PRODUTOS ANTI-TNF( FATOR DE NECROSE TUMORAL)	Biológico	- (*) 	
ETANERCEPTE	BIO-MANGUINHOS ETANERCEPTE	L4B - PRODUTOS ANTI-TNF( FATOR DE NECROSE TUMORAL)	Biológico	- (*) 	
ETANERCEPTE	NEPEXTO	L4B - PRODUTOS ANTI-TNF( FATOR DE NECROSE TUMORAL)	Biológico	- (*) 	
ETANERCEPTE	BRENZYS	L4B - PRODUTOS ANTI-TNF( FATOR DE NECROSE TUMORAL)	Biológico	Tarja Vermelha	
ETANOLATO DE DARUNAVIR	DARUNAVIR	J5C2 - INIBIDORES DA PROTEASE	Genérico	Tarja Vermelha	
ETINILESTRADIOL	DROSPIRENONA + ETINILESTRADIOL	G3A1 - HORMÔNIOS CONTRACEPTIVOS MONOFÁSICOS COM ESTROGÊNIOS <50MCG	Genérico	Tarja Vermelha	
ETINILESTRADIOL	DALYNE	G3A1 - HORMÔNIOS CONTRACEPTIVOS MONOFÁSICOS COM ESTROGÊNIOS <50MCG	Similar	Tarja Vermelha	
ETINILESTRADIOL	LYDIAN	G3A1 - HORMÔNIOS CONTRACEPTIVOS MONOFÁSICOS COM ESTROGÊNIOS <50MCG	Similar	Tarja Vermelha	
ETINILESTRADIOL;ACETATO DE NORETISTERONA	PRIMOSISTON	G3F - ASSOCIAÇÕES DE ESTRÓGENOS E PROGESTÓGENOS	Novo	Tarja Vermelha	
ETINILESTRADIOL;ACETATO DE NORETISTERONA	PRIMOSISTON	G3F - ASSOCIAÇÕES DE ESTRÓGENOS E PROGESTÓGENOS	Novo	Tarja Vermelha	
ETINILESTRADIOL;DROSPIRENONA	ELANI	G3A1 - HORMÔNIOS CONTRACEPTIVOS MONOFÁSICOS COM ESTROGÊNIOS <50MCG	Novo	Tarja Vermelha	
ETINILESTRADIOL;DROSPIRENONA	ELANI CICLO	G3A1 - HORMÔNIOS CONTRACEPTIVOS MONOFÁSICOS COM ESTROGÊNIOS <50MCG	Similar	Tarja Vermelha	
ETINILESTRADIOL;DROSPIRENONA	IUMI	G3A1 - HORMÔNIOS CONTRACEPTIVOS MONOFÁSICOS COM ESTROGÊNIOS <50MCG	Similar	Tarja Vermelha	
ETINILESTRADIOL;DROSPIRENONA	MOLIÈRI	G3A1 - HORMÔNIOS CONTRACEPTIVOS MONOFÁSICOS COM ESTROGÊNIOS <50MCG	Similar	Tarja Vermelha	
ETINILESTRADIOL;DROSPIRENONA	DROSPIRENONA + ETINILESTRADIOL	G3A1 - HORMÔNIOS CONTRACEPTIVOS MONOFÁSICOS COM ESTROGÊNIOS <50MCG	Genérico	- (*) 	
ETINILESTRADIOL;DROSPIRENONA	LYLLAS	G3A1 - HORMÔNIOS CONTRACEPTIVOS MONOFÁSICOS COM ESTROGÊNIOS <50MCG	Similar	Tarja Vermelha	
ETINILESTRADIOL;DROSPIRENONA	DROSPIRENONA + ETINILESTRADIOL	G3A1 - HORMÔNIOS CONTRACEPTIVOS MONOFÁSICOS COM ESTROGÊNIOS <50MCG	Genérico	Tarja Vermelha	
ETINILESTRADIOL;DROSPIRENONA	DROSPIRENONA+ETINILESTRADIOL	G3A1 - HORMÔNIOS CONTRACEPTIVOS MONOFÁSICOS COM ESTROGÊNIOS <50MCG	Genérico	Tarja Vermelha	
ETINILESTRADIOL;DROSPIRENONA	INGRID	G3A1 - HORMÔNIOS CONTRACEPTIVOS MONOFÁSICOS COM ESTROGÊNIOS <50MCG	Similar	Tarja Vermelha	
ETINILESTRADIOL;DROSPIRENONA	DROSPERINONA + ETINILESTRADIOL	G3A1 - HORMÔNIOS CONTRACEPTIVOS MONOFÁSICOS COM ESTROGÊNIOS <50MCG	Genérico	Tarja Vermelha	
ETINILESTRADIOL;DROSPIRENONA	ELÔ	G3A1 - HORMÔNIOS CONTRACEPTIVOS MONOFÁSICOS COM ESTROGÊNIOS <50MCG	Similar	Tarja Vermelha	
ETINILESTRADIOL;DROSPIRENONA	DIVA 30	G3A1 - HORMÔNIOS CONTRACEPTIVOS MONOFÁSICOS COM ESTROGÊNIOS <50MCG	Similar	Tarja Vermelha	
ETINILESTRADIOL;DROSPIRENONA	DIVA 20	G3A1 - HORMÔNIOS CONTRACEPTIVOS MONOFÁSICOS COM ESTROGÊNIOS <50MCG	Similar	Tarja Vermelha	
ETINILESTRADIOL;DROSPIRENONA	FEMINIQUE CONTI	G3A1 - HORMÔNIOS CONTRACEPTIVOS MONOFÁSICOS COM ESTROGÊNIOS <50MCG	Similar	Tarja Vermelha	
ETINILESTRADIOL;DROSPIRENONA	DROSPIRENONA + ETINILESTRADIOL	G3A1 - HORMÔNIOS CONTRACEPTIVOS MONOFÁSICOS COM ESTROGÊNIOS <50MCG	Genérico	Tarja Vermelha	
ETINILESTRADIOL;DROSPIRENONA	FEMINIQUE 30	G3A1 - HORMÔNIOS CONTRACEPTIVOS MONOFÁSICOS COM ESTROGÊNIOS <50MCG	Similar	Tarja Vermelha	
ETINILESTRADIOL;DROSPIRENONA	FEMINIQUE 20	G3A1 - HORMÔNIOS CONTRACEPTIVOS MONOFÁSICOS COM ESTROGÊNIOS <50MCG	Similar	Tarja Vermelha	
ETINILESTRADIOL;DROSPIRENONA	DROSPERINONA + ETINILESTRADIOL	G3A1 - HORMÔNIOS CONTRACEPTIVOS MONOFÁSICOS COM ESTROGÊNIOS <50MCG	Genérico	Tarja Vermelha	
ETINILESTRADIOL;DROSPIRENONA	DROSPERINONA + ETINILESTRADIOL	G3A1 - HORMÔNIOS CONTRACEPTIVOS MONOFÁSICOS COM ESTROGÊNIOS <50MCG	Genérico	Tarja Vermelha	
ETINILESTRADIOL;DROSPIRENONA	FUCSIA FEM	G3A1 - HORMÔNIOS CONTRACEPTIVOS MONOFÁSICOS COM ESTROGÊNIOS <50MCG	Similar	Tarja Vermelha	
ETINILESTRADIOL;DROSPIRENONA	FUCSIA MINUS	G3A1 - HORMÔNIOS CONTRACEPTIVOS MONOFÁSICOS COM ESTROGÊNIOS <50MCG	Similar	Tarja Vermelha	
ETINILESTRADIOL;DROSPIRENONA	DROSPIRENONA + ETINILESTRADIOL	G3A1 - HORMÔNIOS CONTRACEPTIVOS MONOFÁSICOS COM ESTROGÊNIOS <50MCG	Genérico	Tarja Vermelha	
ETINILESTRADIOL;DROSPIRENONA	DROSPIRENONA+ETINILESTRADIOL	G3A1 - HORMÔNIOS CONTRACEPTIVOS MONOFÁSICOS COM ESTROGÊNIOS <50MCG	Genérico	Tarja Vermelha	
ETINILESTRADIOL;DROSPIRENONA	DROSPIRENONA + ETINILESTRADIOL	G3A1 - HORMÔNIOS CONTRACEPTIVOS MONOFÁSICOS COM ESTROGÊNIOS <50MCG	Genérico	Tarja Vermelha	
ETINILESTRADIOL;DROSPIRENONA	NIKI	G3A1 - HORMÔNIOS CONTRACEPTIVOS MONOFÁSICOS COM ESTROGÊNIOS <50MCG	Similar	Tarja Vermelha	
ETINILESTRADIOL;DROSPIRENONA	DROSPIRENONA + ETINILESTRADIOL	G3A1 - HORMÔNIOS CONTRACEPTIVOS MONOFÁSICOS COM ESTROGÊNIOS <50MCG	Genérico	Tarja Vermelha	
ETINILESTRADIOL;DROSPIRENONA	MEGY	G3A1 - HORMÔNIOS CONTRACEPTIVOS MONOFÁSICOS COM ESTROGÊNIOS <50MCG	Similar	Tarja Vermelha	
ETINILESTRADIOL;DROSPIRENONA	PREVYASM	G3A1 - HORMÔNIOS CONTRACEPTIVOS MONOFÁSICOS COM ESTROGÊNIOS <50MCG	Similar	Tarja Vermelha	
ETINILESTRADIOL;DROSPIRENONA	YASMIN	G3A1 - HORMÔNIOS CONTRACEPTIVOS MONOFÁSICOS COM ESTROGÊNIOS <50MCG	Novo	Tarja Vermelha	
ETIONAMIDA	FARMANGUINHOS - ETIONAMIDA	J4A1 - ANTITUBERCULOSOS PUROS	Similar	Tarja Vermelha sob restrição	
ETODOLACO	ETODOLACO	M1A1 - ANTIRREUMÁTICOS NÃO ESTEROIDAIS PUROS	Genérico	Tarja Vermelha	
ETODOLACO	DORE	M1A1 - ANTIRREUMÁTICOS NÃO ESTEROIDAIS PUROS	Similar	Tarja Vermelha	
ETODOLACO	LARC	M1A1 - ANTIRREUMÁTICOS NÃO ESTEROIDAIS PUROS	Similar	Tarja Vermelha	
ETODOLACO	ETODOLACO	M1A1 - ANTIRREUMÁTICOS NÃO ESTEROIDAIS PUROS	Genérico	Tarja Vermelha	
ETODOLACO	FLANCOX	M1A1 - ANTIRREUMÁTICOS NÃO ESTEROIDAIS PUROS	Novo	Tarja Vermelha	
ETODOLACO	ETODOLACO	M1A1 - ANTIRREUMÁTICOS NÃO ESTEROIDAIS PUROS	Genérico	Tarja Vermelha	
ETODOLACO	IPAGLIN	M1A1 - ANTIRREUMÁTICOS NÃO ESTEROIDAIS PUROS	Similar	Tarja Vermelha	
ETODOLACO	ETOD	M1A1 - ANTIRREUMÁTICOS NÃO ESTEROIDAIS PUROS	Similar	Tarja Vermelha	
ETODOLACO	KETALGI	M1A1 - ANTIRREUMÁTICOS NÃO ESTEROIDAIS PUROS	Similar	Tarja Vermelha	
ETODOLACO	FLANOLACO	M1A1 - ANTIRREUMÁTICOS NÃO ESTEROIDAIS PUROS	Similar	Tarja Vermelha	
ETODOLACO	ETODOLACO	M1A1 - ANTIRREUMÁTICOS NÃO ESTEROIDAIS PUROS	Genérico	Tarja Vermelha	
ETODOLACO	ETODOLACO	M1A1 - ANTIRREUMÁTICOS NÃO ESTEROIDAIS PUROS	Genérico	Tarja Vermelha	
ETODOLACO	ETODOLACO	M1A1 - ANTIRREUMÁTICOS NÃO ESTEROIDAIS PUROS	Genérico	Tarja Vermelha	
ETODOLACO	TODOC	M1A1 - ANTIRREUMÁTICOS NÃO ESTEROIDAIS PUROS	Similar	Tarja Vermelha	
ETOMIDATO	ETOMIDATO	N1A2 - ANESTÉSICOS GERAIS INJETÁVEIS	Genérico	Tarja Vermelha sob restrição	
ETOMIDATO	ETOMIDATO	N1A2 - ANESTÉSICOS GERAIS INJETÁVEIS	Genérico	- (*) 	
ETOMIDATO	EPTOMYDEX	N1A2 - ANESTÉSICOS GERAIS INJETÁVEIS	Similar	Tarja Vermelha sob restrição	
ETOMIDATO	HYPNOMIDATE	N1A2 - ANESTÉSICOS GERAIS INJETÁVEIS	Novo	Tarja Vermelha sob restrição	
ETONOGESTREL	IMPLANON	G3A9 - OUTROS HORMÔNIOS CONTRACEPTIVOS SISTÊMICOS	Novo	Tarja Vermelha	
ETONOGESTREL	INSERZI	G3A9 - OUTROS HORMÔNIOS CONTRACEPTIVOS SISTÊMICOS	Similar	Tarja Vermelha	
ETONOGESTREL	IMPLANON	G3A9 - OUTROS HORMÔNIOS CONTRACEPTIVOS SISTÊMICOS	Novo	Tarja Vermelha	
ETONOGESTREL;ETINILESTRADIOL	NUVARING	G3A9 - OUTROS HORMÔNIOS CONTRACEPTIVOS SISTÊMICOS	Novo	Tarja Vermelha	
ETONOGESTREL;ETINILESTRADIOL	LIVANEL	G3A9 - OUTROS HORMÔNIOS CONTRACEPTIVOS SISTÊMICOS	Similar	Tarja Vermelha	
ETONOGESTREL;ETINILESTRADIOL	EXELRING	G3A9 - OUTROS HORMÔNIOS CONTRACEPTIVOS SISTÊMICOS	Similar	Tarja Vermelha	
ETOPOSÍDEO	EPÓSIDO	L1C4 - AGENTES ANTINEOPLÁSICOS PODOFILOTOXINAS	Similar	- (*) 	
ETOPOSÍDEO	EVOPOSDO	L1C4 - AGENTES ANTINEOPLÁSICOS PODOFILOTOXINAS	Similar	- (*) 	
ETORICOXIBE	ARCOXIA	M1A3 - COXIBS	Novo	Tarja Vermelha sob restrição	
ETORICOXIBE	HETORI	M1A3 - COXIBS	Similar	Tarja Vermelha sob restrição	
ETORICOXIBE	ETORICOXIBE	M1A3 - COXIBS	Genérico	Tarja Vermelha sob restrição	
ETORICOXIBE	ETORICOXIBE	M1A3 - COXIBS	Genérico	Tarja Vermelha sob restrição	
ETORICOXIBE	TEROCOXI	M1A3 - COXIBS	Similar	Tarja Vermelha sob restrição	
ETORICOXIBE	ETCOB	M1A3 - COXIBS	Similar	Tarja Vermelha sob restrição	
ETORICOXIBE	SOTTO	M1A3 - COXIBS	Similar	Tarja Vermelha sob restrição	
ETORICOXIBE	ALIVETORE	M1A3 - COXIBS	Similar	Tarja Vermelha sob restrição	
ETORICOXIBE	TORXIS	M1A3 - COXIBS	Similar	Tarja Vermelha sob restrição	
ETORICOXIBE	ETORICOXIBE	M1A3 - COXIBS	Genérico	Tarja Vermelha sob restrição	
ETORICOXIBE	ETORBEN	M1A3 - COXIBS	Similar	Tarja Vermelha sob restrição	
ETORICOXIBE	COXETO	M1A3 - COXIBS	Similar	Tarja Vermelha sob restrição	
ETORICOXIBE	ETORICOXIBE	M1A3 - COXIBS	Genérico	Tarja Vermelha sob restrição	
ETORICOXIBE	XUMER	M1A3 - COXIBS	Similar	Tarja Vermelha sob restrição	
ETORICOXIBE	ETORICOXIBE	M1A3 - COXIBS	Genérico	Tarja Vermelha sob restrição	
ETORICOXIBE	ETORICOXIBE	M1A3 - COXIBS	Genérico	Tarja Vermelha sob restrição	
ETORICOXIBE	ETORICOXIBE	M1A3 - COXIBS	Genérico	Tarja Vermelha sob restrição	
ETORICOXIBE	ETORICOXIBE	M1A3 - COXIBS	Genérico	Tarja Vermelha sob restrição	
ETORICOXIBE	LERAW	M1A3 - COXIBS	Similar	Tarja Vermelha sob restrição	
ETORICOXIBE	ETORICOXIBE	M1A3 - COXIBS	Genérico	Tarja Vermelha sob restrição	
ETORICOXIBE	ETORICOXIBE	M1A3 - COXIBS	Genérico	Tarja Vermelha sob restrição	
ETORICOXIBE	ECOXE	M1A3 - COXIBS	Similar	Tarja Vermelha sob restrição	
ETORICOXIBE	ETORICOXIBE	M1A3 - COXIBS	Genérico	Tarja Vermelha sob restrição	
ETOSSUXIMIDA	ETOXIN	N3A - ANTIEPILÉPTICOS	Similar	Tarja Vermelha sob restrição	
ETRAVIRINA	INTELENCE	J5C3 - INIBDORES DA TRANSCRIPTASE REVERSA NÃO NUCLEOSÍDEOS	Novo	Tarja Vermelha	
EUCALIPTO;MENTOL;CÂNFORA	VICK VAPORUB	R4A - UNGUENTOS PERCUTÂNEOS E OUTROS INALANTES	Específico	Tarja Sem Tarja	
EUCALIPTUS GLOBULUS  LABILL	BRONQUIVITA	R5C - EXPECTORANTES	Fitoterápico	- (*) 	
EVEROLIMO	CERTICAN	L4X - OUTROS IMUNOSSUPRESSORES	Novo	Tarja Vermelha	
EVEROLIMO	AFINITOR	L1H9 - OUTROS ANTINEOPLÁSICOS INIBIDORES DA PROTEÍNA KINASE	Novo	Tarja Vermelha	
EVEROLIMO	EVEROLIMO	L4X - OUTROS IMUNOSSUPRESSORES	Genérico	Tarja Vermelha	
EVEROLIMO	EVEROLIMO	L4X - OUTROS IMUNOSSUPRESSORES	Genérico	Tarja Vermelha	
EVEROLIMO	EVEROLIMO	L4X - OUTROS IMUNOSSUPRESSORES	Genérico	Tarja Vermelha	
EVEROLIMO	EVEROLIMO	L1H9 - OUTROS ANTINEOPLÁSICOS INIBIDORES DA PROTEÍNA KINASE	Genérico	Tarja Vermelha	
EVEROLIMO	TORHANZ	L1H9 - OUTROS ANTINEOPLÁSICOS INIBIDORES DA PROTEÍNA KINASE	Similar	Tarja Vermelha	
EVEROLIMO	EVEROLIMO	L4X - OUTROS IMUNOSSUPRESSORES	Genérico	Tarja Vermelha	
EVEROLIMO	EVEROLIMO	L1H9 - OUTROS ANTINEOPLÁSICOS INIBIDORES DA PROTEÍNA KINASE	Genérico	Tarja Vermelha	
EVEROLIMO	EXHER	L1H9 - OUTROS ANTINEOPLÁSICOS INIBIDORES DA PROTEÍNA KINASE	Similar	Tarja Vermelha	
EVINACUMABE	EVKEEZA	C10A9 - PRODUTOS REGULADORES DE LÍPIDIOS, OUTROS	Biológico	Tarja Vermelha	
EVOLOCUMABE	REPATHA	C10A4 - INIBIDORES DA PRÓ-PROTEINA CONVERTASE SUBTILISINA/KEXINA TIPO 9 (PCSK9)	Biológico	Tarja Vermelha	
EXEMESTANO	PROEXTY	L2B3 - CITOSTÁTICOS INIBIDORES DA AROMATASE	Similar	Tarja Vermelha	
EXEMESTANO	AROMASIN	L2B3 - CITOSTÁTICOS INIBIDORES DA AROMATASE	Novo	Tarja Vermelha	
EXEMESTANO	EXEMESTANO	L2B3 - CITOSTÁTICOS INIBIDORES DA AROMATASE	Genérico	Tarja Vermelha	
EXEMESTANO	EMAH	L2B3 - CITOSTÁTICOS INIBIDORES DA AROMATASE	Similar	Tarja Vermelha	
EXEMESTANO	EXEMESTANO	L2B3 - CITOSTÁTICOS INIBIDORES DA AROMATASE	Genérico	Tarja Vermelha	
EXTRATO DA SEMENTE DE GLYCINE SOJA (SOJA)	PAUSEFEMME	V3X - TODOS OS OUTROS PRODUTOS TERAPÊUTICOS	Fitoterápico	Tarja Sem Tarja	
EXTRATO DE AESCULUS HIPPOCASTANUM (CASTANHA-DA-ÍNDIA)	VARISBEM	C5C - VASOPROTETORES SISTÊMICOS	Fitoterápico	Tarja Sem Tarja	
EXTRATO DE GINKGO BILOBA	TEBONIN	C4A1 - VASOTERAPÊUTICOS CEREBRAIS E PERIFÉRICOS, EXCLUINDO ANTOAGONISTAS DE CÁLCIO COM AÇÃO CEREBRAL	Fitoterápico	Tarja Vermelha	
EXTRATO DE GINKGO BILOBA	FITOBILOBA	C4A1 - VASOTERAPÊUTICOS CEREBRAIS E PERIFÉRICOS, EXCLUINDO ANTOAGONISTAS DE CÁLCIO COM AÇÃO CEREBRAL	Fitoterápico	Tarja Vermelha	
EXTRATO DE HEDERA HELIX (HERA)	HEDERA CIMED	R5C - EXPECTORANTES	Fitoterápico	Tarja Sem Tarja	
EXTRATO DE SYMPHYTUM OFFICINALE	FLEXIVE CDM	D5X - OUTROS PRODUTOS ANTI-INFLAMATÓRIOS NÃO ESTEROIDAIS DERMATOLÓGICOS	Fitoterápico	Tarja Sem Tarja	
EXTRATO FLUIDO DE CASCA DE LARANJA AMARGA;SALICILATO DE SÓDIO;TINTURA AGONIADA PLUMÉRIA;EXTRATO FLUIDO DE PASSIFLORA ALATA	A SAÚDE DA MULHER	G2X1 - ANTIESPASMÓDICOS GINECOLÓGICOS	Novo	- (*) 	
EXTRATO SECO DE AESCULUS HIPPOCASTANUM L.	FITOVEIN FLUX	C5C - VASOPROTETORES SISTÊMICOS	Fitoterápico	Tarja Sem Tarja	
EXTRATO SECO DE AESCULUS HIPPOCASTANUM L.	VENOCEL	C5C - VASOPROTETORES SISTÊMICOS	Fitoterápico	Tarja Sem Tarja	
EXTRATO SECO DE HYPERICUM PERFORATUM L	HIPERICIN	N6A2 - ANTIDEPRESSIVOS DE ORIGEM HERBÁCEA	Fitoterápico	Tarja Vermelha	
EXTRATO SECO DE HYPERICUM PERFORATUM L	HIPÉRICO HERBARIUM	N6A2 - ANTIDEPRESSIVOS DE ORIGEM HERBÁCEA	Fitoterápico	- (*) 	
EXTRATO SECO DE PASSIFLORA	FIQUEZEN	N5C - TRANQUILIZANTES	Fitoterápico	Tarja Sem Tarja	
EXTRATO SECO DE VALERIANA OFFICINALIS L.	VALERANCE	N5B5 - HIPNÓTICOS E SEDATIVOS HERBÁCEOS	Fitoterápico	Tarja Vermelha	
EXTRATO SECO DE VALERIANA OFFICINALIS L.	SONOTABS	N5B5 - HIPNÓTICOS E SEDATIVOS HERBÁCEOS	Fitoterápico	Tarja Vermelha	
EXTRATO SECO DE VALERIANA OFFICINALIS L.	VALSED	N5B5 - HIPNÓTICOS E SEDATIVOS HERBÁCEOS	Fitoterápico	Tarja Vermelha	
EXTRATO SECO DE VALERIANA OFFICINALIS L.	VALESSONE	N5B5 - HIPNÓTICOS E SEDATIVOS HERBÁCEOS	Fitoterápico	- (*) 	
EXTRATOS ALERGÊNICOS DE INSETOS SUGADORES	INSETIVAC	T2X9 - TODOS OS OUTROS TESTES DIAGNÓSTICOS	Biológico	- (*) 	
EZETIMIBA	EZETROL	C10A9 - PRODUTOS REGULADORES DE LÍPIDIOS, OUTROS	Novo	- (*) 	
EZETIMIBA	ZETIA	C10A9 - PRODUTOS REGULADORES DE LÍPIDIOS, OUTROS	Novo	Tarja Vermelha	
EZETIMIBA	EZETIMIBA	C10A9 - PRODUTOS REGULADORES DE LÍPIDIOS, OUTROS	Genérico	Tarja Vermelha	
EZETIMIBA	ZIMIEX	C10A9 - PRODUTOS REGULADORES DE LÍPIDIOS, OUTROS	Similar	Tarja Vermelha	
EZETIMIBA	ZETIA	C10A9 - PRODUTOS REGULADORES DE LÍPIDIOS, OUTROS	Novo	Tarja Vermelha	
EZETIMIBA	EZETIMIBA	C10A9 - PRODUTOS REGULADORES DE LÍPIDIOS, OUTROS	Genérico	Tarja Vermelha	
EZETIMIBA	EZET	C10A9 - PRODUTOS REGULADORES DE LÍPIDIOS, OUTROS	Similar	Tarja Vermelha	
EZETIMIBA	POSICOR	C10A9 - PRODUTOS REGULADORES DE LÍPIDIOS, OUTROS	Similar	- (*) 	
EZETIMIBA	EZETIMIBA	C10A9 - PRODUTOS REGULADORES DE LÍPIDIOS, OUTROS	Genérico	Tarja Vermelha	
EZETIMIBA	EZETIMIBA	C10A9 - PRODUTOS REGULADORES DE LÍPIDIOS, OUTROS	Genérico	Tarja Vermelha	
EZETIMIBA	EMIBAZET	C10A9 - PRODUTOS REGULADORES DE LÍPIDIOS, OUTROS	Similar	Tarja Vermelha	
EZETIMIBA	EZETIMIBA	C10A9 - PRODUTOS REGULADORES DE LÍPIDIOS, OUTROS	Genérico	Tarja Vermelha	
EZETIMIBA	ZETERINA	C10A9 - PRODUTOS REGULADORES DE LÍPIDIOS, OUTROS	Similar	Tarja Vermelha	
EZETIMIBA	EZETIMIBA	C10A9 - PRODUTOS REGULADORES DE LÍPIDIOS, OUTROS	Genérico	Tarja Vermelha	
EZETIMIBA	EZETIMIBA	C10A9 - PRODUTOS REGULADORES DE LÍPIDIOS, OUTROS	Genérico	Tarja Vermelha	
EZETIMIBA	COLEDUE	C10A9 - PRODUTOS REGULADORES DE LÍPIDIOS, OUTROS	Similar	Tarja Vermelha	
FAMOTIDINA	FAMOX	A2B1 - ANTAGONISTAS RECEPTORES H2	Novo	Tarja Vermelha	
FAMPRIDINA	FAMPRIDINA	N7X - TODOS OS OUTROS PRODUTOS PARA O SISTEMA NERVOSO CENTRAL	Genérico	Tarja Vermelha	
FAMPRIDINA	FAMPYRA	N7X - TODOS OS OUTROS PRODUTOS PARA O SISTEMA NERVOSO CENTRAL	Novo	- (*) 	
FANCICLOVIR	FANCLOMAX	J5B3 - ANTIVIRAIS PARA HERPES	Similar	Tarja Vermelha	
FANCICLOVIR	PENVIR	J5B3 - ANTIVIRAIS PARA HERPES	Similar	- (*) 	
FARICIMABE	VABYSMO	S1P - PRODUTOS ANTINEOVASCULARIZAÇÃO OCULAR	Biológico	Tarja Vermelha	
FATOR DE VON WILLEBRAND	HAEMATE P	B2D1 - FATOR VIII	Biológico	Tarja Vermelha	
FATOR DE VON WILLEBRAND	ALPHANATE	B2D1 - FATOR VIII	Biológico	- (*) 	
FATOR II DE COAGULAÇÃO;FATOR IX DE COAGULAÇÃO;FATOR X DE COAGULAÇÃO ;FATOR VII DE COAGULAÇÃO	PROTHROMPLEX	B2D2 - FATORES II VII IX X	Biológico	Tarja Vermelha	
FATOR II DE COAGULAÇÃO;FATOR IX DE COAGULAÇÃO;PROTEÍNA C;PROTEÍNA S;FATOR X DE COAGULAÇÃO ;FATOR VII DE COAGULAÇÃO	BERIPLEX P/N	B2D2 - FATORES II VII IX X	Biológico	Tarja Vermelha	
FATOR II DE COAGULAÇÃO;FATOR IX DE COAGULAÇÃO;PROTEÍNA C;PROTEÍNA S;FATOR X DE COAGULAÇÃO ;FATOR VII DE COAGULAÇÃO	OCTAPLEX	B2D2 - FATORES II VII IX X	Biológico	Tarja Vermelha	
FATOR IX DE COAGULAÇÃO	IMMUNINE	B2D2 - FATORES II VII IX X	Biológico	- (*) 	
FATOR IX DE COAGULAÇÃO	ALPHANINE	B2D2 - FATORES II VII IX X	Biológico	- (*) 	
FATOR IX DE COAGULAÇÃO	OCTANINE F	B2D2 - FATORES II VII IX X	Similar	Tarja Vermelha	
FATOR IX DE COAGULAÇÃO	FATOR IX DE COAGULAÇÃO HEMOBRÁS	B2D2 - FATORES II VII IX X	Similar	- (*) 	
FATOR VIII DE COAGULAÇÃO	IMMUNATE	B2D1 - FATOR VIII	Biológico	- (*) 	
FATOR VIII DE COAGULAÇÃO	OCTAVI SDOPTIMUM	B2D1 - FATOR VIII	Biológico	- (*) 	
FATOR VIII DE COAGULAÇÃO	FATOR VIII DE COAGULAÇÃO HEMOBRÁS	B2D1 - FATOR VIII	Biológico	- (*) 	
FATOR VIII DE COAGULAÇÃO;FATOR DE VON WILLEBRAND	VONCENTO	B2D1 - FATOR VIII	Biológico	Tarja Vermelha	
FATOR VIII DE COAGULAÇÃO;FATOR DE VON WILLEBRAND	WILATE	B2D1 - FATOR VIII	Biológico	Tarja Vermelha	
FATOR XIII DE COAGULAÇÃO	FIBROGAMMIN P	B2D4 - FATOR XIII	Biológico	- (*) 	
FATOR XIII;APROTININA;TROMBINA;FIBRINOGÊNIO	BERIPLAST P	B2C3 - INIBIDORES FIBRINÓLISE	Biológico	- (*) 	
FELODIPINO;CANDESARTANA CILEXETILA	ATACAND COMB	C9D3 - ANTAGONISTAS DA ANGIOTENSINA II ASSOCIADOS A ANTAGONISTAS DO CÁLCIO	Novo	- (*) 	
FELODIPINO;SUCCINATO DE METOPROLOL	SELOZOK FIX	C8B2 - ANTAGONISTAS DO CÁLCIO ASSOCIADOS A BETABLOQUEADORES	Novo	- (*) 	
FENDIZOATO DE CLOPERASTINA	SEKI	R5D1 - ANTITUSSÍGENOS PUROS	Novo	Tarja Sem Tarja	
FENDIZOATO DE CLOPERASTINA	FENDIZOATO DE CLOPERASTINA	R5D1 - ANTITUSSÍGENOS PUROS	Genérico	Tarja Sem Tarja	
FENDIZOATO DE CLOPERASTINA	CLOPE	R5D1 - ANTITUSSÍGENOS PUROS	Similar	Tarja Sem Tarja	
FENDIZOATO DE CLOPERASTINA	TILUGEN	R5D1 - ANTITUSSÍGENOS PUROS	Similar	Tarja Sem Tarja	
FENILALAMINA;PROLINA;TRIPTOFANO;CLORETO DE CÁLCIO DIIDRATADO;LEVOVALINA;HISTIDINA;CLORETO DE MAGNÉSIO HEXAIDRATADO;ÁCIDO GLUTÂMICO;TIROSINA;ACETATO DE SÓDIO TRIHIDRATADO;LEUCINA;GLICINA;ISOLEUCINA;LEVOMETIONINA;ÓLEO DE OLIVA;ALANINA;CLORETO DE POTÁSSIO;ARGININA	OLIMEL	K1D2 - ASSOCIAÇÕES DE EMULSÕES LIPÍDICAS	Específico	Tarja Vermelha	
FENILALANINA;CLORIDRATO DE HISTIDINA MONOIDRATADO;HIDRÓXIDO DE SÓDIO;ACETATO DE POTÁSSIO;TREONINA;ISOLEUCINA;LEVOMETIONINA;ÁCIDO ASPÁRTICO;ÓLEO DE SOJA;TRIGLICERÍDEOS DE CADEIA MÉDIA;ACETATO DE SÓDIO TRI-HIDRATADO ;CLORETO DE SÓDIO;PROLINA;LEVOVALINA;SERINA;FOSFATO DE SÓDIO MONOBÁSICO DI-HIDRATADO;ÁCIDO GLUTÂMICO;CLORIDRATO DE LISINA;GLICOSE MONOIDRATADA;ACETATO DE MAGNÉSIO TETRAIDRATADO;GLICINA;ALANINA;ARGININA;ACETATO DE ZINCO DI-HIDRATADO	NUTRIFLEX LIPID	K1D2 - ASSOCIAÇÕES DE EMULSÕES LIPÍDICAS	Específico	Tarja Vermelha	
FENILALANINA;L-METIONINA;PROLINA;LEVOVALINA;SERINA;HISTIDINA;TREONINA;TIROSINA;LEUCINA;GLICINA;ISOLEUCINA;TAURINA;ALANINA;ACETATO DE LISINA;ARGININA	AMINOVEN	K1E1 - SOLUÇÕES AMINOÁCIDAS PADRÃO	Específico	- (*) 	
FENILALANINA;L-METIONINA;PROLINA;TRIPTOFANO;LEVOVALINA;ACETIL CISTEÍNA;SERINA;HISTIDINA;TREONINA;ACETILTIROSINA;LEUCINA;GLICINA;ISOLEUCINA;TAURINA;ÁCIDO MÁLICO;ALANINA;ACETATO DE LISINA;ARGININA	AMINOVEN 10% INFANT	K1E1 - SOLUÇÕES AMINOÁCIDAS PADRÃO	Específico	Tarja Vermelha	
FENILALANINA;PROLINA;CLORIDRATO DE HISTIDINA MONOIDRATADO;SERINA;ACETATO DE POTÁSSIO;GLICOSE MONOIDRATADA;ACETATO DE MAGNÉSIO TETRAIDRATADO;TRIGLICERÍDEOS DE ÁCIDOS GRAXOS ÔMEGA-3;GLICINA;ISOLEUCINA;LEVOMETIONINA;ALANINA;ÓLEO DE SOJA;ACETATO DE ZINCO DI-HIDRATADO	NUTRIFLEX	K1D2 - ASSOCIAÇÕES DE EMULSÕES LIPÍDICAS	Específico	Tarja Vermelha	
FENILALANINA;PROLINA;TRIPTOFANO;CLORETO DE CÁLCIO DIIDRATADO;ACETATO DE SÓDIO;LEVOVALINA;CLORIDRATO DE HISTIDINA;SERINA;HIDRÓXIDO DE SÓDIO;TREONINA;ÁCIDO GLUTÂMICO;CLORIDRATO DE LISINA;GLICOSE;LEUCINA;GLICINA;ISOLEUCINA;LEVOMETIONINA;ALANINA;ÁCIDO ASPÁRTICO;ACETATO DE MAGNÉSIO;HIDRÓXIDO DE POTÁSSIO;ARGININA	NUTRIFLEX PLUS	K1E2 - SOLUÇÕES MULTI-LITRO	Específico	Tarja Vermelha	
FENILALANINA;PROLINA;TRIPTOFANO;LEVOVALINA;ORNITINA;SERINA;HISTIDINA;TREONINA;ÁCIDO GLUTÂMICO;TIROSINA;LEUCINA;GLICINA;ISOLEUCINA;LEVOMETIONINA;TAURINA;ALANINA;ÁCIDO ASPÁRTICO;CISTEÍNA;ARGININA;LISINA	PRIMENE	K1E5 - SOLUÇÕES DE AMINOÁCIDOS PEDIÁTRICAS	Específico	- (*) 	
FENILALANINA;PROLINA;TRIPTOFANO;LEVOVALINA;SERINA;CLORETO DE CÁLCIO DI-HIDRATADO;HISTIDINA;TREONINA;ÁCIDO GLUTÂMICO;TIROSINA;CLORIDRATO DE LISINA;GLICOSE MONOIDRATADA;LEUCINA;SULFATO DE MAGNÉSIO HEPTAIDRATADO;GLICINA;GLICEROFOSFATO DE SÓDIO;ISOLEUCINA;ALANINA;ÁCIDO ASPÁRTICO;ÓLEO DE SOJA;CLORETO DE POTÁSSIO;ACETATO DE SÓDIO TRI-HIDRATADO	KABIVEN	K1D2 - ASSOCIAÇÕES DE EMULSÕES LIPÍDICAS	Específico	Tarja Vermelha	
FENILALANINA;PROLINA;TRIPTOFANO;LEVOVALINA;SERINA;HISTIDINA;TREONINA;LEUCINA;GLICINA;ISOLEUCINA;ACETILCISTEÍNA;LEVOMETIONINA;ALANINA;ARGININA;LISINA	AMINOSTERIL N-HEPA 8%	K1E4 - SOLUÇÕES AMINOÁCIDAS PARA HEPATOPATAS	Específico	Tarja Vermelha	
FENILALANINA;PROLINA;TRIPTOFANO;LEVOVALINA;SERINA;HISTIDINA;TREONINA;TIROSINA;LEUCINA;GLICINA;ISOLEUCINA;ACETILCISTEÍNA;LEVOMETIONINA;ALANINA;ACETATO DE LISINA;ARGININA	NEPHROTECT	K1E3 - SOLUÇÕES AMINOÁCIDAS PARA NEFROPATAS	Específico	Tarja Vermelha	
FENILALANINA;PROLINA;TRIPTOFANO;VALINA;SERINA;HISTIDINA;TREONINA;ÁCIDO GLUTÂMICO;TIROSINA;LEUCINA;GLICINA;ISOLEUCINA;LEVOMETIONINA;ALANINA;ÁCIDO ASPÁRTICO;ACETATO DE LISINA;ARGININA;LISINA	AMIXAL	K1E1 - SOLUÇÕES AMINOÁCIDAS PADRÃO	Específico	Tarja Vermelha	
FENILALANINA;TRIPTOFANO;CLORETO DE CÁLCIO DI-HIDRATADO;HISTIDINA;TREONINA;TIROSINA;GLICEROFOSFATO DE SÓDIO;ISOLEUCINA;LEVOMETIONINA;ÓLEO DE OLIVA;ÓLEO DE SOJA;TRIGLICERÍDEOS DE CADEIA MÉDIA;ACETATO DE SÓDIO TRI-HIDRATADO ;PROLINA;SULFATO DE MAGNÉSIO HEPTA-HIDRATADO;LEVOVALINA;ÓLEO DE PEIXE;SERINA;LEUCINA;GLICINA;SULFATO DE ZINCO HEPTAIDRATADO;TAURINA;ALANINA;ACETATO DE LISINA;CLORETO DE POTÁSSIO;GLICOSE MONOHIDRATADA;ARGININA	SMOFKABIVEN	K1D2 - ASSOCIAÇÕES DE EMULSÕES LIPÍDICAS	Específico	Tarja Vermelha	
FENILALANINA;TRIPTOFANO;HISTIDINA;ACETATO DE POTÁSSIO;TREONINA;TIROSINA;GLICEROFOSFATO DE SÓDIO;ISOLEUCINA;LEVOMETIONINA;ÓLEO DE OLIVA;ÁCIDO ASPÁRTICO;ÓLEO DE SOJA;CISTEÍNA;LISINA;PROLINA;CLORETO DE CÁLCIO DIIDRATADO;LEVOVALINA;SERINA;ÁCIDO GLUTÂMICO;GLICOSE MONOIDRATADA;ACETATO DE MAGNÉSIO TETRAIDRATADO;CLORIDRATO DE ORNITINA;LEUCINA;GLICINA;TAURINA;ALANINA;ARGININA	NUMETA NEO	K1D2 - ASSOCIAÇÕES DE EMULSÕES LIPÍDICAS	Específico	- (*) 	
FENILBUTAZONA CÁLCICA	BUTACID	M1A1 - ANTIRREUMÁTICOS NÃO ESTEROIDAIS PUROS	Similar	- (*) 	
FENITOÍNA	FENITAL ORAL	N3A - ANTIEPILÉPTICOS	Similar	Tarja Vermelha sob restrição	
FENITOÍNA	FENITOÍNA	N3A - ANTIEPILÉPTICOS	Genérico	- (*) 	
FENITOÍNA	DANTALIN	N3A - ANTIEPILÉPTICOS	Similar	Tarja Vermelha sob restrição	
FENITOÍNA	FENITOÍNA	N3A - ANTIEPILÉPTICOS	Genérico	- (*) 	
FENITOÍNA	FURP - FENITOINA	N3A - ANTIEPILÉPTICOS	Similar	- (*) 	
FENITOÍNA	FENITOÍNA	N3A - ANTIEPILÉPTICOS	Genérico	Tarja Vermelha sob restrição	
FENITOÍNA	HIDANTAL	N3A - ANTIEPILÉPTICOS	Novo	Tarja Vermelha sob restrição	
FENITOÍNA	HIDANTAL	N3A - ANTIEPILÉPTICOS	Novo	Tarja Vermelha sob restrição	
FENITOÍNA SÓDICA	FENITAL	N3A - ANTIEPILÉPTICOS	Similar	- (*) 	
FENITOÍNA SÓDICA	FENITOÍNA SÓDICA	N3A - ANTIEPILÉPTICOS	Genérico	- (*) 	
FENITOÍNA SÓDICA	FENITOÍNA SÓDICA	N3A - ANTIEPILÉPTICOS	Genérico	Tarja Vermelha sob restrição	
FENOBARBITAL	FENOBARBITAL	N3A - ANTIEPILÉPTICOS	Genérico	Tarja Vermelha	
FENOBARBITAL	FENOCRIS	N3A - ANTIEPILÉPTICOS	Similar	Tarja Vermelha	
FENOBARBITAL	CARBITAL	N3A - ANTIEPILÉPTICOS	Similar	Tarja Vermelha sob restrição	
FENOBARBITAL	FENOBARBITAL	N3A - ANTIEPILÉPTICOS	Genérico	- (*) 	
FENOBARBITAL	FENOBARBITAL	N3A - ANTIEPILÉPTICOS	Genérico	Tarja Vermelha sob restrição	
FENOBARBITAL	FURP-FENOBARBITAL	N3A - ANTIEPILÉPTICOS	Similar	Tarja Vermelha	
FENOBARBITAL	GARDENAL	N3A - ANTIEPILÉPTICOS	Novo	Tarja Vermelha	
FENOFIBRATO	FENOFIBRATO	C10A2 - FIBRATOS	Genérico	- (*) 	
FENOFIBRATO	RIDUZI	C10A2 - FIBRATOS	Similar	Tarja Vermelha	
FENOFIBRATO	FENOFIBRATO	C10A2 - FIBRATOS	Genérico	Tarja Vermelha	
FENOFIBRATO	LIPIDIL	C10A2 - FIBRATOS	Novo	Tarja Vermelha	
FENOFIBRATO	FENOFIBRATO MICRONIZADO	C10A2 - FIBRATOS	Genérico	- (*) 	
FENOFIBRATO	FENOFIBRATO	C10A2 - FIBRATOS	Genérico	Tarja Vermelha	
FENOFIBRATO	FENOFIBRATO	C10A2 - FIBRATOS	Genérico	Tarja Vermelha	
FENOFIBRATO	FENOFIBRATO MICRONIZADO	C10A2 - FIBRATOS	Genérico	- (*) 	
FENOFIBRATO	FENOFIBRATO	C10A2 - FIBRATOS	Genérico	Tarja Vermelha	
FENOFIBRATO	FENOFIBRATO	C10A2 - FIBRATOS	Genérico	Tarja Vermelha	
FENOFIBRATO	FENOFIBRATO MICRONIZADO	C10A2 - FIBRATOS	Genérico	- (*) 	
FENOFIBRATO	FENOBRATY	C10A2 - FIBRATOS	Similar	- (*) 	
FENOFIBRATOS MICROGRÂNULOS A 75%	LIPANON	C10A2 - FIBRATOS	Novo	- (*) 	
FENOL;PROCAÍNA	DORDENTE	N1B3 - ANESTÉSICOS LOCAIS TÓPICOS	Similar	- (*) 	
FENOXIMETILPENICILINA POTÁSSICA	PEN-VE-ORAL	J1H1 - PENICILINAS DE PEQUENO E MÉDIO ESPECTROS PURAS	Novo	Tarja Vermelha sob restrição	
FENOXIMETILPENICILINA POTÁSSICA	MERACILINA	J1H1 - PENICILINAS DE PEQUENO E MÉDIO ESPECTROS PURAS	Similar	Tarja Vermelha sob restrição	
FENTANILA	DUROGESIC	N2A - ANALGÉSICOS NARCÓTICOS	Novo	Tarja Preta	
FERRIPOLIMALTOSE	DEXFER	B3A1 - FERRO PURO	Específico	Tarja Vermelha	
FERRIPOLIMALTOSE	NENFY	B3A1 - FERRO PURO	Específico	Tarja Vermelha	
FERRIPOLIMALTOSE	ULTRAFER	B3A1 - FERRO PURO	Específico	Tarja Vermelha	
FERRIPOLIMALTOSE	COMB ISO	B3A1 - FERRO PURO	Específico	Tarja Vermelha	
FERRIPOLIMALTOSE	PAMFER	B3A1 - FERRO PURO	Específico	Tarja Vermelha	
FERRIPOLIMALTOSE	ENDOFER	B3A1 - FERRO PURO	Específico	- (*) 	
FERRIPOLIMALTOSE	FERRO	B3A1 - FERRO PURO	Específico	- (*) 	
FERRIPOLIMALTOSE	NORI-1	B3A1 - FERRO PURO	Específico	Tarja Vermelha	
FERRIPOLIMALTOSE	MYRAFER	B3A1 - FERRO PURO	Específico	Tarja Vermelha	
FERRIPOLIMALTOSE	NORIPURUM	B3A1 - FERRO PURO	Específico	Tarja Vermelha	
FERRIPOLIMALTOSE;ÁCIDO FÓLICO	NORIPURUM FÓLICO	B3A2 - ASSOCIAÇÕES DE FERRO	Específico	Tarja Vermelha	
FERRO QUELATO;ÁCIDO FÓLICO;CIANOCOBALAMINA	VI -  FERRIN	B3A2 - ASSOCIAÇÕES DE FERRO	Específico	- (*) 	
FERROCARBONILA	NOVOFER	B3A1 - FERRO PURO	Específico	- (*) 	
FIBRINOGÊNIO	HAEMOCOMPLETTAN P	B2D5 - FIBRINOGÊNIO	Biológico	- (*) 	
FIBRINOGÊNIO	FIBRYGA	B2D5 - FIBRINOGÊNIO	Biológico	- (*) 	
FILGRASTIM	FIPRIMA	L3A1 - FATORES ESTIMULANTES DE COLÔNIAS	Biológico	- (*) 	
FILGRASTIM	ZARZIO	L3A1 - FATORES ESTIMULANTES DE COLÔNIAS	Biológico	Tarja Vermelha	
FILGRASTIM	GRANULOKINE	L3A1 - FATORES ESTIMULANTES DE COLÔNIAS	Biológico	Tarja Vermelha	
FILGRASTIM	FILGRASTIM	L3A1 - FATORES ESTIMULANTES DE COLÔNIAS	Similar	- (*) 	
FILGRASTIM	FILGRASTINE	L3A1 - FATORES ESTIMULANTES DE COLÔNIAS	Biológico	- (*) 	
FILGRASTIM	FIL	L3A1 - FATORES ESTIMULANTES DE COLÔNIAS	Biológico	Tarja Vermelha	
FILGRASTIM	TEVAGRASTIM	L3A1 - FATORES ESTIMULANTES DE COLÔNIAS	Biológico	- (*) 	
FINASTERIDA	FINALOP	D11A - OUTRAS PREPARAÇÕES DERMATOLOGICAS	Similar	- (*) 	
FINASTERIDA	FINASTERIDA	G4C3 - BPH INIBIDORES DA 5-ALFA TESTOSTERONA REDUTASE (5-ARI) PUROS	Genérico	- (*) 	
FINASTERIDA	FINASTERIDA	G4C3 - BPH INIBIDORES DA 5-ALFA TESTOSTERONA REDUTASE (5-ARI) PUROS	Genérico	Tarja Vermelha	
FINASTERIDA	FINASTERIDA	G4C3 - BPH INIBIDORES DA 5-ALFA TESTOSTERONA REDUTASE (5-ARI) PUROS	Genérico	Tarja Vermelha	
FINASTERIDA	FINARID	G4C3 - BPH INIBIDORES DA 5-ALFA TESTOSTERONA REDUTASE (5-ARI) PUROS	Similar	Tarja Vermelha	
FINASTERIDA	FINASTERIDA	D11A - OUTRAS PREPARAÇÕES DERMATOLOGICAS	Genérico	Tarja Vermelha	
FINASTERIDA	FINASTERIDA	G4C3 - BPH INIBIDORES DA 5-ALFA TESTOSTERONA REDUTASE (5-ARI) PUROS	Genérico	Tarja Vermelha	
FINASTERIDA	FINASTERIDA	G4C3 - BPH INIBIDORES DA 5-ALFA TESTOSTERONA REDUTASE (5-ARI) PUROS	Genérico	- (*) 	
FINASTERIDA	FINASTERIDA	G4C3 - BPH INIBIDORES DA 5-ALFA TESTOSTERONA REDUTASE (5-ARI) PUROS	Genérico	Tarja Vermelha	
FINASTERIDA	FINASTERIDA	D11A - OUTRAS PREPARAÇÕES DERMATOLOGICAS	Genérico	Tarja Vermelha	
FINASTERIDA	FINASTIL	G4C3 - BPH INIBIDORES DA 5-ALFA TESTOSTERONA REDUTASE (5-ARI) PUROS	Similar	- (*) 	
FINASTERIDA	FINASTERIDA	D11A - OUTRAS PREPARAÇÕES DERMATOLOGICAS	Genérico	Tarja Vermelha	
FINASTERIDA	FINASTERIDA	G4C3 - BPH INIBIDORES DA 5-ALFA TESTOSTERONA REDUTASE (5-ARI) PUROS	Genérico	Tarja Vermelha	
FINASTERIDA	FINASTERIDA	D11A - OUTRAS PREPARAÇÕES DERMATOLOGICAS	Genérico	Tarja Vermelha	
FINERENONA	FIRIALTA	C3A1 - AGENTES DIURÉTICOS POUPADORES POTÁSSIO PUROS	Novo	Tarja Vermelha	
FITOMENADIONA	KAVIT	B2B1 - VITAMINA K	Específico	- (*) 	
FITOMENADIONA	HYVIT K	B2B1 - VITAMINA K	Específico	Tarja Vermelha	
FITOMENADIONA	ESKAVIT	B2B1 - VITAMINA K	Específico	Tarja Vermelha	
FITOMENADIONA	VIKATRON	B2B1 - VITAMINA K	Específico	- (*) 	
FLUCONAZOL	FLUCONAZOL	J2A - AGENTES SISTÊMICOS PARA INFECÇÕES FÚNGICAS	Genérico	- (*) 	
FLUCONAZOL	FRESOLCAN	J2A - AGENTES SISTÊMICOS PARA INFECÇÕES FÚNGICAS	Similar	Tarja Vermelha sob restrição	
FLUCONAZOL	FLUCONAZOL	J2A - AGENTES SISTÊMICOS PARA INFECÇÕES FÚNGICAS	Genérico	Tarja Vermelha	
FLUCONAZOL	FLUCONAZOL	J2A - AGENTES SISTÊMICOS PARA INFECÇÕES FÚNGICAS	Genérico	Tarja Vermelha	
FLUCONAZOL	FLUCONAZOL	J2A - AGENTES SISTÊMICOS PARA INFECÇÕES FÚNGICAS	Genérico	Tarja Vermelha	
FLUCONAZOL	FLUCAZOL	J2A - AGENTES SISTÊMICOS PARA INFECÇÕES FÚNGICAS	Similar	Tarja Vermelha	
FLUCONAZOL	HICONAZOL	J2A - AGENTES SISTÊMICOS PARA INFECÇÕES FÚNGICAS	Similar	Tarja Vermelha	
FLUCONAZOL	FLUCONAZOL	J2A - AGENTES SISTÊMICOS PARA INFECÇÕES FÚNGICAS	Genérico	Tarja Vermelha	
FLUCONAZOL	FLUCONAZOL	J2A - AGENTES SISTÊMICOS PARA INFECÇÕES FÚNGICAS	Genérico	Tarja Vermelha	
FLUCONAZOL	FLUCONAZOL	J2A - AGENTES SISTÊMICOS PARA INFECÇÕES FÚNGICAS	Genérico	Tarja Vermelha	
FLUCONAZOL	FLUCONID	J2A - AGENTES SISTÊMICOS PARA INFECÇÕES FÚNGICAS	Similar	Tarja Vermelha	
FLUCONAZOL	FLUCONAZOL	J2A - AGENTES SISTÊMICOS PARA INFECÇÕES FÚNGICAS	Genérico	- (*) 	
FLUCONAZOL	PRONAZOL	J2A - AGENTES SISTÊMICOS PARA INFECÇÕES FÚNGICAS	Similar	- (*) 	
FLUCONAZOL	FLUCONAZOL	J2A - AGENTES SISTÊMICOS PARA INFECÇÕES FÚNGICAS	Genérico	- (*) 	
FLUCONAZOL	FLUCOLCID	J2A - AGENTES SISTÊMICOS PARA INFECÇÕES FÚNGICAS	Similar	Tarja Vermelha	
FLUCONAZOL	FLUCOL	J2A - AGENTES SISTÊMICOS PARA INFECÇÕES FÚNGICAS	Similar	Tarja Vermelha sob restrição	
FLUCONAZOL	FLUCONAZOL	J2A - AGENTES SISTÊMICOS PARA INFECÇÕES FÚNGICAS	Genérico	Tarja Vermelha sob restrição	
FLUCONAZOL	FLUCONAZOL	J2A - AGENTES SISTÊMICOS PARA INFECÇÕES FÚNGICAS	Genérico	- (*) 	
FLUCONAZOL	FLUCOVIL	J2A - AGENTES SISTÊMICOS PARA INFECÇÕES FÚNGICAS	Similar	- (*) 	
FLUCONAZOL	FLUCONAZOL	J2A - AGENTES SISTÊMICOS PARA INFECÇÕES FÚNGICAS	Genérico	- (*) 	
FLUCONAZOL	TRIAZOL	J2A - AGENTES SISTÊMICOS PARA INFECÇÕES FÚNGICAS	Similar	- (*) 	
FLUCONAZOL	FLUCONAZOL	J2A - AGENTES SISTÊMICOS PARA INFECÇÕES FÚNGICAS	Genérico	Tarja Vermelha	
FLUCONAZOL	ZOLTEC	J2A - AGENTES SISTÊMICOS PARA INFECÇÕES FÚNGICAS	Novo	- (*) 	
FLUCONAZOL	FLUCONAZOL	J2A - AGENTES SISTÊMICOS PARA INFECÇÕES FÚNGICAS	Genérico	Tarja Vermelha	
FLUCONAZOL	FUEBLO	J2A - AGENTES SISTÊMICOS PARA INFECÇÕES FÚNGICAS	Similar	Tarja Vermelha	
FLUCONAZOL	FLUCONAZOL	J2A - AGENTES SISTÊMICOS PARA INFECÇÕES FÚNGICAS	Genérico	- (*) 	
FLUCONAZOL	FLUCONAZOL	J2A - AGENTES SISTÊMICOS PARA INFECÇÕES FÚNGICAS	Genérico	Tarja Vermelha	
FLUCONAZOL	FLUCANIL	J2A - AGENTES SISTÊMICOS PARA INFECÇÕES FÚNGICAS	Similar	- (*) 	
FLUCONAZOL	FLUCONAZOL	J2A - AGENTES SISTÊMICOS PARA INFECÇÕES FÚNGICAS	Genérico	Tarja Vermelha	
FLUCONAZOL	ZELIX	J2A - AGENTES SISTÊMICOS PARA INFECÇÕES FÚNGICAS	Similar	Tarja Vermelha	
FLUCONAZOL	FLUCONAZOL	J2A - AGENTES SISTÊMICOS PARA INFECÇÕES FÚNGICAS	Genérico	Tarja Vermelha	
FLUDROXICORTIDA	DRENISON	D7A - CORTICOESTERÓIDES TÓPICOS PUROS	Similar	- (*) 	
FLUMAZENIL	FLUMAZENIL	N7X - TODOS OS OUTROS PRODUTOS PARA O SISTEMA NERVOSO CENTRAL	Genérico	Tarja Vermelha sob restrição	
FLUMAZENIL	FLUMAZIL	N7X - TODOS OS OUTROS PRODUTOS PARA O SISTEMA NERVOSO CENTRAL	Similar	Tarja Vermelha sob restrição	
FLUMAZENIL	FLUMAZENIL	N7X - TODOS OS OUTROS PRODUTOS PARA O SISTEMA NERVOSO CENTRAL	Genérico	- (*) 	
FLUMAZENIL	LENAZEN	N7X - TODOS OS OUTROS PRODUTOS PARA O SISTEMA NERVOSO CENTRAL	Similar	- (*) 	
FLUMAZENIL	FLUMAZENIL	N7X - TODOS OS OUTROS PRODUTOS PARA O SISTEMA NERVOSO CENTRAL	Genérico	Tarja Vermelha sob restrição	
FLUMAZENIL	FLUMAZENIL	N7X - TODOS OS OUTROS PRODUTOS PARA O SISTEMA NERVOSO CENTRAL	Genérico	Tarja Vermelha	
FLUMAZENIL	LANEXAT	N7X - TODOS OS OUTROS PRODUTOS PARA O SISTEMA NERVOSO CENTRAL	Novo	Tarja Vermelha sob restrição	
FLUNITRAZEPAM	ROHYPNOL	N5B1 - HIPNÓTICOS E SEDATIVOS NÃO BARBITÚRICOS PUROS	Novo	Tarja Preta	
FLUNITRAZEPAM	ROHYDORM	N5B1 - HIPNÓTICOS E SEDATIVOS NÃO BARBITÚRICOS PUROS	Similar	Tarja Preta	
FLUOCINOLONA ACETONIDA;CLORIDRATO DE LIDOCAINA;SULFATO DE NEOMICINA;SULFATO DE POLIMIXINA B	OTOMIXYN	S2C - ASSOCIAÇÕES OTOLÓGICAS CORTICOSTERÓIDES COM ANTIINFECCIOSOS	Similar	Tarja Vermelha sob restrição	
FLUOCINOLONA ACETONIDA;CLORIDRATO DE LIDOCAINA;SULFATO DE NEOMICINA;SULFATO DE POLIMIXINA B	ELOTIN	S2C - ASSOCIAÇÕES OTOLÓGICAS CORTICOSTERÓIDES COM ANTIINFECCIOSOS	Similar	- (*) 	
FLUOCINOLONA ACETONIDA;CLORIDRATO DE LIDOCAINA;SULFATO DE NEOMICINA;SULFATO DE POLIMIXINA B	FLUOCINOLONA ACETONIDA + SULFATO DE POLIMIXINA B + SULFATO DE NEOMICINA + CLORIDRATO DE LIDOCAINA	S2C - ASSOCIAÇÕES OTOLÓGICAS CORTICOSTERÓIDES COM ANTIINFECCIOSOS	Genérico	Tarja Vermelha sob restrição	
FLUOCINOLONA ACETONIDA;CLORIDRATO DE LIDOCAINA;SULFATO DE NEOMICINA;SULFATO DE POLIMIXINA B	OTOSYLASE	S2C - ASSOCIAÇÕES OTOLÓGICAS CORTICOSTERÓIDES COM ANTIINFECCIOSOS	Similar	Tarja Vermelha sob restrição	
FLUOCINOLONA ACETONIDA;CLORIDRATO DE LIDOCAINA;SULFATO DE NEOMICINA;SULFATO DE POLIMIXINA B	FLUOCINOLONA ACETONIDA + SULFATO DE POLIMIXINA B + SULFATO DE NEOMICINA + CLORIDRATO DE LIDOCAÍNA	S2C - ASSOCIAÇÕES OTOLÓGICAS CORTICOSTERÓIDES COM ANTIINFECCIOSOS	Genérico	Tarja Vermelha sob restrição	
FLUOCINOLONA ACETONIDA;TRETINOÍNA;HIDROQUINONA	HIDROQUINONA+ TRETINOINA + FLUOCINOLONA ACETONIDA	D11A - OUTRAS PREPARAÇÕES DERMATOLOGICAS	Genérico	- (*) 	
FLUOCINOLONA ACETONIDA;TRETINOÍNA;HIDROQUINONA	TRINULOX	D11A - OUTRAS PREPARAÇÕES DERMATOLOGICAS	Similar	Tarja Vermelha	
FLUOCINOLONA ACETONIDA;TRETINOÍNA;HIDROQUINONA	HORMOSKIN	D11A - OUTRAS PREPARAÇÕES DERMATOLOGICAS	Similar	Tarja Vermelha	
FLUOCINOLONA ACETONIDA;TRETINOÍNA;HIDROQUINONA	SUAVICID	D11A - OUTRAS PREPARAÇÕES DERMATOLOGICAS	Similar	- (*) 	
FLUORURACILA	FAULDFLUOR	L1B - AGENTES ANTINEOPLÁSICOS ANTIMETABÓLITOS	Similar	- (*) 	
FLUORURACILA	FLUSAN	L1B - AGENTES ANTINEOPLÁSICOS ANTIMETABÓLITOS	Similar	Tarja Vermelha sob restrição	
FLUORURACILA	FLUORURACILA	L1B - AGENTES ANTINEOPLÁSICOS ANTIMETABÓLITOS	Genérico	Tarja Vermelha	
FLUORURACILA	EFURIX	L1X9 - TODOS OS OUTROS ANTINEOPLÁSICOS	Similar	Tarja Vermelha	
FLUORURACILA	FLUORURACILA	L1B - AGENTES ANTINEOPLÁSICOS ANTIMETABÓLITOS	Genérico	- (*) 	
FLURANDRENOLIDA;SULFATO DE NEOMICINA	DRENISON N	D7B1 - CORTICOESTERÓIDES ASSOCIADOS A ANTIBACTERIANOS	Similar	- (*) 	
FLURBIPROFENO	TARGUS	S1R - ANTIINFLAMATÓRIOS OFTALMOLÓGICOS NÃO ESTEROIDAIS	Novo	- (*) 	
FLURBIPROFENO	STREPSILS	R2A - PREPARAÇÕES PARA GARGANTA	Novo	Tarja Sem Tarja	
FLUTAMIDA	FLUTAMIDA	L2B2 - HORMÔNIOS ANTIANDROGÊNICOS CITOSTÁTICOS	Genérico	Tarja Vermelha	
FLUTAMIDA	TEFLUT	L2B2 - HORMÔNIOS ANTIANDROGÊNICOS CITOSTÁTICOS	Similar	Tarja Vermelha	
FOLINATO DE CÁLCIO	FAULDLEUCO	V3D - AGENTES DESINTOXICANTES PARA O TRATAMENTO DE NEOPLASISAS	Similar	- (*) 	
FOLINATO DE CÁLCIO	FOLINATO DE CALCIO	V3D - AGENTES DESINTOXICANTES PARA O TRATAMENTO DE NEOPLASISAS	Genérico	- (*) 	
FOLINATO DE CÁLCIO	FOLINATO DE CÁLCIO	V3D - AGENTES DESINTOXICANTES PARA O TRATAMENTO DE NEOPLASISAS	Genérico	Tarja Vermelha	
FOLINATO DE CÁLCIO	FOLINAC	V3D - AGENTES DESINTOXICANTES PARA O TRATAMENTO DE NEOPLASISAS	Similar	Tarja Vermelha	
FONDAPARINUX SÓDICO	ARIXTRA	B1X - OUTROS AGENTES ANTITROMBÓTICOS	Novo	Tarja Vermelha	
FOSAPREPITANTO DIMEGLUMINA	EMEND INJETÁVEL	A4A2 - ANTIEMÉTICOS E ANTINAUSEANTES, ANTAGONISTAS NK1	Novo	Tarja Vermelha	
FOSAPREPITANTO DIMEGLUMINA	FOSAPREPITANTO DIMEGLUMINA	A4A2 - ANTIEMÉTICOS E ANTINAUSEANTES, ANTAGONISTAS NK1	Genérico	Tarja Vermelha	
FOSAPREPITANTO DIMEGLUMINA	ENEK	A4A2 - ANTIEMÉTICOS E ANTINAUSEANTES, ANTAGONISTAS NK1	Similar	Tarja Vermelha	
FOSAPREPITANTO DIMEGLUMINA	FOSAPREPITANTO DIMEGLUMINA	A4A2 - ANTIEMÉTICOS E ANTINAUSEANTES, ANTAGONISTAS NK1	Genérico	Tarja Vermelha	
FOSAPREPITANTO DIMEGLUMINA	FOSAPREPITANTO DIMEGLUMINA	A4A2 - ANTIEMÉTICOS E ANTINAUSEANTES, ANTAGONISTAS NK1	Genérico	Tarja Vermelha	
FOSAPREPITANTO DIMEGLUMINA	FOZA	A4A2 - ANTIEMÉTICOS E ANTINAUSEANTES, ANTAGONISTAS NK1	Similar	Tarja Vermelha	
FOSAPREPITANTO DIMEGLUMINA	FOPITANT	A4A2 - ANTIEMÉTICOS E ANTINAUSEANTES, ANTAGONISTAS NK1	Similar	Tarja Vermelha	
FOSAPREPITANTO DIMEGLUMINA	FOSAPREPITANTO DIMEGLUMINA	A4A2 - ANTIEMÉTICOS E ANTINAUSEANTES, ANTAGONISTAS NK1	Genérico	Tarja Vermelha	
FOSFATO DE CLINDAMICINA	FOSFATO DE CLINDAMICINA	J1F - MACROLIDEOS E SIMILARES	Genérico	Tarja Vermelha	
FOSFATO DE CLINDAMICINA	HYCLIN	J1F - MACROLIDEOS E SIMILARES	Similar	Tarja Vermelha	
FOSFATO DE CLINDAMICINA	FOSFATO DE CLINDAMICINA	J1F - MACROLIDEOS E SIMILARES	Genérico	Tarja Vermelha	
FOSFATO DE CLINDAMICINA	FOSFATO DE CLINDAMICINA	J1F - MACROLIDEOS E SIMILARES	Genérico	- (*) 	
FOSFATO DE CLINDAMICINA	CLINDARIX	J1F - MACROLIDEOS E SIMILARES	Similar	Tarja Vermelha	
FOSFATO DE CODEÍNA	CODEIN	N2A - ANALGÉSICOS NARCÓTICOS	Novo	Tarja Vermelha sob restrição	
FOSFATO DE CODEÍNA	COD	N2A - ANALGÉSICOS NARCÓTICOS	Similar	Tarja Vermelha sob restrição	
FOSFATO DE CODEÍNA HEMI-HIDRATADO	FOSFATO DE CODEÍNA	N2A - ANALGÉSICOS NARCÓTICOS	Genérico	Tarja Vermelha sob restrição	
FOSFATO DE CODEÍNA HEMI-HIDRATADO	FOSFATO DE CODEÍNA	N2A - ANALGÉSICOS NARCÓTICOS	Genérico	Tarja Vermelha sob restrição	
FOSFATO DE CODEÍNA HEMI-HIDRATADO	FOSFATO DE CODEÍNA	N2A - ANALGÉSICOS NARCÓTICOS	Genérico	Tarja Vermelha sob restrição	
FOSFATO DE CÁLCIO DIBÁSICO;NITRATO DE TIAMINA;ÁCIDO GAMAMINOBUTÍRICO;CLORIDRATO DE PIRIDOXINA;ÁCIDO GLUTÂMICO;CIANOCOBALAMINA	ORGANONEURO CEREBRAL	A11D9 - OUTRAS ASSOCIAÇÕES DE VITAMINA B1	Específico	Tarja Sem Tarja	
FOSFATO DE CÁLCIO TRIBÁSICO;CIANOCOBALAMINA;FLUORETO DE SÓDIO	CALCIFIX COMPOSTO B12	A11A4 - OUTROS POLIVITAMÍNICOS COM MINERAIS	Específico	Tarja Sem Tarja	
FOSFATO DE CÁLCIO TRIBÁSICO;COLECALCIFEROL	BONECAL D	A12A - PRODUTOS A BASE DE CÁLCIO	Específico	Tarja Vermelha	
FOSFATO DE FLUDARABINA	FLUDALIBBS	L1B - AGENTES ANTINEOPLÁSICOS ANTIMETABÓLITOS	Similar	- (*) 	
FOSFATO DE FLUDARABINA	EVOFLUBINA	L1B - AGENTES ANTINEOPLÁSICOS ANTIMETABÓLITOS	Similar	- (*) 	
FOSFATO DE OSELTAMIVIR	TAMIFLU	J5B4 - ANTIVIRAIS PARA INFLUENZA	Novo	Tarja Vermelha	
FOSFATO DE OSELTAMIVIR	UNIFLU	J5B4 - ANTIVIRAIS PARA INFLUENZA	Similar	Tarja Vermelha	
FOSFATO DE OSELTAMIVIR	GLOBOFLU	J5B4 - ANTIVIRAIS PARA INFLUENZA	Similar	Tarja Vermelha	
FOSFATO DE OSELTAMIVIR	OSELGUARD	J5B4 - ANTIVIRAIS PARA INFLUENZA	Similar	Tarja Vermelha	
FOSFATO DE OSELTAMIVIR	FARMANGUINHOS OSELTAMIVIR	J5B4 - ANTIVIRAIS PARA INFLUENZA	Similar	Tarja Vermelha	
FOSFATO DE OSELTAMIVIR	FOSFATO DE OSELTAMIVIR	J5B4 - ANTIVIRAIS PARA INFLUENZA	Genérico	Tarja Vermelha	
FOSFATO DE OSELTAMIVIR	OSELFLU	J5B4 - ANTIVIRAIS PARA INFLUENZA	Similar	Tarja Vermelha	
FOSFATO DE OSILODROSTATE	ISTURISA	H2A2 - CORTICOSTERÓIDES ORAIS PUROS	Novo	Tarja Vermelha	
FOSFATO DE POTÁSSIO DIBÁSICO;FOSFATO DE POTÁSSIO MONOBÁSICO	FOSFATO DE POTÁSSIO	K1A9 - OUTRAS SOLUÇÕES ELETROLÍTICAS	Específico	Tarja Vermelha	
FOSFATO DE RUXOLITINIBE	JAKAVI	L1H7 - ANTINEOPLÁSICOS INIBIDORES DA PROTEÍNA QUINASE, JAK	Novo	Tarja Vermelha	
FOSFATO DE SITAGLIPTINA	FOSFATO DE SITAGLIPTINA	A10N1 - ANTIDIABÉTICOS INIBIDORES DPP-IV  PUROS	Genérico	Tarja Vermelha	
FOSFATO DE SITAGLIPTINA	SITAR	A10N1 - ANTIDIABÉTICOS INIBIDORES DPP-IV  PUROS	Similar	Tarja Vermelha	
FOSFATO DE SITAGLIPTINA	FOSFATO DE SITAGLIPTINA	A10N1 - ANTIDIABÉTICOS INIBIDORES DPP-IV  PUROS	Genérico	Tarja Vermelha	
FOSFATO DE SITAGLIPTINA MONOIDRATADO	JANUVIA	A10N1 - ANTIDIABÉTICOS INIBIDORES DPP-IV  PUROS	Novo	Tarja Vermelha	
FOSFATO DE SITAGLIPTINA MONOIDRATADO	FOSFATO DE SITAGLIPTINA	A10N1 - ANTIDIABÉTICOS INIBIDORES DPP-IV  PUROS	Genérico	Tarja Vermelha	
FOSFATO DE SITAGLIPTINA MONOIDRATADO	NIMEGON	A10N1 - ANTIDIABÉTICOS INIBIDORES DPP-IV  PUROS	Similar	Tarja Vermelha	
FOSFATO DE SITAGLIPTINA MONOIDRATADO	JANUVIA	A10N1 - ANTIDIABÉTICOS INIBIDORES DPP-IV  PUROS	Novo	Tarja Vermelha	
FOSFATO DE SITAGLIPTINA MONOIDRATADO	FOSFATO DE SITAGLIPTINA MONOIDRATADO	A10N1 - ANTIDIABÉTICOS INIBIDORES DPP-IV  PUROS	Genérico	Tarja Vermelha	
FOSFATO DE SITAGLIPTINA MONOIDRATADO	SITGLU	A10N1 - ANTIDIABÉTICOS INIBIDORES DPP-IV  PUROS	Similar	Tarja Vermelha	
FOSFATO DE SITAGLIPTINA MONOIDRATADO;CLORIDRATO DE METFORMINA	NIMEGON MET	A10N3 - ASSOCIAÇÕES DE INIBIDORES DPP-IV COM BIGUANIDAS	Similar	Tarja Vermelha	
FOSFATO DE SITAGLIPTINA MONOIDRATADO;CLORIDRATO DE METFORMINA	JANUMET	A10N3 - ASSOCIAÇÕES DE INIBIDORES DPP-IV COM BIGUANIDAS	Novo	Tarja Vermelha	
FOSFATO DE SITAGLIPTINA MONOIDRATADO;CLORIDRATO DE METFORMINA	SITGLU MET	A10N3 - ASSOCIAÇÕES DE INIBIDORES DPP-IV COM BIGUANIDAS	Similar	Tarja Vermelha	
FOSFATO DE SÓDIO DIBÁSICO DI-HIDRATADO;CLORETO DE CÁLCIO DIIDRATADO;CLORETO DE MAGNÉSIO HEXAIDRATADO;BICARBONATO DE SÓDIO;CLORETO DE POTÁSSIO;CLORETO DE SÓDIO	PHOXILIUM	K6A - SOLUÇÕES PARA HEMODIÁLISE	Específico	Tarja Vermelha	
FOSFATO DE SÓDIO DIBÁSICO DIIDRATADO;CLORETO DE MAGNÉSIO HEXAIDRATADO;BICARBONATO DE SÓDIO;CLORETO DE POTÁSSIO;CLORETO DE SÓDIO	BIPHOZYL	K6A - SOLUÇÕES PARA HEMODIÁLISE	Específico	Tarja Vermelha	
FOSFATO DE SÓDIO DIBÁSICO HEPTAIDRATADO;FOSFATO DE SÓDIO MONOBÁSICO MONOIDRATADO	ENEMA JP	A6A4 - LAXANTES ENEMAS	Específico	Tarja Sem Tarja	
FOSFATO DE TEDIZOLIDA	SIVEXTRO	J1X9 - TODOS OS OUTROS ANTIBIÓTICOS	Novo	Tarja Vermelha	
FOSFATO DISSÓDICO DE BETAMETASONA	FOSFATO DISSÓDICO DE BETAMETASONA	H2A1 - CORTICOSTERÓIDES INJETÁVEIS PUROS	Genérico	Tarja Vermelha	
FOSFATO DISSÓDICO DE BETAMETASONA;ACETATO DE BETAMETASONA	BETA-LONG	H2A1 - CORTICOSTERÓIDES INJETÁVEIS PUROS	Similar	Tarja Vermelha	
FOSFATO DISSÓDICO DE BETAMETASONA;ACETATO DE BETAMETASONA	CELESTONE SOLUSPAN	H2A1 - CORTICOSTERÓIDES INJETÁVEIS PUROS	Novo	- (*) 	
FOSFATO DISSÓDICO DE BETAMETASONA;DIPROPIONATO DE BETAMETASONA	BETATRINTA	H2A1 - CORTICOSTERÓIDES INJETÁVEIS PUROS	Similar	Tarja Vermelha	
FOSFATO DISSÓDICO DE BETAMETASONA;DIPROPIONATO DE BETAMETASONA	DIPROPIONATO DE BETAMETASONA + FOSFATO DISSÓDICO DE BETAMETASONA	H2A1 - CORTICOSTERÓIDES INJETÁVEIS PUROS	Genérico	Tarja Vermelha	
FOSFATO DISSÓDICO DE BETAMETASONA;DIPROPIONATO DE BETAMETASONA	PERMESE	H2A1 - CORTICOSTERÓIDES INJETÁVEIS PUROS	Similar	Tarja Vermelha	
FOSFATO DISSÓDICO DE BETAMETASONA;DIPROPIONATO DE BETAMETASONA	DUOFLAM	H2A1 - CORTICOSTERÓIDES INJETÁVEIS PUROS	Similar	Tarja Vermelha	
FOSFATO DISSÓDICO DE BETAMETASONA;DIPROPIONATO DE BETAMETASONA	BETAPROSPAN	H2A1 - CORTICOSTERÓIDES INJETÁVEIS PUROS	Similar	Tarja Vermelha	
FOSFATO DISSÓDICO DE BETAMETASONA;DIPROPIONATO DE BETAMETASONA	FOSFATO DISSÓDICO DE BETAMETASONA + DIPROPIONATO DE BETAMETASONA	H2A1 - CORTICOSTERÓIDES INJETÁVEIS PUROS	Genérico	Tarja Vermelha	
FOSFATO DISSÓDICO DE BETAMETASONA;DIPROPIONATO DE BETAMETASONA	BECLONATO	H2A1 - CORTICOSTERÓIDES INJETÁVEIS PUROS	Similar	Tarja Vermelha	
FOSFATO DISSÓDICO DE BETAMETASONA;DIPROPIONATO DE BETAMETASONA	DIPROPIONATO DE BETAMETASONA + FOSFATO DISSÓDICO DE BETAMETASONA	H2A1 - CORTICOSTERÓIDES INJETÁVEIS PUROS	Genérico	Tarja Vermelha	
FOSFATO DISSÓDICO DE BETAMETASONA;DIPROPIONATO DE BETAMETASONA	DIPROSPAN	H2A1 - CORTICOSTERÓIDES INJETÁVEIS PUROS	Novo	Tarja Vermelha	
FOSFATO DISSÓDICO DE CITIDINA;ACETATO DE HIDROXOCOBALAMINA;TRIFOSFATO TRISSÓDICO DE URIDINA	ETNA	N7X - TODOS OS OUTROS PRODUTOS PARA O SISTEMA NERVOSO CENTRAL	Similar	Tarja Vermelha	
FOSFATO DISSÓDICO DE DEXAMETASONA	CORTICOIDEX	H2A1 - CORTICOSTERÓIDES INJETÁVEIS PUROS	Similar	Tarja Vermelha	
FOSFATO DISSÓDICO DE DEXAMETASONA	FOSFATO DISSÓDICO DE DEXAMETASONA	H2A1 - CORTICOSTERÓIDES INJETÁVEIS PUROS	Genérico	Tarja Vermelha	
FOSFATO DISSÓDICO DE DEXAMETASONA	FOSFATO DISSODICO DE DEXAMETASONA	H2A1 - CORTICOSTERÓIDES INJETÁVEIS PUROS	Genérico	- (*) 	
FOSFATO DISSÓDICO DE DEXAMETASONA	FOSFATO DISSODICO DE DEXAMETASONA	H2A1 - CORTICOSTERÓIDES INJETÁVEIS PUROS	Genérico	Tarja Vermelha	
FOSFATO DISSÓDICO DE DEXAMETASONA	UNIDEXA	H2A1 - CORTICOSTERÓIDES INJETÁVEIS PUROS	Similar	Tarja Vermelha	
FOSFATO DISSÓDICO DE DEXAMETASONA	DECADRON INJETÁVEL	H2A1 - CORTICOSTERÓIDES INJETÁVEIS PUROS	Similar	Tarja Vermelha	
FOSFATO DISSÓDICO DE DEXAMETASONA	FOSFATO DISSÓDICO DE DEXAMETASONA	H2A1 - CORTICOSTERÓIDES INJETÁVEIS PUROS	Genérico	Tarja Vermelha	
FOSFATO DISSÓDICO DE DEXAMETASONA	FOSFATO DISSÓDICO DE DEXAMETASONA	H2A1 - CORTICOSTERÓIDES INJETÁVEIS PUROS	Genérico	- (*) 	
FOSFATO DISSÓDICO DE DEXAMETASONA;CLORIDRATO DE MOXIFLOXACINO	VIGADEXA	S1C1 - ASSOCIAÇÕES OFTALMOLÓGICAS CORTICOSTERÓIDES COM ANTIINFECCIOSOS	Novo	Tarja Vermelha sob restrição	
FOSFATO DISSÓDICO DE DEXAMETASONA;CLORIDRATO DE MOXIFLOXACINO	ZANTY DUO	S1C1 - ASSOCIAÇÕES OFTALMOLÓGICAS CORTICOSTERÓIDES COM ANTIINFECCIOSOS	Similar	Tarja Vermelha sob restrição	
FOSFATO DISSÓDICO DE DEXAMETASONA;CLORIDRATO DE MOXIFLOXACINO	FACOBA®	S1C1 - ASSOCIAÇÕES OFTALMOLÓGICAS CORTICOSTERÓIDES COM ANTIINFECCIOSOS	Similar	Tarja Vermelha sob restrição	
FOSFATO DISSÓDICO DE DEXAMETASONA;CLORIDRATO DE TIAMINA;CLORIDRATO DE LIDOCAINA;CLORIDRATO DE PIRIDOXINA;CIANOCOBALAMINA	DEXANEURIN	M1B - ASSOCIAÇÕES COM ANTIRREUMÁTICOS CORTICOSTERÓIDES	Similar	Tarja Vermelha	
FOSFATO DISSÓDICO DE DEXAMETASONA;CLORIDRATO DE TIAMINA;CLORIDRATO DE PIRIDOXINA;CIANOCOBALAMINA	CLORIDRATO DE TIAMINA + CLORIDRATO DE PIRIDOXINA + CIANOCOBALAMINA + FOSFATO DISSÓDICO DE DEXAMETASONA	M1B - ASSOCIAÇÕES COM ANTIRREUMÁTICOS CORTICOSTERÓIDES	Genérico	Tarja Vermelha	
FOSFATO DISSÓDICO DE DEXAMETASONA;CLORIDRATO DE TIAMINA;CLORIDRATO DE PIRIDOXINA;CIANOCOBALAMINA	DEXALGEN NF	H2B - ASSOCIAÇÕES DE CORTICOSTERÓIDES SISTÊMICOS	Similar	Tarja Vermelha	
FOSFATO DISSÓDICO DE DEXAMETASONA;CLORIDRATO DE TIAMINA;CLORIDRATO DE PIRIDOXINA;CIANOCOBALAMINA	CITOBÊ-DEXA	M1B - ASSOCIAÇÕES COM ANTIRREUMÁTICOS CORTICOSTERÓIDES	Similar	Tarja Vermelha	
FOSFATO DISSÓDICO DE DEXAMETASONA;CLORIDRATO DE TIAMINA;CLORIDRATO DE PIRIDOXINA;CIANOCOBALAMINA	RENOVI B PLUS	H2B - ASSOCIAÇÕES DE CORTICOSTERÓIDES SISTÊMICOS	Similar	Tarja Vermelha	
FOSFATO DISSÓDICO DE DEXAMETASONA;CLORIDRATO DE TIAMINA;CLORIDRATO DE PIRIDOXINA;CIANOCOBALAMINA	DEXA-CITONEURIN NFF	H2B - ASSOCIAÇÕES DE CORTICOSTERÓIDES SISTÊMICOS	Novo	Tarja Vermelha	
FOSFATO DISSÓDICO DE DEXAMETASONA;SULFATO DE NEOMICINA	DEXAVISON	S1C1 - ASSOCIAÇÕES OFTALMOLÓGICAS CORTICOSTERÓIDES COM ANTIINFECCIOSOS	Similar	- (*) 	
FOSFATO DISSÓDICO DE DEXAMETASONA;SULFATO DE NEOMICINA	DECADRON COLÍRIO	S1C1 - ASSOCIAÇÕES OFTALMOLÓGICAS CORTICOSTERÓIDES COM ANTIINFECCIOSOS	Similar	Tarja Vermelha sob restrição	
FOSFATO DISSÓDICO DE DEXAMETASONA;SULFATO DE NEOMICINA;CLORIDRATO DE FENILEFRINA	DECADRON NASAL	R1A3 - CORTICOSTERÓIDES NASAIS COM ANTI-INFECCIOSOS	Similar	- (*) 	
FOSFATO SÓDICO DE PREDNISOLONA	FOSFATO SÓDICO DE PREDNISOLONA	H2A2 - CORTICOSTERÓIDES ORAIS PUROS	Genérico	Tarja Vermelha	
FOSFATO SÓDICO DE PREDNISOLONA	PRENI	H2A2 - CORTICOSTERÓIDES ORAIS PUROS	Similar	Tarja Vermelha	
FOSFATO SÓDICO DE PREDNISOLONA	PERCOIDE	H2A2 - CORTICOSTERÓIDES ORAIS PUROS	Similar	Tarja Vermelha	
FOSFATO SÓDICO DE PREDNISOLONA	EMS-PRED	H2A2 - CORTICOSTERÓIDES ORAIS PUROS	Similar	- (*) 	
FOSFATO SÓDICO DE PREDNISOLONA	FOSFATO SÓDICO DE PREDNISOLONA	H2A2 - CORTICOSTERÓIDES ORAIS PUROS	Genérico	Tarja Vermelha	
FOSFATO SÓDICO DE PREDNISOLONA	FOSFATO SODICO DE PREDNISOLONA	H2A2 - CORTICOSTERÓIDES ORAIS PUROS	Genérico	Tarja Vermelha	
FOSFATO SÓDICO DE PREDNISOLONA	FOSFATO SÓDICO DE PREDNISOLONA	H2A2 - CORTICOSTERÓIDES ORAIS PUROS	Genérico	Tarja Vermelha	
FOSFATO SÓDICO DE PREDNISOLONA	PROSOLIN	H2A2 - CORTICOSTERÓIDES ORAIS PUROS	Similar	Tarja Vermelha	
FOSFATO SÓDICO DE PREDNISOLONA	ZASTAT	H2A2 - CORTICOSTERÓIDES ORAIS PUROS	Similar	Tarja Vermelha	
FOSFATO SÓDICO DE PREDNISOLONA	PRELONE	H2A2 - CORTICOSTERÓIDES ORAIS PUROS	Similar	Tarja Vermelha	
FOSFATO SÓDICO DE PREDNISOLONA	FOSFATO SÓDICO DE PREDNISOLONA	H2A2 - CORTICOSTERÓIDES ORAIS PUROS	Genérico	Tarja Vermelha	
FOSFATO SÓDICO DE PREDNISOLONA	FOSFATO SÓDICO DE PREDNISOLONA	H2A2 - CORTICOSTERÓIDES ORAIS PUROS	Genérico	Tarja Vermelha	
FOSFATO SÓDICO DE PREDNISOLONA	PREDSIGMA	H2A2 - CORTICOSTERÓIDES ORAIS PUROS	Similar	- (*) 	
FOSFATO SÓDICO DE PREDNISOLONA	FOSFATO SÓDICO DE PREDNISOLONA	H2A2 - CORTICOSTERÓIDES ORAIS PUROS	Genérico	Tarja Vermelha	
FOSFATO SÓDICO DE PREDNISOLONA	FOSFATO SÓDICO DE PREDNISOLONA	H2A2 - CORTICOSTERÓIDES ORAIS PUROS	Genérico	Tarja Vermelha	
FOSFATO SÓDICO DE PREDNISOLONA	PREDSIM	H2A2 - CORTICOSTERÓIDES ORAIS PUROS	Novo	Tarja Vermelha	
FOSFATO SÓDICO DE PREDNISOLONA	PREDSIM ODT	H2A2 - CORTICOSTERÓIDES ORAIS PUROS	Novo	Tarja Vermelha	
FOSFOMICINA TROMETAMOL	MONURIL	J1X9 - TODOS OS OUTROS ANTIBIÓTICOS	Novo	- (*) 	
FOSFOMICINA TROMETAMOL	TRATURIL	J1X9 - TODOS OS OUTROS ANTIBIÓTICOS	Similar	Tarja Vermelha	
FOSFOMICINA TROMETAMOL	MYFOS	J1X9 - TODOS OS OUTROS ANTIBIÓTICOS	Similar	Tarja Vermelha sob restrição	
FOSFOMICINA TROMETAMOL	FOSFOMICINA TROMETAMOL	J1X9 - TODOS OS OUTROS ANTIBIÓTICOS	Genérico	Tarja Vermelha sob restrição	
FOSFOMICINA TROMETAMOL	FOSMORYL	J1X9 - TODOS OS OUTROS ANTIBIÓTICOS	Similar	Tarja Vermelha sob restrição	
FOSFOMICINA TROMETAMOL	VIZURIA	J1X9 - TODOS OS OUTROS ANTIBIÓTICOS	Similar	Tarja Vermelha sob restrição	
FOSFOMICINA TROMETAMOL	CYSTOREN	J1X9 - TODOS OS OUTROS ANTIBIÓTICOS	Similar	Tarja Vermelha sob restrição	
FOSTENSAVIR TROMETAMOL	RUKOBIA	J5C4 - ANTIVIRAIS HIV, INIBIDORES DE ENTRADA	Novo	Tarja Vermelha	
FOTEMUSTINA	MUPHORAN	L1A - AGENTES ANTINEOPLÁSICOS ALQUILANTES	Novo	- (*) 	
FRANGULA PURSHIANA (DC.) A. GRAY	CÁSCARA SAGRADA BIONATUS	V3X9 - OUTRAS PREPARAÇÕES  TERAPÊUTICAS	Fitoterápico	Tarja Sem Tarja	
FREMANEZUMABE	AJOVY	N2C2 - ANTAGONISTAS DA CGRP ANTI-ENXAQUECA	Biológico	- (*) 	
FRUTOSE	FRUTOSE 5%	K1B3 - SOLUÇÕES CARBOHIDRATOS <10%	Específico	- (*) 	
FRUTOSE;DIMENIDRINATO;CLORIDRATO DE PIRIDOXINA;GLICOSE	DRAMIN B6 DL	A4A9 - OUTROS ANTIEMÉTICOS E ANTINAUSEANTES	Novo	Tarja Vermelha	
FRUTOSE;NICOTINAMIDA;RIBOFLAVINA;CLORIDRATO DE PIRIDOXINA;ÁCIDO ASCÓRBICO;CIANOCOBALAMINA	NEO CEBETIL COMPLEXO	A11E3 - OUTRAS ASSOCIAÇÕES COM COMPLEXO B	Específico	- (*) 	
FULVESTRANTO	POEMMY	L2B1 - HORMÔNIOS ANTIESTROGÊNEOS CITOSTÁTICOS	Similar	Tarja Vermelha	
FULVESTRANTO	SELETIV	L2B1 - HORMÔNIOS ANTIESTROGÊNEOS CITOSTÁTICOS	Similar	Tarja Vermelha	
FULVESTRANTO	FULVESTRANTO	L2B1 - HORMÔNIOS ANTIESTROGÊNEOS CITOSTÁTICOS	Genérico	Tarja Vermelha	
FULVESTRANTO	VEQUILE	L2B1 - HORMÔNIOS ANTIESTROGÊNEOS CITOSTÁTICOS	Similar	Tarja Vermelha	
FULVESTRANTO	FULVESTRANTO	L2B1 - HORMÔNIOS ANTIESTROGÊNEOS CITOSTÁTICOS	Genérico	Tarja Vermelha	
FULVESTRANTO	BRYST	L2B1 - HORMÔNIOS ANTIESTROGÊNEOS CITOSTÁTICOS	Similar	Tarja Vermelha	
FULVESTRANTO	REZIMORP	L2B1 - HORMÔNIOS ANTIESTROGÊNEOS CITOSTÁTICOS	Similar	Tarja Vermelha	
FULVESTRANTO	FASLODEX	L2B1 - HORMÔNIOS ANTIESTROGÊNEOS CITOSTÁTICOS	Novo	Tarja Vermelha	
FULVESTRANTO	FULVESTRANTO	L2B1 - HORMÔNIOS ANTIESTROGÊNEOS CITOSTÁTICOS	Genérico	Tarja Vermelha	
FULVESTRANTO	FUVEX	L2B9 - OUTROS CITOSTÁTICOS ANTAGONISTAS HORMONAIS	Similar	Tarja Vermelha	
FULVESTRANTO	FULVESTRANTO	L2B1 - HORMÔNIOS ANTIESTROGÊNEOS CITOSTÁTICOS	Genérico	Tarja Vermelha	
FULVESTRANTO	FULVESTRANTO	L2B1 - HORMÔNIOS ANTIESTROGÊNEOS CITOSTÁTICOS	Genérico	Tarja Vermelha	
FULVESTRANTO	FULVY	L2B1 - HORMÔNIOS ANTIESTROGÊNEOS CITOSTÁTICOS	Similar	Tarja Vermelha	
FULVESTRANTO	FULVESTRANTO	L2B1 - HORMÔNIOS ANTIESTROGÊNEOS CITOSTÁTICOS	Genérico	Tarja Vermelha sob restrição	
FULVESTRANTO	SUPRENIQ	L2B1 - HORMÔNIOS ANTIESTROGÊNEOS CITOSTÁTICOS	Genérico	Tarja Vermelha sob restrição	
FULVESTRANTO	FULVAFIT	L2B9 - OUTROS CITOSTÁTICOS ANTAGONISTAS HORMONAIS	Similar	Tarja Vermelha	
FULVESTRANTO	FULVESTRANTO	L2B1 - HORMÔNIOS ANTIESTROGÊNEOS CITOSTÁTICOS	Genérico	Tarja Vermelha	
FULVESTRANTO	MYLVESTON	L2B1 - HORMÔNIOS ANTIESTROGÊNEOS CITOSTÁTICOS	Similar	Tarja Vermelha	
FUMARATO DE CETOTIFENO	ASMOFEN	R3C2 - ANTIASMÁTICOS/DPOC ANTIINFLAMATORIOS NÃO ESTEROIDAIS RESPIRATÓRIOS SISTÊMICOS	Similar	- (*) 	
FUMARATO DE CETOTIFENO	OCTIFEN	S1G3 - ANTIALÉRGICOS OFTAMOLÓGICOS, MÚLTIPLA AÇÃO	Similar	Tarja Vermelha	
FUMARATO DE CETOTIFENO	FUMARATO DE CETOTIFENO	R3C2 - ANTIASMÁTICOS/DPOC ANTIINFLAMATORIOS NÃO ESTEROIDAIS RESPIRATÓRIOS SISTÊMICOS	Genérico	Tarja Vermelha	
FUMARATO DE CETOTIFENO	FUMARATO DE CETOTIFENO	R3C2 - ANTIASMÁTICOS/DPOC ANTIINFLAMATORIOS NÃO ESTEROIDAIS RESPIRATÓRIOS SISTÊMICOS	Genérico	- (*) 	
FUMARATO DE CLEMASTINA;ACETATO DE DEXAMETASONA	EMISTIN	D7B4 - OUTRAS ASSOCIAÇÕES DE CORTICOSTERÓIDES	Novo	- (*) 	
FUMARATO DE DIMETILA	FUMARATO DE DIMETILA	N7A - PRODUTOS PARA ESCLEROSE MÚLTIPLA	Genérico	Tarja Vermelha	
FUMARATO DE DIMETILA	DYFUCERT	N7A - PRODUTOS PARA ESCLEROSE MÚLTIPLA	Similar	Tarja Vermelha	
FUMARATO DE DIMETILA	FUMARATO DE DIMETILA	N7A - PRODUTOS PARA ESCLEROSE MÚLTIPLA	Genérico	Tarja Vermelha	
FUMARATO DE DIMETILA	TECFIDERA	N7A - PRODUTOS PARA ESCLEROSE MÚLTIPLA	Novo	Tarja Vermelha	
FUMARATO DE FORMOTEROL	FORMOCAPS	R3A3 - ANTIASMÁTICOS/DPOC AGONISTAS B2 LONGA AÇÃO INALANTE	Similar	- (*) 	
FUMARATO DE FORMOTEROL	FLUIR	R3A3 - ANTIASMÁTICOS/DPOC AGONISTAS B2 LONGA AÇÃO INALANTE	Similar	Tarja Vermelha	
FUMARATO DE FORMOTEROL DIIDRATADO;BUDESONIDA	FORASEQ	R3F1 - ANTIASMÁTICOS/DPOC AGONISTAS B2 ASSOCIADOS A CORTICOSTERÓIDES, INALANTES	Novo	Tarja Vermelha	
FUMARATO DE RUPATADINA	RUPAFIN	R6A - ANTI-HISTAMÍNICOS SISTÊMICOS	Novo	- (*) 	
FUMARATO DE TENOFOVIR DESOPROXILA	FUMARATO DE TENOFOVIR DESOPROXILA	J5C1 - ANTIVIRAIS ANTI-HIV INIBIDORES DA TRANSCRIPTASE REVERSA NUCLEOSÍDEOS E NUCLEOTÍDEOS	Genérico	Tarja Vermelha sob restrição	
FUMARATO DE TENOFOVIR DESOPROXILA	FUMARATO DE TENOFOVIR DESOPROXILA	J5C1 - ANTIVIRAIS ANTI-HIV INIBIDORES DA TRANSCRIPTASE REVERSA NUCLEOSÍDEOS E NUCLEOTÍDEOS	Genérico	- (*) 	
FUMARATO DE TENOFOVIR DESOPROXILA	FUMARATO DE TENOFOVIR DESOPROXILA	J5C1 - ANTIVIRAIS ANTI-HIV INIBIDORES DA TRANSCRIPTASE REVERSA NUCLEOSÍDEOS E NUCLEOTÍDEOS	Genérico	Tarja Vermelha	
FUMARATO DE TENOFOVIR DESOPROXILA;ENTRICITABINA	TRUVADA	J5C1 - ANTIVIRAIS ANTI-HIV INIBIDORES DA TRANSCRIPTASE REVERSA NUCLEOSÍDEOS E NUCLEOTÍDEOS	Novo	Tarja Vermelha	
FUMARATO DE TENOFOVIR DESOPROXILA;ENTRICITABINA	ENTRICITABINA + FUMARATO DE TENOFOVIR DESOPROXILA	J5C1 - ANTIVIRAIS ANTI-HIV INIBIDORES DA TRANSCRIPTASE REVERSA NUCLEOSÍDEOS E NUCLEOTÍDEOS	Genérico	Tarja Vermelha	
FUMARATO DE TENOFOVIR DESOPROXILA;ENTRICITABINA	ENTRICITABINA + FUMARATO DE TENOFOVIR DESOPROXILA	J5C1 - ANTIVIRAIS ANTI-HIV INIBIDORES DA TRANSCRIPTASE REVERSA NUCLEOSÍDEOS E NUCLEOTÍDEOS	Genérico	Tarja Vermelha	
FUMARATO DE TENOFOVIR DESOPROXILA;ENTRICITABINA	BINAV	J5C1 - ANTIVIRAIS ANTI-HIV INIBIDORES DA TRANSCRIPTASE REVERSA NUCLEOSÍDEOS E NUCLEOTÍDEOS	Similar	Tarja Vermelha	
FUMARATO DE TENOFOVIR DESOPROXILA;LAMIVUDINA	LAFEPE FUMARATO DE TENOFOVIR DESOPROXILA + LAMIVUDINA	J5C1 - ANTIVIRAIS ANTI-HIV INIBIDORES DA TRANSCRIPTASE REVERSA NUCLEOSÍDEOS E NUCLEOTÍDEOS	Novo	Tarja Vermelha	
FUMARATO DE TENOFOVIR DESOPROXILA;LAMIVUDINA	DUPLA	J5C1 - ANTIVIRAIS ANTI-HIV INIBIDORES DA TRANSCRIPTASE REVERSA NUCLEOSÍDEOS E NUCLEOTÍDEOS	Novo	Tarja Vermelha	
FUMARATO DE TENOFOVIR DESOPROXILA;LAMIVUDINA	FUMARATO DE TENOFOVIR DESOPROXILA + LAMIVUDINA	J5C1 - ANTIVIRAIS ANTI-HIV INIBIDORES DA TRANSCRIPTASE REVERSA NUCLEOSÍDEOS E NUCLEOTÍDEOS	Genérico	Tarja Vermelha	
FUMARATO DE TENOFOVIR DESOPROXILA;LAMIVUDINA	FUMARATO DE TENOFOVIR DESOPROXILA+LAMIVUDINA	J5C1 - ANTIVIRAIS ANTI-HIV INIBIDORES DA TRANSCRIPTASE REVERSA NUCLEOSÍDEOS E NUCLEOTÍDEOS	Genérico	- (*) 	
FUMARATO DE TENOFOVIR DESOPROXILA;LAMIVUDINA	DUPLIVIR	J5C1 - ANTIVIRAIS ANTI-HIV INIBIDORES DA TRANSCRIPTASE REVERSA NUCLEOSÍDEOS E NUCLEOTÍDEOS	Novo	Tarja Vermelha	
FUMARATO DE VONOPRAZANA	INZELM	A2B2 - INIBIDORES DA BOMBA DE PRÓTONS	Novo	Tarja Vermelha	
FUMARATO FERROSO;NITRATO DE TIAMINA;ACETATO DE RACEALFATOCOFEROL;BETACAROTENO;RIBOFLAVINA;CLORIDRATO DE PIRIDOXINA;ÁCIDO FÓLICO;ÓXIDO DE ZINCO;ÁCIDO ASCÓRBICO;COLECALCIFEROL	DAMATER	A11A1 - POLIVITAMÍNICOS COM MINERAIS, PRENATAIS	Específico	Tarja Vermelha	
FUROATO DE FLUTICASONA	AVAMYS	R1A1 - CORTICOSTERÓIDES NASAIS SEM ANTIINFECCIOSOS	Novo	- (*) 	
FUROATO DE MOMETASONA	NITES	R1A1 - CORTICOSTERÓIDES NASAIS SEM ANTIINFECCIOSOS	Similar	Tarja Vermelha	
FUROATO DE MOMETASONA	TOPISON	D7A - CORTICOESTERÓIDES TÓPICOS PUROS	Similar	- (*) 	
FUROATO DE MOMETASONA	FUROATO DE MOMETASONA	D7A - CORTICOESTERÓIDES TÓPICOS PUROS	Genérico	Tarja Vermelha	
FUROATO DE MOMETASONA	RESGAT	D7A - CORTICOESTERÓIDES TÓPICOS PUROS	Similar	- (*) 	
FUROATO DE MOMETASONA	FUROATO DE MOMETASONA	D7A - CORTICOESTERÓIDES TÓPICOS PUROS	Genérico	Tarja Vermelha	
FUROATO DE MOMETASONA	FUROATO DE MOMETASONA	D7A - CORTICOESTERÓIDES TÓPICOS PUROS	Genérico	Tarja Vermelha	
FUROATO DE MOMETASONA	DERMOTIL FUSID	D7B1 - CORTICOESTERÓIDES ASSOCIADOS A ANTIBACTERIANOS	Novo	Tarja Vermelha sob restrição	
FUROATO DE MOMETASONA	FUROATO DE MOMETASONA	D7A - CORTICOESTERÓIDES TÓPICOS PUROS	Genérico	- (*) 	
FUROATO DE MOMETASONA	OXIMAX	R3D1 - ANTIASMÁTICOS/DPOC CORTICOSTERÓIDES INALANTES	Novo	- (*) 	
FUROATO DE MOMETASONA	M-LIX	D7A - CORTICOESTERÓIDES TÓPICOS PUROS	Similar	- (*) 	
FUROATO DE MOMETASONA	FUROATO DE MOMETASONA	D7A - CORTICOESTERÓIDES TÓPICOS PUROS	Genérico	- (*) 	
FUROATO DE MOMETASONA MONOIDRATADO	NASONEX®	R1A1 - CORTICOSTERÓIDES NASAIS SEM ANTIINFECCIOSOS	Novo	Tarja Vermelha	
FUROATO DE MOMETASONA MONOIDRATADO	FUROATO DE MOMETASONA	R1A1 - CORTICOSTERÓIDES NASAIS SEM ANTIINFECCIOSOS	Genérico	Tarja Vermelha	
FUROATO DE MOMETASONA MONOIDRATADO	VENTUS	R1A1 - CORTICOSTERÓIDES NASAIS SEM ANTIINFECCIOSOS	Similar	Tarja Vermelha	
FUROATO DE MOMETASONA MONOIDRATADO	MONAX	R1A1 - CORTICOSTERÓIDES NASAIS SEM ANTIINFECCIOSOS	Similar	Tarja Vermelha	
FUROATO DE MOMETASONA MONOIDRATADO	FUROATO DE MOMETASONA	R1A1 - CORTICOSTERÓIDES NASAIS SEM ANTIINFECCIOSOS	Genérico	Tarja Vermelha	
FUROATO DE MOMETASONA MONOIDRATADO	MOMATE	R1A1 - CORTICOSTERÓIDES NASAIS SEM ANTIINFECCIOSOS	Similar	Tarja Vermelha	
FUROATO DE MOMETASONA MONOIDRATADO	AMOME	R1A1 - CORTICOSTERÓIDES NASAIS SEM ANTIINFECCIOSOS	Similar	Tarja Vermelha	
FUROSEMIDA	FUROSANTISA	C3A2 - DIURÉTICOS DE ALÇA PUROS	Similar	Tarja Vermelha	
FUROSEMIDA	FUROSEMIDA	C3A2 - DIURÉTICOS DE ALÇA PUROS	Genérico	Tarja Vermelha	
FUROSEMIDA	FUROSEMIDA	C3A2 - DIURÉTICOS DE ALÇA PUROS	Genérico	Tarja Vermelha	
FUROSEMIDA	FUROSEMIDA	C3A2 - DIURÉTICOS DE ALÇA PUROS	Genérico	- (*) 	
FUROSEMIDA	FUROSEMIDA	C3A2 - DIURÉTICOS DE ALÇA PUROS	Genérico	- (*) 	
FUROSEMIDA	FUROSEMIDA	C3A2 - DIURÉTICOS DE ALÇA PUROS	Genérico	Tarja Vermelha	
FUROSEMIDA	FUROSEMIDA	C3A2 - DIURÉTICOS DE ALÇA PUROS	Genérico	- (*) 	
FUROSEMIDA	FUROSEMIDA	C3A2 - DIURÉTICOS DE ALÇA PUROS	Genérico	Tarja Vermelha	
FUROSEMIDA	FUROSETRON	C3A2 - DIURÉTICOS DE ALÇA PUROS	Similar	Tarja Vermelha	
FUROSEMIDA	FUROSEMIDA	C3A2 - DIURÉTICOS DE ALÇA PUROS	Genérico	Tarja Vermelha	
FUROSEMIDA	FUROSEMIDA	C3A2 - DIURÉTICOS DE ALÇA PUROS	Genérico	Tarja Vermelha	
FUROSEMIDA	DIUREMIDA	C3A2 - DIURÉTICOS DE ALÇA PUROS	Similar	- (*) 	
FUROSEMIDA	FUROSEMIDA	C3A2 - DIURÉTICOS DE ALÇA PUROS	Genérico	- (*) 	
FUROSEMIDA	FUROSEMIDA	C3A2 - DIURÉTICOS DE ALÇA PUROS	Genérico	Tarja Vermelha	
FUROSEMIDA	NEOSEMID	C3A2 - DIURÉTICOS DE ALÇA PUROS	Similar	Tarja Vermelha	
FUROSEMIDA	LASIX	C3A2 - DIURÉTICOS DE ALÇA PUROS	Novo	Tarja Vermelha sob restrição	
FUROSEMIDA;CLORETO DE POTÁSSIO	HIDRION	C3A2 - DIURÉTICOS DE ALÇA PUROS	Novo	- (*) 	
FUSIDATO DE SÓDIO	FUCIDIN	D6A - ANTIBIÓTICOS TÓPICOS	Novo	Tarja Vermelha	
GABAPENTINA	GABAPENTINA	N2D - GABAPENTINOIDES	Genérico	Tarja Vermelha sob restrição	
GABAPENTINA	GABAPENTINA	N2D - GABAPENTINOIDES	Genérico	Tarja Vermelha sob restrição	
GABAPENTINA	GABAPENTINA	N2D - GABAPENTINOIDES	Genérico	Tarja Vermelha sob restrição	
GABAPENTINA	GABAPENTINA	N2D - GABAPENTINOIDES	Genérico	Tarja Vermelha sob restrição	
GABAPENTINA	GABAPENTINA	N2D - GABAPENTINOIDES	Genérico	- (*) 	
GABAPENTINA	EMPAK	N2D - GABAPENTINOIDES	Similar	Tarja Vermelha sob restrição	
GABAPENTINA	GABAPENTINA	N2D - GABAPENTINOIDES	Genérico	Tarja Vermelha sob restrição	
GABAPENTINA	GABAPENTINA	N2D - GABAPENTINOIDES	Genérico	Tarja Vermelha sob restrição	
GABAPENTINA	GABAPENTINA	N2D - GABAPENTINOIDES	Genérico	Tarja Vermelha sob restrição	
GABAPENTINA	GAPEM	N2D - GABAPENTINOIDES	Similar	Tarja Vermelha sob restrição	
GABAPENTINA	GABANEURIN	N2D - GABAPENTINOIDES	Similar	Tarja Vermelha sob restrição	
GABAPENTINA	GABAPENTINA	N2D - GABAPENTINOIDES	Genérico	Tarja Vermelha sob restrição	
GABAPENTINA	GABAPENTINA	N2D - GABAPENTINOIDES	Genérico	Tarja Vermelha sob restrição	
GABAPENTINA	GABAPENTINA	N2D - GABAPENTINOIDES	Genérico	Tarja Vermelha sob restrição	
GABAPENTINA	GABAPENTINA	N2D - GABAPENTINOIDES	Genérico	- (*) 	
GADOBENATO DE DIMEGLUMINA	MULTIHANCE	T1E - AGENTE DIAGNÓSTICO POR IMAGEM PARA RESSONÂNCIA MAGNÉTICA	Novo	Tarja Vermelha	
GADOBUTROL	GADOVIST	T1E - AGENTE DIAGNÓSTICO POR IMAGEM PARA RESSONÂNCIA MAGNÉTICA	Novo	Tarja Vermelha	
GADODIAMIDA	OMNISCAN	T1E - AGENTE DIAGNÓSTICO POR IMAGEM PARA RESSONÂNCIA MAGNÉTICA	Novo	Tarja Vermelha	
GADOPENTETATO DE DIMEGLUMINA	MAGNEVISTAN	T1E - AGENTE DIAGNÓSTICO POR IMAGEM PARA RESSONÂNCIA MAGNÉTICA	Novo	- (*) 	
GADOTERIDOL	PROHANCE	T1E - AGENTE DIAGNÓSTICO POR IMAGEM PARA RESSONÂNCIA MAGNÉTICA	Novo	Tarja Vermelha	
GADOXETATO DISSÓDICO	PRIMOVIST	T1E - AGENTE DIAGNÓSTICO POR IMAGEM PARA RESSONÂNCIA MAGNÉTICA	Novo	- (*) 	
GALCANEZUMABE	EMGALITY	N2C2 - ANTAGONISTAS DA CGRP ANTI-ENXAQUECA	Biológico	Tarja Vermelha	
GALCANEZUMABE	EMGALITY	N2C9 - TODOS AS OUTRAS PREPARAÇÕES ANTIENXAQUECOSAS	Biológico	- (*) 	
GALSULFASE	NAGLAZYME	A16A - OUTROS PRODUTOS PARA O APARELHO DIGESTÓRIO E METABOLISMO	Biológico	- (*) 	
GAMANONACOGUE	RIXUBIS	B2D9 - PRODUTOS DE COAGULAÇÃO SANGUÍNEA, OUTROS	Biológico	- (*) 	
GANCICLOVIR	GANVIRAX	J5B3 - ANTIVIRAIS PARA HERPES	Similar	- (*) 	
GANCICLOVIR SÓDICO	GANCICLOVIR SODICO	J5B3 - ANTIVIRAIS PARA HERPES	Genérico	Tarja Vermelha	
GANCICLOVIR SÓDICO	CYMEVIR	J5B3 - ANTIVIRAIS PARA HERPES	Novo	Tarja Vermelha	
GANCICLOVIR SÓDICO	GANCICLOTRAT	J5B3 - ANTIVIRAIS PARA HERPES	Similar	Tarja Vermelha	
GANGLIOSÍDEO GM1	SYGEN	N7X - TODOS OS OUTROS PRODUTOS PARA O SISTEMA NERVOSO CENTRAL	Biológico	- (*) 	
GATIFLOXACINO	ZYMAR	S1A - ANTIINFECCIOS OFTALMOLÓGICOS	Novo	- (*) 	
GATIFLOXACINO	ORBIFLOX	S1A - ANTIINFECCIOS OFTALMOLÓGICOS	Similar	Tarja Vermelha sob restrição	
GATIFLOXACINO SESQUI-HIDRATADO;ACETATO DE PREDNISOLONA	ZYPRED	S1C1 - ASSOCIAÇÕES OFTALMOLÓGICAS CORTICOSTERÓIDES COM ANTIINFECCIOSOS	Novo	Tarja Vermelha sob restrição	
GEFITINIB	GEFIB	L1H2 - INIBIDORES PREOTEÍNA KINASE ANTINEOPLÁSICOS, EGFR	Similar	Tarja Vermelha	
GEFITINIBE	TIMB	L1H2 - INIBIDORES PREOTEÍNA KINASE ANTINEOPLÁSICOS, EGFR	Similar	Tarja Vermelha	
GEFITINIBE	TYKITICIP	L1H2 - INIBIDORES PREOTEÍNA KINASE ANTINEOPLÁSICOS, EGFR	Similar	Tarja Vermelha	
GEFITINIBE	IRESSA	L1H2 - INIBIDORES PREOTEÍNA KINASE ANTINEOPLÁSICOS, EGFR	Novo	- (*) 	
GEFITINIBE	GEFITINIBE	L1H2 - INIBIDORES PREOTEÍNA KINASE ANTINEOPLÁSICOS, EGFR	Genérico	Tarja Vermelha	
GEFITINIBE	KIGEFO	L1H2 - INIBIDORES PREOTEÍNA KINASE ANTINEOPLÁSICOS, EGFR	Similar	Tarja Vermelha	
GEFITINIBE	GEFITINIBE	L1H2 - INIBIDORES PREOTEÍNA KINASE ANTINEOPLÁSICOS, EGFR	Genérico	Tarja Vermelha	
GEFITINIBE	GEFITINIBE	L1H2 - INIBIDORES PREOTEÍNA KINASE ANTINEOPLÁSICOS, EGFR	Genérico	Tarja Vermelha	
GEFITINIBE	PULGE	L1H2 - INIBIDORES PREOTEÍNA KINASE ANTINEOPLÁSICOS, EGFR	Similar	Tarja Vermelha	
GELATINA;TROMBINA	FLOSEAL	B2F - PREPARAÇÕES PARA COLAGEM TECIDUAL	Biológico	- (*) 	
GENFIBROZILA	GENFIBROZILA	C10A2 - FIBRATOS	Genérico	Tarja Vermelha	
GENFIBROZILA	GENFIBROZILA	C10A2 - FIBRATOS	Genérico	- (*) 	
GENFIBROZILA	GENFIBROZILA	C10A2 - FIBRATOS	Genérico	Tarja Vermelha	
GENTUZUMABE OZOGAMICINA	MYLOTARG	L1G9 - ANTICORPOS MONOCLONAIS ANTINEOPLÁSICOS, OUTROS	Biológico	Tarja Vermelha	
GESTODENO;ETINILESTRADIOL	GESTINOL	G3A1 - HORMÔNIOS CONTRACEPTIVOS MONOFÁSICOS COM ESTROGÊNIOS <50MCG	Novo	- (*) 	
GESTODENO;ETINILESTRADIOL	DIMINUT	G3A1 - HORMÔNIOS CONTRACEPTIVOS MONOFÁSICOS COM ESTROGÊNIOS <50MCG	Similar	- (*) 	
GESTODENO;ETINILESTRADIOL	SIBLIMA	G3A1 - HORMÔNIOS CONTRACEPTIVOS MONOFÁSICOS COM ESTROGÊNIOS <50MCG	Similar	- (*) 	
GESTODENO;ETINILESTRADIOL	TÂMISA	G3A1 - HORMÔNIOS CONTRACEPTIVOS MONOFÁSICOS COM ESTROGÊNIOS <50MCG	Similar	Tarja Vermelha	
GESTODENO;ETINILESTRADIOL	TÂMISA 15	G3A1 - HORMÔNIOS CONTRACEPTIVOS MONOFÁSICOS COM ESTROGÊNIOS <50MCG	Similar	- (*) 	
GESTODENO;ETINILESTRADIOL	GESTODENO + ETINILESTRADIOL	G3A1 - HORMÔNIOS CONTRACEPTIVOS MONOFÁSICOS COM ESTROGÊNIOS <50MCG	Genérico	Tarja Vermelha	
GESTODENO;ETINILESTRADIOL	GINESSE	G3A1 - HORMÔNIOS CONTRACEPTIVOS MONOFÁSICOS COM ESTROGÊNIOS <50MCG	Similar	- (*) 	
GESTODENO;ETINILESTRADIOL	ADOLESS	G3A1 - HORMÔNIOS CONTRACEPTIVOS MONOFÁSICOS COM ESTROGÊNIOS <50MCG	Similar	Tarja Vermelha	
GESTODENO;ETINILESTRADIOL	FEMIANE	G3A1 - HORMÔNIOS CONTRACEPTIVOS MONOFÁSICOS COM ESTROGÊNIOS <50MCG	Novo	Tarja Vermelha	
GESTODENO;ETINILESTRADIOL	ALLESTRA CONTI	G3A1 - HORMÔNIOS CONTRACEPTIVOS MONOFÁSICOS COM ESTROGÊNIOS <50MCG	Similar	Tarja Vermelha	
GESTODENO;ETINILESTRADIOL	ALLESTRA	G3A1 - HORMÔNIOS CONTRACEPTIVOS MONOFÁSICOS COM ESTROGÊNIOS <50MCG	Similar	Tarja Vermelha	
GESTODENO;ETINILESTRADIOL	ETINILESTRADIOL + GESTODENO	G3A1 - HORMÔNIOS CONTRACEPTIVOS MONOFÁSICOS COM ESTROGÊNIOS <50MCG	Genérico	Tarja Vermelha	
GESTODENO;ETINILESTRADIOL	TANTIN	G3A1 - HORMÔNIOS CONTRACEPTIVOS MONOFÁSICOS COM ESTROGÊNIOS <50MCG	Similar	- (*) 	
GESTODENO;ETINILESTRADIOL	GESTODENO+ETINILESTRADIOL	G3A1 - HORMÔNIOS CONTRACEPTIVOS MONOFÁSICOS COM ESTROGÊNIOS <50MCG	Genérico	Tarja Vermelha	
GESTODENO;ETINILESTRADIOL	FERTNON	G3A1 - HORMÔNIOS CONTRACEPTIVOS MONOFÁSICOS COM ESTROGÊNIOS <50MCG	Similar	Tarja Vermelha	
GESTODENO;ETINILESTRADIOL	MICROPIL	G3A1 - HORMÔNIOS CONTRACEPTIVOS MONOFÁSICOS COM ESTROGÊNIOS <50MCG	Similar	Tarja Vermelha	
GESTODENO;ETINILESTRADIOL	PREVIANE	G3A1 - HORMÔNIOS CONTRACEPTIVOS MONOFÁSICOS COM ESTROGÊNIOS <50MCG	Similar	- (*) 	
GESTODENO;ETINILESTRADIOL	MINIMA	G3A1 - HORMÔNIOS CONTRACEPTIVOS MONOFÁSICOS COM ESTROGÊNIOS <50MCG	Similar	- (*) 	
GINKGO BILOBA L.	GINKGO BILOBA BRASTERAPICA	C4A1 - VASOTERAPÊUTICOS CEREBRAIS E PERIFÉRICOS, EXCLUINDO ANTOAGONISTAS DE CÁLCIO COM AÇÃO CEREBRAL	Fitoterápico	Tarja Vermelha	
GINKGO BILOBA L.	EQUITAM	C4A1 - VASOTERAPÊUTICOS CEREBRAIS E PERIFÉRICOS, EXCLUINDO ANTOAGONISTAS DE CÁLCIO COM AÇÃO CEREBRAL	Fitoterápico	- (*) 	
GINKGO BILOBA L.	GINKGO CATARINENSE	C4A1 - VASOTERAPÊUTICOS CEREBRAIS E PERIFÉRICOS, EXCLUINDO ANTOAGONISTAS DE CÁLCIO COM AÇÃO CEREBRAL	Fitoterápico	Tarja Vermelha	
GINKGO BILOBA L.	GINKGO VIDORA	C4A1 - VASOTERAPÊUTICOS CEREBRAIS E PERIFÉRICOS, EXCLUINDO ANTOAGONISTAS DE CÁLCIO COM AÇÃO CEREBRAL	Fitoterápico	Tarja Vermelha	
GINKGO BILOBA L.	GINKGO BILOBA LABORATÓRIOS OSÓRIO DE MORAES	C4A1 - VASOTERAPÊUTICOS CEREBRAIS E PERIFÉRICOS, EXCLUINDO ANTOAGONISTAS DE CÁLCIO COM AÇÃO CEREBRAL	Fitoterápico	Tarja Vermelha	
GINKGO BILOBA L.	TANAKAN	C4A1 - VASOTERAPÊUTICOS CEREBRAIS E PERIFÉRICOS, EXCLUINDO ANTOAGONISTAS DE CÁLCIO COM AÇÃO CEREBRAL	Fitoterápico	- (*) 	
GINKGO BILOBA L.	GINKOCAPS	C4A1 - VASOTERAPÊUTICOS CEREBRAIS E PERIFÉRICOS, EXCLUINDO ANTOAGONISTAS DE CÁLCIO COM AÇÃO CEREBRAL	Fitoterápico	Tarja Vermelha	
GINKGO BILOBA L.	GINKGO HERBARIUM	C4A1 - VASOTERAPÊUTICOS CEREBRAIS E PERIFÉRICOS, EXCLUINDO ANTOAGONISTAS DE CÁLCIO COM AÇÃO CEREBRAL	Fitoterápico	- (*) 	
GINKGO BILOBA L.	BIOGINKGO BIONATUS	C4A1 - VASOTERAPÊUTICOS CEREBRAIS E PERIFÉRICOS, EXCLUINDO ANTOAGONISTAS DE CÁLCIO COM AÇÃO CEREBRAL	Fitoterápico	Tarja Vermelha	
GINKGO BILOBA L.	RITAPEELS	C4A1 - VASOTERAPÊUTICOS CEREBRAIS E PERIFÉRICOS, EXCLUINDO ANTOAGONISTAS DE CÁLCIO COM AÇÃO CEREBRAL	Fitoterápico	Tarja Vermelha	
GINKGO BILOBA L.	GINKGO VITAL	C4A1 - VASOTERAPÊUTICOS CEREBRAIS E PERIFÉRICOS, EXCLUINDO ANTOAGONISTAS DE CÁLCIO COM AÇÃO CEREBRAL	Fitoterápico	- (*) 	
GINKGO BILOBA L.	GINKOMED	C4A1 - VASOTERAPÊUTICOS CEREBRAIS E PERIFÉRICOS, EXCLUINDO ANTOAGONISTAS DE CÁLCIO COM AÇÃO CEREBRAL	Fitoterápico	Tarja Vermelha	
GINKGO BILOBA L.	GINKGO ES	C4A1 - VASOTERAPÊUTICOS CEREBRAIS E PERIFÉRICOS, EXCLUINDO ANTOAGONISTAS DE CÁLCIO COM AÇÃO CEREBRAL	Fitoterápico	- (*) 	
GINKGO BILOBA L.	GINKOBA	C4A1 - VASOTERAPÊUTICOS CEREBRAIS E PERIFÉRICOS, EXCLUINDO ANTOAGONISTAS DE CÁLCIO COM AÇÃO CEREBRAL	Fitoterápico	Tarja Vermelha	
GIVOSIRANA SÓDICA	GIVLAARI	A16A - OUTROS PRODUTOS PARA O APARELHO DIGESTÓRIO E METABOLISMO	Novo	Tarja Vermelha	
GLIBENCLAMIDA	GLIBENCLAMIDA	A10H - ANTIDIABÉTICOS SULFONILOURÉIAS PUROS	Genérico	Tarja Vermelha	
GLIBENCLAMIDA	GLIBENCLAMIDA	A10H - ANTIDIABÉTICOS SULFONILOURÉIAS PUROS	Genérico	Tarja Vermelha	
GLIBENCLAMIDA	GLICONIL	A10H - ANTIDIABÉTICOS SULFONILOURÉIAS PUROS	Similar	Tarja Vermelha	
GLIBENCLAMIDA	GLIBENCLAMIDA	A10H - ANTIDIABÉTICOS SULFONILOURÉIAS PUROS	Genérico	Tarja Vermelha	
GLIBENCLAMIDA	FURP-GLIBENCLAMIDA	A10H - ANTIDIABÉTICOS SULFONILOURÉIAS PUROS	Similar	Tarja Vermelha	
GLIBENCLAMIDA	GLIBENCLAMIDA	A10H - ANTIDIABÉTICOS SULFONILOURÉIAS PUROS	Genérico	Tarja Vermelha	
GLIBENCLAMIDA	GLIBENCLAMIDA	A10H - ANTIDIABÉTICOS SULFONILOURÉIAS PUROS	Genérico	Tarja Vermelha	
GLIBENCLAMIDA	GLIBENCLAMIDA	A10H - ANTIDIABÉTICOS SULFONILOURÉIAS PUROS	Genérico	Tarja Vermelha	
GLIBENCLAMIDA	GLIBENCLAMIDA	A10H - ANTIDIABÉTICOS SULFONILOURÉIAS PUROS	Genérico	Tarja Vermelha	
GLIBENCLAMIDA	GLICAMIN	A10H - ANTIDIABÉTICOS SULFONILOURÉIAS PUROS	Similar	- (*) 	
GLIBENCLAMIDA	GLIBENCLAMIDA	A10H - ANTIDIABÉTICOS SULFONILOURÉIAS PUROS	Genérico	Tarja Vermelha	
GLIBENCLAMIDA	GLIBENCLAMIDA	A10H - ANTIDIABÉTICOS SULFONILOURÉIAS PUROS	Genérico	- (*) 	
GLIBENCLAMIDA	GLIONIL	A10H - ANTIDIABÉTICOS SULFONILOURÉIAS PUROS	Similar	- (*) 	
GLIBENCLAMIDA	GLIBENCLAMIDA	A10H - ANTIDIABÉTICOS SULFONILOURÉIAS PUROS	Genérico	Tarja Vermelha	
GLIBENCLAMIDA	GLIBENCLAMIDA	A10H - ANTIDIABÉTICOS SULFONILOURÉIAS PUROS	Genérico	Tarja Vermelha	
GLIBENCLAMIDA	DAONIL	A10H - ANTIDIABÉTICOS SULFONILOURÉIAS PUROS	Novo	Tarja Vermelha	
GLIBENCLAMIDA;CLORIDRATO DE METFORMINA	GLUCOVANCE	A10J2 - ASSOCIAÇÕES DE ANTIDIABÉTICOS SULFONILOURÉIA COM BIGUANIDAS	Novo	Tarja Vermelha	
GLICAZIDA	AZUKON MR	A10H - ANTIDIABÉTICOS SULFONILOURÉIAS PUROS	Similar	Tarja Vermelha	
GLICERINA	SOLUCAO DE GLICERINA	A6A4 - LAXANTES ENEMAS	Específico	- (*) 	
GLICEROFOSFATO DE CÁLCIO;ERGOCALCIFEROL;FOSFATO DE CÁLCIO TRIBÁSICO;CIANOCOBALAMINA;FLUORETO DE SÓDIO	CALCITRAN B12	A12A - PRODUTOS A BASE DE CÁLCIO	Específico	Tarja Sem Tarja	
GLICEROFOSFATO DE SÓDIO	GLYCOPHOS	K4A1 - SOLUÇÕES ELECTROLÍTICAS (<=20ML)	Específico	Tarja Vermelha	
GLICEROFOSFATO DE SÓDIO	NOVOPHOS	K4A1 - SOLUÇÕES ELECTROLÍTICAS (<=20ML)	Específico	Tarja Vermelha sob restrição	
GLICEROL	CLISTEROL	A6A4 - LAXANTES ENEMAS	Específico	- (*) 	
GLICEROL	GLICERINA 12%	A6A4 - LAXANTES ENEMAS	Específico	Tarja Vermelha	
GLICEROL;CARMELOSE SÓDICA	ACU FRESH G	S1K1 - LÁGRIMAS ARTIFICIAIS E LUBRIFICANTES OFTAMOLÓGICOS	Específico	Tarja Sem Tarja	
GLICINA	GLICINA JP 1,5%	K5A4 - SOLUÇÕES DE IRRIGAÇÃO - GLICINA	Específico	Tarja Vermelha	
GLICINA	BAXTER GLICINA	K5A4 - SOLUÇÕES DE IRRIGAÇÃO - GLICINA	Específico	Tarja Vermelha	
GLICINATO DE ALUMÍNIO;ÁCIDO ACETILSALICÍLICO;CARBONATO DE MAGNÉSIO	SOMALGIN CARDIO	B1C1 - INIBIDORES DA AGREGAÇÃO PLAQUETÁRIA, CICLO-OXIGENASE INIBIDORES 	Similar	Tarja Vermelha	
GLICINATO DE MAGNÉSIO;CLORIDRATO DE PIRIDOXINA	MAGNEN B6	A11X9 - TODAS OUTRAS VITAMINAS	Específico	Tarja Vermelha	
GLICINATO DE ZINCO	ORALZ	A7X - OUTROS PRODUTOS PARA DESORDEM INTESTINAL	Específico	- (*) 	
GLICINATO FÉRRICO	NOVOFER PED	B3A1 - FERRO PURO	Específico	- (*) 	
GLICLAZIDA	GLICLAZIDA	A10H - ANTIDIABÉTICOS SULFONILOURÉIAS PUROS	Genérico	Tarja Vermelha	
GLICLAZIDA	GLICLAZIDA	A10H - ANTIDIABÉTICOS SULFONILOURÉIAS PUROS	Genérico	Tarja Vermelha	
GLICLAZIDA	CLAZI XR	A10H - ANTIDIABÉTICOS SULFONILOURÉIAS PUROS	Similar	Tarja Vermelha	
GLICLAZIDA	DIAMICRON	A10H - ANTIDIABÉTICOS SULFONILOURÉIAS PUROS	Novo	Tarja Vermelha	
GLICLAZIDA	DIATARCOM MR	A10H - ANTIDIABÉTICOS SULFONILOURÉIAS PUROS	Similar	Tarja Vermelha	
GLICLAZIDA	GLICLAZIDA	A10H - ANTIDIABÉTICOS SULFONILOURÉIAS PUROS	Genérico	Tarja Vermelha	
GLICLAZIDA	DICAZID MR	A10H - ANTIDIABÉTICOS SULFONILOURÉIAS PUROS	Similar	Tarja Vermelha	
GLICLAZIDA	GLICLAZIDA	A10H - ANTIDIABÉTICOS SULFONILOURÉIAS PUROS	Genérico	Tarja Vermelha	
GLICLAZIDA	GLICLAZIDA	A10H - ANTIDIABÉTICOS SULFONILOURÉIAS PUROS	Genérico	Tarja Vermelha	
GLICLAZIDA	GLICLAZIDA	A10H - ANTIDIABÉTICOS SULFONILOURÉIAS PUROS	Genérico	Tarja Vermelha	
GLICLAZIDA	GLICLAZIDA	A10H - ANTIDIABÉTICOS SULFONILOURÉIAS PUROS	Genérico	Tarja Vermelha	
GLICLAZIDA	GLICLAZIDA	A10H - ANTIDIABÉTICOS SULFONILOURÉIAS PUROS	Genérico	Tarja Vermelha	
GLICLAZIDA	DAGLI	A10H - ANTIDIABÉTICOS SULFONILOURÉIAS PUROS	Similar	Tarja Vermelha	
GLICLAZIDA;CLORIDRATO DE METFORMINA	GLIVANCE XR	A10J2 - ASSOCIAÇÕES DE ANTIDIABÉTICOS SULFONILOURÉIA COM BIGUANIDAS	Novo	Tarja Vermelha	
GLICONATO DE CÁLCIO	ISOFARMA - SOLUÇÃO DE GLICONATO DE CÁLCIO 10%	V3G2 - PRODUTOS PARA HIPERFOSFATEMIA	Específico	- (*) 	
GLICONATO DE CÁLCIO	GLICONATO DE CALCIO	V3G2 - PRODUTOS PARA HIPERFOSFATEMIA	Específico	- (*) 	
GLICONATO DE CÁLCIO	GLICONATO DE CÁLCIO	V3G2 - PRODUTOS PARA HIPERFOSFATEMIA	Específico	Tarja Vermelha	
GLICONATO DE ZINCO;ÁCIDO ASCÓRBICO	VITERGYL ZINCO	A11G2 - ASSOCIAÇÕES COM VITAMINA C	Específico	- (*) 	
GLICOSE	GLICOSE	K1B3 - SOLUÇÕES CARBOHIDRATOS <10%	Específico	Tarja Vermelha	
GLICOSE	SOLUÇÃO DE GLICOSE B. BRAUN	K1B3 - SOLUÇÕES CARBOHIDRATOS <10%	Específico	- (*) 	
GLICOSE	ISOFARMA - SOLUÇÃO DE GLICOSE	K1C1 - SOLUÇÕES DE CARBOHIDRATOS >10%	Específico	- (*) 	
GLICOSE	GLICOSE HALEX ISTAR	K1B3 - SOLUÇÕES CARBOHIDRATOS <10%	Específico	Tarja Vermelha	
GLICOSE	GLICOSE BEKER	K1B3 - SOLUÇÕES CARBOHIDRATOS <10%	Específico	- (*) 	
GLICOSE	JP GLICOSE	K1B3 - SOLUÇÕES CARBOHIDRATOS <10%	Específico	- (*) 	
GLICOSE	BAXTER GLICOSE	K1B3 - SOLUÇÕES CARBOHIDRATOS <10%	Específico	- (*) 	
GLICOSE	FARMACE-GLICOSE	K1B3 - SOLUÇÕES CARBOHIDRATOS <10%	Específico	Tarja Vermelha	
GLICOSE	FARMACE-GLICOSE 5% SOLUÇÃO ISOTONICA	K1B3 - SOLUÇÕES CARBOHIDRATOS <10%	Específico	Tarja Vermelha	
GLICOSE	GLICOSE	K1B3 - SOLUÇÕES CARBOHIDRATOS <10%	Específico	Tarja Vermelha	
GLICOSE	GLICOFISIOLÓGICO	K1B2 - SOLUÇÕES DE CLORETO SÓDIO COM CARBOHIDRATO	Específico	- (*) 	
GLICOSE	SOLUCAO DE GLICOSE	K1C1 - SOLUÇÕES DE CARBOHIDRATOS >10%	Específico	- (*) 	
GLICOSE	GLICOSE	K4C - SOLUÇÕES CALÓRICAS <100ML	Específico	- (*) 	
GLICOSE ANIDRA	GLICOSE	K1A9 - OUTRAS SOLUÇÕES ELETROLÍTICAS	Específico	Tarja Vermelha	
GLICOSE ANIDRA	GLICOSE	K1B3 - SOLUÇÕES CARBOHIDRATOS <10%	Específico	Tarja Vermelha	
GLICOSE ANIDRA	GLICOSE	K1B3 - SOLUÇÕES CARBOHIDRATOS <10%	Específico	Tarja Vermelha	
GLICOSE ANIDRA;CLORETO DE SÓDIO	SOLUÇÃO GLICOFISIOLÓGICA	K1B2 - SOLUÇÕES DE CLORETO SÓDIO COM CARBOHIDRATO	Específico	- (*) 	
GLICOSE ANIDRA;CLORETO DE SÓDIO	GLICOSE 5% + CLORETO DE SÓDIO 0,9%	K1B2 - SOLUÇÕES DE CLORETO SÓDIO COM CARBOHIDRATO	Específico	Tarja Vermelha	
GLICOSE MONOIDRATADA	GLICOSE MONOIDRATADA	K1B3 - SOLUÇÕES CARBOHIDRATOS <10%	Específico	Tarja Vermelha	
GLICOSE;CLORETO DE SÓDIO	SOLUÇÃO GLICOFISIOLÓGICA	K1B2 - SOLUÇÕES DE CLORETO SÓDIO COM CARBOHIDRATO	Específico	Tarja Vermelha	
GLICOSE;CLORETO DE SÓDIO	GLICOSE A 5% + CLORETO DE SÓDIO A 0,9%	K1B2 - SOLUÇÕES DE CLORETO SÓDIO COM CARBOHIDRATO	Específico	- (*) 	
GLICOSE;CLORETO DE SÓDIO	HALEX ISTAR SOLUÇÃO GLICOFISIOLÓGICA	K1B2 - SOLUÇÕES DE CLORETO SÓDIO COM CARBOHIDRATO	Específico	Tarja Vermelha	
GLICOSE;CLORETO DE SÓDIO	SOLUÇÃO GLICOFISIOLÓGICA BEKER	K1B2 - SOLUÇÕES DE CLORETO SÓDIO COM CARBOHIDRATO	Específico	- (*) 	
GLICOSE;CLORETO DE SÓDIO	JP GLICOFISIOLÓGICO	K1B2 - SOLUÇÕES DE CLORETO SÓDIO COM CARBOHIDRATO	Específico	- (*) 	
GLICOSE;CLORETO DE SÓDIO	SOLUÇÃO GLICOFISIOLÓGICA	K1B2 - SOLUÇÕES DE CLORETO SÓDIO COM CARBOHIDRATO	Específico	Tarja Vermelha	
GLICOSE;CLORETO DE SÓDIO	GLICOSE + CLORETO DE SÓDIO FARMACE	K1B2 - SOLUÇÕES DE CLORETO SÓDIO COM CARBOHIDRATO	Específico	- (*) 	
GLICOSE;CLORETO DE SÓDIO	SOLUÇÃO GLICOFISIOLÓGICA EQUIPLEX	K1B2 - SOLUÇÕES DE CLORETO SÓDIO COM CARBOHIDRATO	Específico	- (*) 	
GLIMEPIRIDA	BETES	A10H - ANTIDIABÉTICOS SULFONILOURÉIAS PUROS	Similar	Tarja Vermelha	
GLIMEPIRIDA	GLIMEPIRIDA	A10H - ANTIDIABÉTICOS SULFONILOURÉIAS PUROS	Genérico	Tarja Vermelha	
GLIMEPIRIDA	GLIMEPIRIDA	A10H - ANTIDIABÉTICOS SULFONILOURÉIAS PUROS	Genérico	Tarja Vermelha	
GLIMEPIRIDA	GLIMEPIRIDA	A10H - ANTIDIABÉTICOS SULFONILOURÉIAS PUROS	Genérico	Tarja Vermelha	
GLIMEPIRIDA	GLIMEPIL	A10H - ANTIDIABÉTICOS SULFONILOURÉIAS PUROS	Similar	Tarja Vermelha	
GLIMEPIRIDA	GLIMEPIRIDA	A10H - ANTIDIABÉTICOS SULFONILOURÉIAS PUROS	Genérico	Tarja Vermelha	
GLIMEPIRIDA	GLIMEPIRIDA	A10H - ANTIDIABÉTICOS SULFONILOURÉIAS PUROS	Genérico	Tarja Vermelha	
GLIMEPIRIDA	GLIMEPIRIDA	A10H - ANTIDIABÉTICOS SULFONILOURÉIAS PUROS	Genérico	- (*) 	
GLIMEPIRIDA	GLIMEPIRIDA	A10H - ANTIDIABÉTICOS SULFONILOURÉIAS PUROS	Genérico	- (*) 	
GLIMEPIRIDA	GLIANSOR	A10H - ANTIDIABÉTICOS SULFONILOURÉIAS PUROS	Similar	Tarja Vermelha	
GLIMEPIRIDA	GLIMEPIRIDA	A10H - ANTIDIABÉTICOS SULFONILOURÉIAS PUROS	Genérico	Tarja Vermelha	
GLUCAGON	GLUCAGEN	H4B - GLUCAGON	Similar	- (*) 	
GLYCINE MAX (L.) MERR.	BUONA	G3J - MODULADORES SELETIVOS DO RECEPTOR DE ESTROGÊNIO	Fitoterápico	Tarja Sem Tarja	
GLYCINE MAX (L.) MERR.	SOYFEMME	G3J - MODULADORES SELETIVOS DO RECEPTOR DE ESTROGÊNIO	Fitoterápico	Tarja Vermelha	
GLYCINE MAX (L.) MERR.	HIZOFITO	G3J - MODULADORES SELETIVOS DO RECEPTOR DE ESTROGÊNIO	Fitoterápico	Tarja Vermelha	
GLYCINE MAX (L.) MERR.	SOYNATI	G3J - MODULADORES SELETIVOS DO RECEPTOR DE ESTROGÊNIO	Fitoterápico	Tarja Vermelha	
GLYCINE MAX (L.) MERR.	ISOFLAVINE	V07A2 - OUTROS PRODUTOS	Fitoterápico	- (*) 	
GLYCYRRHIZA GLABRA L.;ÁCIDO ASCÓRBICO;COLECALCIFEROL;MATRICARIA CHAMOMILLA L.	CAMOMILINA C	A11G2 - ASSOCIAÇÕES COM VITAMINA C	Específico	- (*) 	
GOLIMUMABE	BIO-MANGUINHOS GOLIMUMABE	L4B - PRODUTOS ANTI-TNF( FATOR DE NECROSE TUMORAL)	Biológico	Tarja Vermelha	
GOLIMUMABE	SIMPONI	L4B - PRODUTOS ANTI-TNF( FATOR DE NECROSE TUMORAL)	Biológico	- (*) 	
GONADOTROFINA CORIÔNICA	CHORIOMON-M	G3G - GONADOTROFINAS INCLUINDO OUTROS ESTIMULANTES PARA OVULAÇÃO	Biológico	- (*) 	
GONADOTROPINA CORIÔNICA	CHORIOMON-M	G3G - GONADOTROFINAS INCLUINDO OUTROS ESTIMULANTES PARA OVULAÇÃO	Biológico	- (*) 	
GUAIFENESINA	TRANSPULMIN XAROPE ADULTO	R5C - EXPECTORANTES	Similar	Tarja Sem Tarja	
GUAIFENESINA	TRANSPULMIN XAROPE INFANTIL	R5C - EXPECTORANTES	Novo	Tarja Sem Tarja	
GUAIFENESINA	GLYTEOL	R5C - EXPECTORANTES	Similar	- (*) 	
GUAIFENESINA	SPECTOLAB BALSAMICO	R5C - EXPECTORANTES	Similar	- (*) 	
GUAIFENESINA	XAROPE VICK	R5C - EXPECTORANTES	Novo	Tarja Sem Tarja	
GUAIFENESINA	EXPECTOFLUI	R5C - EXPECTORANTES	Similar	Tarja Sem Tarja	
GUAIFENESINA	FRENOTOSSE	R5C - EXPECTORANTES	Similar	Tarja Sem Tarja	
GUAIFENESINA	XAROPE CIMETOSSE	R5C - EXPECTORANTES	Similar	Tarja Sem Tarja	
GUAIFENESINA	EXPECTOVIC	R5C - EXPECTORANTES	Similar	Tarja Sem Tarja	
GUAIFENESINA	GUAIFENESINA	R5C - EXPECTORANTES	Genérico	- (*) 	
GUAIFENESINA;SULFATO DE PSEUDOEFEDRINA;MALEATO DE DEXCLORFENIRAMINA	MALEATO DE DEXCLORFENIRAMINA + SULFATO DE PSEUDOEFEDRINA + GUAIFENESINA	R5C - EXPECTORANTES	Genérico	Tarja Vermelha	
GUAIFENESINA;SULFATO DE PSEUDOEFEDRINA;MALEATO DE DEXCLORFENIRAMINA	EMSEXPECTOR	R5C - EXPECTORANTES	Similar	Tarja Vermelha	
GUAIFENESINA;SULFATO DE PSEUDOEFEDRINA;MALEATO DE DEXCLORFENIRAMINA	SPECTOLAB EXP	R5C - EXPECTORANTES	Similar	- (*) 	
GUAIFENESINA;SULFATO DE PSEUDOEFEDRINA;MALEATO DE DEXCLORFENIRAMINA	EXPECTAMIN	R5C - EXPECTORANTES	Similar	Tarja Vermelha	
GUSELCUMABE	TREMFYA	D5B - ANTIPSORÍASE SISTÊMICOS	Biológico	Tarja Vermelha	
HALOPERIDOL	HALOPERIDOL	N5A9 - ANTIPSICÓTICOS CONVENCIONAIS	Genérico	Tarja Vermelha sob restrição	
HALOPERIDOL	HALOPERIDOL	N5A9 - ANTIPSICÓTICOS CONVENCIONAIS	Genérico	Tarja Vermelha sob restrição	
HALOPERIDOL	HALO	N5A9 - ANTIPSICÓTICOS CONVENCIONAIS	Similar	Tarja Vermelha sob restrição	
HALOPERIDOL	HYPORIDROL	N5A9 - ANTIPSICÓTICOS CONVENCIONAIS	Similar	Tarja Vermelha sob restrição	
HALOPERIDOL	UNI HALOPER	N5A9 - ANTIPSICÓTICOS CONVENCIONAIS	Similar	Tarja Vermelha sob restrição	
HALOPERIDOL	HALOPERIDOL	N5A9 - ANTIPSICÓTICOS CONVENCIONAIS	Genérico	Tarja Vermelha sob restrição	
HALOPERIDOL	FURP-HALOPERIDOL	N5A9 - ANTIPSICÓTICOS CONVENCIONAIS	Similar	Tarja Vermelha sob restrição	
HALOPERIDOL	HALDOL	N5A9 - ANTIPSICÓTICOS CONVENCIONAIS	Novo	Tarja Vermelha sob restrição	
HALOPERIDOL	HALDOL	N5A9 - ANTIPSICÓTICOS CONVENCIONAIS	Novo	Tarja Vermelha sob restrição	
HARPAGOPHYTUM PROCUMBENS (BURCH.) DC. EX MEISSN.	REUMALIV	M1A1 - ANTIRREUMÁTICOS NÃO ESTEROIDAIS PUROS	Fitoterápico	Tarja Vermelha	
HARPAGOPHYTUM PROCUMBENS DC. EX MEISSN.	ARPADOL	M1A1 - ANTIRREUMÁTICOS NÃO ESTEROIDAIS PUROS	Fitoterápico	Tarja Sem Tarja	
HARPAGOPHYTUM PROCUMBENS DC. EX MEISSN.	PERMEAR	M1A1 - ANTIRREUMÁTICOS NÃO ESTEROIDAIS PUROS	Fitoterápico	Tarja Sem Tarja	
HARPAGOPHYTUM PROCUMBENS DC. EX MEISSN.	ARPYNFLAN	M1A1 - ANTIRREUMÁTICOS NÃO ESTEROIDAIS PUROS	Fitoterápico	Tarja Sem Tarja	
HEDERA HELIX (HERA)	BRONDELIX	R5C - EXPECTORANTES	Fitoterápico	Tarja Sem Tarja	
HEDERA HELIX (HERA)	ABRILAR	R5C - EXPECTORANTES	Fitoterápico	Tarja Vermelha	
HEDERA HELIX (HERA)	LIBERAFLUX	R5C - EXPECTORANTES	Fitoterápico	Tarja Vermelha	
HEDERA HELIX (HERA)	FLYARE	R5C - EXPECTORANTES	Fitoterápico	- (*) 	
HEDERA HELIX (HERA)	BLUMEL HEDERA	R5C - EXPECTORANTES	Fitoterápico	Tarja Sem Tarja	
HEDERA HELIX (HERA)	HEDRA EXPEC	R5C - EXPECTORANTES	Fitoterápico	Tarja Sem Tarja	
HEDERA HELIX L.	PHITOSS	R5C - EXPECTORANTES	Fitoterápico	Tarja Sem Tarja	
HEDERA HELIX L.	EXPULSATOX	R5C - EXPECTORANTES	Fitoterápico	Tarja Sem Tarja	
HEDERA HELIX L.	GRIPALCEFITO	R5C - EXPECTORANTES	Fitoterápico	Tarja Sem Tarja	
HEDERA HELIX L.	TORANTE	R5C - EXPECTORANTES	Fitoterápico	Tarja Sem Tarja	
HEDERA HELIX L.	V-TOSSE	R5C - EXPECTORANTES	Fitoterápico	Tarja Sem Tarja	
HEDERA HELIX L.	HEDERA CATARINENSE	R5C - EXPECTORANTES	Fitoterápico	Tarja Sem Tarja	
HEDERA HELIX L.	HEDERA HERBARIUM	R5C - EXPECTORANTES	Fitoterápico	Tarja Sem Tarja	
HEDERA HELIX L.	HEDERA HELIX VITAMEDIC	R5C - EXPECTORANTES	Fitoterápico	Tarja Sem Tarja	
HEDERA HELIX L.	SPECDERA	R5C - EXPECTORANTES	Fitoterápico	Tarja Sem Tarja	
HEDERA HELIX L.	HEDERAFLUX	R5C - EXPECTORANTES	Fitoterápico	Tarja Sem Tarja	
HEDERA HELIX L.	RESFEFITO	R5C - EXPECTORANTES	Fitoterápico	Tarja Sem Tarja	
HEDERA HELIX L.	RESPLIX	R5C - EXPECTORANTES	Fitoterápico	Tarja Vermelha	
HEDERA HELIX L.	AREMAZ	R5C - EXPECTORANTES	Fitoterápico	Tarja Sem Tarja	
HEDERA HELIX L.	ARLIVRY	R5C - EXPECTORANTES	Fitoterápico	- (*) 	
HEDERA HELIX L.	ABRIFIT	R5C - EXPECTORANTES	Fitoterápico	Tarja Sem Tarja	
HEDERA HELIX L.	HEDERAX	FITO - FITOTERÁPICOS	Fitoterápico	- (*) 	
HEDERA HELIX L.	XAROPE BENETOSSE	R5C - EXPECTORANTES	Fitoterápico	Tarja Sem Tarja	
HEDERA HELIX L.	RESPIRATUS	R5C - EXPECTORANTES	Fitoterápico	Tarja Sem Tarja	
HEMIFUMARATO DE ALISQUIRENO	HEMIFUMARATO DE ALISQUIRENO	C9X - OUTROS AGENTES COM AÇÃO NO SISTEMA RENINA-ANGIOTENSINA	Genérico	Tarja Vermelha	
HEMIFUMARATO DE BISOPROLOL	BIZO	C7A0 - BETABLOQUEADORES PUROS	Similar	Tarja Vermelha	
HEMIFUMARATO DE BISOPROLOL	HEMIFUMARATO DE BISOPROLOL	C7A0 - BETABLOQUEADORES PUROS	Genérico	Tarja Vermelha	
HEMIFUMARATO DE BISOPROLOL	CONCOR	C7A0 - BETABLOQUEADORES PUROS	Novo	Tarja Vermelha	
HEMIFUMARATO DE BISOPROLOL	HEMIFUMARATO DE BISOPROLOL	C7A0 - BETABLOQUEADORES PUROS	Genérico	Tarja Vermelha	
HEMIFUMARATO DE BISOPROLOL	HEMIFUMARATO DE BISOPROLOL	C7A0 - BETABLOQUEADORES PUROS	Genérico	Tarja Vermelha	
HEMIFUMARATO DE BISOPROLOL	CONCÁRDIO	C7A0 - BETABLOQUEADORES PUROS	Similar	Tarja Vermelha	
HEMIFUMARATO DE BISOPROLOL	LAIO	C7A0 - BETABLOQUEADORES PUROS	Similar	Tarja Vermelha	
HEMIFUMARATO DE BISOPROLOL	HEMIFUMARATO DE BISOPROLOL	C7A0 - BETABLOQUEADORES PUROS	Genérico	Tarja Vermelha	
HEMIFUMARATO DE BISOPROLOL	ICCOR	C7A0 - BETABLOQUEADORES PUROS	Similar	Tarja Vermelha	
HEMIFUMARATO DE BISOPROLOL	HEMIFUMARATO DE BISOPROLOL	C7A0 - BETABLOQUEADORES PUROS	Genérico	Tarja Vermelha	
HEMIFUMARATO DE BISOPROLOL	HEMIFUMARATO DE BISOPROLOL	C7A0 - BETABLOQUEADORES PUROS	Genérico	- (*) 	
HEMIFUMARATO DE BISOPROLOL	HEMIFUMARATO DE BISOPROLOL	C7A0 - BETABLOQUEADORES PUROS	Genérico	Tarja Vermelha	
HEMIFUMARATO DE BISOPROLOL	HEMIFUMARATO DE BISOPROLOL	C7A0 - BETABLOQUEADORES PUROS	Genérico	Tarja Vermelha	
HEMIFUMARATO DE BISOPROLOL	HEMIFUMARATO DE BISOPROLOL	C7A0 - BETABLOQUEADORES PUROS	Genérico	Tarja Vermelha	
HEMIFUMARATO DE BISOPROLOL	HEMIFUMARATO DE BISOPROLOL	C7A0 - BETABLOQUEADORES PUROS	Genérico	Tarja Vermelha	
HEMIFUMARATO DE COBIMETINIBE	COTELLIC®	L1H4 - INIBIDORES PREOTEÍNA KINASE ANTINEOPLÁSICOS, BRAF/MEK	Novo	Tarja Vermelha	
HEMIFUMARATO DE GILTERITINIBE	XOSPATA®	L1H9 - OUTROS ANTINEOPLÁSICOS INIBIDORES DA PROTEÍNA KINASE	Novo	Tarja Vermelha	
HEMIFUMARATO DE QUETIAPINA	HEMIFUMARATO DE QUETIAPINA	N5A1 - ANTIPSICÓTICOS ATÍPICOS	Genérico	- (*) 	
HEMIFUMARATO DE QUETIAPINA	QUET XR	N5A1 - ANTIPSICÓTICOS ATÍPICOS	Similar	- (*) 	
HEMIFUMARATO DE QUETIAPINA	QUET	N5A1 - ANTIPSICÓTICOS ATÍPICOS	Similar	Tarja Vermelha sob restrição	
HEMIFUMARATO DE QUETIAPINA	QUEPSIA LP	N5A1 - ANTIPSICÓTICOS ATÍPICOS	Similar	Tarja Vermelha	
HEMIFUMARATO DE QUETIAPINA	HEMIFUMARATO DE QUETIAPINA	N5A1 - ANTIPSICÓTICOS ATÍPICOS	Genérico	Tarja Vermelha sob restrição	
HEMIFUMARATO DE QUETIAPINA	NEOTIAPIM	N5A1 - ANTIPSICÓTICOS ATÍPICOS	Similar	Tarja Vermelha sob restrição	
HEMIFUMARATO DE QUETIAPINA	HEMIFUMARATO DE QUETIAPINA	N5A1 - ANTIPSICÓTICOS ATÍPICOS	Genérico	- (*) 	
HEMIFUMARATO DE QUETIAPINA	HEMIFUMARATO DE QUETIAPINA	N5A1 - ANTIPSICÓTICOS ATÍPICOS	Genérico	Tarja Vermelha sob restrição	
HEMIFUMARATO DE QUETIAPINA	HEMIFUMARATO DE QUETIAPINA	N5A1 - ANTIPSICÓTICOS ATÍPICOS	Genérico	- (*) 	
HEMIFUMARATO DE QUETIAPINA	HEMIFUMARATO DE QUETIAPINA	N5A1 - ANTIPSICÓTICOS ATÍPICOS	Genérico	Tarja Vermelha sob restrição	
HEMIFUMARATO DE QUETIAPINA	HEMIFUMARATO DE QUETIAPINA	N5A1 - ANTIPSICÓTICOS ATÍPICOS	Genérico	- (*) 	
HEMIFUMARATO DE QUETIAPINA	QUETIPIN	N5A1 - ANTIPSICÓTICOS ATÍPICOS	Similar	Tarja Vermelha sob restrição	
HEMIFUMARATO DE QUETIAPINA	QUETIPIN LP	N5A1 - ANTIPSICÓTICOS ATÍPICOS	Similar	- (*) 	
HEMIFUMARATO DE QUETIAPINA	QUETIPIN SO	N5A1 - ANTIPSICÓTICOS ATÍPICOS	Novo	Tarja Vermelha sob restrição	
HEMIFUMARATO DE QUETIAPINA	HEMIFUMARATO DE QUETIAPINA	N5A1 - ANTIPSICÓTICOS ATÍPICOS	Genérico	Tarja Vermelha sob restrição	
HEMIFUMARATO DE QUETIAPINA	ATIP	N5A1 - ANTIPSICÓTICOS ATÍPICOS	Similar	Tarja Vermelha	
HEMIFUMARATO DE QUETIAPINA	ATIP XR	N5A1 - ANTIPSICÓTICOS ATÍPICOS	Similar	- (*) 	
HEMIFUMARATO DE QUETIAPINA	TRACOX	N5A1 - ANTIPSICÓTICOS ATÍPICOS	Similar	Tarja Vermelha sob restrição	
HEMIFUMARATO DE QUETIAPINA	QUETROS	N5A1 - ANTIPSICÓTICOS ATÍPICOS	Similar	Tarja Vermelha sob restrição	
HEMIFUMARATO DE QUETIAPINA	HEMIFUMARATO DE QUETIAPINA	N5A1 - ANTIPSICÓTICOS ATÍPICOS	Genérico	- (*) 	
HEMIFUMARATO DE QUETIAPINA	MENSYVA	N5A1 - ANTIPSICÓTICOS ATÍPICOS	Similar	Tarja Vermelha sob restrição	
HEMIFUMARATO DE QUETIAPINA	HEMIFUMARATO DE QUETIAPINA	N5A1 - ANTIPSICÓTICOS ATÍPICOS	Genérico	Tarja Vermelha sob restrição	
HEMIFUMARATO DE QUETIAPINA	HEMIFUMARATO DE QUETIAPINA	N5A1 - ANTIPSICÓTICOS ATÍPICOS	Genérico	Tarja Vermelha sob restrição	
HEMIFUMARATO DE QUETIAPINA	KITAPEN	N5A1 - ANTIPSICÓTICOS ATÍPICOS	Similar	Tarja Vermelha sob restrição	
HEMIFUMARATO DE QUETIAPINA	HEMIFUMARATO DE QUETIAPINA	N5A1 - ANTIPSICÓTICOS ATÍPICOS	Genérico	Tarja Vermelha sob restrição	
HEMIFUMARATO DE QUETIAPINA	HEMIFUMARATO DE QUETIAPINA	N5A1 - ANTIPSICÓTICOS ATÍPICOS	Genérico	Tarja Vermelha sob restrição	
HEMIFUMARATO DE QUETIAPINA	QUEROPAX	N5A1 - ANTIPSICÓTICOS ATÍPICOS	Similar	Tarja Vermelha sob restrição	
HEMIFUMARATO DE QUETIAPINA	SEROQUEL	N5A1 - ANTIPSICÓTICOS ATÍPICOS	Novo	Tarja Vermelha sob restrição	
HEMIFUMARATO DE QUETIAPINA	HEMIFUMARATO DE QUETIAPINA	N5A1 - ANTIPSICÓTICOS ATÍPICOS	Genérico	Tarja Vermelha sob restrição	
HEMIFUMARATO DE QUETIAPINA	HEMIFUMARATO DE QUETIAPINA	N5A1 - ANTIPSICÓTICOS ATÍPICOS	Genérico	Tarja Vermelha sob restrição	
HEMIFUMARATO DE QUETIAPINA	HEMIFUMARATO DE QUETIAPINA	N5A1 - ANTIPSICÓTICOS ATÍPICOS	Genérico	Tarja Vermelha sob restrição	
HEMIFUMARATO DE QUETIAPINA	HEMIFUMARATO DE QUETIAPINA	N5A1 - ANTIPSICÓTICOS ATÍPICOS	Genérico	Tarja Vermelha sob restrição	
HEMIFUMARATO DE QUETIAPINA	HEMIFUMARATO DE QUETIAPINA	N5A1 - ANTIPSICÓTICOS ATÍPICOS	Genérico	Tarja Vermelha sob restrição	
HEMIFUMARATO DE QUETIAPINA	HEMIFUMARATO DE QUETIAPINA	N5A1 - ANTIPSICÓTICOS ATÍPICOS	Genérico	Tarja Vermelha sob restrição	
HEMIFUMARATO DE QUETIAPINA	HEMIFUMARATO DE QUETIAPINA	N5A1 - ANTIPSICÓTICOS ATÍPICOS	Genérico	Tarja Vermelha sob restrição	
HEMIFUMARATO DE QUETIAPINA	HEMIFUMARATO DE QUETIAPINA	N5A1 - ANTIPSICÓTICOS ATÍPICOS	Genérico	Tarja Vermelha sob restrição	
HEMIFUMARATO DE TENOFOVIR ALAFENAMIDA	VEMLIDY	J5D2 - ANTIVIRAIS PARA HEPATITE B	Novo	Tarja Vermelha	
HEMIFUMARATO DE TENOFOVIR ALAFENAMIDA;ENTRICITABINA	DESCOVY	J5C1 - ANTIVIRAIS ANTI-HIV INIBIDORES DA TRANSCRIPTASE REVERSA NUCLEOSÍDEOS E NUCLEOTÍDEOS	Novo	Tarja Vermelha	
HEMIFUMARATO DE TENOFOVIR ALAFENAMIDA;ENTRICITABINA;BICTEGRAVIR SÓDICO	BIKTARVY	J5C9 - ANTIVIRAIS HIV, OUTROS	Novo	Tarja Vermelha	
HEMINA	PANHEMATIN	B6X - OUTROS AGENTES HEMATOLÓGICOS	Biológico	Tarja Vermelha	
HEMITARTARATO DE EPINEFRINA	EFRINALIN	C1C1 - ESTIMULANTES CARDÍACOS EXCLUINDO AGENTES DOPAMINÉRGICOS.	Similar	Tarja Vermelha	
HEMITARTARATO DE EPINEFRINA;CLORIDRATO DE ARTICAÍNA	SEPTANEST	N1B2 - ANESTÉSICOS LOCAIS INJETÁVEIS ODONTOLÓGICOS	Novo	Tarja Vermelha	
HEMITARTARATO DE EPINEFRINA;CLORIDRATO DE LEVOBUPIVACAÍNA	NOVABUPI	N1B1 - ANESTÉSICOS LOCAIS MEDICINAIS INJETÁVEIS	Novo	- (*) 	
HEMITARTARATO DE METARAMINOL	ARAMIN	C1C1 - ESTIMULANTES CARDÍACOS EXCLUINDO AGENTES DOPAMINÉRGICOS.	Similar	Tarja Vermelha	
HEMITARTARATO DE NOREPINEFRINA	HEMITARTARATO DE NOREPINEFRINA	C1C1 - ESTIMULANTES CARDÍACOS EXCLUINDO AGENTES DOPAMINÉRGICOS.	Genérico	Tarja Vermelha	
HEMITARTARATO DE NOREPINEFRINA	EPIKABI	C1C1 - ESTIMULANTES CARDÍACOS EXCLUINDO AGENTES DOPAMINÉRGICOS.	Similar	Tarja Vermelha	
HEMITARTARATO DE NOREPINEFRINA	HYPONOR	C1C1 - ESTIMULANTES CARDÍACOS EXCLUINDO AGENTES DOPAMINÉRGICOS.	Novo	Tarja Vermelha	
HEMITARTARATO DE NOREPINEFRINA	HEMITARTARATO DE NOREPINEFRINA	C1C1 - ESTIMULANTES CARDÍACOS EXCLUINDO AGENTES DOPAMINÉRGICOS.	Genérico	Tarja Vermelha	
HEMITARTARATO DE NOREPINEFRINA	NORADREM	C1C1 - ESTIMULANTES CARDÍACOS EXCLUINDO AGENTES DOPAMINÉRGICOS.	Similar	Tarja Vermelha	
HEMITARTARATO DE NOREPINEFRINA	HEMITARTARATO DE NOREPINEFRINA	C1C1 - ESTIMULANTES CARDÍACOS EXCLUINDO AGENTES DOPAMINÉRGICOS.	Genérico	- (*) 	
HEMITARTARATO DE NOREPINEFRINA MONOIDRATADA	UNIANORA	C1C1 - ESTIMULANTES CARDÍACOS EXCLUINDO AGENTES DOPAMINÉRGICOS.	Similar	Tarja Vermelha	
HEMITARTARATO DE NOREPINEFRINA MONOIDRATADA	HEMITARTARATO DE NOREPINEFRINA MONOIDRATADA	C1C1 - ESTIMULANTES CARDÍACOS EXCLUINDO AGENTES DOPAMINÉRGICOS.	Genérico	Tarja Vermelha	
HEMITARTARATO DE RIVASTIGMINA	HEMITARTARATO DE RIVASTIGMINA	N7D1 - PRODUTOS ANTIALZHEIMER, INIBIDORES DA COLINESTERASE	Genérico	Tarja Vermelha sob restrição	
HEMITARTARATO DE RIVASTIGMINA	HEMITARTARATO DE RIVASTIGMINA	N7D1 - PRODUTOS ANTIALZHEIMER, INIBIDORES DA COLINESTERASE	Genérico	Tarja Vermelha sob restrição	
HEMITARTARATO DE RIVASTIGMINA	HEMITARTARATO DE RIVASTIGMINA	N7D1 - PRODUTOS ANTIALZHEIMER, INIBIDORES DA COLINESTERASE	Genérico	Tarja Vermelha sob restrição	
HEMITARTARATO DE RIVASTIGMINA	COGNIVA	N7D1 - PRODUTOS ANTIALZHEIMER, INIBIDORES DA COLINESTERASE	Similar	Tarja Vermelha sob restrição	
HEMITARTARATO DE RIVASTIGMINA	HEMITARTARATO DE RIVASTIGMINA	N7D1 - PRODUTOS ANTIALZHEIMER, INIBIDORES DA COLINESTERASE	Genérico	- (*) 	
HEMITARTARATO DE RIVASTIGMINA	HEMITARTARATO DE RIVASTIGMINA	N7D1 - PRODUTOS ANTIALZHEIMER, INIBIDORES DA COLINESTERASE	Genérico	Tarja Vermelha sob restrição	
HEMITARTARATO DE RIVASTIGMINA	EXELON	N7D1 - PRODUTOS ANTIALZHEIMER, INIBIDORES DA COLINESTERASE	Novo	Tarja Vermelha sob restrição	
HEMITARTARATO DE RIVASTIGMINA	VASTIGMA	N7D1 - PRODUTOS ANTIALZHEIMER, INIBIDORES DA COLINESTERASE	Similar	Tarja Vermelha sob restrição	
HEMITARTARATO DE ZOLPIDEM	HEMITARTARATO DE ZOLPIDEM	N5B1 - HIPNÓTICOS E SEDATIVOS NÃO BARBITÚRICOS PUROS	Genérico	Tarja Preta	
HEMITARTARATO DE ZOLPIDEM	TURNO SL	N5B1 - HIPNÓTICOS E SEDATIVOS NÃO BARBITÚRICOS PUROS	Similar	Tarja Preta	
HEMITARTARATO DE ZOLPIDEM	TURNO	N5B1 - HIPNÓTICOS E SEDATIVOS NÃO BARBITÚRICOS PUROS	Similar	Tarja Preta	
HEMITARTARATO DE ZOLPIDEM	RIPOSO SL	N5B1 - HIPNÓTICOS E SEDATIVOS NÃO BARBITÚRICOS PUROS	Similar	Tarja Preta	
HEMITARTARATO DE ZOLPIDEM	TURNO XR	N5B1 - HIPNÓTICOS E SEDATIVOS NÃO BARBITÚRICOS PUROS	Similar	Tarja Preta	
HEMITARTARATO DE ZOLPIDEM	HEMITARTARATO DE ZOLPIDEM	N5B1 - HIPNÓTICOS E SEDATIVOS NÃO BARBITÚRICOS PUROS	Genérico	Tarja Preta	
HEMITARTARATO DE ZOLPIDEM	HEMITARTARATO DE ZOLPIDEM	N5B1 - HIPNÓTICOS E SEDATIVOS NÃO BARBITÚRICOS PUROS	Genérico	Tarja Preta	
HEMITARTARATO DE ZOLPIDEM	HEMITARTARATO DE ZOLPIDEM	N5B1 - HIPNÓTICOS E SEDATIVOS NÃO BARBITÚRICOS PUROS	Genérico	Tarja Preta	
HEMITARTARATO DE ZOLPIDEM	PROMPT	N5B1 - HIPNÓTICOS E SEDATIVOS NÃO BARBITÚRICOS PUROS	Similar	Tarja Preta	
HEMITARTARATO DE ZOLPIDEM	INSONOX	N5B1 - HIPNÓTICOS E SEDATIVOS NÃO BARBITÚRICOS PUROS	Similar	Tarja Preta	
HEMITARTARATO DE ZOLPIDEM	HEMITARTARATO DE ZOLPIDEM	N5B1 - HIPNÓTICOS E SEDATIVOS NÃO BARBITÚRICOS PUROS	Genérico	Tarja Preta	
HEMITARTARATO DE ZOLPIDEM	ZOUP SL	N5B1 - HIPNÓTICOS E SEDATIVOS NÃO BARBITÚRICOS PUROS	Similar	Tarja Preta	
HEMITARTARATO DE ZOLPIDEM	ISOY	N5B1 - HIPNÓTICOS E SEDATIVOS NÃO BARBITÚRICOS PUROS	Similar	Tarja Preta	
HEMITARTARATO DE ZOLPIDEM	ZOLPAZ	N5B1 - HIPNÓTICOS E SEDATIVOS NÃO BARBITÚRICOS PUROS	Similar	Tarja Preta	
HEMITARTARATO DE ZOLPIDEM	ZOLPAZ SL	N5B1 - HIPNÓTICOS E SEDATIVOS NÃO BARBITÚRICOS PUROS	Similar	Tarja Vermelha sob restrição	
HEMITARTARATO DE ZOLPIDEM	HEMITARTARATO DE ZOLPIDEM	N5B1 - HIPNÓTICOS E SEDATIVOS NÃO BARBITÚRICOS PUROS	Genérico	Tarja Vermelha sob restrição	
HEMITARTARATO DE ZOLPIDEM	HEMITARTARATO DE ZOLPIDEM	N5B1 - HIPNÓTICOS E SEDATIVOS NÃO BARBITÚRICOS PUROS	Genérico	Tarja Preta	
HEMITARTARATO DE ZOLPIDEM	ZOAF	N5B1 - HIPNÓTICOS E SEDATIVOS NÃO BARBITÚRICOS PUROS	Similar	Tarja Preta	
HEMITARTARATO DE ZOLPIDEM	ZOLFEST SPRAY	N5B1 - HIPNÓTICOS E SEDATIVOS NÃO BARBITÚRICOS PUROS	Novo	Tarja Preta	
HEMITARTARATO DE ZOLPIDEM	HEMITARTARATO DE ZOLPIDEM	N5B1 - HIPNÓTICOS E SEDATIVOS NÃO BARBITÚRICOS PUROS	Genérico	Tarja Preta	
HEMITARTARATO DE ZOLPIDEM	ZOLFEST	N5B1 - HIPNÓTICOS E SEDATIVOS NÃO BARBITÚRICOS PUROS	Similar	Tarja Preta	
HEMITARTARATO DE ZOLPIDEM	ZOLFEST D	N5B1 - HIPNÓTICOS E SEDATIVOS NÃO BARBITÚRICOS PUROS	Novo	Tarja Preta	
HEMITARTARATO DE ZOLPIDEM	HEMITARTARATO DE ZOLPIDEM	N5B1 - HIPNÓTICOS E SEDATIVOS NÃO BARBITÚRICOS PUROS	Genérico	Tarja Preta	
HEMITARTARATO DE ZOLPIDEM	ZOLREM SL	N5B1 - HIPNÓTICOS E SEDATIVOS NÃO BARBITÚRICOS PUROS	Similar	Tarja Preta	
HEMITARTARATO DE ZOLPIDEM	HEMITARTARATO DE ZOLPIDEM	N5B1 - HIPNÓTICOS E SEDATIVOS NÃO BARBITÚRICOS PUROS	Genérico	Tarja Preta	
HEMITARTARATO DE ZOLPIDEM	NOCTIDEN	N5B1 - HIPNÓTICOS E SEDATIVOS NÃO BARBITÚRICOS PUROS	Similar	Tarja Preta	
HEMITARTARATO DE ZOLPIDEM	HEMITARTARATO DE ZOLPIDEM	N5B1 - HIPNÓTICOS E SEDATIVOS NÃO BARBITÚRICOS PUROS	Genérico	Tarja Preta	
HEMITARTARATO DE ZOLPIDEM	NUIT FLASH	N5B1 - HIPNÓTICOS E SEDATIVOS NÃO BARBITÚRICOS PUROS	Novo	Tarja Preta	
HEMITARTARATO DE ZOLPIDEM	NUIT LONG XR	N5B1 - HIPNÓTICOS E SEDATIVOS NÃO BARBITÚRICOS PUROS	Similar	Tarja Vermelha sob restrição	
HEMITARTARATO DE ZOLPIDEM	HEMITARTARATO DE ZOLPIDEM	N5B1 - HIPNÓTICOS E SEDATIVOS NÃO BARBITÚRICOS PUROS	Genérico	Tarja Preta	
HEMITARTARATO DE ZOLPIDEM	HEMITARTARATO DE ZOLPIDEM	N5B1 - HIPNÓTICOS E SEDATIVOS NÃO BARBITÚRICOS PUROS	Genérico	Tarja Preta	
HEMITARTARATO DE ZOLPIDEM	HEMITARTARATO DE ZOLPIDEM	N5B1 - HIPNÓTICOS E SEDATIVOS NÃO BARBITÚRICOS PUROS	Genérico	Tarja Preta	
HEMITARTARATO DE ZOLPIDEM	PATZ SL	N5B1 - HIPNÓTICOS E SEDATIVOS NÃO BARBITÚRICOS PUROS	Novo	Tarja Preta	
HEMITARTARATO DE ZOLPIDEM	PATZ CR	N5B1 - HIPNÓTICOS E SEDATIVOS NÃO BARBITÚRICOS PUROS	Similar	Tarja Preta	
HEMITARTARATO DE ZOLPIDEM	PATZ GTS	N5B1 - HIPNÓTICOS E SEDATIVOS NÃO BARBITÚRICOS PUROS	Novo	Tarja Preta	
HEMITARTARATO DE ZOLPIDEM	HEMITARTARATO DE ZOLPIDEM	N5B1 - HIPNÓTICOS E SEDATIVOS NÃO BARBITÚRICOS PUROS	Genérico	Tarja Preta	
HEMITARTARATO DE ZOLPIDEM	HEMITARTARATO DE ZOLPIDEM	N5B1 - HIPNÓTICOS E SEDATIVOS NÃO BARBITÚRICOS PUROS	Genérico	Tarja Preta	
HEMITARTARATO DE ZOLPIDEM	HEMITARTARATO DE ZOLPIDEM	N5B1 - HIPNÓTICOS E SEDATIVOS NÃO BARBITÚRICOS PUROS	Genérico	Tarja Preta	
HEMITARTARATO DE ZOLPIDEM	HEMITARTARATO DE ZOLPIDEM	N5B1 - HIPNÓTICOS E SEDATIVOS NÃO BARBITÚRICOS PUROS	Genérico	Tarja Preta	
HEMITARTARATO DE ZOLPIDEM	HEMITARTARATO DE ZOLPIDEM	N5B1 - HIPNÓTICOS E SEDATIVOS NÃO BARBITÚRICOS PUROS	Genérico	Tarja Preta	
HEMITARTARATO DE ZOLPIDEM	HEMITARTARATO DE ZOLPIDEM	N5B1 - HIPNÓTICOS E SEDATIVOS NÃO BARBITÚRICOS PUROS	Genérico	Tarja Preta	
HEMITARTARATO DE ZOLPIDEM	ZYLINOX SL	N5B1 - HIPNÓTICOS E SEDATIVOS NÃO BARBITÚRICOS PUROS	Similar	Tarja Preta	
HEMITARTARATO DE ZOLPIDEM	HEMITARTARATO DE ZOLPIDEM	N5B1 - HIPNÓTICOS E SEDATIVOS NÃO BARBITÚRICOS PUROS	Genérico	Tarja Preta	
HEMITARTARATO DE ZOLPIDEM	STILRAM SL	N5B1 - HIPNÓTICOS E SEDATIVOS NÃO BARBITÚRICOS PUROS	Similar	Tarja Preta	
HEMITARTARATO DE ZOLPIDEM	LUNE	N5B1 - HIPNÓTICOS E SEDATIVOS NÃO BARBITÚRICOS PUROS	Similar	Tarja Preta	
HEMITARTARATO DE ZOLPIDEM	LUNE SL	N5B1 - HIPNÓTICOS E SEDATIVOS NÃO BARBITÚRICOS PUROS	Similar	Tarja Preta	
HEMITARTARATO DE ZOLPIDEM	STILNOX	N5B1 - HIPNÓTICOS E SEDATIVOS NÃO BARBITÚRICOS PUROS	Novo	Tarja Preta	
HEPARINA SÓDICA BOVINA	HEPTAR	B1B1 - HEPARINAS NÃO FRACIONADA	Novo	- (*) 	
HEPARINA SÓDICA SUÍNA	ALIMAX	D3A9 - TODOS OUTROS PRODUTOS PARA TRATAMENTO DE FERIDAS	Biológico	- (*) 	
HEPARINA SÓDICA SUÍNA	HEMOFOL	B1B1 - HEPARINAS NÃO FRACIONADA	Biológico	- (*) 	
HEPARINA SÓDICA SUÍNA	TROMBOFOB GEL	C5B - TERAPIA ANTIVARICOSA TÓPICA	Biológico	- (*) 	
HEPARINA SÓDICA SUÍNA	PARINEX	B1B1 - HEPARINAS NÃO FRACIONADA	Biológico	Tarja Vermelha	
HEPARINA SÓDICA SUÍNA	HEPAMAX-S	B1B1 - HEPARINAS NÃO FRACIONADA	Biológico	- (*) 	
HESPERIDINA;CLORIDRATO DE PIPERIDOLATO;ÁCIDO ASCÓRBICO	DACTIL OB	A3A - ANTIESPASMÓDICOS E ANTICOLINÉRGICOS PUROS	Novo	Tarja Vermelha	
HESPERIDINA;DIOSMINA	BIOVARIXON	C5C - VASOPROTETORES SISTÊMICOS	Específico	Tarja Vermelha	
HESPERIDINA;DIOSMINA	VONFLUX	C5C - VASOPROTETORES SISTÊMICOS	Específico	Tarja Vermelha	
HESPERIDINA;DIOSMINA	DIOSMIN SDU	C5C - VASOPROTETORES SISTÊMICOS	Novo	- (*) 	
HESPERIDINA;DIOSMINA	DIOPLEX DH	C5C - VASOPROTETORES SISTÊMICOS	Específico	Tarja Vermelha	
HESPERIDINA;DIOSMINA	VARIFLUX	C5C - VASOPROTETORES SISTÊMICOS	Específico	Tarja Vermelha	
HESPERIDINA;DIOSMINA	WENO DH	C5C - VASOPROTETORES SISTÊMICOS	Específico	Tarja Vermelha	
HESPERIDINA;DIOSMINA	WARYZ	C5B - TERAPIA ANTIVARICOSA TÓPICA	Específico	Tarja Vermelha	
HESPERIDINA;DIOSMINA	CONDUVAZ	C5C - VASOPROTETORES SISTÊMICOS	Específico	Tarja Vermelha	
HESPERIDINA;DIOSMINA	VELUNID	C5C - VASOPROTETORES SISTÊMICOS	Específico	Tarja Vermelha	
HESPERIDINA;DIOSMINA;FLAVONÓIDES EXPRESSOS EM HESPERIDINA	VEVASO	C5C - VASOPROTETORES SISTÊMICOS	Específico	Tarja Vermelha	
HEXACETONIDO DE TRIANCINOLONA	TRIANCIL	H2A1 - CORTICOSTERÓIDES INJETÁVEIS PUROS	Novo	Tarja Vermelha	
HEXAFLUORETO DE ENXOFRE	SONOVUE	T1F - PRODUTOS PARA ULTRA-SONOGRAFIA	Novo	- (*) 	
HIALURONATO DE SÓDIO	LUNAH	S1K1 - LÁGRIMAS ARTIFICIAIS E LUBRIFICANTES OFTAMOLÓGICOS	Específico	Tarja Sem Tarja	
HIALURONATO DE SÓDIO	POLIREUMIN	M5X - TODOS OS OUTROS FÁRMACOS COM AÇÃO MÚSCULO-ESQUELÉTICA	Novo	- (*) 	
HIALURONATO DE SÓDIO	LAXIME	S1K1 - LÁGRIMAS ARTIFICIAIS E LUBRIFICANTES OFTAMOLÓGICOS	Específico	Tarja Sem Tarja	
HIALURONATO DE SÓDIO	EUFLEXXA	M5X - TODOS OS OUTROS FÁRMACOS COM AÇÃO MÚSCULO-ESQUELÉTICA	Biológico	- (*) 	
HIALURONATO DE SÓDIO	HILUROPT	S1K1 - LÁGRIMAS ARTIFICIAIS E LUBRIFICANTES OFTAMOLÓGICOS	Específico	Tarja Sem Tarja	
HIALURONATO DE SÓDIO	HYLO-COMOD	S1K1 - LÁGRIMAS ARTIFICIAIS E LUBRIFICANTES OFTAMOLÓGICOS	Específico	Tarja Sem Tarja	
HIALURONATO DE SÓDIO	HYLO-GEL	S1K1 - LÁGRIMAS ARTIFICIAIS E LUBRIFICANTES OFTAMOLÓGICOS	Específico	Tarja Sem Tarja	
HIALURONIDASE;VALERATO DE BETAMETASONA	POSTEC	D7B4 - OUTRAS ASSOCIAÇÕES DE CORTICOSTERÓIDES	Novo	- (*) 	
HIDROBROMETO DE CITALOPRAM (PORT. 344/98 LISTA C 1)	CITALOPRAM	N6A4 - ANTIDEPRESSIVOS SSRI	Genérico	Tarja Vermelha sob restrição	
HIDROCLOROTIAZIDA	HIDROCLOROTIAZIDA	C3A3 - DIURÉTICOS TIAZIDAS E ANÁLOGOS PUROS	Genérico	Tarja Vermelha	
HIDROCLOROTIAZIDA	DIURIX	C3A3 - DIURÉTICOS TIAZIDAS E ANÁLOGOS PUROS	Similar	- (*) 	
HIDROCLOROTIAZIDA	HIDROCLOROTIAZIDA	C3A3 - DIURÉTICOS TIAZIDAS E ANÁLOGOS PUROS	Genérico	- (*) 	
HIDROCLOROTIAZIDA	HIDROCLOROTIAZIDA	C3A3 - DIURÉTICOS TIAZIDAS E ANÁLOGOS PUROS	Genérico	Tarja Vermelha	
HIDROCLOROTIAZIDA	DIUREZIN	C3A3 - DIURÉTICOS TIAZIDAS E ANÁLOGOS PUROS	Similar	- (*) 	
HIDROCLOROTIAZIDA	IQUEGO-  HIDROCLOROTIAZIDA	C3A3 - DIURÉTICOS TIAZIDAS E ANÁLOGOS PUROS	Similar	- (*) 	
HIDROCLOROTIAZIDA	HIDROCLOROTIAZIDA	C3A3 - DIURÉTICOS TIAZIDAS E ANÁLOGOS PUROS	Genérico	- (*) 	
HIDROCLOROTIAZIDA	FURP-HIDROCLOROTIAZIDA	C3A3 - DIURÉTICOS TIAZIDAS E ANÁLOGOS PUROS	Similar	- (*) 	
HIDROCLOROTIAZIDA	HIDROCLOROTIAZIDA	C3A3 - DIURÉTICOS TIAZIDAS E ANÁLOGOS PUROS	Genérico	Tarja Vermelha	
HIDROCLOROTIAZIDA	HIDROCLOROTIAZIDA	C3A3 - DIURÉTICOS TIAZIDAS E ANÁLOGOS PUROS	Genérico	- (*) 	
HIDROCLOROTIAZIDA	HIDROLESS	C3A3 - DIURÉTICOS TIAZIDAS E ANÁLOGOS PUROS	Similar	- (*) 	
HIDROCLOROTIAZIDA	HIDROCLOROTIAZIDA	C3A3 - DIURÉTICOS TIAZIDAS E ANÁLOGOS PUROS	Genérico	Tarja Vermelha	
HIDROCLOROTIAZIDA	HIDROCLOROTIAZIDA	C3A3 - DIURÉTICOS TIAZIDAS E ANÁLOGOS PUROS	Genérico	Tarja Vermelha	
HIDROCLOROTIAZIDA	HIDROCLOROTIAZIDA	C3A3 - DIURÉTICOS TIAZIDAS E ANÁLOGOS PUROS	Genérico	- (*) 	
HIDROCLOROTIAZIDA	HIDROCLOROTIAZIDA	C3A3 - DIURÉTICOS TIAZIDAS E ANÁLOGOS PUROS	Genérico	Tarja Vermelha	
HIDROCLOROTIAZIDA	HIDROCLOROTIAZIDA	C3A3 - DIURÉTICOS TIAZIDAS E ANÁLOGOS PUROS	Genérico	- (*) 	
HIDROCLOROTIAZIDA	CLORANA	C3A3 - DIURÉTICOS TIAZIDAS E ANÁLOGOS PUROS	Novo	Tarja Vermelha	
HIDROCLOROTIAZIDA;BESILATO DE ANLODIPINO;OLMESARTANA MEDOXOMILA	BENICAR TRIPLO	C9D4 - ANTAGONISTAS DA ANGIOTENSINA II ASSOCIADOS A INIBIDORES DA ECA	Novo	Tarja Vermelha	
HIDROCLOROTIAZIDA;BESILATO DE ANLODIPINO;OLMESARTANA MEDOXOMILA	OLMECOR TRIPLO	C9D1 - ANTAGONISTAS DA ANGIOTENSINA II ASSOCIADOS A ANTIHIPERTENSIVOS (C2) E/OU DIURÉTICOS	Novo	Tarja Vermelha	
HIDROCLOROTIAZIDA;CANDESARTANA CILEXETILA	CANDESARTANA CILEXETILA+HIDROCLOROTIAZIDA	C9D1 - ANTAGONISTAS DA ANGIOTENSINA II ASSOCIADOS A ANTIHIPERTENSIVOS (C2) E/OU DIURÉTICOS	Genérico	Tarja Vermelha	
HIDROCLOROTIAZIDA;CANDESARTANA CILEXETILA	VENZER HCT	C9D1 - ANTAGONISTAS DA ANGIOTENSINA II ASSOCIADOS A ANTIHIPERTENSIVOS (C2) E/OU DIURÉTICOS	Similar	Tarja Vermelha	
HIDROCLOROTIAZIDA;CANDESARTANA CILEXETILA	CANDESARTANA CILEXETILA+HIDROCLOROTIAZIDA	C9D1 - ANTAGONISTAS DA ANGIOTENSINA II ASSOCIADOS A ANTIHIPERTENSIVOS (C2) E/OU DIURÉTICOS	Genérico	Tarja Vermelha	
HIDROCLOROTIAZIDA;CANDESARTANA CILEXETILA	CANDESARTANA CILEXETILA + HIDROCLOROTIAZIDA	C9D1 - ANTAGONISTAS DA ANGIOTENSINA II ASSOCIADOS A ANTIHIPERTENSIVOS (C2) E/OU DIURÉTICOS	Genérico	- (*) 	
HIDROCLOROTIAZIDA;CANDESARTANA CILEXETILA	ATACAND HCT	C9D1 - ANTAGONISTAS DA ANGIOTENSINA II ASSOCIADOS A ANTIHIPERTENSIVOS (C2) E/OU DIURÉTICOS	Novo	- (*) 	
HIDROCLOROTIAZIDA;CANDESARTANA CILEXETILA	ATACAND HCT	C9D1 - ANTAGONISTAS DA ANGIOTENSINA II ASSOCIADOS A ANTIHIPERTENSIVOS (C2) E/OU DIURÉTICOS	Novo	Tarja Vermelha	
HIDROCLOROTIAZIDA;CLORIDRATO DE PROPRANOLOL	TENADREN	C7B1 - BETABLOQUEADORES ASSOCIADOS COM ANTIHIPERTENSIVOS E/OU DIURÉTICOS	Similar	Tarja Vermelha	
HIDROCLOROTIAZIDA;HEMIFUMARATO DE BISOPROLOL	BICONCOR	C7B1 - BETABLOQUEADORES ASSOCIADOS COM ANTIHIPERTENSIVOS E/OU DIURÉTICOS	Novo	Tarja Vermelha	
HIDROCLOROTIAZIDA;HEMIFUMARATO DE BISOPROLOL	CONCOR HCT	C7B1 - BETABLOQUEADORES ASSOCIADOS COM ANTIHIPERTENSIVOS E/OU DIURÉTICOS	Novo	Tarja Vermelha	
HIDROCLOROTIAZIDA;IRBESARTANA	IRBESARTANA+ HIDROCLOROTIAZIDA	C9D1 - ANTAGONISTAS DA ANGIOTENSINA II ASSOCIADOS A ANTIHIPERTENSIVOS (C2) E/OU DIURÉTICOS	Genérico	- (*) 	
HIDROCLOROTIAZIDA;IRBESARTANA	BART H	C9D1 - ANTAGONISTAS DA ANGIOTENSINA II ASSOCIADOS A ANTIHIPERTENSIVOS (C2) E/OU DIURÉTICOS	Similar	Tarja Vermelha	
HIDROCLOROTIAZIDA;IRBESARTANA	IRBESARTANA + HIDROCLOROTIAZIDA	C9D1 - ANTAGONISTAS DA ANGIOTENSINA II ASSOCIADOS A ANTIHIPERTENSIVOS (C2) E/OU DIURÉTICOS	Genérico	Tarja Vermelha	
HIDROCLOROTIAZIDA;IRBESARTANA	APROZIDE	C9D1 - ANTAGONISTAS DA ANGIOTENSINA II ASSOCIADOS A ANTIHIPERTENSIVOS (C2) E/OU DIURÉTICOS	Novo	Tarja Vermelha	
HIDROCLOROTIAZIDA;MALEATO DE ENALAPRIL	MALEATO DE ENALAPRIL + HIDROCLOROTIAZIDA	C9B1 - INIBIDORES DA ECA ASSOCIADOS A ANTI-HIPERTERSIVOS (C2) E/OU DIURÉTICOS (C3)	Genérico	- (*) 	
HIDROCLOROTIAZIDA;MALEATO DE ENALAPRIL	VASOPRIL PLUS	C9B1 - INIBIDORES DA ECA ASSOCIADOS A ANTI-HIPERTERSIVOS (C2) E/OU DIURÉTICOS (C3)	Similar	Tarja Vermelha	
HIDROCLOROTIAZIDA;MALEATO DE ENALAPRIL	MALEATO DE ENALAPRIL + HIDROCLOROTIAZIDA	C9B1 - INIBIDORES DA ECA ASSOCIADOS A ANTI-HIPERTERSIVOS (C2) E/OU DIURÉTICOS (C3)	Genérico	Tarja Vermelha	
HIDROCLOROTIAZIDA;MALEATO DE ENALAPRIL	MALENA HCT	C9B1 - INIBIDORES DA ECA ASSOCIADOS A ANTI-HIPERTERSIVOS (C2) E/OU DIURÉTICOS (C3)	Similar	- (*) 	
HIDROCLOROTIAZIDA;MALEATO DE ENALAPRIL	MALEATO DE ENALAPRIL + HIDROCLOROTIAZIDA	C9B1 - INIBIDORES DA ECA ASSOCIADOS A ANTI-HIPERTERSIVOS (C2) E/OU DIURÉTICOS (C3)	Genérico	- (*) 	
HIDROCLOROTIAZIDA;OLMESARTANA MEDOXOMILA	HOLMES H	C9D1 - ANTAGONISTAS DA ANGIOTENSINA II ASSOCIADOS A ANTIHIPERTENSIVOS (C2) E/OU DIURÉTICOS	Similar	Tarja Vermelha	
HIDROCLOROTIAZIDA;OLMESARTANA MEDOXOMILA	OLMESARTANA MEDOXOMILA + HIDROCLOROTIAZIDA	C9D1 - ANTAGONISTAS DA ANGIOTENSINA II ASSOCIADOS A ANTIHIPERTENSIVOS (C2) E/OU DIURÉTICOS	Genérico	Tarja Vermelha	
HIDROCLOROTIAZIDA;OLMESARTANA MEDOXOMILA	OLSAR H	C9D1 - ANTAGONISTAS DA ANGIOTENSINA II ASSOCIADOS A ANTIHIPERTENSIVOS (C2) E/OU DIURÉTICOS	Similar	Tarja Vermelha	
HIDROCLOROTIAZIDA;OLMESARTANA MEDOXOMILA	OLMESARTANA MEDOXOMILA+HIDROCLOROTIAZIDA	C9D1 - ANTAGONISTAS DA ANGIOTENSINA II ASSOCIADOS A ANTIHIPERTENSIVOS (C2) E/OU DIURÉTICOS	Genérico	Tarja Vermelha	
HIDROCLOROTIAZIDA;OLMESARTANA MEDOXOMILA	OLMEDIX HCT	C9D1 - ANTAGONISTAS DA ANGIOTENSINA II ASSOCIADOS A ANTIHIPERTENSIVOS (C2) E/OU DIURÉTICOS	Similar	Tarja Vermelha	
HIDROCLOROTIAZIDA;OLMESARTANA MEDOXOMILA	ASEA HCT	C9D1 - ANTAGONISTAS DA ANGIOTENSINA II ASSOCIADOS A ANTIHIPERTENSIVOS (C2) E/OU DIURÉTICOS	Similar	Tarja Vermelha	
HIDROCLOROTIAZIDA;OLMESARTANA MEDOXOMILA	BENICAR HCT	C9D1 - ANTAGONISTAS DA ANGIOTENSINA II ASSOCIADOS A ANTIHIPERTENSIVOS (C2) E/OU DIURÉTICOS	Novo	Tarja Vermelha	
HIDROCLOROTIAZIDA;OLMESARTANA MEDOXOMILA	OLMECOR HCT	C9D1 - ANTAGONISTAS DA ANGIOTENSINA II ASSOCIADOS A ANTIHIPERTENSIVOS (C2) E/OU DIURÉTICOS	Similar	Tarja Vermelha	
HIDROCLOROTIAZIDA;OLMESARTANA MEDOXOMILA	OLMESARTANA MEDOXOMILA + HIDROCLOROTIAZIDA	C9D1 - ANTAGONISTAS DA ANGIOTENSINA II ASSOCIADOS A ANTIHIPERTENSIVOS (C2) E/OU DIURÉTICOS	Genérico	Tarja Vermelha	
HIDROCLOROTIAZIDA;OLMESARTANA MEDOXOMILA	OLMESARTANA MEDOXOMILA+HIDROCLOROTIAZIDA	C9D1 - ANTAGONISTAS DA ANGIOTENSINA II ASSOCIADOS A ANTIHIPERTENSIVOS (C2) E/OU DIURÉTICOS	Genérico	Tarja Vermelha	
HIDROCLOROTIAZIDA;OLMESARTANA MEDOXOMILA	BIOLME H	C9D1 - ANTAGONISTAS DA ANGIOTENSINA II ASSOCIADOS A ANTIHIPERTENSIVOS (C2) E/OU DIURÉTICOS	Similar	Tarja Vermelha	
HIDROCLOROTIAZIDA;OLMESARTANA MEDOXOMILA	OLMY HCT	C9D1 - ANTAGONISTAS DA ANGIOTENSINA II ASSOCIADOS A ANTIHIPERTENSIVOS (C2) E/OU DIURÉTICOS	Similar	Tarja Vermelha	
HIDROCLOROTIAZIDA;OLMESARTANA MEDOXOMILA	OLMESARTANA MEDOXOMILA+HIDROCLOROTIAZIDA	C9D1 - ANTAGONISTAS DA ANGIOTENSINA II ASSOCIADOS A ANTIHIPERTENSIVOS (C2) E/OU DIURÉTICOS	Genérico	Tarja Vermelha	
HIDROCLOROTIAZIDA;OLMESARTANA MEDOXOMILA	OLMESARTANA MEDOXOMILA+HIDROCLOROTIAZIDA	C9D1 - ANTAGONISTAS DA ANGIOTENSINA II ASSOCIADOS A ANTIHIPERTENSIVOS (C2) E/OU DIURÉTICOS	Genérico	Tarja Vermelha	
HIDROCLOROTIAZIDA;OLMESARTANA MEDOXOMILA	OLMEGRAN HCT	C9D1 - ANTAGONISTAS DA ANGIOTENSINA II ASSOCIADOS A ANTIHIPERTENSIVOS (C2) E/OU DIURÉTICOS	Similar	Tarja Vermelha	
HIDROCLOROTIAZIDA;OLMESARTANA MEDOXOMILA	OLZICAR HCT	C9D1 - ANTAGONISTAS DA ANGIOTENSINA II ASSOCIADOS A ANTIHIPERTENSIVOS (C2) E/OU DIURÉTICOS	Similar	Tarja Vermelha	
HIDROCLOROTIAZIDA;RAMIPRIL	NAPRIX D	C9B1 - INIBIDORES DA ECA ASSOCIADOS A ANTI-HIPERTERSIVOS (C2) E/OU DIURÉTICOS (C3)	Novo	Tarja Vermelha sob restrição	
HIDROCLOROTIAZIDA;TELMISARTANA	MICARDIS HCT	C9D1 - ANTAGONISTAS DA ANGIOTENSINA II ASSOCIADOS A ANTIHIPERTENSIVOS (C2) E/OU DIURÉTICOS	Novo	Tarja Vermelha	
HIDROCLOROTIAZIDA;TELMISARTANA	TELMISARTANA + HIDROCLOROTIAZIDA	C9D1 - ANTAGONISTAS DA ANGIOTENSINA II ASSOCIADOS A ANTIHIPERTENSIVOS (C2) E/OU DIURÉTICOS	Genérico	Tarja Vermelha	
HIDROCLOROTIAZIDA;TELMISARTANA	TELMISARTANA + HIDROCLOROTIAZIDA	C9D1 - ANTAGONISTAS DA ANGIOTENSINA II ASSOCIADOS A ANTIHIPERTENSIVOS (C2) E/OU DIURÉTICOS	Genérico	Tarja Vermelha	
HIDROCLOROTIAZIDA;TELMISARTANA	TELD HCT	C9D1 - ANTAGONISTAS DA ANGIOTENSINA II ASSOCIADOS A ANTIHIPERTENSIVOS (C2) E/OU DIURÉTICOS	Similar	Tarja Vermelha	
HIDROCLOROTIAZIDA;TELMISARTANA	BRATELM HCT	C9D1 - ANTAGONISTAS DA ANGIOTENSINA II ASSOCIADOS A ANTIHIPERTENSIVOS (C2) E/OU DIURÉTICOS	Similar	Tarja Vermelha	
HIDROCLOROTIAZIDA;TELMISARTANA	TELMISARTANA+HIDROCLOROTIAZIDA	C9D1 - ANTAGONISTAS DA ANGIOTENSINA II ASSOCIADOS A ANTIHIPERTENSIVOS (C2) E/OU DIURÉTICOS	Genérico	Tarja Vermelha	
HIDROCLOROTIAZIDA;TELMISARTANA	BRAMICAR HCT	C9D1 - ANTAGONISTAS DA ANGIOTENSINA II ASSOCIADOS A ANTIHIPERTENSIVOS (C2) E/OU DIURÉTICOS	Similar	Tarja Vermelha	
HIDROCLOROTIAZIDA;TELMISARTANA	TELMISARTANA + HIDROCLOROTIAZIDA	C9D1 - ANTAGONISTAS DA ANGIOTENSINA II ASSOCIADOS A ANTIHIPERTENSIVOS (C2) E/OU DIURÉTICOS	Genérico	Tarja Vermelha	
HIDROCLOROTIAZIDA;TELMISARTANA	TELMISARTANA + HIDROCLOROTIAZIDA	C9D1 - ANTAGONISTAS DA ANGIOTENSINA II ASSOCIADOS A ANTIHIPERTENSIVOS (C2) E/OU DIURÉTICOS	Genérico	Tarja Vermelha	
HIDROCORTISONA	HIDROCORTISONA	D7A - CORTICOESTERÓIDES TÓPICOS PUROS	Genérico	Tarja Vermelha	
HIDROCORTISONA	CORTISONAL	D7A - CORTICOESTERÓIDES TÓPICOS PUROS	Similar	Tarja Sem Tarja	
HIDROGENOTARTARATO DE RIVASTIGMINA	VIVENCIA	N7D1 - PRODUTOS ANTIALZHEIMER, INIBIDORES DA COLINESTERASE	Similar	- (*) 	
HIDROGENOTARTARATO DE RIVASTIGMINA	HEMITARTARATO DE RIVASTIGMINA	N7D1 - PRODUTOS ANTIALZHEIMER, INIBIDORES DA COLINESTERASE	Genérico	- (*) 	
HIDROGENOTARTARATO DE RIVASTIGMINA	HIDROGENOTARTARATO DE RIVASTIGMINA	N7D1 - PRODUTOS ANTIALZHEIMER, INIBIDORES DA COLINESTERASE	Genérico	- (*) 	
HIDROQUINONA	HIDROQUINONA	D11A - OUTRAS PREPARAÇÕES DERMATOLOGICAS	Genérico	Tarja Vermelha	
HIDROQUINONA	HIDROPEEK	D11A - OUTRAS PREPARAÇÕES DERMATOLOGICAS	Similar	Tarja Vermelha	
HIDROQUINONA	CLAQUINONA	D11A - OUTRAS PREPARAÇÕES DERMATOLOGICAS	Similar	Tarja Vermelha	
HIDROQUINONA	HIDROQUINONA	D11A - OUTRAS PREPARAÇÕES DERMATOLOGICAS	Genérico	Tarja Vermelha	
HIDROQUINONA	SOLAQUIN	D11A - OUTRAS PREPARAÇÕES DERMATOLOGICAS	Similar	Tarja Vermelha	
HIDROQUINONA	LUMIDERM	D11A - OUTRAS PREPARAÇÕES DERMATOLOGICAS	Similar	Tarja Vermelha	
HIDROQUINONA	HIDROQUINONA	D11A - OUTRAS PREPARAÇÕES DERMATOLOGICAS	Genérico	Tarja Vermelha	
HIDROQUINONA	CLEANKINOL	D11A - OUTRAS PREPARAÇÕES DERMATOLOGICAS	Similar	Tarja Vermelha	
HIDROSMINA	VÊNULA	C5C - VASOPROTETORES SISTÊMICOS	Específico	- (*) 	
HIDROXIBENZOATO DE VIMINOL	DIVIDOL	N2B1 - ANALGÉSICOS NÃO NARCÓTICOS E ANTIPIRÉTICOS SOB PRESCRIÇÃO	Novo	Tarja Vermelha	
HIDROXICOBALAMINA	BEDOZE	A11F - VITAMINA B12 PURA	Específico	Tarja Vermelha	
HIDROXIETILAMIDO	VOLUVEN 6%	K2B - GOMAS	Específico	- (*) 	
HIDROXIETILAMIDO	PLASMIN	K2B - GOMAS	Específico	Tarja Vermelha	
HIDROXIPROPIL GUAR;MACROGOL;PROPILENOGLICOL	MIRUGELL	S1K1 - LÁGRIMAS ARTIFICIAIS E LUBRIFICANTES OFTAMOLÓGICOS	Específico	Tarja Sem Tarja	
HIDROXIQUINOLINA;TROLAMINA	CERUMIN	S2D1 - PRODUTOS PARA REMOÇÃO DA CERA DOS OUVIDOS	Novo	- (*) 	
HIDROXIUREIA	TEPEV	L1X9 - TODOS OS OUTROS ANTINEOPLÁSICOS	Similar	Tarja Vermelha	
HIDROXIUREIA	HIDROXIUREIA	L1X9 - TODOS OS OUTROS ANTINEOPLÁSICOS	Genérico	Tarja Vermelha	
HIDROXIUREIA	LEUX	L1X9 - TODOS OS OUTROS ANTINEOPLÁSICOS	Similar	Tarja Vermelha	
HIDROXIUREIA	HIDROXIUREIA	L1X9 - TODOS OS OUTROS ANTINEOPLÁSICOS	Genérico	Tarja Vermelha	
HIDROXIUREIA	HIXU	L1X9 - TODOS OS OUTROS ANTINEOPLÁSICOS	Similar	Tarja Vermelha	
HIDROXIUREIA	SIKLOS	L1X9 - TODOS OS OUTROS ANTINEOPLÁSICOS	Novo	Tarja Vermelha	
HIDROXIURÉIA	TEPEV  FF	L1X9 - TODOS OS OUTROS ANTINEOPLÁSICOS	Novo	Tarja Vermelha	
HIDROXIZINA	PERGO	R6A - ANTI-HISTAMÍNICOS SISTÊMICOS	Similar	- (*) 	
HIDROXIZINA	DROTIZIN	R6A - ANTI-HISTAMÍNICOS SISTÊMICOS	Similar	Tarja Vermelha	
HIDRÓXIDO DE ALUMÍNIO	PEPSAMAR	A2A1 - ANTIÁCIDOS PUROS	Específico	Tarja Sem Tarja	
HIDRÓXIDO DE ALUMÍNIO	PEPSAMAR	A2A1 - ANTIÁCIDOS PUROS	Específico	Tarja Sem Tarja	
HPV-16 L1 ;HPV-18 L1	CERVARIX	J7E3 - VACINA CONTRA HPV (PAPILOMAVIRUS HUMANO)	Biológico	- (*) 	
HUMULUS LUPULUS L.;VALERIANA OFFICINALIS L.	REMILEV	N5B5 - HIPNÓTICOS E SEDATIVOS HERBÁCEOS	Fitoterápico	Tarja Vermelha	
HYPERICUM PERFORATUM	HYPERATIV	N5B5 - HIPNÓTICOS E SEDATIVOS HERBÁCEOS	Fitoterápico	Tarja Vermelha	
HYPERICUM PERFORATUM L.	HYPERINAT	N6A2 - ANTIDEPRESSIVOS DE ORIGEM HERBÁCEA	Fitoterápico	Tarja Vermelha	
IBANDRONATO DE SÓDIO	IBAN	M5B3 - BISFOSFONATOS PARA OSTEOPOROSE E ALTERAÇÕES RELACIONADAS	Similar	Tarja Vermelha	
IBANDRONATO DE SÓDIO	AFRAT	M5B3 - BISFOSFONATOS PARA OSTEOPOROSE E ALTERAÇÕES RELACIONADAS	Similar	Tarja Vermelha	
IBANDRONATO DE SÓDIO	SINTEZYS	M5B3 - BISFOSFONATOS PARA OSTEOPOROSE E ALTERAÇÕES RELACIONADAS	Similar	Tarja Vermelha	
IBANDRONATO DE SÓDIO	SINTEZYS	M5B3 - BISFOSFONATOS PARA OSTEOPOROSE E ALTERAÇÕES RELACIONADAS	Similar	Tarja Vermelha	
IBANDRONATO DE SÓDIO	IBANDRONATO DE SÓDIO	M5B3 - BISFOSFONATOS PARA OSTEOPOROSE E ALTERAÇÕES RELACIONADAS	Genérico	Tarja Vermelha	
IBANDRONATO DE SÓDIO	IBANDRONATO DE SÓDIO	M5B3 - BISFOSFONATOS PARA OSTEOPOROSE E ALTERAÇÕES RELACIONADAS	Genérico	Tarja Vermelha	
IBANDRONATO DE SÓDIO MONOIDRATADO	IBANDRONATO DE SÓDIO	M5B3 - BISFOSFONATOS PARA OSTEOPOROSE E ALTERAÇÕES RELACIONADAS	Genérico	Tarja Vermelha	
IBANDRONATO DE SÓDIO MONOIDRATADO	IBANDRONATO DE SÓDIO MONOIDRATADO	M5B3 - BISFOSFONATOS PARA OSTEOPOROSE E ALTERAÇÕES RELACIONADAS	Genérico	Tarja Vermelha	
IBANDRONATO DE SÓDIO MONOIDRATADO	IBANESS	M5B3 - BISFOSFONATOS PARA OSTEOPOROSE E ALTERAÇÕES RELACIONADAS	Similar	Tarja Vermelha	
IBANDRONATO DE SÓDIO MONOIDRATADO	IBANUNO	M5B3 - BISFOSFONATOS PARA OSTEOPOROSE E ALTERAÇÕES RELACIONADAS	Similar	Tarja Vermelha	
IBANDRONATO DE SÓDIO MONOIDRATADO	EDIFICAN	M5B3 - BISFOSFONATOS PARA OSTEOPOROSE E ALTERAÇÕES RELACIONADAS	Similar	Tarja Vermelha	
IBANDRONATO DE SÓDIO MONOIDRATADO	OSTEOBAN	M5B3 - BISFOSFONATOS PARA OSTEOPOROSE E ALTERAÇÕES RELACIONADAS	Similar	- (*) 	
IBANDRONATO DE SÓDIO MONOIDRATADO	IBANDRONATO DE SODIO	M5B3 - BISFOSFONATOS PARA OSTEOPOROSE E ALTERAÇÕES RELACIONADAS	Genérico	Tarja Vermelha	
IBANDRONATO DE SÓDIO MONOIDRATADO	IBANDRONATO DE SÓDIO MONOIDRATADO	M5B3 - BISFOSFONATOS PARA OSTEOPOROSE E ALTERAÇÕES RELACIONADAS	Genérico	Tarja Vermelha	
IBANDRONATO DE SÓDIO MONOIDRATADO	OSTEOTEC	M5B3 - BISFOSFONATOS PARA OSTEOPOROSE E ALTERAÇÕES RELACIONADAS	Similar	- (*) 	
IBANDRONATO DE SÓDIO MONOIDRATADO	BONVIVA	M5B3 - BISFOSFONATOS PARA OSTEOPOROSE E ALTERAÇÕES RELACIONADAS	Novo	Tarja Vermelha	
IBANDRONATO DE SÓDIO MONOIDRATADO	IBANDRONATO DE SÓDIO MONOIDRATADO	M5B3 - BISFOSFONATOS PARA OSTEOPOROSE E ALTERAÇÕES RELACIONADAS	Genérico	Tarja Vermelha	
IBANDRONATO DE SÓDIO MONOIDRATADO	IBAND	M5B3 - BISFOSFONATOS PARA OSTEOPOROSE E ALTERAÇÕES RELACIONADAS	Similar	Tarja Vermelha	
IBRUTINIBE	IMBRUVICA	L1H6 - ANTINEOPLÁSICOS INIBIDORES DA PROTEÍNA QUINASE, BTK	Novo	Tarja Vermelha	
IBUPROFENO	IBUPROFENO	M1A1 - ANTIRREUMÁTICOS NÃO ESTEROIDAIS PUROS	Genérico	Tarja Vermelha	
IBUPROFENO	PROINFLAC	N2B - ANALGÉSICOS NÃO NARCÓTICOS E ANTIPIRÉTICOS	Novo	Tarja Vermelha	
IBUPROFENO	ADVIL 12H	N2B2 - ANALGÉSICOS NÃO NARCÓTICOS E ANTIPIRÉTICOS ISENTOS DE PRESCRIÇÃO	Novo	Tarja Sem Tarja	
IBUPROFENO	ADVIL	N2B2 - ANALGÉSICOS NÃO NARCÓTICOS E ANTIPIRÉTICOS ISENTOS DE PRESCRIÇÃO	Similar	Tarja Sem Tarja	
IBUPROFENO	CAPSFEN	M1A1 - ANTIRREUMÁTICOS NÃO ESTEROIDAIS PUROS	Novo	Tarja Vermelha	
IBUPROFENO	IBULIV	N2B2 - ANALGÉSICOS NÃO NARCÓTICOS E ANTIPIRÉTICOS ISENTOS DE PRESCRIÇÃO	Similar	Tarja Sem Tarja	
IBUPROFENO	IBUPRIL	M1A1 - ANTIRREUMÁTICOS NÃO ESTEROIDAIS PUROS	Similar	Tarja Vermelha	
IBUPROFENO	IBUPROFENO	N2B2 - ANALGÉSICOS NÃO NARCÓTICOS E ANTIPIRÉTICOS ISENTOS DE PRESCRIÇÃO	Genérico	Tarja Sem Tarja	
IBUPROFENO	IBUPRIL CAPS	M1A1 - ANTIRREUMÁTICOS NÃO ESTEROIDAIS PUROS	Similar	Tarja Vermelha	
IBUPROFENO	ALGY-FLANDERIL	M1A1 - ANTIRREUMÁTICOS NÃO ESTEROIDAIS PUROS	Similar	Tarja Sem Tarja	
IBUPROFENO	IBUPROFENO	N2B2 - ANALGÉSICOS NÃO NARCÓTICOS E ANTIPIRÉTICOS ISENTOS DE PRESCRIÇÃO	Genérico	Tarja Sem Tarja	
IBUPROFENO	ALGY GOTAS	N2B2 - ANALGÉSICOS NÃO NARCÓTICOS E ANTIPIRÉTICOS ISENTOS DE PRESCRIÇÃO	Similar	Tarja Sem Tarja	
IBUPROFENO	ALGY-FLANDERIL CAPS	M1A1 - ANTIRREUMÁTICOS NÃO ESTEROIDAIS PUROS	Similar	Tarja Vermelha	
IBUPROFENO	VANTIL	N2B2 - ANALGÉSICOS NÃO NARCÓTICOS E ANTIPIRÉTICOS ISENTOS DE PRESCRIÇÃO	Similar	Tarja Sem Tarja	
IBUPROFENO	IBUPROFENO	M1A1 - ANTIRREUMÁTICOS NÃO ESTEROIDAIS PUROS	Genérico	Tarja Vermelha	
IBUPROFENO	IBUGLOBO	M1A1 - ANTIRREUMÁTICOS NÃO ESTEROIDAIS PUROS	Similar	Tarja Vermelha	
IBUPROFENO	DORALIV	N2B2 - ANALGÉSICOS NÃO NARCÓTICOS E ANTIPIRÉTICOS ISENTOS DE PRESCRIÇÃO	Similar	Tarja Sem Tarja	
IBUPROFENO	IBUPROFENO	N2B2 - ANALGÉSICOS NÃO NARCÓTICOS E ANTIPIRÉTICOS ISENTOS DE PRESCRIÇÃO	Genérico	Tarja Sem Tarja	
IBUPROFENO	IBUPROFENO	N2B2 - ANALGÉSICOS NÃO NARCÓTICOS E ANTIPIRÉTICOS ISENTOS DE PRESCRIÇÃO	Genérico	Tarja Sem Tarja	
IBUPROFENO	BUPROLIVIUM	N2B2 - ANALGÉSICOS NÃO NARCÓTICOS E ANTIPIRÉTICOS ISENTOS DE PRESCRIÇÃO	Similar	Tarja Sem Tarja	
IBUPROFENO	PARARTRIN	M1A1 - ANTIRREUMÁTICOS NÃO ESTEROIDAIS PUROS	Similar	Tarja Vermelha	
IBUPROFENO	IQUEGO-IBUPROFENO	M1A1 - ANTIRREUMÁTICOS NÃO ESTEROIDAIS PUROS	Similar	- (*) 	
IBUPROFENO	IBUPROFENO	N2B2 - ANALGÉSICOS NÃO NARCÓTICOS E ANTIPIRÉTICOS ISENTOS DE PRESCRIÇÃO	Genérico	Tarja Sem Tarja	
IBUPROFENO	ALUDOR	N2B - ANALGÉSICOS NÃO NARCÓTICOS E ANTIPIRÉTICOS	Similar	Tarja Sem Tarja	
IBUPROFENO	IBUPROFENO	N2B - ANALGÉSICOS NÃO NARCÓTICOS E ANTIPIRÉTICOS	Genérico	Tarja Sem Tarja	
IBUPROFENO	BUPROVIL	M1A1 - ANTIRREUMÁTICOS NÃO ESTEROIDAIS PUROS	Similar	- (*) 	
IBUPROFENO	IBUPROFENO	N2B2 - ANALGÉSICOS NÃO NARCÓTICOS E ANTIPIRÉTICOS ISENTOS DE PRESCRIÇÃO	Genérico	Tarja Sem Tarja	
IBUPROFENO	IBUPROFENO	M1A1 - ANTIRREUMÁTICOS NÃO ESTEROIDAIS PUROS	Genérico	Tarja Vermelha	
IBUPROFENO	ATIOVIL	N2B2 - ANALGÉSICOS NÃO NARCÓTICOS E ANTIPIRÉTICOS ISENTOS DE PRESCRIÇÃO	Similar	Tarja Vermelha	
IBUPROFENO	IBUPROFENO	M1A1 - ANTIRREUMÁTICOS NÃO ESTEROIDAIS PUROS	Genérico	Tarja Vermelha	
IBUPROFENO	IBUPROFENO	M1A1 - ANTIRREUMÁTICOS NÃO ESTEROIDAIS PUROS	Genérico	Tarja Vermelha	
IBUPROFENO	IBUPROTRAT	N2B2 - ANALGÉSICOS NÃO NARCÓTICOS E ANTIPIRÉTICOS ISENTOS DE PRESCRIÇÃO	Similar	Tarja Sem Tarja	
IBUPROFENO	ADLYV	N2B2 - ANALGÉSICOS NÃO NARCÓTICOS E ANTIPIRÉTICOS ISENTOS DE PRESCRIÇÃO	Similar	Tarja Sem Tarja	
IBUPROFENO	IBUPROFENO	M1A1 - ANTIRREUMÁTICOS NÃO ESTEROIDAIS PUROS	Genérico	Tarja Vermelha	
IBUPROFENO	IBUPROFENO	N2B2 - ANALGÉSICOS NÃO NARCÓTICOS E ANTIPIRÉTICOS ISENTOS DE PRESCRIÇÃO	Genérico	Tarja Sem Tarja	
IBUPROFENO	PRALÍVIO	N2B2 - ANALGÉSICOS NÃO NARCÓTICOS E ANTIPIRÉTICOS ISENTOS DE PRESCRIÇÃO	Similar	Tarja Sem Tarja	
IBUPROFENO	IBUVIX	N2B2 - ANALGÉSICOS NÃO NARCÓTICOS E ANTIPIRÉTICOS ISENTOS DE PRESCRIÇÃO	Similar	- (*) 	
IBUPROFENO	IBUPROFENO	M1A1 - ANTIRREUMÁTICOS NÃO ESTEROIDAIS PUROS	Genérico	Tarja Vermelha	
IBUPROFENO	IBUPROFENO	N2B2 - ANALGÉSICOS NÃO NARCÓTICOS E ANTIPIRÉTICOS ISENTOS DE PRESCRIÇÃO	Genérico	Tarja Sem Tarja	
IBUPROFENO	IBUFRAN	M1A1 - ANTIRREUMÁTICOS NÃO ESTEROIDAIS PUROS	Similar	Tarja Vermelha	
IBUPROFENO	IBUFLEX	N2B2 - ANALGÉSICOS NÃO NARCÓTICOS E ANTIPIRÉTICOS ISENTOS DE PRESCRIÇÃO	Similar	Tarja Sem Tarja	
IBUPROFENO	IBUPROFENO	N2B2 - ANALGÉSICOS NÃO NARCÓTICOS E ANTIPIRÉTICOS ISENTOS DE PRESCRIÇÃO	Genérico	Tarja Sem Tarja	
IBUPROFENO	ALIVIUM	N2B2 - ANALGÉSICOS NÃO NARCÓTICOS E ANTIPIRÉTICOS ISENTOS DE PRESCRIÇÃO	Similar	Tarja Vermelha	
IBUPROFENO	ATROFEM	N2B2 - ANALGÉSICOS NÃO NARCÓTICOS E ANTIPIRÉTICOS ISENTOS DE PRESCRIÇÃO	Similar	Tarja Sem Tarja	
IBUPROFENO	BUSCOFEM	N2B2 - ANALGÉSICOS NÃO NARCÓTICOS E ANTIPIRÉTICOS ISENTOS DE PRESCRIÇÃO	Novo	Tarja Sem Tarja	
IBUPROFENO	BUSCOFEM GIRLS	N2B2 - ANALGÉSICOS NÃO NARCÓTICOS E ANTIPIRÉTICOS ISENTOS DE PRESCRIÇÃO	Novo	Tarja Sem Tarja	
IBUPROFENO	IBUPROFENO	N2B2 - ANALGÉSICOS NÃO NARCÓTICOS E ANTIPIRÉTICOS ISENTOS DE PRESCRIÇÃO	Genérico	Tarja Sem Tarja	
IBUPROFENO	MEDMULHER	N2B2 - ANALGÉSICOS NÃO NARCÓTICOS E ANTIPIRÉTICOS ISENTOS DE PRESCRIÇÃO	Similar	Tarja Sem Tarja	
IBUPROFENO	NOVALFEM	N2B2 - ANALGÉSICOS NÃO NARCÓTICOS E ANTIPIRÉTICOS ISENTOS DE PRESCRIÇÃO	Similar	Tarja Sem Tarja	
IBUPROFENO	ADVIL	N2B2 - ANALGÉSICOS NÃO NARCÓTICOS E ANTIPIRÉTICOS ISENTOS DE PRESCRIÇÃO	Similar	Tarja Sem Tarja	
IBUPROFENO	ADVIL 12H	N2B2 - ANALGÉSICOS NÃO NARCÓTICOS E ANTIPIRÉTICOS ISENTOS DE PRESCRIÇÃO	Novo	Tarja Sem Tarja	
IBUPROFENO	IBRUVE	N2B2 - ANALGÉSICOS NÃO NARCÓTICOS E ANTIPIRÉTICOS ISENTOS DE PRESCRIÇÃO	Similar	Tarja Sem Tarja	
IBUPROFENO ARGININA	SPIDUFEN	M1A1 - ANTIRREUMÁTICOS NÃO ESTEROIDAIS PUROS	Novo	Tarja Vermelha	
IBUPROFENO;PARACETAMOL	DUALGI	N2B2 - ANALGÉSICOS NÃO NARCÓTICOS E ANTIPIRÉTICOS ISENTOS DE PRESCRIÇÃO	Similar	Tarja Sem Tarja	
IBUPROFENO;PARACETAMOL	NUROMOL	N2B2 - ANALGÉSICOS NÃO NARCÓTICOS E ANTIPIRÉTICOS ISENTOS DE PRESCRIÇÃO	Novo	Tarja Sem Tarja	
IBUPROFENO;PARACETAMOL	LUFTAFEM	N2B2 - ANALGÉSICOS NÃO NARCÓTICOS E ANTIPIRÉTICOS ISENTOS DE PRESCRIÇÃO	Similar	Tarja Sem Tarja	
ICODEXTRINA;CLORETO DE CÁLCIO DIIDRATADO;LACTATO DE SÓDIO;CLORETO DE MAGNÉSIO HEXAIDRATADO;CLORETO DE SÓDIO	EXTRANEAL	K6B - SOLUÇÕES PARA DIÁLISE PERITONEAL	Específico	- (*) 	
IDARUCIZUMABE	PRAXBIND	B2B9 - OUTROS ANTÍDOTOS PARA ANTICOAGULANTES	Biológico	Tarja Vermelha	
IDURSULFASE	ELAPRASE	A16A - OUTROS PRODUTOS PARA O APARELHO DIGESTÓRIO E METABOLISMO	Biológico	- (*) 	
IFOSFAMIDA	IFOSFAMIDA	L1A - AGENTES ANTINEOPLÁSICOS ALQUILANTES	Genérico	Tarja Vermelha	
IFOSFAMIDA	HOLOXANE	L1A - AGENTES ANTINEOPLÁSICOS ALQUILANTES	Similar	Tarja Vermelha	
IFOSFAMIDA	LIFOS	L1A - AGENTES ANTINEOPLÁSICOS ALQUILANTES	Similar	- (*) 	
IFOSFAMIDA	EVOLOX	L1A - AGENTES ANTINEOPLÁSICOS ALQUILANTES	Similar	- (*) 	
ILOPROSTA	VENTAVIS	C6B3 - PRODUTOS PARA HIPERTENSÃO ARTERIAL PULMONAR ANTAGONISTAS DA PROSTACICLINA	Novo	Tarja Vermelha	
IMIGLUCERASE	CEREZYME	A16A - OUTROS PRODUTOS PARA O APARELHO DIGESTÓRIO E METABOLISMO	Biológico	- (*) 	
IMIPENÉM;CILASTATINA SÓDICA	IMIPENEM + CILASTATINA SÓDICA	J1P2 - CARBAPENEMES E PENEMES	Genérico	Tarja Vermelha	
IMIQUIMODE	IXIUM	D6D9 - OUTROS PRODUTOS TÓPICOS PARA INFECÇÕES VIRAIS	Similar	Tarja Vermelha	
IMIQUIMODE	MODIK	D6D9 - OUTROS PRODUTOS TÓPICOS PARA INFECÇÕES VIRAIS	Similar	Tarja Vermelha	
IMUNOGLOBULINA ANTI-D	GAMA ANTI-D GRIFOLS	J6J - OUTRAS IMUNOGLOBULINASS ESPECÍFICA	Biológico	- (*) 	
IMUNOGLOBULINA ANTI-RHO(D)	RHOPHYLAC	J6J - OUTRAS IMUNOGLOBULINASS ESPECÍFICA	Biológico	Tarja Vermelha	
IMUNOGLOBULINA ANTI-RHO(D)	KAMRHO-D	J6J - OUTRAS IMUNOGLOBULINASS ESPECÍFICA	Similar	- (*) 	
IMUNOGLOBULINA ANTIRRÁBICA	SORO ANTI-RÁBICO	J6A6 - SORO ANTI-RAIVA	Biológico	- (*) 	
IMUNOGLOBULINA ANTIRRÁBICA	SORO ANTI-RÁBICO	J6A6 - SORO ANTI-RAIVA	Biológico	- (*) 	
IMUNOGLOBULINA ANTITETÂNICA	TETANOGAMMA	J6G1 - IMUNOGLOBULINA TETÂNICA	Biológico	- (*) 	
IMUNOGLOBULINA ANTITETÂNICA	GAMA ANTI-TETANO GRIFOLS	J6G1 - IMUNOGLOBULINA TETÂNICA	Similar	- (*) 	
IMUNOGLOBULINA DE COELHO ANTI-TIMÓCITOS HUMANOS	THYMOGLOBULINE	L4X - OUTROS IMUNOSSUPRESSORES	Biológico	Tarja Vermelha	
IMUNOGLOBULINA G	HYQVIA	J6J - OUTRAS IMUNOGLOBULINASS ESPECÍFICA	Biológico	Tarja Vermelha	
IMUNOGLOBULINA G	ENDOBULIN KIOVIG	J6C - IMUNOGLOBULINAS POLIVALENTES INTRAVENOSAS	Biológico	- (*) 	
IMUNOGLOBULINA HETERÓLOGA CONTRA O VENENO DE LACHESIS MUTA;IMUNOGLOBULINA HETERÓLOGA CONTRA VENENO DE BOTHROPS SP	SORO ANTIBOTRÓPICO/LAQUÉTICO	J6A1 - SORO PARA PICADA DE COBRA	Biológico	- (*) 	
IMUNOGLOBULINA HETERÓLOGA CONTRA O VENENO DE LACHESIS MUTA;IMUNOGLOBULINA HETERÓLOGA CONTRA VENENO DE BOTHROPS SP	SORO ANTIBOTRÓPICO-LAQUÉTICO	J6A1 - SORO PARA PICADA DE COBRA	Biológico	- (*) 	
IMUNOGLOBULINA HETERÓLOGA CONTRA TOXINA BOTULÍNICA TIPO B;IMUNOGLOBULINA HETERÓLOGA CONTRA TOXINA BOTULÍNICA TIPO A	SORO ANTIBOTULÍNICO AB	J6A2 - SORO ANTIBOTULÍNICO	Biológico	- (*) 	
IMUNOGLOBULINA HETERÓLOGA CONTRA TOXINA BOTULÍNICA TIPO B;IMUNOGLOBULINA HETERÓLOGA CONTRA TOXINA BOTULÍNICA TIPO A	SORO ANTIBOTULINICO E	J6A2 - SORO ANTIBOTULÍNICO	Biológico	- (*) 	
IMUNOGLOBULINA HETERÓLOGA CONTRA TOXINA DIFTÉRICA	SORO ANTIDIFTERICO	J6A5 - SORO ANTIDIFTÉRICO	Biológico	- (*) 	
IMUNOGLOBULINA HETERÓLOGA CONTRA TOXINA TETÂNICA	SORO ANTITETÂNICO	J6A4 - SORO ANTITETÂNICO	Biológico	- (*) 	
IMUNOGLOBULINA HETERÓLOGA CONTRA TOXINA TETÂNICA	SORO ANTITETÂNICO	J6A4 - SORO ANTITETÂNICO	Biológico	- (*) 	
IMUNOGLOBULINA HETERÓLOGA CONTRA VENENO DE BOTHROPS SP	SORO ANTIBOTRÓPICO	J6A1 - SORO PARA PICADA DE COBRA	Biológico	- (*) 	
IMUNOGLOBULINA HETERÓLOGA CONTRA VENENO DE BOTHROPS SP	SORO ANTIBOTRÓPICO	J6A1 - SORO PARA PICADA DE COBRA	Biológico	- (*) 	
IMUNOGLOBULINA HETERÓLOGA CONTRA VENENO DE CROTALUS SP	SORO ANTICROTÁLICO	J6A1 - SORO PARA PICADA DE COBRA	Biológico	- (*) 	
IMUNOGLOBULINA HETERÓLOGA CONTRA VENENO DE CROTALUS SP	SORO ANTICROTÁLICO	J6A1 - SORO PARA PICADA DE COBRA	Biológico	- (*) 	
IMUNOGLOBULINA HETERÓLOGA CONTRA VENENO DE CROTALUS SP;IMUNOGLOBULINA HETERÓLOGA CONTRA VENENO DE BOTHROPS SP	SORO ANTIBOTRÓPICO/CROTÁLICO	J6A1 - SORO PARA PICADA DE COBRA	Biológico	- (*) 	
IMUNOGLOBULINA HETERÓLOGA CONTRA VENENO DE CROTALUS SP;IMUNOGLOBULINA HETERÓLOGA CONTRA VENENO DE BOTHROPS SP	SORO ANTIBOTRÓPICO-CROTÁLICO	J6A1 - SORO PARA PICADA DE COBRA	Biológico	- (*) 	
IMUNOGLOBULINA HETERÓLOGA CONTRA VENENO DE LONOMIA OBLIQUA	SORO ANTILONÔMICO	J6A9 - OUTROS SOROS ANTITÓXICOS	Biológico	- (*) 	
IMUNOGLOBULINA HETERÓLOGA CONTRA VENENO DE LOXOSCELES GAUCHO;IMUNOGLOBULINA HETERÓLOGA CONTRA VENENO DE TITYUS SERRULATUS;IMUNOGLOBULINA HETERÓLOGA CONTRA VENENO DE PHONEUTRIA NIGRIVENTER	SORO ANTIARACNÍDICO (LOXOSCELES, PHONEUTRIA E TITYUS)	J6A4 - SORO ANTITETÂNICO	Biológico	- (*) 	
IMUNOGLOBULINA HETERÓLOGA CONTRA VENENO DE MICRURUS FRONTALIS	SORO ANTIELAPÍDICO	J6A1 - SORO PARA PICADA DE COBRA	Biológico	- (*) 	
IMUNOGLOBULINA HETERÓLOGA CONTRA VENENO DE MICRURUS FRONTALIS	SORO ANTIELAPÍDICO	J6A1 - SORO PARA PICADA DE COBRA	Biológico	- (*) 	
IMUNOGLOBULINA HETERÓLOGA CONTRA VENENO DE TITYUS SERRULATUS	SORO ANTIESCORPIÔNICO	J6A9 - OUTROS SOROS ANTITÓXICOS	Biológico	- (*) 	
IMUNOGLOBULINA HETERÓLOGA CONTRA VENENO DE TITYUS SERRULATUS	SORO ANTIESCORPIÔNICO	J6A9 - OUTROS SOROS ANTITÓXICOS	Biológico	- (*) 	
IMUNOGLOBULINA HUMANA	SANDOGLOBULINA	J6C - IMUNOGLOBULINAS POLIVALENTES INTRAVENOSAS	Biológico	- (*) 	
IMUNOGLOBULINA HUMANA	HIZENTRA	J6E - IMUNOGLOBULINAS POLIVALENTES INTRAMUSCULARES	Biológico	Tarja Vermelha	
IMUNOGLOBULINA HUMANA	CUVITRU	J6E - IMUNOGLOBULINAS POLIVALENTES INTRAMUSCULARES	Biológico	Tarja Vermelha	
IMUNOGLOBULINA HUMANA	PENTAGLOBIN	J6C - IMUNOGLOBULINAS POLIVALENTES INTRAVENOSAS	Novo	- (*) 	
IMUNOGLOBULINA HUMANA	IMUNOGLOBULIN	J6C - IMUNOGLOBULINAS POLIVALENTES INTRAVENOSAS	Similar	- (*) 	
IMUNOGLOBULINA HUMANA	BLAUIMUNO	J6C - IMUNOGLOBULINAS POLIVALENTES INTRAVENOSAS	Biológico	- (*) 	
IMUNOGLOBULINA HUMANA	FLEBOGAMMA	J6C - IMUNOGLOBULINAS POLIVALENTES INTRAVENOSAS	Similar	- (*) 	
IMUNOGLOBULINA HUMANA	GAMAGLOBULINA IM GRIFOLS	J6E - IMUNOGLOBULINAS POLIVALENTES INTRAMUSCULARES	Biológico	- (*) 	
IMUNOGLOBULINA HUMANA	GAMUNEX	J6C - IMUNOGLOBULINAS POLIVALENTES INTRAVENOSAS	Biológico	Tarja Vermelha	
IMUNOGLOBULINA HUMANA	INTRATECT	J6C - IMUNOGLOBULINAS POLIVALENTES INTRAVENOSAS	Biológico	- (*) 	
IMUNOGLOBULINA HUMANA	PENTAGLOBIN	J6C - IMUNOGLOBULINAS POLIVALENTES INTRAVENOSAS	Novo	- (*) 	
IMUNOGLOBULINA HUMANA	OCTAGAM	J6C - IMUNOGLOBULINAS POLIVALENTES INTRAVENOSAS	Biológico	- (*) 	
IMUNOGLOBULINA HUMANA	PANZYGA	J6C - IMUNOGLOBULINAS POLIVALENTES INTRAVENOSAS	Biológico	Tarja Vermelha	
IMUNOGLOBULINA HUMANA	IGVENA	J6C - IMUNOGLOBULINAS POLIVALENTES INTRAVENOSAS	Biológico	Tarja Vermelha	
IMUNOGLOBULINA HUMANA	BIOGAM	J6C - IMUNOGLOBULINAS POLIVALENTES INTRAVENOSAS	Biológico	Tarja Vermelha	
IMUNOGLOBULINA HUMANA	IMUNOGLOBULINA HUMANA HEMOBRÁS	J6C - IMUNOGLOBULINAS POLIVALENTES INTRAVENOSAS	Biológico	- (*) 	
IMUNOGLOBULINA HUMANA ANTI-HEPATITE B	GAMA ANTI-HEPATITE B GRIFOLS	J6H4 - IMUNOGLOBULINA HEPATITE	Similar	- (*) 	
IMUNOGLOBULINA HUMANA ANTI-HEPATITE B	HEPATECT	J6H4 - IMUNOGLOBULINA HEPATITE	Biológico	Tarja Vermelha	
INCLISIRANA SÓDICA	SYBRAVA	C10A4 - INIBIDORES DA PRÓ-PROTEINA CONVERTASE SUBTILISINA/KEXINA TIPO 9 (PCSK9)	Novo	Tarja Vermelha	
INDAPAMIDA	INDAPAMIDA	C3A3 - DIURÉTICOS TIAZIDAS E ANÁLOGOS PUROS	Genérico	Tarja Vermelha	
INDAPAMIDA	INDAPAMIDA	C3A3 - DIURÉTICOS TIAZIDAS E ANÁLOGOS PUROS	Genérico	Tarja Vermelha	
INDAPAMIDA	INDAPEN SR	C3A3 - DIURÉTICOS TIAZIDAS E ANÁLOGOS PUROS	Similar	Tarja Vermelha	
INDAPAMIDA	INDAPAMIDA	C3A3 - DIURÉTICOS TIAZIDAS E ANÁLOGOS PUROS	Genérico	Tarja Vermelha	
INDAPAMIDA	INDAPAMIDA	C3A3 - DIURÉTICOS TIAZIDAS E ANÁLOGOS PUROS	Genérico	Tarja Vermelha	
INDAPAMIDA	FLUX SR	C3A3 - DIURÉTICOS TIAZIDAS E ANÁLOGOS PUROS	Similar	Tarja Vermelha	
INDAPAMIDA	NATRILIX	C3A3 - DIURÉTICOS TIAZIDAS E ANÁLOGOS PUROS	Novo	Tarja Vermelha	
INDAPAMIDA	INDAPAMIDA	C3A3 - DIURÉTICOS TIAZIDAS E ANÁLOGOS PUROS	Genérico	Tarja Vermelha	
INDAPAMIDA	CIREFA	C3A3 - DIURÉTICOS TIAZIDAS E ANÁLOGOS PUROS	Similar	Tarja Vermelha	
INDAPAMIDA	INDAFIX	C3A3 - DIURÉTICOS TIAZIDAS E ANÁLOGOS PUROS	Similar	- (*) 	
INDAPAMIDA	INDAPAMIDA	C3A3 - DIURÉTICOS TIAZIDAS E ANÁLOGOS PUROS	Genérico	- (*) 	
INDAPAMIDA	INDATRAT SR	C3A3 - DIURÉTICOS TIAZIDAS E ANÁLOGOS PUROS	Similar	Tarja Vermelha	
INDAPAMIDA;BESILATO DE ANLODIPINO;PERINDOPRIL ARGININA	TRIPLIXAM	C9B3 - INIBIDORES DA ECA ASSOCIADOS A ANTAGONISTAS DO CÁLCIO (C8)	Novo	Tarja Vermelha	
INDAPAMIDA;PERINDOPRIL ARGININA	ACERTALIX	C9B1 - INIBIDORES DA ECA ASSOCIADOS A ANTI-HIPERTERSIVOS (C2) E/OU DIURÉTICOS (C3)	Novo	Tarja Vermelha	
INDOMETACINA	INDOCID	M1A1 - ANTIRREUMÁTICOS NÃO ESTEROIDAIS PUROS	Novo	Tarja Vermelha	
INEBILIZUMABE	UPLIZNA	N7X - TODOS OS OUTROS PRODUTOS PARA O SISTEMA NERVOSO CENTRAL	Biológico	Tarja Vermelha	
INEBILIZUMABE	UPLIZNA	N7X - TODOS OS OUTROS PRODUTOS PARA O SISTEMA NERVOSO CENTRAL	Biológico	Tarja Vermelha	
INFLIXIMABE	AVSOLA	L4B - PRODUTOS ANTI-TNF( FATOR DE NECROSE TUMORAL)	Biológico	Tarja Vermelha	
INFLIXIMABE	BIO MANGUINHOS INFLIXIMABE	L4B - PRODUTOS ANTI-TNF( FATOR DE NECROSE TUMORAL)	Biológico	- (*) 	
INFLIXIMABE	REMICADE	L4B - PRODUTOS ANTI-TNF( FATOR DE NECROSE TUMORAL)	Biológico	Tarja Vermelha	
INFLIXIMABE	XILFYA	L4B - PRODUTOS ANTI-TNF( FATOR DE NECROSE TUMORAL)	Biológico	Tarja Vermelha	
INFLIXIMABE	RENFLEXIS	L4B - PRODUTOS ANTI-TNF( FATOR DE NECROSE TUMORAL)	Biológico	Tarja Vermelha	
INFLIXIMABE	REMSIMA	L4B - PRODUTOS ANTI-TNF( FATOR DE NECROSE TUMORAL)	Biológico	- (*) 	
INIBIDOR DE C1 ESTERASE DERIVADO DE PLASMA HUMANO	BERINERT	B6D - PRODUTOS PARA ANGIODEMA HEREDITÁRIO	Biológico	Tarja Vermelha	
INIBIDOR DE C1 ESTERASE DERIVADO DE PLASMA HUMANO	CINRYZE	B6D - PRODUTOS PARA ANGIODEMA HEREDITÁRIO	Biológico	Tarja Vermelha	
INOTERSENA NONADECASSÓDICA	TEGSEDI	N7X - TODOS OS OUTROS PRODUTOS PARA O SISTEMA NERVOSO CENTRAL	Novo	Tarja Vermelha	
INOTUZUMABE OZOGAMICINA	BESPONSA	L1G9 - ANTICORPOS MONOCLONAIS ANTINEOPLÁSICOS, OUTROS	Biológico	Tarja Vermelha	
INSULINA ASPARTE	KIRSTY	A10C1 - Insulinas humanas e análogos, ação rápida	Biológico	Tarja Vermelha	
INSULINA ASPARTE	NOVORAPID	A10C1 - Insulinas humanas e análogos, ação rápida	Biológico	- (*) 	
INSULINA ASPARTE	NOVOMIX 30	A10C3 - Insulinas humanas e análogos, ação intermediária e longa, comb. com ação rápida	Novo	Tarja Vermelha	
INSULINA ASPARTE	FIASP	A10C1 - Insulinas humanas e análogos, ação rápida	Biológico	Tarja Vermelha	
INSULINA ASPARTE	KIRSTY	A10C1 - Insulinas humanas e análogos, ação rápida	Biológico	Tarja Vermelha	
INSULINA DEGLUDECA	TRESIBA	A10C5 - Insulinas humanas e análogos, ação longa	Biológico	- (*) 	
INSULINA DETEMIR	LEVEMIR	A10C5 - Insulinas humanas e análogos, ação longa	Biológico	- (*) 	
INSULINA GLARGINA	BASAGLAR	A10C5 - Insulinas humanas e análogos, ação longa	Biológico	- (*) 	
INSULINA GLARGINA	SEMGLEE	A10C5 - Insulinas humanas e análogos, ação longa	Biológico	Tarja Vermelha	
INSULINA GLARGINA	GLARGILIN	A10C5 - Insulinas humanas e análogos, ação longa	Biológico	Tarja Vermelha	
INSULINA GLARGINA	GLATUS	A10C5 - Insulinas humanas e análogos, ação longa	Biológico	Tarja Vermelha	
INSULINA GLARGINA	SEMGLEE	A10C5 - Insulinas humanas e análogos, ação longa	Biológico	Tarja Vermelha	
INSULINA GLARGINA	TOUJEO	A10C5 - Insulinas humanas e análogos, ação longa	Biológico	Tarja Vermelha	
INSULINA GLARGINA	LANTUS	A10C5 - Insulinas humanas e análogos, ação longa	Biológico	- (*) 	
INSULINA GLARGINA;LIXISENATIDA	SOLIQUA	A10C9 - OUTRAS INSULINAS HUMANAS	Biológico	Tarja Vermelha	
INSULINA GLULISINA	APIDRA	A10C1 - Insulinas humanas e análogos, ação rápida	Biológico	- (*) 	
INSULINA HUMANA	INSULIV R	A10C1 - Insulinas humanas e análogos, ação rápida	Biológico	- (*) 	
INSULINA HUMANA	FUNED INSULINA R	A10C1 - Insulinas humanas e análogos, ação rápida	Biológico	- (*) 	
INSULINA HUMANA	HUMULIN N	A10C2 - Insulinas humanas e análogos, ação intermediária	Novo	- (*) 	
INSULINA HUMANA	HUMULIN R	A10C1 - Insulinas humanas e análogos, ação rápida	Biológico	- (*) 	
INSULINA HUMANA	INSUNORM R	A10C1 - Insulinas humanas e análogos, ação rápida	Biológico	- (*) 	
INSULINA HUMANA	INSUNORM N	A10C2 - Insulinas humanas e análogos, ação intermediária	Biológico	- (*) 	
INSULINA HUMANA	NOVOLIN R	A10C1 - Insulinas humanas e análogos, ação rápida	Biológico	- (*) 	
INSULINA HUMANA	NOVOLIN N	A10C2 - Insulinas humanas e análogos, ação intermediária	Novo	- (*) 	
INSULINA HUMANA	AFREZZA	A10C1 - Insulinas humanas e análogos, ação rápida	Biológico	Tarja Vermelha	
INSULINA HUMANA	WOSULIN R	A10C1 - Insulinas humanas e análogos, ação rápida	Biológico	- (*) 	
INSULINA HUMANA	BAHIAFARMA INSULINA HUMANA NPH	A10C2 - Insulinas humanas e análogos, ação intermediária	    -     	Tarja Vermelha	
INSULINA HUMANA	BAHIAFARMA INSULINA HUMANA R	A10C1 - Insulinas humanas e análogos, ação rápida	    -     	- (*) 	
INSULINA ISOFANA	VISULIN N	A10C2 - Insulinas humanas e análogos, ação intermediária	Biológico	- (*) 	
INSULINA ISOFANA	FUNED INSULINA N	A10C2 - Insulinas humanas e análogos, ação intermediária	Biológico	- (*) 	
INSULINA ISOFANA	WOSULIN N	A10C2 - Insulinas humanas e análogos, ação intermediária	Biológico	- (*) 	
INSULINA LISPRO	HUMALOG	A10C1 - Insulinas humanas e análogos, ação rápida	Biológico	- (*) 	
INSULINA LISPRO	HUMALOG MIX	A10C3 - Insulinas humanas e análogos, ação intermediária e longa, comb. com ação rápida	Biológico	- (*) 	
IOBITRIDOL	HENETIX	T1A - AGENTE DIAGNÓSTICO POR IMAGEM, BAIXA OSMOLARIDADE PARA ANGIO-UROGRAFIA	Similar	Tarja Vermelha	
IODETO DE POTÁSSIO	LAQFA - IODETO DE POTÁSSIO	V3X - TODOS OS OUTROS PRODUTOS TERAPÊUTICOS	Específico	- (*) 	
IODETO DE POTÁSSIO;BENZOATO DE SÓDIO;CLORIDRATO DE OXOMEMAZINA;GUAIFENESINA	SECRELISE	R5C - EXPECTORANTES	Similar	Tarja Sem Tarja	
IODETO DE POTÁSSIO;BENZOATO DE SÓDIO;CLORIDRATO DE OXOMEMAZINA;GUAIFENESINA	CLORIDRATO DE OXOMEMAZINA + IODETO DE POTÁSSIO + BENZOATO DE SÓDIO + GUAIFENESINA	R5C - EXPECTORANTES	Genérico	Tarja Sem Tarja	
IODETO DE POTÁSSIO;BENZOATO DE SÓDIO;CLORIDRATO DE OXOMEMAZINA;GUAIFENESINA	MULTITOSSE	R5C - EXPECTORANTES	Similar	Tarja Sem Tarja	
IODETO DE POTÁSSIO;BENZOATO DE SÓDIO;CLORIDRATO DE OXOMEMAZINA;GUAIFENESINA	TOSSEXPEC	R5C - EXPECTORANTES	Similar	Tarja Sem Tarja	
IODETO DE POTÁSSIO;BENZOATO DE SÓDIO;CLORIDRATO DE OXOMEMAZINA;GUAIFENESINA	EXPEC	R5C - EXPECTORANTES	Novo	Tarja Sem Tarja	
IODETO DE POTÁSSIO;BENZOATO DE SÓDIO;CLORIDRATO DE OXOMEMAZINA;GUAIFENESINA	BENEXPEC	R5C - EXPECTORANTES	Similar	Tarja Sem Tarja	
IODETO DE POTÁSSIO;NICOTINAMIDA;SULFATO DE MANGANÊS;PALMITATO DE RETINOL;PANAX GINSENG C. A. MEY.;SULFATO FERROSO;RIBOFLAVINA;CLORIDRATO DE PIRIDOXINA;ÁCIDO ASCÓRBICO;CIANOCOBALAMINA;FLUORETO DE SÓDIO;SULFATO DE POTÁSSIO;RUTOSÍDEO;D-PANTENOL;FOSFATO DE CÁLCIO DIBÁSICO;NITRATO DE TIAMINA;ACETATO DE RACEALFATOCOFEROL;SULFATO DE MAGNÉSIO;BIOTINA;COLECALCIFEROL	GEROVITAL	A11A4 - OUTROS POLIVITAMÍNICOS COM MINERAIS	Específico	- (*) 	
IODIXANOL	VISIPAQUE	T1A - AGENTE DIAGNÓSTICO POR IMAGEM, BAIXA OSMOLARIDADE PARA ANGIO-UROGRAFIA	Novo	Tarja Vermelha	
IODO POVIDONA PVPI	SABOFEN	D8A1 - ANTISSEPTICOS E DESINFETANTES, EXCETO PRODUTOS PARA AS MAOS	Específico	Tarja Sem Tarja	
IOEXOL	OMNIPAQUE	T1A - AGENTE DIAGNÓSTICO POR IMAGEM, BAIXA OSMOLARIDADE PARA ANGIO-UROGRAFIA	Novo	Tarja Vermelha	
IOMEPROL	IOMERON	T1X - OUTROS PRODUTOS PARA DIAGNÓSTICO POR IMAGEM	Novo	Tarja Vermelha	
ION CITRATO	STOMALIV	A2A1 - ANTIÁCIDOS PUROS	Específico	- (*) 	
ION CITRATO;BICARBONATO DE SÓDIO;CARBONATO DE SÓDIO	FRUTAXX	A2A1 - ANTIÁCIDOS PUROS	Específico	Tarja Sem Tarja	
ION CITRATO;BICARBONATO DE SÓDIO;CARBONATO DE SÓDIO	FRUSALT	A2A1 - ANTIÁCIDOS PUROS	Específico	Tarja Sem Tarja	
ION CITRATO;BICARBONATO DE SÓDIO;CARBONATO DE SÓDIO;ÁCIDO ACETILSALICÍLICO	SONRISAL	N2B2 - ANALGÉSICOS NÃO NARCÓTICOS E ANTIPIRÉTICOS ISENTOS DE PRESCRIÇÃO	Similar	Tarja Sem Tarja	
IOPAMIDOL	IOPAMIRON	T1A - AGENTE DIAGNÓSTICO POR IMAGEM, BAIXA OSMOLARIDADE PARA ANGIO-UROGRAFIA	Novo	Tarja Vermelha	
IOPROMIDA	ULTRAVIST	T1A - AGENTE DIAGNÓSTICO POR IMAGEM, BAIXA OSMOLARIDADE PARA ANGIO-UROGRAFIA	Novo	Tarja Vermelha	
IOVERSOL	OPTIRAY	T1B - AGENTE DIAGNÓSTICO POR IMAGEM, IÔNICOS PARA ANGIO-UROGRAFIA	Novo	Tarja Vermelha	
IPILIMUMABE	YERVOY	L1G9 - ANTICORPOS MONOCLONAIS ANTINEOPLÁSICOS, OUTROS	Biológico	- (*) 	
IRBESARTANA	APROVEL	C9C - ANTAGONISTAS DA ANGIOTENSINA II PUROS	Novo	Tarja Vermelha	
ISATUXIMABE	SARCLISA	L1G9 - ANTICORPOS MONOCLONAIS ANTINEOPLÁSICOS, OUTROS	Biológico	- (*) 	
ISOCONAZOL	ICADEN	D1A1 - ANTIFÚNGICOS DERMATOLÓGICOS TÓPICOS	Novo	Tarja Sem Tarja	
ISOFLURANO	ISOFLURANO	N1A1 - ANESTÉSICOS GERAIS INALANTES	Genérico	- (*) 	
ISOFLURANO	ISOFORINE	N1A1 - ANESTÉSICOS GERAIS INALANTES	Similar	Tarja Vermelha sob restrição	
ISONIAZIDA	FURP-ISONIAZIDA	J4A1 - ANTITUBERCULOSOS PUROS	Similar	- (*) 	
ISONIAZIDA	FARMANGUINHOS - ISONIAZIDA	J4A1 - ANTITUBERCULOSOS PUROS	Similar	- (*) 	
ISOTRETINOÍNA	ISOTRETINOÍNA	D10B - ANTIACNEICOS SISTÊMICOS	Genérico	Tarja Vermelha sob restrição	
ISOTRETINOÍNA	AMALFI	D10B - ANTIACNEICOS SISTÊMICOS	Similar	Tarja Vermelha sob restrição	
ISOTRETINOÍNA	ISOTRETINOÍNA	D10B - ANTIACNEICOS SISTÊMICOS	Genérico	Tarja Vermelha sob restrição	
ISOTRETINOÍNA	ROACUTAN	D10B - ANTIACNEICOS SISTÊMICOS	Novo	Tarja Vermelha sob restrição	
ISOTRETINOÍNA	ISON	D10B - ANTIACNEICOS SISTÊMICOS	Similar	Tarja Vermelha sob restrição	
ISOTRETINOÍNA	ISOTRETINOÍNA	D10B - ANTIACNEICOS SISTÊMICOS	Genérico	Tarja Vermelha sob restrição	
ISOTRETINOÍNA	ACNOVA	D10B - ANTIACNEICOS SISTÊMICOS	Similar	Tarja Vermelha sob restrição	
ISOTRETINOÍNA	ISOTRETINOÍNA	D10B - ANTIACNEICOS SISTÊMICOS	Genérico	Tarja Vermelha sob restrição	
ISOTRETINOÍNA	ISOTRETINOÍNA	D10B - ANTIACNEICOS SISTÊMICOS	Genérico	Tarja Vermelha	
ISOTRETINOÍNA	ISOTRETINOÍNA	D10B - ANTIACNEICOS SISTÊMICOS	Genérico	Tarja Vermelha sob restrição	
ISOTRETINOÍNA	ISOTRETINOÍNA	D10B - ANTIACNEICOS SISTÊMICOS	Genérico	Tarja Vermelha sob restrição	
ISOTRETINOÍNA	ISOAC	D10B - ANTIACNEICOS SISTÊMICOS	Similar	Tarja Vermelha sob restrição	
ITRACONAZOL	ITRACONAZOL	J2A - AGENTES SISTÊMICOS PARA INFECÇÕES FÚNGICAS	Genérico	Tarja Vermelha	
ITRACONAZOL	ITRALEX	J2A - AGENTES SISTÊMICOS PARA INFECÇÕES FÚNGICAS	Similar	Tarja Vermelha	
ITRACONAZOL	ITRACONAZOL	J2A - AGENTES SISTÊMICOS PARA INFECÇÕES FÚNGICAS	Genérico	Tarja Vermelha	
ITRACONAZOL	ITRACONAZOL	J2A - AGENTES SISTÊMICOS PARA INFECÇÕES FÚNGICAS	Genérico	Tarja Vermelha	
ITRACONAZOL	SPORANOX	J2A - AGENTES SISTÊMICOS PARA INFECÇÕES FÚNGICAS	Novo	Tarja Vermelha	
ITRACONAZOL	FUNOK	J2A - AGENTES SISTÊMICOS PARA INFECÇÕES FÚNGICAS	Similar	Tarja Vermelha	
ITRACONAZOL	ITRASPOR	J2A - AGENTES SISTÊMICOS PARA INFECÇÕES FÚNGICAS	Similar	Tarja Vermelha	
ITRACONAZOL	TRAXONOL	J2A - AGENTES SISTÊMICOS PARA INFECÇÕES FÚNGICAS	Similar	Tarja Vermelha	
ITRACONAZOL	ITRACONAZOL	J2A - AGENTES SISTÊMICOS PARA INFECÇÕES FÚNGICAS	Genérico	Tarja Vermelha	
ITRACONAZOL	ITRACONAZOL	J2A - AGENTES SISTÊMICOS PARA INFECÇÕES FÚNGICAS	Genérico	Tarja Vermelha	
IVACAFTOR	KALYDECO	R7B1 - MODULADORES DO REGULADOR TRANSMEMBRANA DA FIBROSE CÍSTICA (CFTR)	Novo	Tarja Vermelha	
IVACAFTOR;TEZACAFTOR	SYMDEKO	R7B1 - MODULADORES DO REGULADOR TRANSMEMBRANA DA FIBROSE CÍSTICA (CFTR)	Novo	Tarja Vermelha	
IVACAFTOR;TEZACAFTOR;ELEXACAFTOR	TRIKAFTA	R7B1 - MODULADORES DO REGULADOR TRANSMEMBRANA DA FIBROSE CÍSTICA (CFTR)	Novo	Tarja Vermelha	
IVERMECTINA	LEVERCTIN	P1B - ANTI-HELMÍNTICOS EXCETO ESQUISTOSSOMICIDAS (P1C)	Similar	- (*) 	
IVERMECTINA	IVERMECTINA	P1B - ANTI-HELMÍNTICOS EXCETO ESQUISTOSSOMICIDAS (P1C)	Genérico	Tarja Vermelha	
IVERMECTINA	IVECTE	P1B - ANTI-HELMÍNTICOS EXCETO ESQUISTOSSOMICIDAS (P1C)	Similar	Tarja Vermelha	
IVERMECTINA	IVERMECTINA	P1B - ANTI-HELMÍNTICOS EXCETO ESQUISTOSSOMICIDAS (P1C)	Genérico	Tarja Vermelha	
IVERMECTINA	REVECTINA	P1B - ANTI-HELMÍNTICOS EXCETO ESQUISTOSSOMICIDAS (P1C)	Novo	- (*) 	
IVERMECTINA	IVERMECTINA	P1B - ANTI-HELMÍNTICOS EXCETO ESQUISTOSSOMICIDAS (P1C)	Genérico	- (*) 	
IVERMECTINA	IVERMECTINA	P1B - ANTI-HELMÍNTICOS EXCETO ESQUISTOSSOMICIDAS (P1C)	Genérico	Tarja Vermelha	
IVERMECTINA	SOOLANTRA	D10A - ANTIACNEICOS TÓPICOS	Novo	Tarja Vermelha	
IVERMECTINA	IVERNEO	P1B - ANTI-HELMÍNTICOS EXCETO ESQUISTOSSOMICIDAS (P1C)	Similar	Tarja Vermelha	
IVERMECTINA	IVERMECTINA	P1B - ANTI-HELMÍNTICOS EXCETO ESQUISTOSSOMICIDAS (P1C)	Genérico	Tarja Vermelha sob restrição	
IVERMECTINA	IVERMECTINA	P1B - ANTI-HELMÍNTICOS EXCETO ESQUISTOSSOMICIDAS (P1C)	Genérico	Tarja Vermelha	
IVERMECTINA	IVERLIV	P1B - ANTI-HELMÍNTICOS EXCETO ESQUISTOSSOMICIDAS (P1C)	Similar	- (*) 	
IVOSIDENIBE	TIBSOVO	L1X9 - TODOS OS OUTROS ANTINEOPLÁSICOS	Novo	Tarja Vermelha	
IXEQUIZUMABE	TALTZ	L4C - INIBIDORES DA INTERLEUCINA	Biológico	Tarja Vermelha	
LACIDIPINO	LACIPIL	C8A - ANTAGONISTAS DO CÁLCIO PUROS	Novo	- (*) 	
LACOSAMIDA	LAKOS	N3A - ANTIEPILÉPTICOS	Similar	Tarja Vermelha sob restrição	
LACOSAMIDA	LACOSAMIDA	N3A - ANTIEPILÉPTICOS	Genérico	Tarja Vermelha	
LACOSAMIDA	LACOSAMIDA	N3A - ANTIEPILÉPTICOS	Genérico	Tarja Vermelha sob restrição	
LACOSAMIDA	SEIZLA	N3A - ANTIEPILÉPTICOS	Similar	Tarja Vermelha sob restrição	
LACOSAMIDA	LACOSAMIDA	N3A - ANTIEPILÉPTICOS	Genérico	Tarja Vermelha sob restrição	
LACOSAMIDA	LACOSAMIDA	N3A - ANTIEPILÉPTICOS	Genérico	Tarja Vermelha sob restrição	
LACOSAMIDA	OSAMY	N3A - ANTIEPILÉPTICOS	Similar	Tarja Vermelha sob restrição	
LACOSAMIDA	LACOSAMIDA	N3A - ANTIEPILÉPTICOS	Genérico	Tarja Vermelha sob restrição	
LACOSAMIDA	LACOTEM	N3A - ANTIEPILÉPTICOS	Similar	Tarja Vermelha sob restrição	
LACOSAMIDA	VIMPAT	N3A - ANTIEPILÉPTICOS	Novo	Tarja Vermelha sob restrição	
LACOSAMIDA	LACOSAMIDA	N3A - ANTIEPILÉPTICOS	Genérico	Tarja Vermelha sob restrição	
LACOSAMIDA	LAPSU	N3A - ANTIEPILÉPTICOS	Similar	Tarja Vermelha sob restrição	
LACOSAMIDA	LACOSAMIDA	N3A - ANTIEPILÉPTICOS	Genérico	Tarja Vermelha sob restrição	
LACTATO DE MILRINONA	PRIMACOR	C1F - INOTRÓPICOS POSITIVOS	Novo	Tarja Vermelha	
LACTULOSE	LACTOSAN	A6A6 - LAXANTES OSMÓTICOS	Específico	Tarja Sem Tarja	
LACTULOSE	LACTULONA	A6A6 - LAXANTES OSMÓTICOS	Específico	Tarja Sem Tarja	
LACTULOSE	DUPHALAC	A6A6 - LAXANTES OSMÓTICOS	Específico	Tarja Sem Tarja	
LACTULOSE	PENTALAC	A6A6 - LAXANTES OSMÓTICOS	Específico	- (*) 	
LACTULOSE	LAQUIXAN	A6A6 - LAXANTES OSMÓTICOS	Específico	Tarja Sem Tarja	
LAMIVUDINA	EPIVIR	J5C1 - ANTIVIRAIS ANTI-HIV INIBIDORES DA TRANSCRIPTASE REVERSA NUCLEOSÍDEOS E NUCLEOTÍDEOS	Novo	Tarja Vermelha sob restrição	
LAMIVUDINA	LAMI	J5C1 - ANTIVIRAIS ANTI-HIV INIBIDORES DA TRANSCRIPTASE REVERSA NUCLEOSÍDEOS E NUCLEOTÍDEOS	Similar	- (*) 	
LAMIVUDINA	FURP-LAMIVUDINA	J5C1 - ANTIVIRAIS ANTI-HIV INIBIDORES DA TRANSCRIPTASE REVERSA NUCLEOSÍDEOS E NUCLEOTÍDEOS	Similar	Tarja Vermelha	
LAMIVUDINA	FARMANGUINHOS -LAMIVUDINA	J5C1 - ANTIVIRAIS ANTI-HIV INIBIDORES DA TRANSCRIPTASE REVERSA NUCLEOSÍDEOS E NUCLEOTÍDEOS	Similar	- (*) 	
LAMIVUDINA;DOLUTEGRAVIR	DOVATO	J5C8 - ANTIVIRAIS HIV, PRODUTOS DE COMBINAÇÃO MULTICLASSES	Novo	Tarja Vermelha	
LAMOTRIGINA	LAMOTRIGINA	N3A - ANTIEPILÉPTICOS	Genérico	Tarja Vermelha sob restrição	
LAMOTRIGINA	LAMOTRIGINA	N3A - ANTIEPILÉPTICOS	Genérico	Tarja Vermelha sob restrição	
LAMOTRIGINA	LAMICTAL	N3A - ANTIEPILÉPTICOS	Novo	Tarja Vermelha sob restrição	
LAMOTRIGINA	NEURAL	N3A - ANTIEPILÉPTICOS	Similar	Tarja Vermelha sob restrição	
LAMOTRIGINA	LAMOTRIGINA	N3A - ANTIEPILÉPTICOS	Genérico	- (*) 	
LAMOTRIGINA	LAMOTRIGINA	N3A - ANTIEPILÉPTICOS	Genérico	Tarja Vermelha sob restrição	
LAMOTRIGINA	LAMOTRIGINA	N3A - ANTIEPILÉPTICOS	Genérico	Tarja Vermelha sob restrição	
LAMOTRIGINA	LAMITOR CD	N3A - ANTIEPILÉPTICOS	Similar	Tarja Vermelha	
LAMOTRIGINA	LAMOTRIGINA	N3A - ANTIEPILÉPTICOS	Genérico	Tarja Vermelha sob restrição	
LAMOTRIGINA	FORLUT	N3A - ANTIEPILÉPTICOS	Similar	Tarja Vermelha sob restrição	
LAMOTRIGINA	LAMOTRIGINA	N3A - ANTIEPILÉPTICOS	Genérico	Tarja Vermelha sob restrição	
LAMOTRIGINA	LAMOTRIGINA	N3A - ANTIEPILÉPTICOS	Genérico	Tarja Vermelha sob restrição	
LAMOTRIGINA	LAMOTRIGINA	N3A - ANTIEPILÉPTICOS	Genérico	Tarja Vermelha sob restrição	
LAMOTRIGINA	LAMOTRIGINA	N3A - ANTIEPILÉPTICOS	Genérico	Tarja Vermelha sob restrição	
LAMOTRIGINA	LAMOTRIGINA	N3A - ANTIEPILÉPTICOS	Genérico	Tarja Vermelha sob restrição	
LAMOTRIGINA	LAMOTRIGINA	N3A - ANTIEPILÉPTICOS	Genérico	Tarja Vermelha sob restrição	
LAMOTRIGINA	LAMOTRIGINA	N3A - ANTIEPILÉPTICOS	Genérico	Tarja Vermelha sob restrição	
LAMOTRIGINA	LAMOTRIGINA	N3A - ANTIEPILÉPTICOS	Genérico	- (*) 	
LANADELUMABE	TAKHZYRO	B6D - PRODUTOS PARA ANGIODEMA HEREDITÁRIO	Biológico	- (*) 	
LANSOPRAZOL	LANSOPRAZOL	A2B2 - INIBIDORES DA BOMBA DE PRÓTONS	Genérico	Tarja Vermelha	
LANSOPRAZOL	LANSOPRAZOL	A2B2 - INIBIDORES DA BOMBA DE PRÓTONS	Genérico	- (*) 	
LANSOPRAZOL	LANSOPRAZOL	A2B2 - INIBIDORES DA BOMBA DE PRÓTONS	Genérico	- (*) 	
LANSOPRAZOL	LANSOPRAZOL	A2B2 - INIBIDORES DA BOMBA DE PRÓTONS	Genérico	- (*) 	
LANSOPRAZOL	LANZ	A2B2 - INIBIDORES DA BOMBA DE PRÓTONS	Similar	Tarja Vermelha	
LANSOPRAZOL	LANZOPEPT	A2B2 - INIBIDORES DA BOMBA DE PRÓTONS	Similar	- (*) 	
LANSOPRAZOL	LANSOPRAZOL	A2B2 - INIBIDORES DA BOMBA DE PRÓTONS	Genérico	- (*) 	
LANSOPRAZOL	PRAZOL	A2B2 - INIBIDORES DA BOMBA DE PRÓTONS	Similar	Tarja Vermelha	
LANSOPRAZOL	LANSOPRAZOL	A2B2 - INIBIDORES DA BOMBA DE PRÓTONS	Genérico	- (*) 	
LANSOPRAZOL;AMOXICILINA TRI-HIDRATADA;CLARITROMICINA	PYLORITRAT	A2B2 - INIBIDORES DA BOMBA DE PRÓTONS	Similar	- (*) 	
LANSOPRAZOL;AMOXICILINA TRI-HIDRATADA;CLARITROMICINA	PYLORIPAC	A2B2 - INIBIDORES DA BOMBA DE PRÓTONS	Novo	Tarja Vermelha sob restrição	
LANSOPRAZOL;AMOXICILINA TRI-HIDRATADA;CLARITROMICINA	H.BACTER	A2B2 - INIBIDORES DA BOMBA DE PRÓTONS	Similar	Tarja Vermelha sob restrição	
LANSOPRAZOL;AMOXICILINA TRI-HIDRATADA;CLARITROMICINA	LANSOPRAZOL +CLARITROMICINA +AMOXICILINA	A2B2 - INIBIDORES DA BOMBA DE PRÓTONS	Genérico	Tarja Vermelha sob restrição	
LANSOPRAZOL;AMOXICILINA TRI-HIDRATADA;CLARITROMICINA	PYLORIPAC	A2B2 - INIBIDORES DA BOMBA DE PRÓTONS	Novo	Tarja Vermelha sob restrição	
LARONIDASE	ALDURAZYME	A16A - OUTROS PRODUTOS PARA O APARELHO DIGESTÓRIO E METABOLISMO	Biológico	- (*) 	
LATANOPROSTA	XALATAN	S1E2 - PREPARAÇÕES ANTIGLAUCOMAS E MIÓTICAS TÓPICAS	Novo	Tarja Vermelha	
LATANOPROSTA	LATANOPROSTA	S1E2 - PREPARAÇÕES ANTIGLAUCOMAS E MIÓTICAS TÓPICAS	Genérico	Tarja Vermelha	
LATANOPROSTA	VOLATA	S1E2 - PREPARAÇÕES ANTIGLAUCOMAS E MIÓTICAS TÓPICAS	Novo	Tarja Vermelha	
LATANOPROSTA	MONOLATAN	S1E2 - PREPARAÇÕES ANTIGLAUCOMAS E MIÓTICAS TÓPICAS	Novo	Tarja Vermelha	
LATANOPROSTA	DRENATAN	S1E2 - PREPARAÇÕES ANTIGLAUCOMAS E MIÓTICAS TÓPICAS	Similar	Tarja Vermelha	
LATANOPROSTA	ARULATAN	S1E2 - PREPARAÇÕES ANTIGLAUCOMAS E MIÓTICAS TÓPICAS	Similar	Tarja Vermelha sob restrição	
LATANOPROSTA	LATANOPROSTA	S1E2 - PREPARAÇÕES ANTIGLAUCOMAS E MIÓTICAS TÓPICAS	Genérico	- (*) 	
LATANOPROSTA	XALOFTAL	S1E2 - PREPARAÇÕES ANTIGLAUCOMAS E MIÓTICAS TÓPICAS	Similar	Tarja Vermelha	
LATANOPROSTA	XALATAN	S1E2 - PREPARAÇÕES ANTIGLAUCOMAS E MIÓTICAS TÓPICAS	Novo	Tarja Vermelha	
LATANOPROSTENO BUNODE	VYZULTA	S1E2 - PREPARAÇÕES ANTIGLAUCOMAS E MIÓTICAS TÓPICAS	Novo	Tarja Vermelha	
LAURILSULFATO DE SÓDIO;SORBITOL	ENEMIN	A6A4 - LAXANTES ENEMAS	Específico	Tarja Sem Tarja	
LEBRIQUIZUMABE	EBGLYSS	D5X - OUTROS PRODUTOS ANTI-INFLAMATÓRIOS NÃO ESTEROIDAIS DERMATOLÓGICOS	Biológico	Tarja Vermelha	
LECANEMABE	LEQEMBI	N7D9 - TODOS OS OUTROS PRODUTOS ANTIALZHEIMER	Biológico	Tarja Vermelha	
LEDIPASVIR;SOFOSBUVIR	HARVONI	J5D3 - ANTIVIRAIS PARA HEPATITE C	Novo	Tarja Vermelha	
LEFLUNOMIDA	LEFLUNOMIDA	L4X - OUTROS IMUNOSSUPRESSORES	Genérico	- (*) 	
LEFLUNOMIDA	LEFLUNOMIDA	L4X - OUTROS IMUNOSSUPRESSORES	Genérico	- (*) 	
LEFLUNOMIDA	LEFLUN	L4X - OUTROS IMUNOSSUPRESSORES	Similar	Tarja Vermelha sob restrição	
LEFLUNOMIDA	REUMIAN	L4X - OUTROS IMUNOSSUPRESSORES	Similar	- (*) 	
LEFLUNOMIDA	LFM-LEFLUNOMIDA	L4X - OUTROS IMUNOSSUPRESSORES	Similar	- (*) 	
LEFLUNOMIDA	LEFLUNOMIDA	L4X - OUTROS IMUNOSSUPRESSORES	Genérico	- (*) 	
LEFLUNOMIDA	ARAVA	L4X - OUTROS IMUNOSSUPRESSORES	Novo	Tarja Vermelha sob restrição	
LEMBOREXANTE	DAYVIGO	N5B1 - HIPNÓTICOS E SEDATIVOS NÃO BARBITÚRICOS PUROS	Novo	Tarja Vermelha sob restrição	
LENALIDOMIDA	NUVYOR	L1K - ANTINEOPLÁSICOS LIDOMIDA	Similar	Tarja Vermelha sob restrição	
LENALIDOMIDA	REVLIMID	L1K - ANTINEOPLÁSICOS LIDOMIDA	Novo	Tarja Vermelha sob restrição	
LENALIDOMIDA	LASSYA	L1K - ANTINEOPLÁSICOS LIDOMIDA	Similar	Tarja Vermelha sob restrição	
LENALIDOMIDA	LENALIDOMIDA	L1K - ANTINEOPLÁSICOS LIDOMIDA	Genérico	Tarja Vermelha sob restrição	
LENALIDOMIDA	LENANGIO	L1K - ANTINEOPLÁSICOS LIDOMIDA	Similar	Tarja Vermelha sob restrição	
LENALIDOMIDA	LENALIDOMIDA	L1K - ANTINEOPLÁSICOS LIDOMIDA	Genérico	Tarja Vermelha sob restrição	
LETERMOVIR	PRIVYMTRA	J5B3 - ANTIVIRAIS PARA HERPES	Novo	Tarja Vermelha	
LETROZOL	LETROZOL	L2B3 - CITOSTÁTICOS INIBIDORES DA AROMATASE	Genérico	Tarja Vermelha	
LETROZOL	FEMARA	L2B3 - CITOSTÁTICOS INIBIDORES DA AROMATASE	Novo	Tarja Vermelha	
LETROZOL	LEFÉMI	L2B3 - CITOSTÁTICOS INIBIDORES DA AROMATASE	Similar	Tarja Vermelha	
LETROZOL	SABINE	L2B3 - CITOSTÁTICOS INIBIDORES DA AROMATASE	Similar	Tarja Vermelha	
LETROZOL	LETROZOL	L2B3 - CITOSTÁTICOS INIBIDORES DA AROMATASE	Genérico	Tarja Vermelha	
LETROZOL	BREELET	L2B3 - CITOSTÁTICOS INIBIDORES DA AROMATASE	Similar	Tarja Vermelha	
LETROZOL	LETROZOL	L2B3 - CITOSTÁTICOS INIBIDORES DA AROMATASE	Genérico	Tarja Vermelha	
LETROZOL	LETROZOL	L2B3 - CITOSTÁTICOS INIBIDORES DA AROMATASE	Genérico	Tarja Vermelha	
LETROZOL	LETHOZY	L2B3 - CITOSTÁTICOS INIBIDORES DA AROMATASE	Similar	Tarja Vermelha	
LETROZOL	LETROZOL	L2B3 - CITOSTÁTICOS INIBIDORES DA AROMATASE	Genérico	- (*) 	
LETROZOL	LETROZOL	L2B3 - CITOSTÁTICOS INIBIDORES DA AROMATASE	Genérico	- (*) 	
LETROZOL	LETROZOL	L2B3 - CITOSTÁTICOS INIBIDORES DA AROMATASE	Genérico	Tarja Vermelha	
LETROZOL	LETROZOL	L2B3 - CITOSTÁTICOS INIBIDORES DA AROMATASE	Genérico	Tarja Vermelha	
LETROZOL	MAHILA	L2B3 - CITOSTÁTICOS INIBIDORES DA AROMATASE	Similar	Tarja Vermelha	
LETROZOL	IVEVI	L2B3 - CITOSTÁTICOS INIBIDORES DA AROMATASE	Similar	Tarja Vermelha	
LETROZOL	LETROZOL	L2B3 - CITOSTÁTICOS INIBIDORES DA AROMATASE	Genérico	Tarja Vermelha	
LEVEDURA	REPOFLOR	A7F - ANTIDIARREICOS MICRO-ORGANISMOS	Biológico	Tarja Sem Tarja	
LEVEDURA	FLORENT	A7F - ANTIDIARREICOS MICRO-ORGANISMOS	Biológico	- (*) 	
LEVEDURA	FLOMICIN	A7F - ANTIDIARREICOS MICRO-ORGANISMOS	Biológico	- (*) 	
LEVETIRACETAM	LEVETIRACETAM	N3A - ANTIEPILÉPTICOS	Genérico	Tarja Vermelha sob restrição	
LEVETIRACETAM	ANTARA	N3A - ANTIEPILÉPTICOS	Similar	Tarja Vermelha sob restrição	
LEVETIRACETAM	SPARK	N3A - ANTIEPILÉPTICOS	Similar	Tarja Vermelha sob restrição	
LEVETIRACETAM	ANTARA IV	N3A - ANTIEPILÉPTICOS	Novo	Tarja Vermelha sob restrição	
LEVETIRACETAM	SPARK XR	N3A - ANTIEPILÉPTICOS	Similar	Tarja Vermelha sob restrição	
LEVETIRACETAM	ANTARA XR	N3A - ANTIEPILÉPTICOS	Similar	Tarja Vermelha sob restrição	
LEVETIRACETAM	LEVETIRACETAM	N3A - ANTIEPILÉPTICOS	Genérico	Tarja Vermelha sob restrição	
LEVETIRACETAM	LEVETIRACETAM	N3A - ANTIEPILÉPTICOS	Genérico	Tarja Vermelha sob restrição	
LEVETIRACETAM	LECZA XR	N3A - ANTIEPILÉPTICOS	Similar	Tarja Vermelha sob restrição	
LEVETIRACETAM	LEVETIRACETAM	N3A - ANTIEPILÉPTICOS	Genérico	Tarja Vermelha sob restrição	
LEVETIRACETAM	LEVETIRACETAM	N3A - ANTIEPILÉPTICOS	Genérico	Tarja Vermelha sob restrição	
LEVETIRACETAM	TAM	N3A - ANTIEPILÉPTICOS	Similar	Tarja Vermelha sob restrição	
LEVETIRACETAM	TAM XR	N3A - ANTIEPILÉPTICOS	Similar	Tarja Vermelha sob restrição	
LEVETIRACETAM	LEVETIRACETAM	N3A - ANTIEPILÉPTICOS	Genérico	Tarja Vermelha sob restrição	
LEVETIRACETAM	VEEPI	N3A - ANTIEPILÉPTICOS	Similar	Tarja Vermelha sob restrição	
LEVETIRACETAM	FRONTLEV	N3A - ANTIEPILÉPTICOS	Similar	Tarja Vermelha sob restrição	
LEVETIRACETAM	ETIRA INJETÁVEL	N3A - ANTIEPILÉPTICOS	Novo	Tarja Vermelha sob restrição	
LEVETIRACETAM	LEVETIRACETAM	N3A - ANTIEPILÉPTICOS	Genérico	Tarja Vermelha sob restrição	
LEVETIRACETAM	ETIRA XR	N3A - ANTIEPILÉPTICOS	Novo	Tarja Vermelha sob restrição	
LEVETIRACETAM	ETIRA	N3A - ANTIEPILÉPTICOS	Novo	Tarja Vermelha sob restrição	
LEVETIRACETAM	LEVETIRACETAM	N3A - ANTIEPILÉPTICOS	Genérico	Tarja Vermelha sob restrição	
LEVETIRACETAM	LEVETIRACETAM	N3A - ANTIEPILÉPTICOS	Genérico	Tarja Vermelha sob restrição	
LEVETIRACETAM	ILUDRAL	N3A - ANTIEPILÉPTICOS	Similar	Tarja Vermelha sob restrição	
LEVETIRACETAM	KEPPRA	N3A - ANTIEPILÉPTICOS	Novo	Tarja Vermelha sob restrição	
LEVETIRACETAM	KEPPRA XR	N3A - ANTIEPILÉPTICOS	Novo	Tarja Vermelha sob restrição	
LEVETIRACETAM	LEVETIRACETAM	N3A - ANTIEPILÉPTICOS	Genérico	Tarja Vermelha sob restrição	
LEVETIRACETAM	LEVETIRACETAM	N3A - ANTIEPILÉPTICOS	Genérico	Tarja Vermelha sob restrição	
LEVETIRACETAM	LEVETIRACETAM	N3A - ANTIEPILÉPTICOS	Genérico	Tarja Vermelha sob restrição	
LEVETIRACETAM	LEVETIRACETAM	N3A - ANTIEPILÉPTICOS	Genérico	Tarja Vermelha sob restrição	
LEVETIRACETAM	LEVETIRACETAM	N3A - ANTIEPILÉPTICOS	Genérico	Tarja Vermelha sob restrição	
LEVISTICUM OFFICINALE W.D.J.KOCH;ROSMARINUS OFFICINALIS L.;CENTAURIUM ERYTHRAEA RAFN	CANEPHRON	G4X - TODOS OS OUTROS PRODUTOS UROLÓGICOS	Fitoterápico	Tarja Vermelha	
LEVODROPROPIZINA	PERCOF	R5D1 - ANTITUSSÍGENOS PUROS	Similar	- (*) 	
LEVODROPROPIZINA	ANTUX	R5D1 - ANTITUSSÍGENOS PUROS	Similar	Tarja Vermelha	
LEVOFLOXACINO	LEVOTAC	J1G2 - FLUORQUINOLONAS INJETÁVEIS	Similar	Tarja Vermelha	
LEVOFLOXACINO	LIVEPAX	J1G1 - FLUORQUINOLONAS ORAIS	Similar	- (*) 	
LEVOFLOXACINO	LEVOFLOXACINO	J1G1 - FLUORQUINOLONAS ORAIS	Genérico	- (*) 	
LEVOFLOXACINO HEMI-HIDRATADO	TAMIRAM	J1G1 - FLUORQUINOLONAS ORAIS	Similar	Tarja Vermelha sob restrição	
LEVOFLOXACINO HEMI-HIDRATADO	LEVOFLOXACINO HEMIIDRATADO	J1G1 - FLUORQUINOLONAS ORAIS	Genérico	Tarja Vermelha sob restrição	
LEVOFLOXACINO HEMI-HIDRATADO	LEVOFLOXACINO HEMI-HIDRATADO	J1G1 - FLUORQUINOLONAS ORAIS	Genérico	Tarja Vermelha	
LEVOFLOXACINO HEMI-HIDRATADO	LEVOFLOXACINO	J1G1 - FLUORQUINOLONAS ORAIS	Genérico	Tarja Vermelha	
LEVOFLOXACINO HEMI-HIDRATADO	LEVOFLOXACINO	J1G1 - FLUORQUINOLONAS ORAIS	Genérico	- (*) 	
LEVOFLOXACINO HEMI-HIDRATADO	LEVOXIN	J1G1 - FLUORQUINOLONAS ORAIS	Similar	Tarja Vermelha	
LEVOFLOXACINO HEMI-HIDRATADO	LEVOFLOXACINO	J1G1 - FLUORQUINOLONAS ORAIS	Genérico	- (*) 	
LEVOFLOXACINO HEMI-HIDRATADO	LEVOFLOXACINO HEMI-HIDRATADO	J1G2 - FLUORQUINOLONAS INJETÁVEIS	Genérico	Tarja Vermelha	
LEVOFLOXACINO HEMI-HIDRATADO	LEVOFLOXACINO	J1G1 - FLUORQUINOLONAS ORAIS	Genérico	Tarja Vermelha sob restrição	
LEVOFLOXACINO HEMI-HIDRATADO	ALEVO	J1G1 - FLUORQUINOLONAS ORAIS	Similar	- (*) 	
LEVOFLOXACINO HEMI-HIDRATADO	LEVOFLOXACINO HEMIHIDRATADO	J1G1 - FLUORQUINOLONAS ORAIS	Genérico	Tarja Vermelha sob restrição	
LEVOFLOXACINO HEMI-HIDRATADO	LEVOFLOXACINO	J1G1 - FLUORQUINOLONAS ORAIS	Genérico	Tarja Vermelha sob restrição	
LEVOFLOXACINO HEMI-HIDRATADO	LEVOFLOXACINO HEMI-HIDRATADO	J1G1 - FLUORQUINOLONAS ORAIS	Genérico	Tarja Vermelha sob restrição	
LEVOFLOXACINO HEMI-HIDRATADO	LEVAQUIN	J1G1 - FLUORQUINOLONAS ORAIS	Similar	Tarja Vermelha sob restrição	
LEVOFLOXACINO HEMI-HIDRATADO	LEVOFLOXACINO	J1G1 - FLUORQUINOLONAS ORAIS	Genérico	Tarja Vermelha sob restrição	
LEVOFLOXACINO HEMI-HIDRATADO	TAVAFLOX	J1G1 - FLUORQUINOLONAS ORAIS	Novo	Tarja Vermelha	
LEVOFLOXACINO HEMI-HIDRATADO	LEVOFLOXACINO	J1G1 - FLUORQUINOLONAS ORAIS	Genérico	Tarja Vermelha sob restrição	
LEVOFLOXACINO HEMI-HIDRATADO	LEVOFLOXACINO HEMIIDRATADO	J1G1 - FLUORQUINOLONAS ORAIS	Genérico	- (*) 	
LEVOFLOXACINO HEMI-HIDRATADO	LEVOFLOXACINO	J1G1 - FLUORQUINOLONAS ORAIS	Genérico	Tarja Vermelha sob restrição	
LEVOFLOXACINO HEMI-HIDRATADO	LEVOFLOXACINO	J1G1 - FLUORQUINOLONAS ORAIS	Genérico	Tarja Vermelha sob restrição	
LEVOFLOXACINO HEMI-HIDRATADO	LEVOFLOXACINO	J1G1 - FLUORQUINOLONAS ORAIS	Genérico	Tarja Vermelha sob restrição	
LEVOFLOXACINO HEMI-HIDRATADO	LEVOFLOXACINO HEMI-HIDRATADO	J1G1 - FLUORQUINOLONAS ORAIS	Genérico	Tarja Vermelha sob restrição	
LEVOFLOXACINO HEMI-HIDRATADO	TAVAGRAN	J1G1 - FLUORQUINOLONAS ORAIS	Similar	Tarja Vermelha sob restrição	
LEVOFLOXACINO HEMIIDRATADO	TAVOK	J1G1 - FLUORQUINOLONAS ORAIS	Similar	Tarja Vermelha sob restrição	
LEVOFLOXACINO HEMIIDRATADO	LEVOFLOXACINO HEMI- HIDRATADO	J1G2 - FLUORQUINOLONAS INJETÁVEIS	Genérico	Tarja Vermelha sob restrição	
LEVOFLOXACINO HEMIIDRATADO	LEVAFLOX	J1G2 - FLUORQUINOLONAS INJETÁVEIS	Similar	Tarja Vermelha sob restrição	
LEVOLISINATO DE IBUPROFENO	NEOPROFEN	C1X - TODAS OUTRAS PREPARAÇÕES CARDÍACAS	Novo	Tarja Vermelha	
LEVOMALATO DE CABOZANTINIBE	CABOMETYX	L1H9 - OUTROS ANTINEOPLÁSICOS INIBIDORES DA PROTEÍNA KINASE	Novo	Tarja Vermelha	
LEVOMEFOLATO DE CÁLCIO	OMIZE	N7X - TODOS OS OUTROS PRODUTOS PARA O SISTEMA NERVOSO CENTRAL	Específico	Tarja Vermelha	
LEVOMEFOLATO DE CÁLCIO	FOLAVIVE	N6A9 - ANTIDEPRESSIVOS TODOS OS OUTROS	Específico	Tarja Vermelha	
LEVOMENTOL;CÂNFORA	INALADOR VICK	R1A7 - DESCONGESTIONANTES NASAIS	Específico	- (*) 	
LEVOMENTOL;SALICILATO DE METILA	SALONPAS PAIN RELIEF PATCH	M2A - ANTIRREUMÁTICOS E ANALGÉSICOS TÓPICOS	Específico	Tarja Sem Tarja	
LEVOMENTOL;SALICILATO DE METILA	SALONPAS GEL	M2A - ANTIRREUMÁTICOS E ANALGÉSICOS TÓPICOS	Específico	Tarja Sem Tarja	
LEVOMENTOL;SALICILATO DE METILA;CÂNFORA	SALONPAS ADESIVO	M2A - ANTIRREUMÁTICOS E ANALGÉSICOS TÓPICOS	Específico	- (*) 	
LEVONORGESTREL	POZATO UNI	G3A6 - CONTRACEPTIVO SISTÊMICO DE EMERGÊNCIA	Novo	- (*) 	
LEVONORGESTREL	PILEM	G3A6 - CONTRACEPTIVO SISTÊMICO DE EMERGÊNCIA	Similar	Tarja Vermelha	
LEVONORGESTREL	LEVONORGESTREL	G3A6 - CONTRACEPTIVO SISTÊMICO DE EMERGÊNCIA	Genérico	Tarja Vermelha	
LEVONORGESTREL	HORA H	G3A6 - CONTRACEPTIVO SISTÊMICO DE EMERGÊNCIA	Similar	Tarja Vermelha	
LEVONORGESTREL	LEVONORGESTREL	G3A6 - CONTRACEPTIVO SISTÊMICO DE EMERGÊNCIA	Genérico	Tarja Vermelha	
LEVONORGESTREL	POSLOV	G3A6 - CONTRACEPTIVO SISTÊMICO DE EMERGÊNCIA	Similar	Tarja Vermelha	
LEVONORGESTREL	SAYA CONTROL	G3A6 - CONTRACEPTIVO SISTÊMICO DE EMERGÊNCIA	Similar	Tarja Vermelha	
LEVONORGESTREL	DIAD	G3A6 - CONTRACEPTIVO SISTÊMICO DE EMERGÊNCIA	Similar	Tarja Vermelha	
LEVONORGESTREL	LEVONORGESTREL	G3A6 - CONTRACEPTIVO SISTÊMICO DE EMERGÊNCIA	Genérico	Tarja Vermelha	
LEVONORGESTREL	NEODIA	G3A6 - CONTRACEPTIVO SISTÊMICO DE EMERGÊNCIA	Similar	Tarja Vermelha	
LEVONORGESTREL	LEVONORGESTREL	G3A6 - CONTRACEPTIVO SISTÊMICO DE EMERGÊNCIA	Genérico	Tarja Vermelha	
LEVONORGESTREL	MIRENA	G3A9 - OUTROS HORMÔNIOS CONTRACEPTIVOS SISTÊMICOS	Novo	Tarja Vermelha	
LEVONORGESTREL	KYLEENA	G3A9 - OUTROS HORMÔNIOS CONTRACEPTIVOS SISTÊMICOS	Novo	Tarja Vermelha	
LEVONORGESTREL	POSTINOR UNO	G3A6 - CONTRACEPTIVO SISTÊMICO DE EMERGÊNCIA	Similar	Tarja Vermelha	
LEVONORGESTREL MICRONIZADO;ETINILESTRADIOL	MIRANOVA	G3A1 - HORMÔNIOS CONTRACEPTIVOS MONOFÁSICOS COM ESTROGÊNIOS <50MCG	Novo	Tarja Vermelha	
LEVONORGESTREL MICRONIZADO;ETINILESTRADIOL	GESTRELAN	G3A1 - HORMÔNIOS CONTRACEPTIVOS MONOFÁSICOS COM ESTROGÊNIOS <50MCG	Similar	Tarja Vermelha	
LEVONORGESTREL MICRONIZADO;ETINILESTRADIOL	LEVONORGESTREL + ETINILESTRADIOL	G3A1 - HORMÔNIOS CONTRACEPTIVOS MONOFÁSICOS COM ESTROGÊNIOS <50MCG	Genérico	Tarja Vermelha	
LEVONORGESTREL MICRONIZADO;ETINILESTRADIOL	NORDETTE	G3A1 - HORMÔNIOS CONTRACEPTIVOS MONOFÁSICOS COM ESTROGÊNIOS <50MCG	Novo	Tarja Vermelha	
LEVONORGESTREL;ETINILESTRADIOL	NOCICLIN	G3A1 - HORMÔNIOS CONTRACEPTIVOS MONOFÁSICOS COM ESTROGÊNIOS <50MCG	Similar	Tarja Vermelha	
LEVONORGESTREL;ETINILESTRADIOL	CICLO 21	G3A1 - HORMÔNIOS CONTRACEPTIVOS MONOFÁSICOS COM ESTROGÊNIOS <50MCG	Similar	- (*) 	
LEVONORGESTREL;ETINILESTRADIOL	MICROVLAR	G3A1 - HORMÔNIOS CONTRACEPTIVOS MONOFÁSICOS COM ESTROGÊNIOS <50MCG	Novo	Tarja Vermelha	
LEVONORGESTREL;ETINILESTRADIOL	NEOVLAR	G3A2 - HORMÔNIOS CONTRACEPTIVOS MONOFÁSICOS COM ESTROGÊNIOS >=50MCG	Novo	Tarja Vermelha	
LEVONORGESTREL;ETINILESTRADIOL	TRIQUILAR	G3A4 - PREPARAÇÕES CONTRACEPTIVAS TRIFÁSICAS	Novo	Tarja Vermelha	
LEVONORGESTREL;ETINILESTRADIOL	LEVEL	G3A1 - HORMÔNIOS CONTRACEPTIVOS MONOFÁSICOS COM ESTROGÊNIOS <50MCG	Novo	- (*) 	
LEVONORGESTREL;ETINILESTRADIOL	LEVONORGESTREL + ETINILESTRADIOL	G3A1 - HORMÔNIOS CONTRACEPTIVOS MONOFÁSICOS COM ESTROGÊNIOS <50MCG	Genérico	Tarja Vermelha	
LEVONORGESTREL;ETINILESTRADIOL	LINOFEME	G3A1 - HORMÔNIOS CONTRACEPTIVOS MONOFÁSICOS COM ESTROGÊNIOS <50MCG	Similar	Tarja Vermelha	
LEVONORGESTREL;ETINILESTRADIOL	CLIC	G3A9 - OUTROS HORMÔNIOS CONTRACEPTIVOS SISTÊMICOS	Similar	- (*) 	
LEVONORGESTREL;VALERATO DE ESTRADIOL	CICLOPRIMOGYNA	G3F - ASSOCIAÇÕES DE ESTRÓGENOS E PROGESTÓGENOS	Novo	Tarja Vermelha	
LEVOSIMENDANA	SIMDAX	C1F - INOTRÓPICOS POSITIVOS	Novo	- (*) 	
LEVOTIROXINA SÓDICA	EUTHYROX	H3A - PREPARAÇÕES PARA TIREOIDE	Similar	Tarja Vermelha	
LEVOTIROXINA SÓDICA	LEVOTIROXINA SÓDICA	H3A - PREPARAÇÕES PARA TIREOIDE	Genérico	- (*) 	
LEVOTIROXINA SÓDICA	SYNTHROID	H3A - PREPARAÇÕES PARA TIREOIDE	Novo	Tarja Vermelha	
LEVOTIROXINA SÓDICA	LEVOID	H3A - PREPARAÇÕES PARA TIREOIDE	Novo	- (*) 	
LEVOTIROXINA SÓDICA	PURAN T4	H3A - PREPARAÇÕES PARA TIREOIDE	Novo	Tarja Vermelha	
LIDOCAÍNA	LIDOCAÍNA	N1B3 - ANESTÉSICOS LOCAIS TÓPICOS	Genérico	- (*) 	
LIDOCAÍNA	LIDOPASS	N1B3 - ANESTÉSICOS LOCAIS TÓPICOS	Similar	Tarja Vermelha	
LIDOCAÍNA	DERMOMAX	N1B3 - ANESTÉSICOS LOCAIS TÓPICOS	Novo	- (*) 	
LIDOCAÍNA	LIDOCAINA	N1B3 - ANESTÉSICOS LOCAIS TÓPICOS	Genérico	- (*) 	
LIDOCAÍNA	TOPERMA	N1B3 - ANESTÉSICOS LOCAIS TÓPICOS	Novo	Tarja Vermelha	
LIDOCAÍNA;CLORIDRATO DE LIDOCAINA	XYLOCAINA	N1B3 - ANESTÉSICOS LOCAIS TÓPICOS	Novo	Tarja Vermelha	
LIDOCAÍNA;HIALURONIDASE;NEOMICINA	OTO - XILODASE	S2A - ANTIINFECCIOSOS OTOLÓGICOS	Novo	- (*) 	
LIDOCAÍNA;PRILOCAÍNA	MEDICAÍNA	N1B3 - ANESTÉSICOS LOCAIS TÓPICOS	Similar	Tarja Vermelha	
LIDOCAÍNA;PRILOCAÍNA	EMLA	N1B3 - ANESTÉSICOS LOCAIS TÓPICOS	Novo	Tarja Vermelha	
LIDOCAÍNA;SULFATO DE POLIMIXINA B	LIDOSPORIN	S2A - ANTIINFECCIOSOS OTOLÓGICOS	Novo	Tarja Vermelha	
LIDOCAÍNA;TETRACAÍNA	SKINCAINE	N1B3 - ANESTÉSICOS LOCAIS TÓPICOS	Similar	Tarja Vermelha	
LIDOCAÍNA;TETRACAÍNA	PLIAGLIS	N1B3 - ANESTÉSICOS LOCAIS TÓPICOS	Novo	Tarja Vermelha	
LIDOCAÍNA;ÓXIDO DE ZINCO;ACETATO DE HIDROCORTISONA;SUBACETATO DE ALUMÍNIO	XYLOPROCT	C5A1 - ANTI-HEMORROIDAIS COM CORTICOSTERÓIDES	Novo	Tarja Vermelha	
LIMECICLINA	LIMECICLINA	J1A - TETRACICLINAS E ASSOCIAÇÕES	Genérico	Tarja Vermelha sob restrição	
LIMECICLINA	MECICLIN	J1A - TETRACICLINAS E ASSOCIAÇÕES	Similar	Tarja Vermelha sob restrição	
LIMECICLINA	TETRALYSAL	J1A - TETRACICLINAS E ASSOCIAÇÕES	Novo	Tarja Vermelha	
LINAGLIPTINA	GLINK	A10N1 - ANTIDIABÉTICOS INIBIDORES DPP-IV  PUROS	Similar	Tarja Vermelha	
LINAGLIPTINA	LINAGLIPTINA	A10N1 - ANTIDIABÉTICOS INIBIDORES DPP-IV  PUROS	Genérico	Tarja Vermelha	
LINAGLIPTINA	LINADIB	A10N1 - ANTIDIABÉTICOS INIBIDORES DPP-IV  PUROS	Similar	Tarja Vermelha	
LINAGLIPTINA	TRAYENTA	A10N1 - ANTIDIABÉTICOS INIBIDORES DPP-IV  PUROS	Novo	- (*) 	
LINAGLIPTINA	GLUNAC	A10N1 - ANTIDIABÉTICOS INIBIDORES DPP-IV  PUROS	Similar	Tarja Vermelha	
LINAGLIPTINA	LINAGLIPTINA	A10N1 - ANTIDIABÉTICOS INIBIDORES DPP-IV  PUROS	Genérico	Tarja Vermelha	
LINAGLIPTINA	GLINAPE	A10N1 - ANTIDIABÉTICOS INIBIDORES DPP-IV  PUROS	Similar	Tarja Vermelha	
LINAGLIPTINA;CLORIDRATO DE METFORMINA	GLINK MET	A10N3 - ASSOCIAÇÕES DE INIBIDORES DPP-IV COM BIGUANIDAS	Similar	Tarja Vermelha	
LINAGLIPTINA;CLORIDRATO DE METFORMINA	LINADIB DUO	A10N3 - ASSOCIAÇÕES DE INIBIDORES DPP-IV COM BIGUANIDAS	Similar	Tarja Vermelha	
LINAGLIPTINA;CLORIDRATO DE METFORMINA	LINAGLIPTINA + CLORIDRATO DE METFORMINA	A10N3 - ASSOCIAÇÕES DE INIBIDORES DPP-IV COM BIGUANIDAS	Genérico	Tarja Vermelha	
LINAGLIPTINA;CLORIDRATO DE METFORMINA	TRAYENTA DUO	A10N3 - ASSOCIAÇÕES DE INIBIDORES DPP-IV COM BIGUANIDAS	Novo	Tarja Vermelha	
LINAGLIPTINA;CLORIDRATO DE METFORMINA	GLUNAC DUO	A10N3 - ASSOCIAÇÕES DE INIBIDORES DPP-IV COM BIGUANIDAS	Similar	Tarja Vermelha	
LINAGLIPTINA;EMPAGLIFLOZINA	GLYXAMBI	A10P5 - COMBINAÇÕES ANTIDIABÉTICAS DE INIBIDORES DE SGLT2 E DPP-IV	Novo	Tarja Vermelha	
LINEZOLIDA	LINEZOLIDA	J1X9 - TODOS OS OUTROS ANTIBIÓTICOS	Genérico	Tarja Vermelha sob restrição	
LINEZOLIDA	ADILOZ	J1X9 - TODOS OS OUTROS ANTIBIÓTICOS	Similar	Tarja Vermelha sob restrição	
LINEZOLIDA	LINEZOLIDA	J1X9 - TODOS OS OUTROS ANTIBIÓTICOS	Genérico	Tarja Vermelha sob restrição	
LINEZOLIDA	LYNOZ	J1X9 - TODOS OS OUTROS ANTIBIÓTICOS	Similar	Tarja Vermelha	
LINEZOLIDA	LIZBI®	J1X9 - TODOS OS OUTROS ANTIBIÓTICOS	Similar	Tarja Vermelha	
LINEZOLIDA	LINEZOLIDA	J1X9 - TODOS OS OUTROS ANTIBIÓTICOS	Genérico	Tarja Vermelha sob restrição	
LINEZOLIDA	LINEZOLIDA	J1X9 - TODOS OS OUTROS ANTIBIÓTICOS	Genérico	Tarja Vermelha sob restrição	
LINEZOLIDA	LINEZOLIDA	J1X9 - TODOS OS OUTROS ANTIBIÓTICOS	Genérico	Tarja Vermelha sob restrição	
LINEZOLIDA	ZYVOX	J1X9 - TODOS OS OUTROS ANTIBIÓTICOS	Novo	Tarja Vermelha sob restrição	
LINEZOLIDA	LINEZOLIDA	J1X9 - TODOS OS OUTROS ANTIBIÓTICOS	Genérico	Tarja Vermelha sob restrição	
LINEZOLIDA	LINEZOLIDA	J1X9 - TODOS OS OUTROS ANTIBIÓTICOS	Genérico	Tarja Vermelha sob restrição	
LIPEGFILGRASTIM	LONQUEX	L3A1 - FATORES ESTIMULANTES DE COLÔNIAS	Biológico	- (*) 	
LIRAGLUTIDA	LIRUX	A10S - ANTIDIABÉTICOS AGONISTAS DE GLP-1	Novo	Tarja Vermelha sob restrição	
LIRAGLUTIDA	OLIRE	A10S - ANTIDIABÉTICOS AGONISTAS DE GLP-1	Novo	Tarja Vermelha sob restrição	
LIRAGLUTIDA	VICTOZA	A10S - ANTIDIABÉTICOS AGONISTAS DE GLP-1	Biológico	- (*) 	
LIRAGLUTIDA	SAXENDA	A8A - PREPARAÇÕES ANTIOBESIDADE, EXCETO OS DIETÉTICOS	Biológico	- (*) 	
LIRAGLUTIDA;INSULINA DEGLUDECA	XULTOPHY	A10C9 - OUTRAS INSULINAS HUMANAS	Biológico	Tarja Vermelha	
LISADO BACTERIANO	BRONCHO-VAXOM	J7X - TODOS OS OUTROS PRODUTOS VACINAIS	Novo	- (*) 	
LISADO BACTERIANO	PAXORAL	J7X - TODOS OS OUTROS PRODUTOS VACINAIS	Biológico	- (*) 	
LISADO BACTERIANO	EXTRALERG	J7X - TODOS OS OUTROS PRODUTOS VACINAIS	Similar	- (*) 	
LISADO BACTERIANO DE ESCHERICHIA COLI	URO-VAXOM	J7X - TODOS OS OUTROS PRODUTOS VACINAIS	Biológico	- (*) 	
LISINATO DE CETOPROFENO	ALGILIVE	M1A1 - ANTIRREUMÁTICOS NÃO ESTEROIDAIS PUROS	Similar	Tarja Vermelha	
LISINATO DE CETOPROFENO	ARTROSIL	M1A1 - ANTIRREUMÁTICOS NÃO ESTEROIDAIS PUROS	Novo	Tarja Vermelha	
LISINATO DE CLONIXINA	CLONIXINATO DE LISINA	N2B1 - ANALGÉSICOS NÃO NARCÓTICOS E ANTIPIRÉTICOS SOB PRESCRIÇÃO	Genérico	Tarja Vermelha	
LISINOPRIL	LISINOPRIL	C9A - INIBIDORES DA ECA PUROS	Genérico	- (*) 	
LISINOPRIL	LISINOPRIL	C9A - INIBIDORES DA ECA PUROS	Genérico	Tarja Vermelha	
LISINOPRIL DI-HIDRATADO	LISINOPRIL	C9A - INIBIDORES DA ECA PUROS	Genérico	- (*) 	
LISINOPRIL DI-HIDRATADO	LISINOPRIL	C9A - INIBIDORES DA ECA PUROS	Genérico	- (*) 	
LOMUSTINA	CITOSTAL	L1A - AGENTES ANTINEOPLÁSICOS ALQUILANTES	Novo	- (*) 	
LONCASTUXIMABE TESIRINA	ZYNLONTA	L1G - ANTICORPOS MONOCLONAIS ANTINEOPLÁSICOS	Biológico	Tarja Vermelha	
LOPINAVIR;RITONAVIR	LOPINAVIR + RITONAVIR	J5C2 - INIBIDORES DA PROTEASE	Genérico	Tarja Vermelha sob restrição	
LOPINAVIR;RITONAVIR	KALETRA	J5C2 - INIBIDORES DA PROTEASE	Novo	Tarja Vermelha	
LORATADINA	LORATADINA	R6A - ANTI-HISTAMÍNICOS SISTÊMICOS	Genérico	Tarja Sem Tarja	
LORATADINA	CLORATADD	R6A - ANTI-HISTAMÍNICOS SISTÊMICOS	Similar	Tarja Sem Tarja	
LORATADINA	LORADINE	R6A - ANTI-HISTAMÍNICOS SISTÊMICOS	Similar	Tarja Sem Tarja	
LORATADINA	LORATADINA	R6A - ANTI-HISTAMÍNICOS SISTÊMICOS	Genérico	- (*) 	
LORATADINA	LORASLIV	R6A - ANTI-HISTAMÍNICOS SISTÊMICOS	Similar	Tarja Sem Tarja	
LORATADINA	LORATADINA	R6A - ANTI-HISTAMÍNICOS SISTÊMICOS	Genérico	Tarja Sem Tarja	
LORATADINA	HISTADIN	R6A - ANTI-HISTAMÍNICOS SISTÊMICOS	Similar	Tarja Sem Tarja	
LORATADINA	LORATADINA	R6A - ANTI-HISTAMÍNICOS SISTÊMICOS	Genérico	Tarja Sem Tarja	
LORATADINA	LORATADINA	R6A - ANTI-HISTAMÍNICOS SISTÊMICOS	Genérico	Tarja Sem Tarja	
LORATADINA	LORATADINA	R6A - ANTI-HISTAMÍNICOS SISTÊMICOS	Genérico	- (*) 	
LORATADINA	LORATADINA	R6A - ANTI-HISTAMÍNICOS SISTÊMICOS	Genérico	Tarja Sem Tarja	
LORATADINA	LORATADINA	R6A - ANTI-HISTAMÍNICOS SISTÊMICOS	Genérico	- (*) 	
LORATADINA	LORATADINA	R6A - ANTI-HISTAMÍNICOS SISTÊMICOS	Genérico	Tarja Sem Tarja	
LORATADINA	LORATADINA	R6A - ANTI-HISTAMÍNICOS SISTÊMICOS	Genérico	Tarja Sem Tarja	
LORATADINA	LORATADINA	R6A - ANTI-HISTAMÍNICOS SISTÊMICOS	Genérico	Tarja Sem Tarja	
LORATADINA	LORATAMED	R6A - ANTI-HISTAMÍNICOS SISTÊMICOS	Similar	Tarja Sem Tarja	
LORATADINA	LORATADINA	R6A - ANTI-HISTAMÍNICOS SISTÊMICOS	Genérico	Tarja Sem Tarja	
LORATADINA	LORITIL	R6A - ANTI-HISTAMÍNICOS SISTÊMICOS	Similar	- (*) 	
LORATADINA	LORATADINA	R6A - ANTI-HISTAMÍNICOS SISTÊMICOS	Genérico	- (*) 	
LORATADINA	LORATADINA	R6A - ANTI-HISTAMÍNICOS SISTÊMICOS	Genérico	Tarja Sem Tarja	
LORATADINA	NEO LORATADIN	R6A - ANTI-HISTAMÍNICOS SISTÊMICOS	Similar	Tarja Sem Tarja	
LORATADINA	ALERGALIV	R6A - ANTI-HISTAMÍNICOS SISTÊMICOS	Similar	Tarja Sem Tarja	
LORATADINA	CLARITIN	R6A - ANTI-HISTAMÍNICOS SISTÊMICOS	Novo	- (*) 	
LORATADINA	REACBE	R6A - ANTI-HISTAMÍNICOS SISTÊMICOS	Similar	Tarja Sem Tarja	
LORATADINA;PSEUDOEFEDRINA	HISTADIN D	R1B - PREPARAÇÕES SISTÊMICAS NASAIS	Similar	Tarja Vermelha	
LORATADINA;SULFATO DE PSEUDOEFEDRINA	LORATADINA + SULFATO DE PSEUDOEFEDRINA	R1B - PREPARAÇÕES SISTÊMICAS NASAIS	Genérico	Tarja Vermelha	
LORATADINA;SULFATO DE PSEUDOEFEDRINA	LORATADINA + SULFATO DE PSEUDOEFEDRINA	R1B - PREPARAÇÕES SISTÊMICAS NASAIS	Genérico	Tarja Vermelha	
LORATADINA;SULFATO DE PSEUDOEFEDRINA	LORATADINA + SULFATO DE PSEUDOEFEDRINA	R1B - PREPARAÇÕES SISTÊMICAS NASAIS	Genérico	- (*) 	
LORATADINA;SULFATO DE PSEUDOEFEDRINA	LORATAMED D	R1B - PREPARAÇÕES SISTÊMICAS NASAIS	Similar	Tarja Vermelha	
LORAZEPAM	LORAZEPAM	N5C - TRANQUILIZANTES	Genérico	- (*) 	
LORAZEPAM	LORAZEPAM (PORT.344/98, LISTA B1)	N5C - TRANQUILIZANTES	Genérico	- (*) 	
LORAZEPAM	LORAZEPAM	N5C - TRANQUILIZANTES	Genérico	- (*) 	
LORAZEPAM	LORAX	N5C - TRANQUILIZANTES	Novo	Tarja Preta	
LORAZEPAM	LORAZEPAM	N5C - TRANQUILIZANTES	Genérico	- (*) 	
LORLATINIBE	LORBRENA	L1H3 - INIBIDORES PREOTEÍNA KINASE ANTINEOPLÁSICOS, ALK	Novo	Tarja Vermelha	
LORNOXICAM	XEFO	M1A1 - ANTIRREUMÁTICOS NÃO ESTEROIDAIS PUROS	Novo	- (*) 	
LOSARTANA POTÁSSICA	COZAAR	C9C - ANTAGONISTAS DA ANGIOTENSINA II PUROS	Novo	- (*) 	
LOSARTANA POTÁSSICA	LOSARTANA POTÁSSICA	C9C - ANTAGONISTAS DA ANGIOTENSINA II PUROS	Genérico	- (*) 	
LOSARTANA POTÁSSICA	ZART	C9C - ANTAGONISTAS DA ANGIOTENSINA II PUROS	Similar	- (*) 	
LOSARTANA POTÁSSICA	LORSACOR	C9C - ANTAGONISTAS DA ANGIOTENSINA II PUROS	Similar	Tarja Vermelha	
LOSARTANA POTÁSSICA	LOSARTANA POTÁSSICA	C9C - ANTAGONISTAS DA ANGIOTENSINA II PUROS	Genérico	Tarja Vermelha	
LOSARTANA POTÁSSICA	LOSARTANA POTÁSSICA	C9C - ANTAGONISTAS DA ANGIOTENSINA II PUROS	Genérico	Tarja Vermelha	
LOSARTANA POTÁSSICA	LOSARTANA POTÁSSICA	C9C - ANTAGONISTAS DA ANGIOTENSINA II PUROS	Genérico	Tarja Vermelha	
LOSARTANA POTÁSSICA	LOSARTANA POTÁSSICA	C9C - ANTAGONISTAS DA ANGIOTENSINA II PUROS	Genérico	Tarja Vermelha	
LOSARTANA POTÁSSICA	LOSARTANA POTÁSSICA	C9C - ANTAGONISTAS DA ANGIOTENSINA II PUROS	Genérico	Tarja Vermelha	
LOSARTANA POTÁSSICA	CORUS	C9C - ANTAGONISTAS DA ANGIOTENSINA II PUROS	Similar	- (*) 	
LOSARTANA POTÁSSICA	LOSARTANA POTÁSSICA	C9C - ANTAGONISTAS DA ANGIOTENSINA II PUROS	Genérico	Tarja Vermelha	
LOSARTANA POTÁSSICA	ARADOIS	C9C - ANTAGONISTAS DA ANGIOTENSINA II PUROS	Similar	- (*) 	
LOSARTANA POTÁSSICA	LOSARTANA POTÁSSICA	C9C - ANTAGONISTAS DA ANGIOTENSINA II PUROS	Genérico	Tarja Vermelha	
LOSARTANA POTÁSSICA	LOSARTANA POTÁSSICA	C9C - ANTAGONISTAS DA ANGIOTENSINA II PUROS	Genérico	Tarja Vermelha	
LOSARTANA POTÁSSICA	LOSARTANA POTÁSSICA	C9C - ANTAGONISTAS DA ANGIOTENSINA II PUROS	Genérico	Tarja Vermelha	
LOSARTANA POTÁSSICA	LOSARTANA POTÁSSICA	C9C - ANTAGONISTAS DA ANGIOTENSINA II PUROS	Genérico	Tarja Vermelha	
LOSARTANA POTÁSSICA	LOSARTANA POTÁSSICA	C9C - ANTAGONISTAS DA ANGIOTENSINA II PUROS	Genérico	Tarja Vermelha	
LOSARTANA POTÁSSICA	LOSARTANA POTÁSSICA	C9C - ANTAGONISTAS DA ANGIOTENSINA II PUROS	Genérico	Tarja Vermelha	
LOSARTANA POTÁSSICA	LOSARTANA POTÁSSICA	C9C - ANTAGONISTAS DA ANGIOTENSINA II PUROS	Genérico	Tarja Vermelha	
LOSARTANA POTÁSSICA	ARARTAN	C9C - ANTAGONISTAS DA ANGIOTENSINA II PUROS	Similar	Tarja Vermelha	
LOSARTANA POTÁSSICA	LOSARTANA POTASSICA	C9C - ANTAGONISTAS DA ANGIOTENSINA II PUROS	Genérico	Tarja Vermelha	
LOSARTANA POTÁSSICA	LOSARTANA POTASSICA	C9C - ANTAGONISTAS DA ANGIOTENSINA II PUROS	Genérico	Tarja Vermelha	
LOSARTANA POTÁSSICA	LOSARTANA POTÁSSICA	C9C - ANTAGONISTAS DA ANGIOTENSINA II PUROS	Genérico	Tarja Vermelha	
LOSARTANA POTÁSSICA	LOSARTANA POTÁSSICA	C9C - ANTAGONISTAS DA ANGIOTENSINA II PUROS	Genérico	Tarja Vermelha	
LOSARTANA POTÁSSICA;BESILATO DE ANLODIPINO	BESILATO DE ANLODIPINO + LOSARTANA POTÁSSICA	C9D3 - ANTAGONISTAS DA ANGIOTENSINA II ASSOCIADOS A ANTAGONISTAS DO CÁLCIO	Genérico	- (*) 	
LOSARTANA POTÁSSICA;BESILATO DE ANLODIPINO	BRANTA	C9D3 - ANTAGONISTAS DA ANGIOTENSINA II ASSOCIADOS A ANTAGONISTAS DO CÁLCIO	Novo	Tarja Vermelha	
LOSARTANA POTÁSSICA;BESILATO DE ANLODIPINO	LOTAR	C9D3 - ANTAGONISTAS DA ANGIOTENSINA II ASSOCIADOS A ANTAGONISTAS DO CÁLCIO	Novo	Tarja Vermelha	
LOSARTANA POTÁSSICA;BESILATO DE ANLODIPINO	BESILATO DE ANLODIPINO + LOSARTANA POTÁSSICA	C9D3 - ANTAGONISTAS DA ANGIOTENSINA II ASSOCIADOS A ANTAGONISTAS DO CÁLCIO	Genérico	- (*) 	
LOSARTANA POTÁSSICA;BESILATO DE ANLODIPINO	BESILATO DE ANLODIPINO + LOSARTANA POTÁSSICA	C9D3 - ANTAGONISTAS DA ANGIOTENSINA II ASSOCIADOS A ANTAGONISTAS DO CÁLCIO	Genérico	- (*) 	
LOSARTANA POTÁSSICA;HIDROCLOROTIAZIDA	HYZAAR	C9D1 - ANTAGONISTAS DA ANGIOTENSINA II ASSOCIADOS A ANTIHIPERTENSIVOS (C2) E/OU DIURÉTICOS	Novo	Tarja Vermelha	
LOSARTANA POTÁSSICA;HIDROCLOROTIAZIDA	LOSARTANA POTÁSSICA + HIDROCLOROTIAZIDA	C9D1 - ANTAGONISTAS DA ANGIOTENSINA II ASSOCIADOS A ANTIHIPERTENSIVOS (C2) E/OU DIURÉTICOS	Genérico	Tarja Vermelha	
LOSARTANA POTÁSSICA;HIDROCLOROTIAZIDA	ZART H	C9D1 - ANTAGONISTAS DA ANGIOTENSINA II ASSOCIADOS A ANTIHIPERTENSIVOS (C2) E/OU DIURÉTICOS	Similar	Tarja Vermelha	
LOSARTANA POTÁSSICA;HIDROCLOROTIAZIDA	LOSARTANA POTASSICA+HIDROCLOROTIAZIDA	C9D1 - ANTAGONISTAS DA ANGIOTENSINA II ASSOCIADOS A ANTIHIPERTENSIVOS (C2) E/OU DIURÉTICOS	Genérico	Tarja Vermelha	
LOSARTANA POTÁSSICA;HIDROCLOROTIAZIDA	LOSARTANA POTÁSSICA + HIDROCLOROTIAZIDA	C9D1 - ANTAGONISTAS DA ANGIOTENSINA II ASSOCIADOS A ANTIHIPERTENSIVOS (C2) E/OU DIURÉTICOS	Genérico	Tarja Vermelha	
LOSARTANA POTÁSSICA;HIDROCLOROTIAZIDA	LOSARTANA POTÁSSICA + HIDROCLOROTIAZIDA	C9D1 - ANTAGONISTAS DA ANGIOTENSINA II ASSOCIADOS A ANTIHIPERTENSIVOS (C2) E/OU DIURÉTICOS	Genérico	Tarja Vermelha	
LOSARTANA POTÁSSICA;HIDROCLOROTIAZIDA	LOSARTANA POTÁSSICA + HIDROCLOROTIAZIDA	C9D1 - ANTAGONISTAS DA ANGIOTENSINA II ASSOCIADOS A ANTIHIPERTENSIVOS (C2) E/OU DIURÉTICOS	Genérico	- (*) 	
LOSARTANA POTÁSSICA;HIDROCLOROTIAZIDA	CORUS H	C9D1 - ANTAGONISTAS DA ANGIOTENSINA II ASSOCIADOS A ANTIHIPERTENSIVOS (C2) E/OU DIURÉTICOS	Similar	- (*) 	
LOSARTANA POTÁSSICA;HIDROCLOROTIAZIDA	LOSARTANA POTÁSSICA + HIDROCLOROTIAZIDA	C9D1 - ANTAGONISTAS DA ANGIOTENSINA II ASSOCIADOS A ANTIHIPERTENSIVOS (C2) E/OU DIURÉTICOS	Genérico	Tarja Vermelha	
LOSARTANA POTÁSSICA;HIDROCLOROTIAZIDA	ARADOIS H	C9D1 - ANTAGONISTAS DA ANGIOTENSINA II ASSOCIADOS A ANTIHIPERTENSIVOS (C2) E/OU DIURÉTICOS	Similar	Tarja Vermelha	
LOSARTANA POTÁSSICA;HIDROCLOROTIAZIDA	LOSARTANA POTÁSSICA + HIDROCLOROTIAZIDA	C9D1 - ANTAGONISTAS DA ANGIOTENSINA II ASSOCIADOS A ANTIHIPERTENSIVOS (C2) E/OU DIURÉTICOS	Genérico	Tarja Vermelha	
LOSARTANA POTÁSSICA;HIDROCLOROTIAZIDA	LOSARTANA POTÁSSICA + HIDROCLOROTIAZIDA	C9D1 - ANTAGONISTAS DA ANGIOTENSINA II ASSOCIADOS A ANTIHIPERTENSIVOS (C2) E/OU DIURÉTICOS	Genérico	Tarja Vermelha	
LOSARTANA POTÁSSICA;HIDROCLOROTIAZIDA	LOSARTANA POTÁSSICA+HIDROCLOROTIAZIDA	C9D1 - ANTAGONISTAS DA ANGIOTENSINA II ASSOCIADOS A ANTIHIPERTENSIVOS (C2) E/OU DIURÉTICOS	Genérico	Tarja Vermelha	
LOSARTANA POTÁSSICA;HIDROCLOROTIAZIDA	LOSARTANA POTÁSSICA + HIDROCLOROTIAZIDA	C9D1 - ANTAGONISTAS DA ANGIOTENSINA II ASSOCIADOS A ANTIHIPERTENSIVOS (C2) E/OU DIURÉTICOS	Genérico	Tarja Vermelha	
LOSARTANA POTÁSSICA;HIDROCLOROTIAZIDA	LOSARTANA POTÁSSICA + HIDROCLOROTIAZIDA	C9D1 - ANTAGONISTAS DA ANGIOTENSINA II ASSOCIADOS A ANTIHIPERTENSIVOS (C2) E/OU DIURÉTICOS	Genérico	Tarja Vermelha	
LOXOPROFENO SÓDICO	LOXONIN	M1A1 - ANTIRREUMÁTICOS NÃO ESTEROIDAIS PUROS	Novo	- (*) 	
LOXOPROFENO SÓDICO	LOXONIN FLEX	M1A1 - ANTIRREUMÁTICOS NÃO ESTEROIDAIS PUROS	Novo	Tarja Sem Tarja	
LOXOPROFENO SÓDICO DI-HIDRATADO	LOXOPROFENO SÓDICO	M1A1 - ANTIRREUMÁTICOS NÃO ESTEROIDAIS PUROS	Genérico	Tarja Vermelha	
LOXOPROFENO SÓDICO DIIDRATADO	OXOTRON	M1A1 - ANTIRREUMÁTICOS NÃO ESTEROIDAIS PUROS	Similar	- (*) 	
LUMACAFTOR;IVACAFTOR	ORKAMBI	R7B1 - MODULADORES DO REGULADOR TRANSMEMBRANA DA FIBROSE CÍSTICA (CFTR)	Novo	Tarja Vermelha	
LUMASIRANA SÓDICA	OXLUMO	G4X - TODOS OS OUTROS PRODUTOS UROLÓGICOS	Novo	Tarja Vermelha	
LUSPATERCEPTE	REBLOZYL	B3X - OUTROS PRODUTOS ANTIANÊMICOS, INCLUINDO ÁCIDO FÓLICO, ÁCIDO FOLÍNICO	Biológico	Tarja Vermelha	
LUSPATERCEPTE	ROJUZDA	B3X - OUTROS PRODUTOS ANTIANÊMICOS, INCLUINDO ÁCIDO FÓLICO, ÁCIDO FOLÍNICO	Biológico	Tarja Vermelha	
LÃ DE CARNEIRO;ÁCAROS;ANTÍGENOS BACTERIANAS SOB A FORMA DE LISADO;FUNGOS DO AR	PLUSVAC	T2X9 - TODOS OS OUTROS TESTES DIAGNÓSTICOS	Biológico	- (*) 	
MACROGOL;BICARBONATO DE SÓDIO;CLORETO DE POTÁSSIO;CLORETO DE SÓDIO	MUVINLAX	A6A7 - LAXANTES OSMÓTICOS COM ELETRÓLITOS	Específico	Tarja Sem Tarja	
MAGALDRATO	RIOPAN	A2A4 - ANTIÁCIDOS COM ANTIFLATULENTOS OU CARMINATIVOS	Específico	Tarja Sem Tarja	
MAGALDRATO;DIMETICONA	RIOPAN PLUS	A2A4 - ANTIÁCIDOS COM ANTIFLATULENTOS OU CARMINATIVOS	Específico	Tarja Sem Tarja	
MALATO DE SUNITINIBE	SUTENT	L1H9 - OUTROS ANTINEOPLÁSICOS INIBIDORES DA PROTEÍNA KINASE	Novo	Tarja Vermelha	
MALATO DE SUNITINIBE	MALATO DE SUNITINIBE	L1H9 - OUTROS ANTINEOPLÁSICOS INIBIDORES DA PROTEÍNA KINASE	Genérico	Tarja Vermelha	
MALATO DE SUNITINIBE	SARRA	L1H9 - OUTROS ANTINEOPLÁSICOS INIBIDORES DA PROTEÍNA KINASE	Similar	Tarja Vermelha	
MALATO DE SUNITINIBE	MALATO DE SUNITINIBE	L1H9 - OUTROS ANTINEOPLÁSICOS INIBIDORES DA PROTEÍNA KINASE	Genérico	Tarja Vermelha	
MALATO DE SUNITINIBE	SUZOPA	L1H9 - OUTROS ANTINEOPLÁSICOS INIBIDORES DA PROTEÍNA KINASE	Similar	Tarja Vermelha	
MALATO DE SUNITINIBE	MALATO DE SUNITINIBE	L1H9 - OUTROS ANTINEOPLÁSICOS INIBIDORES DA PROTEÍNA KINASE	Genérico	Tarja Vermelha	
MALATO DE SUNITINIBE	XUNIB	L1H9 - OUTROS ANTINEOPLÁSICOS INIBIDORES DA PROTEÍNA KINASE	Similar	Tarja Vermelha	
MALEATO DE ACALABRUTINIBE MONOIDRATADO	CALQUENCE COMPRIMIDOS	L1H6 - ANTINEOPLÁSICOS INIBIDORES DA PROTEÍNA QUINASE, BTK	Novo	- (*) 	
MALEATO DE BRONFENIRAMINA;CLORIDRATO DE FENILEFRINA	BIALERGE	R1B - PREPARAÇÕES SISTÊMICAS NASAIS	Similar	Tarja Vermelha	
MALEATO DE BRONFENIRAMINA;CLORIDRATO DE FENILEFRINA	MALEATO DE BRONFENIRAMINA + CLORIDRATO DE FENILEFRINA	R1B - PREPARAÇÕES SISTÊMICAS NASAIS	Genérico	Tarja Sem Tarja	
MALEATO DE BRONFENIRAMINA;CLORIDRATO DE FENILEFRINA	DECONGEX PLUS	R1B - PREPARAÇÕES SISTÊMICAS NASAIS	Similar	Tarja Sem Tarja	
MALEATO DE BRONFENIRAMINA;CLORIDRATO DE FENILEFRINA	MALEATO DE BRONFENIRAMINA + CLORIDRATO DE FENILEFRINA	R1B - PREPARAÇÕES SISTÊMICAS NASAIS	Genérico	Tarja Sem Tarja	
MALEATO DE BRONFENIRAMINA;CLORIDRATO DE FENILEFRINA	HISCONGEX	R1B - PREPARAÇÕES SISTÊMICAS NASAIS	Similar	Tarja Sem Tarja	
MALEATO DE BRONFENIRAMINA;CLORIDRATO DE FENILEFRINA	DESCON	R1B - PREPARAÇÕES SISTÊMICAS NASAIS	Similar	Tarja Sem Tarja	
MALEATO DE BRONFENIRAMINA;CLORIDRATO DE FENILEFRINA	CORISTINA D CONGEST	R1B - PREPARAÇÕES SISTÊMICAS NASAIS	Similar	Tarja Sem Tarja	
MALEATO DE BRONFENIRAMINA;CLORIDRATO DE FENILEFRINA	BENEDESC PLUS	R1B - PREPARAÇÕES SISTÊMICAS NASAIS	Similar	Tarja Sem Tarja	
MALEATO DE CLORFENAMINA;CAFEÍNA;DIPIRONA	GRIPINEW	R5A - ANTIGRIPAIS SEM ANTIINFECCIOSOS	Similar	Tarja Sem Tarja	
MALEATO DE CLORFENAMINA;DIPIRONA MONOIDRATADA;CAFEÍNA	APRACUR DUO	R5A - ANTIGRIPAIS SEM ANTIINFECCIOSOS	Similar	Tarja Sem Tarja	
MALEATO DE CLORFENAMINA;PARACETAMOL;CLORIDRATO DE FENILEFRINA	STILGRIP	N2B2 - ANALGÉSICOS NÃO NARCÓTICOS E ANTIPIRÉTICOS ISENTOS DE PRESCRIÇÃO	Similar	Tarja Sem Tarja	
MALEATO DE CLORFENAMINA;PARACETAMOL;CLORIDRATO DE FENILEFRINA	RESFENOL	R5A - ANTIGRIPAIS SEM ANTIINFECCIOSOS	Novo	Tarja Sem Tarja	
MALEATO DE CLORFENAMINA;PARACETAMOL;CLORIDRATO DE FENILEFRINA	CIMEGRIPE	R5A - ANTIGRIPAIS SEM ANTIINFECCIOSOS	Similar	Tarja Sem Tarja	
MALEATO DE CLORFENIRAMINA;CAFEÍNA;DIPIRONA	DRENOGRIP	R5A - ANTIGRIPAIS SEM ANTIINFECCIOSOS	Similar	- (*) 	
MALEATO DE CLORFENIRAMINA;DIPIRONA MONOIDRATADA;CAFEÍNA	AGIIGRIP DUO	R5A - ANTIGRIPAIS SEM ANTIINFECCIOSOS	Similar	Tarja Sem Tarja	
MALEATO DE CLORFENIRAMINA;DIPIRONA MONOIDRATADA;CAFEÍNA ANIDRA	BENEGRIP	R5A - ANTIGRIPAIS SEM ANTIINFECCIOSOS	Novo	Tarja Sem Tarja	
MALEATO DE CLORFENIRAMINA;DIPIRONA;ÁCIDO ASCÓRBICO	APRACUR	R5A - ANTIGRIPAIS SEM ANTIINFECCIOSOS	Novo	Tarja Sem Tarja	
MALEATO DE CLORFENIRAMINA;PARACETAMOL;CLORIDRATO DE FENILEFRINA	V-GRIPE	R5A - ANTIGRIPAIS SEM ANTIINFECCIOSOS	Similar	Tarja Sem Tarja	
MALEATO DE CLORFENIRAMINA;PARACETAMOL;CLORIDRATO DE FENILEFRINA	GRIPEN F	R5A - ANTIGRIPAIS SEM ANTIINFECCIOSOS	Similar	Tarja Sem Tarja	
MALEATO DE CLORFENIRAMINA;PARACETAMOL;CLORIDRATO DE FENILEFRINA	ONEGRIPE	R5A - ANTIGRIPAIS SEM ANTIINFECCIOSOS	Similar	Tarja Sem Tarja	
MALEATO DE CLORFENIRAMINA;PARACETAMOL;CLORIDRATO DE FENILEFRINA	PERFENOL	R5A - ANTIGRIPAIS SEM ANTIINFECCIOSOS	Similar	Tarja Sem Tarja	
MALEATO DE CLORFENIRAMINA;PARACETAMOL;CLORIDRATO DE FENILEFRINA	NEXT	R5A - ANTIGRIPAIS SEM ANTIINFECCIOSOS	Similar	Tarja Sem Tarja	
MALEATO DE CLORFENIRAMINA;PARACETAMOL;CLORIDRATO DE FENILEFRINA	BIOGRIPE	R5A - ANTIGRIPAIS SEM ANTIINFECCIOSOS	Similar	Tarja Sem Tarja	
MALEATO DE CLORFENIRAMINA;PARACETAMOL;CLORIDRATO DE FENILEFRINA	DECONGEX GRIPE	R5A - ANTIGRIPAIS SEM ANTIINFECCIOSOS	Similar	Tarja Sem Tarja	
MALEATO DE CLORFENIRAMINA;PARACETAMOL;CLORIDRATO DE FENILEFRINA	GRIPEOL	R5A - ANTIGRIPAIS SEM ANTIINFECCIOSOS	Similar	Tarja Sem Tarja	
MALEATO DE CLORFENIRAMINA;PARACETAMOL;CLORIDRATO DE FENILEFRINA	RESFEDRYL	R5A - ANTIGRIPAIS SEM ANTIINFECCIOSOS	Similar	Tarja Sem Tarja	
MALEATO DE CLORFENIRAMINA;PARACETAMOL;CLORIDRATO DE FENILEFRINA	MULTIGRIP MIX	R5A - ANTIGRIPAIS SEM ANTIINFECCIOSOS	Similar	Tarja Sem Tarja	
MALEATO DE CLORFENIRAMINA;PARACETAMOL;CLORIDRATO DE FENILEFRINA	MULTIGRIP	R5A - ANTIGRIPAIS SEM ANTIINFECCIOSOS	Similar	Tarja Sem Tarja	
MALEATO DE CLORFENIRAMINA;PARACETAMOL;CLORIDRATO DE FENILEFRINA	RESFEGRIPE	R5A - ANTIGRIPAIS SEM ANTIINFECCIOSOS	Similar	Tarja Sem Tarja	
MALEATO DE CLORFENIRAMINA;PARACETAMOL;CLORIDRATO DE FENILEFRINA	VICK PYRENA GRIP – 7	R5A - ANTIGRIPAIS SEM ANTIINFECCIOSOS	Similar	Tarja Sem Tarja	
MALEATO DE CLORFENIRAMINA;PARACETAMOL;CLORIDRATO DE FENILEFRINA	PARAGRIPE	R5A - ANTIGRIPAIS SEM ANTIINFECCIOSOS	Similar	Tarja Sem Tarja	
MALEATO DE CLORFENIRAMINA;PARACETAMOL;CLORIDRATO DE FENILEFRINA	CORISTINA D PRO	R5A - ANTIGRIPAIS SEM ANTIINFECCIOSOS	Novo	Tarja Sem Tarja	
MALEATO DE DEXBRONFENIRAMINA;SULFATO DE PSEUDOEFEDRINA	WINTER AP	R1B - PREPARAÇÕES SISTÊMICAS NASAIS	Similar	- (*) 	
MALEATO DE DEXCLORFENIRAMINA	MALEATO DE DEXCLORFENIRAMINA	R6A - ANTI-HISTAMÍNICOS SISTÊMICOS	Genérico	Tarja Vermelha	
MALEATO DE DEXCLORFENIRAMINA	POLAPIC	R6A - ANTI-HISTAMÍNICOS SISTÊMICOS	Similar	Tarja Sem Tarja	
MALEATO DE DEXCLORFENIRAMINA	POLARYN	R6A - ANTI-HISTAMÍNICOS SISTÊMICOS	Similar	Tarja Sem Tarja	
MALEATO DE DEXCLORFENIRAMINA	MALEATO DE DEXCLORFENIRAMINA	R6A - ANTI-HISTAMÍNICOS SISTÊMICOS	Genérico	- (*) 	
MALEATO DE DEXCLORFENIRAMINA	MALEATO DE DEXCLORFENIRAMINA	R6A - ANTI-HISTAMÍNICOS SISTÊMICOS	Genérico	Tarja Sem Tarja	
MALEATO DE DEXCLORFENIRAMINA	DEXPOLARIM	R6A - ANTI-HISTAMÍNICOS SISTÊMICOS	Similar	Tarja Sem Tarja	
MALEATO DE DEXCLORFENIRAMINA	MALEATO DE DEXCLORFENIRAMINA	D4A - ANTIPRURIGINOSOS  TÓPICOS - INCLUINDO ANTIHISTAMÍNICOS, ANESTÉSICOS, ETC	Genérico	Tarja Sem Tarja	
MALEATO DE DEXCLORFENIRAMINA	HISLOR	R6A - ANTI-HISTAMÍNICOS SISTÊMICOS	Similar	Tarja Sem Tarja	
MALEATO DE DEXCLORFENIRAMINA	MALEATO DE DEXCLORFENIRAMINA	R6A - ANTI-HISTAMÍNICOS SISTÊMICOS	Genérico	- (*) 	
MALEATO DE DEXCLORFENIRAMINA	MALEATO DE DEXCLORFENIRAMINA	R6A - ANTI-HISTAMÍNICOS SISTÊMICOS	Genérico	Tarja Sem Tarja	
MALEATO DE DEXCLORFENIRAMINA	MALEATO DE DEXCLORFENIRAMINA	D4A - ANTIPRURIGINOSOS  TÓPICOS - INCLUINDO ANTIHISTAMÍNICOS, ANESTÉSICOS, ETC	Genérico	- (*) 	
MALEATO DE DEXCLORFENIRAMINA	POLAREN	R6A - ANTI-HISTAMÍNICOS SISTÊMICOS	Similar	Tarja Sem Tarja	
MALEATO DE DEXCLORFENIRAMINA	POLARATUSS	R5C - EXPECTORANTES	Similar	Tarja Vermelha	
MALEATO DE DEXCLORFENIRAMINA	FENIRAX	R6A - ANTI-HISTAMÍNICOS SISTÊMICOS	Similar	Tarja Sem Tarja	
MALEATO DE DEXCLORFENIRAMINA	MALEATO DE DEXCLORFENIRAMINA	R6A - ANTI-HISTAMÍNICOS SISTÊMICOS	Genérico	- (*) 	
MALEATO DE DEXCLORFENIRAMINA	LOFERNIM	R6A - ANTI-HISTAMÍNICOS SISTÊMICOS	Similar	- (*) 	
MALEATO DE DEXCLORFENIRAMINA	POLARADEX	R6A - ANTI-HISTAMÍNICOS SISTÊMICOS	Similar	- (*) 	
MALEATO DE DEXCLORFENIRAMINA	MALEATO DE DEXCLORFENIRAMINA	R6A - ANTI-HISTAMÍNICOS SISTÊMICOS	Genérico	Tarja Sem Tarja	
MALEATO DE DEXCLORFENIRAMINA	ALERGOMINE	R6A - ANTI-HISTAMÍNICOS SISTÊMICOS	Similar	Tarja Sem Tarja	
MALEATO DE DEXCLORFENIRAMINA	XÔ! PÓS PICADA	D4A - ANTIPRURIGINOSOS  TÓPICOS - INCLUINDO ANTIHISTAMÍNICOS, ANESTÉSICOS, ETC	Similar	Tarja Sem Tarja	
MALEATO DE DEXCLORFENIRAMINA	POLARAX	R6A - ANTI-HISTAMÍNICOS SISTÊMICOS	Similar	Tarja Sem Tarja	
MALEATO DE DEXCLORFENIRAMINA	HYSTIN	R6A - ANTI-HISTAMÍNICOS SISTÊMICOS	Similar	- (*) 	
MALEATO DE DEXCLORFENIRAMINA	MALEATO DE DEXCLORFENIRAMINA	R6A - ANTI-HISTAMÍNICOS SISTÊMICOS	Genérico	- (*) 	
MALEATO DE DEXCLORFENIRAMINA	MALEATO DE DEXCLORFENIRAMINA	R6A - ANTI-HISTAMÍNICOS SISTÊMICOS	Genérico	Tarja Sem Tarja	
MALEATO DE DEXCLORFENIRAMINA	HISTAMIN	R6A - ANTI-HISTAMÍNICOS SISTÊMICOS	Similar	- (*) 	
MALEATO DE DEXCLORFENIRAMINA	POLARAMINE	R6A - ANTI-HISTAMÍNICOS SISTÊMICOS	Novo	- (*) 	
MALEATO DE DEXCLORFENIRAMINA	HILERGRO	R6A - ANTI-HISTAMÍNICOS SISTÊMICOS	Similar	Tarja Sem Tarja	
MALEATO DE ENALAPRIL	RENITEC	C9A - INIBIDORES DA ECA PUROS	Novo	- (*) 	
MALEATO DE ENALAPRIL	MALEATO DE ENALAPRIL	C9A - INIBIDORES DA ECA PUROS	Genérico	Tarja Vermelha	
MALEATO DE ENALAPRIL	MALEATO DE ENALAPRIL	C9A - INIBIDORES DA ECA PUROS	Genérico	Tarja Vermelha	
MALEATO DE ENALAPRIL	RENAPRIL	C9A - INIBIDORES DA ECA PUROS	Similar	- (*) 	
MALEATO DE ENALAPRIL	MALEATO DE ENALAPRIL	C9A - INIBIDORES DA ECA PUROS	Genérico	Tarja Vermelha	
MALEATO DE ENALAPRIL	MALEATO DE ENALAPRIL	C9A - INIBIDORES DA ECA PUROS	Genérico	Tarja Vermelha	
MALEATO DE ENALAPRIL	ANGIOPRIL	C9A - INIBIDORES DA ECA PUROS	Similar	Tarja Vermelha	
MALEATO DE ENALAPRIL	MALEATO DE ENALAPRIL	C9A - INIBIDORES DA ECA PUROS	Genérico	Tarja Vermelha	
MALEATO DE ENALAPRIL	RENOPRIL	C9A - INIBIDORES DA ECA PUROS	Similar	Tarja Vermelha	
MALEATO DE ENALAPRIL	MALEATO DE ENALAPRIL	C9A - INIBIDORES DA ECA PUROS	Genérico	Tarja Vermelha	
MALEATO DE ENALAPRIL	MALEATO DE ENALAPRIL	C9A - INIBIDORES DA ECA PUROS	Genérico	- (*) 	
MALEATO DE ENALAPRIL	PRESSOMEDE	C9A - INIBIDORES DA ECA PUROS	Similar	- (*) 	
MALEATO DE ENALAPRIL	VASOPRIL	C9A - INIBIDORES DA ECA PUROS	Similar	Tarja Vermelha	
MALEATO DE ENALAPRIL	MALEATO DE ENALAPRIL	C9A - INIBIDORES DA ECA PUROS	Genérico	Tarja Vermelha	
MALEATO DE ENALAPRIL	MALEATO DE ENALAPRIL	C9A - INIBIDORES DA ECA PUROS	Genérico	Tarja Vermelha	
MALEATO DE ENALAPRIL	SANVAPRESS	C9A - INIBIDORES DA ECA PUROS	Similar	Tarja Vermelha	
MALEATO DE ENALAPRIL	MALEATO DE ENALAPRIL	C9A - INIBIDORES DA ECA PUROS	Genérico	Tarja Vermelha	
MALEATO DE ENALAPRIL	ENAPLEX	C9A - INIBIDORES DA ECA PUROS	Similar	- (*) 	
MALEATO DE ENALAPRIL	MALEATO DE ENALAPRIL	C9A - INIBIDORES DA ECA PUROS	Genérico	Tarja Vermelha	
MALEATO DE ENALAPRIL	MALEATO DE ENALAPRIL	C9A - INIBIDORES DA ECA PUROS	Genérico	Tarja Vermelha	
MALEATO DE ENALAPRIL	RENALAPRIL	C9A - INIBIDORES DA ECA PUROS	Similar	Tarja Vermelha	
MALEATO DE ENALAPRIL	MALEATO DE ENALAPRIL	C9A - INIBIDORES DA ECA PUROS	Genérico	Tarja Vermelha	
MALEATO DE ENALAPRIL	PRESSEL	C9A - INIBIDORES DA ECA PUROS	Similar	Tarja Vermelha	
MALEATO DE ENALAPRIL	MALEATO DE ENALAPRIL	C9A - INIBIDORES DA ECA PUROS	Genérico	- (*) 	
MALEATO DE ENALAPRIL	MALEATO DE ENALAPRIL	C9A - INIBIDORES DA ECA PUROS	Genérico	Tarja Vermelha	
MALEATO DE FENIRAMINA	OCUTIL	S1G5 - DESCONGESTIONANTES OFTALMOLÓGICOS, SIMPATICOMIMÉTICOS	Similar	Tarja Sem Tarja	
MALEATO DE FLUVOXAMINA	MALEATO DE FLUVOXAMINA	N6A4 - ANTIDEPRESSIVOS SSRI	Genérico	Tarja Vermelha sob restrição	
MALEATO DE FLUVOXAMINA	AFLUV	N6A4 - ANTIDEPRESSIVOS SSRI	Similar	Tarja Vermelha sob restrição	
MALEATO DE FLUVOXAMINA	FLUVIQUE	N6A4 - ANTIDEPRESSIVOS SSRI	Similar	Tarja Vermelha sob restrição	
MALEATO DE FLUVOXAMINA	LUVOX	N6A4 - ANTIDEPRESSIVOS SSRI	Novo	Tarja Vermelha sob restrição	
MALEATO DE FLUVOXAMINA	REVOC	N6A4 - ANTIDEPRESSIVOS SSRI	Similar	- (*) 	
MALEATO DE FLUVOXAMINA	MALEATO DE FLUVOXAMINA	N6A4 - ANTIDEPRESSIVOS SSRI	Genérico	Tarja Vermelha sob restrição	
MALEATO DE FLUVOXAMINA	SEMTRI	N6A4 - ANTIDEPRESSIVOS SSRI	Similar	Tarja Vermelha sob restrição	
MALEATO DE FLUVOXAMINA	MALEATO DE FLUVOXAMINA	N6A4 - ANTIDEPRESSIVOS SSRI	Genérico	Tarja Vermelha sob restrição	
MALEATO DE INDACATEROL	ONBRIZE	R3A3 - ANTIASMÁTICOS/DPOC AGONISTAS B2 LONGA AÇÃO INALANTE	Novo	Tarja Vermelha	
MALEATO DE INDACATEROL;BROMETO DE GLICOPIRRÔNIO	ULTIBRO	R3L2 - ASSOCIAÇÕES DE ANTICOLINÉRGICOS DE LONGA DURAÇÃO COM AGONISTAS-B2 DE LONGA DURAÇÃO, INALANTES	Novo	Tarja Vermelha	
MALEATO DE LEVOMEPROMAZINA	MALEATO DE LEVOMEPROMAZINA	N5A9 - ANTIPSICÓTICOS CONVENCIONAIS	Genérico	Tarja Vermelha sob restrição	
MALEATO DE METILERGOMETRINA	ERGOMETRIN	G2A - INDUTORES DO PARTO INCLUINDO OXITOCINAS	Similar	Tarja Vermelha	
MALEATO DE MIDAZOLAM	DORMONID	N5B1 - HIPNÓTICOS E SEDATIVOS NÃO BARBITÚRICOS PUROS	Novo	Tarja Preta	
MALEATO DE MIDAZOLAM	MALEATO DE MIDAZOLAM	N5B1 - HIPNÓTICOS E SEDATIVOS NÃO BARBITÚRICOS PUROS	Genérico	Tarja Preta	
MALEATO DE NERATINIBE	NERLYNX	L1H9 - OUTROS ANTINEOPLÁSICOS INIBIDORES DA PROTEÍNA KINASE	Novo	Tarja Vermelha	
MALEATO DE TIMOLOL	MALEATO DE TIMOLOL	S1E2 - PREPARAÇÕES ANTIGLAUCOMAS E MIÓTICAS TÓPICAS	Genérico	Tarja Vermelha	
MALEATO DE TIMOLOL;BIMATOPROSTA	DUOGLAU	S1E2 - PREPARAÇÕES ANTIGLAUCOMAS E MIÓTICAS TÓPICAS	Similar	Tarja Vermelha	
MALEATO DE TIMOLOL;BIMATOPROSTA	GLAMIGAN MT	S1E2 - PREPARAÇÕES ANTIGLAUCOMAS E MIÓTICAS TÓPICAS	Similar	Tarja Vermelha	
MALEATO DE TIMOLOL;CLORIDRATO DE DORZOLAMIDA	DRUSOLOL LC	S1E2 - PREPARAÇÕES ANTIGLAUCOMAS E MIÓTICAS TÓPICAS	Similar	Tarja Vermelha	
MALEATO DE TIMOLOL;CLORIDRATO DE DORZOLAMIDA	CLORIDRATO DE DORZOLAMIDA + MALEATO DE TIMOLOL	S1E2 - PREPARAÇÕES ANTIGLAUCOMAS E MIÓTICAS TÓPICAS	Genérico	Tarja Vermelha	
MALEATO DE TIMOLOL;CLORIDRATO DE DORZOLAMIDA	CLORIDRATO DE DORZOLAMIDA + MALEATO DE TIMOLOL	S1E2 - PREPARAÇÕES ANTIGLAUCOMAS E MIÓTICAS TÓPICAS	Genérico	Tarja Vermelha	
MALEATO DE TIMOLOL;CLORIDRATO DE DORZOLAMIDA	OZ	S1E2 - PREPARAÇÕES ANTIGLAUCOMAS E MIÓTICAS TÓPICAS	Similar	Tarja Vermelha	
MALEATO DE TIMOLOL;LATANOPROSTA	XALACOM	S1E2 - PREPARAÇÕES ANTIGLAUCOMAS E MIÓTICAS TÓPICAS	Novo	Tarja Vermelha	
MALEATO DE TIMOLOL;LATANOPROSTA	TIVECOM	S1E2 - PREPARAÇÕES ANTIGLAUCOMAS E MIÓTICAS TÓPICAS	Similar	Tarja Vermelha	
MALEATO DE TIMOLOL;LATANOPROSTA	LATANOPROSTA + MALEATO DE TIMOLOL	S1E2 - PREPARAÇÕES ANTIGLAUCOMAS E MIÓTICAS TÓPICAS	Genérico	Tarja Vermelha	
MALEATO DE TIMOLOL;LATANOPROSTA	LATANOPROSTA + MALEATO DE TIMOLOL	S1E2 - PREPARAÇÕES ANTIGLAUCOMAS E MIÓTICAS TÓPICAS	Genérico	Tarja Vermelha	
MALEATO DE TIMOLOL;LATANOPROSTA	XALACOM	S1E2 - PREPARAÇÕES ANTIGLAUCOMAS E MIÓTICAS TÓPICAS	Novo	Tarja Vermelha	
MALEATO DE TIMOLOL;TARTARATO DE BRIMONIDINA	COMBIGAN	S1E2 - PREPARAÇÕES ANTIGLAUCOMAS E MIÓTICAS TÓPICAS	Novo	Tarja Vermelha	
MALEATO DE TIMOLOL;TARTARATO DE BRIMONIDINA	TARTARATO DE BRIMONIDINA + MALEATO DE TIMOLOL	S1E2 - PREPARAÇÕES ANTIGLAUCOMAS E MIÓTICAS TÓPICAS	Genérico	Tarja Vermelha	
MALEATO DE TIMOLOL;TARTARATO DE BRIMONIDINA	BRITENS LC	S1E2 - PREPARAÇÕES ANTIGLAUCOMAS E MIÓTICAS TÓPICAS	Similar	Tarja Vermelha	
MALEATO DE TIMOLOL;TARTARATO DE BRIMONIDINA	COMBTOL	S1E2 - PREPARAÇÕES ANTIGLAUCOMAS E MIÓTICAS TÓPICAS	Similar	Tarja Vermelha	
MALEATO DE TIMOLOL;TARTARATO DE BRIMONIDINA	BRIXAG	S1E2 - PREPARAÇÕES ANTIGLAUCOMAS E MIÓTICAS TÓPICAS	Similar	Tarja Vermelha	
MALEATO DE TRIMEBUTINA	TRIMEB	A3F - GASTROPROCINÉTICOS	Similar	Tarja Vermelha	
MALEATO DE TRIMEBUTINA	MALEATO DE TRIMEBUTINA	A3F - GASTROPROCINÉTICOS	Genérico	Tarja Vermelha	
MALEATO DE TRIMEBUTINA	MALEATO DE TRIMEBUTINA	A3F - GASTROPROCINÉTICOS	Genérico	Tarja Vermelha	
MALEATO DE TRIMEBUTINA	TRIMEXIUM	A3F - GASTROPROCINÉTICOS	Similar	Tarja Vermelha	
MALEATO DE TRIMEBUTINA	IRRITRATIL	A3F - GASTROPROCINÉTICOS	Similar	Tarja Vermelha	
MALEATO DE TRIMEBUTINA	MALEATO DE TRIMEBUTINA	A3F - GASTROPROCINÉTICOS	Genérico	Tarja Vermelha	
MALEATO DE TRIMEBUTINA	MALEATO DE TRIMEBUTINA	A3F - GASTROPROCINÉTICOS	Genérico	Tarja Vermelha	
MALEATO DE TRIMEBUTINA	IRRITRATIL	A3F - GASTROPROCINÉTICOS	Similar	- (*) 	
MALEATO DE TRIMEBUTINA	MALEATO DE TRIMEBUTINA	A3F - GASTROPROCINÉTICOS	Genérico	Tarja Vermelha	
MALEATO DE TRIMEBUTINA	MODULATRI	A3F - GASTROPROCINÉTICOS	Similar	Tarja Vermelha	
MALEATO DE TRIMEBUTINA	DIGEDRAT	A3F - GASTROPROCINÉTICOS	Novo	Tarja Vermelha	
MALEATO ÁCIDO DE TIMOLOL	MALEATO DE TIMOLOL	S1E2 - PREPARAÇÕES ANTIGLAUCOMAS E MIÓTICAS TÓPICAS	Genérico	Tarja Vermelha	
MALEATO ÁCIDO DE TIMOLOL	MALEATO DE TIMOLOL	S1E2 - PREPARAÇÕES ANTIGLAUCOMAS E MIÓTICAS TÓPICAS	Genérico	Tarja Vermelha	
MALEATO ÁCIDO DE TIMOLOL	MALEATO DE TIMOLOL	S1E2 - PREPARAÇÕES ANTIGLAUCOMAS E MIÓTICAS TÓPICAS	Genérico	- (*) 	
MALEATO ÁCIDO DE TIMOLOL	TIMOSAN	S1E2 - PREPARAÇÕES ANTIGLAUCOMAS E MIÓTICAS TÓPICAS	Similar	- (*) 	
MALEATO ÁCIDO DE TIMOLOL	MALEATO DE TIMOLOL	S1E2 - PREPARAÇÕES ANTIGLAUCOMAS E MIÓTICAS TÓPICAS	Genérico	- (*) 	
MALEATO ÁCIDO DE TIMOLOL	TENOFTAL	S1E2 - PREPARAÇÕES ANTIGLAUCOMAS E MIÓTICAS TÓPICAS	Similar	- (*) 	
MALEATO ÁCIDO DE TIMOLOL	GLAUCOTRAT	S1E2 - PREPARAÇÕES ANTIGLAUCOMAS E MIÓTICAS TÓPICAS	Similar	Tarja Vermelha	
MALEATO ÁCIDO DE TIMOLOL	MALEATO DE TIMOLOL	S1E2 - PREPARAÇÕES ANTIGLAUCOMAS E MIÓTICAS TÓPICAS	Genérico	Tarja Vermelha	
MALEATO ÁCIDO DE TIMOLOL	LATANOPROSTA + MALEATO DE TIMOLOL	S1E2 - PREPARAÇÕES ANTIGLAUCOMAS E MIÓTICAS TÓPICAS	Genérico	- (*) 	
MALEATO ÁCIDO DE TIMOLOL	XALANOFT	S1E2 - PREPARAÇÕES ANTIGLAUCOMAS E MIÓTICAS TÓPICAS	Similar	Tarja Vermelha	
MALEATO ÁCIDO DE TIMOLOL	MALEATO DE TIMOLOL	S1E2 - PREPARAÇÕES ANTIGLAUCOMAS E MIÓTICAS TÓPICAS	Genérico	Tarja Vermelha	
MALEATO ÁCIDO DE TIMOLOL	MALEATO DE TIMOLOL	S1E2 - PREPARAÇÕES ANTIGLAUCOMAS E MIÓTICAS TÓPICAS	Genérico	- (*) 	
MALEATO ÁCIDO DE TIMOLOL	TIMOPTOL	S1E2 - PREPARAÇÕES ANTIGLAUCOMAS E MIÓTICAS TÓPICAS	Novo	Tarja Vermelha	
MALEATO ÁCIDO DE TIMOLOL;BIMATOPROSTA	GANFORT	S1E2 - PREPARAÇÕES ANTIGLAUCOMAS E MIÓTICAS TÓPICAS	Novo	Tarja Vermelha	
MALEATO ÁCIDO DE TIMOLOL;BRINZOLAMIDA	AZORGA	S1E2 - PREPARAÇÕES ANTIGLAUCOMAS E MIÓTICAS TÓPICAS	Novo	Tarja Vermelha	
MALEATO ÁCIDO DE TIMOLOL;CLORIDRATO DE DORZOLAMIDA	CLORIDRATO DE DORZOLAMIDA+MALEATO DE TIMOLOL	S1E2 - PREPARAÇÕES ANTIGLAUCOMAS E MIÓTICAS TÓPICAS	Genérico	Tarja Vermelha	
MALEATO ÁCIDO DE TIMOLOL;CLORIDRATO DE DORZOLAMIDA	CLORIDRATO DE DORZOLAMIDA + MALEATO DE TIMOLOL	S1E2 - PREPARAÇÕES ANTIGLAUCOMAS E MIÓTICAS TÓPICAS	Genérico	- (*) 	
MALEATO ÁCIDO DE TIMOLOL;CLORIDRATO DE DORZOLAMIDA	GLALFITAL	S1E2 - PREPARAÇÕES ANTIGLAUCOMAS E MIÓTICAS TÓPICAS	Similar	- (*) 	
MALEATO ÁCIDO DE TIMOLOL;CLORIDRATO DE DORZOLAMIDA	DRUSOLOL	S1E2 - PREPARAÇÕES ANTIGLAUCOMAS E MIÓTICAS TÓPICAS	Similar	Tarja Vermelha	
MALEATO ÁCIDO DE TIMOLOL;CLORIDRATO DE DORZOLAMIDA	CLORIDRATO DE DORZOLAMIDA+MALEATO DE TIMOLOL	S1E2 - PREPARAÇÕES ANTIGLAUCOMAS E MIÓTICAS TÓPICAS	Genérico	Tarja Vermelha	
MALEATO ÁCIDO DE TIMOLOL;CLORIDRATO DE DORZOLAMIDA	CLORIDRATO DE DORZOLAMIDA+MALEATO DE TIMOLOL	S1E2 - PREPARAÇÕES ANTIGLAUCOMAS E MIÓTICAS TÓPICAS	Genérico	Tarja Vermelha	
MALEATO ÁCIDO DE TIMOLOL;CLORIDRATO DE DORZOLAMIDA	DORZAL MT	S1E2 - PREPARAÇÕES ANTIGLAUCOMAS E MIÓTICAS TÓPICAS	Similar	Tarja Vermelha	
MALEATO ÁCIDO DE TIMOLOL;CLORIDRATO DE DORZOLAMIDA	COSOPT	S1E2 - PREPARAÇÕES ANTIGLAUCOMAS E MIÓTICAS TÓPICAS	Novo	Tarja Vermelha	
MALEATO ÁCIDO DE TIMOLOL;LATANOPROSTA	LATANOPROSTA + MALEATO DE TIMOLOL	S1E2 - PREPARAÇÕES ANTIGLAUCOMAS E MIÓTICAS TÓPICAS	Genérico	Tarja Vermelha	
MALEATO ÁCIDO DE TIMOLOL;LATANOPROSTA	LATONAN	S1E2 - PREPARAÇÕES ANTIGLAUCOMAS E MIÓTICAS TÓPICAS	Similar	Tarja Vermelha	
MALEATO ÁCIDO DE TIMOLOL;TARTARATO DE BRIMONIDINA	BRITENS	S1E2 - PREPARAÇÕES ANTIGLAUCOMAS E MIÓTICAS TÓPICAS	Similar	- (*) 	
MALEATO ÁCIDO DE TIMOLOL;TARTARATO DE BRIMONIDINA	TARTARATO DE BRIMONIDINA+MALEATO DE TIMOLOL	S1E2 - PREPARAÇÕES ANTIGLAUCOMAS E MIÓTICAS TÓPICAS	Genérico	Tarja Vermelha	
MALEATO ÁCIDO DE TIMOLOL;TARTARATO DE BRIMONIDINA	TINODIN	S1E2 - PREPARAÇÕES ANTIGLAUCOMAS E MIÓTICAS TÓPICAS	Similar	Tarja Vermelha	
MALEATO ÁCIDO DE TIMOLOL;TARTARATO DE BRIMONIDINA;BIMATOPROSTA	TRIPLENEX	S1E2 - PREPARAÇÕES ANTIGLAUCOMAS E MIÓTICAS TÓPICAS	Novo	Tarja Vermelha	
MANITOL	MANITOL 20%	C3A9 - OUTROS DIURÉTICOS	Específico	- (*) 	
MANITOL	SOLUCÃO DE MANITOL 20%	C3A9 - OUTROS DIURÉTICOS	Específico	- (*) 	
MANITOL	SOLUÇÃO DE MANITOL 20%	C3A9 - OUTROS DIURÉTICOS	Específico	Tarja Vermelha	
MANITOL	MANITOL 20%	C3A9 - OUTROS DIURÉTICOS	Específico	- (*) 	
MANITOL	MANITOL BEKER	C3A9 - OUTROS DIURÉTICOS	Específico	Tarja Vermelha	
MANITOL	JP MANITOL	C3A9 - OUTROS DIURÉTICOS	Específico	- (*) 	
MANITOL	MANITOL BAXTER	C3A9 - OUTROS DIURÉTICOS	Específico	Tarja Vermelha	
MANITOL	MANITOL FARMACE	C3A9 - OUTROS DIURÉTICOS	Específico	- (*) 	
MANITOL	SOLUCAO DE MANITOL EQUIPLEX	C3A9 - OUTROS DIURÉTICOS	Específico	- (*) 	
MANITOL	MANITOL	C3A9 - OUTROS DIURÉTICOS	Específico	- (*) 	
MANITOL	MANITOL 20%	K1F1 - SOLUÇÕES PARA TERAPIA OSMÓTICA	Específico	- (*) 	
MANITOL	MANITOL	C3A9 - OUTROS DIURÉTICOS	Específico	- (*) 	
MANITOL;SORBITOL	PURISOLE SM	K5A9 - OUTRAS SOLUÇÕES DE IRRIGAÇÃO	Específico	- (*) 	
MANITOL;SORBITOL	SORBITOL + MANITOL	K5A9 - OUTRAS SOLUÇÕES DE IRRIGAÇÃO	Específico	Tarja Vermelha	
MARAVIROQUE	CELSENTRI	J5C4 - ANTIVIRAIS HIV, INIBIDORES DE ENTRADA	Novo	Tarja Vermelha	
MARIBAVIR	LIVTENCITY	J5B9 - OUTROS ANTIVIRAIS	Novo	Tarja Vermelha	
MARSTACIMABE	HYMPAVZI	B2D3 - PRODUTOS ANTI-INIBIDORES DA HEMOFILIA	Biológico	Tarja Vermelha	
MATRICARIA RECUTITA L.	AD-MUC	V3X9 - OUTRAS PREPARAÇÕES  TERAPÊUTICAS	Fitoterápico	- (*) 	
MAVACANTENO	CAMZYOS	C1X - TODAS OUTRAS PREPARAÇÕES CARDÍACAS	Novo	Tarja Vermelha	
MAYTENUS ILICIFOLIA MART.EX.REISS	ESPINHEIRA SANTA	A2B9 - TODOS OS OUTROS ANTIULCEROSOS	Fitoterápico	Tarja Sem Tarja	
MAYTENUS ILICIFOLIA MART.EX.REISS	GASTRILESS	A2B9 - TODOS OS OUTROS ANTIULCEROSOS	Fitoterápico	Tarja Sem Tarja	
MAYTENUS ILICIFOLIA MART.EX.REISS	ESPINHEIRA SANTA NATULAB	A2B9 - TODOS OS OUTROS ANTIULCEROSOS	Fitoterápico	- (*) 	
MAYTENUS ILICIFOLIA MART.EX.REISS	GASTRINON	A2B9 - TODOS OS OUTROS ANTIULCEROSOS	Fitoterápico	Tarja Sem Tarja	
MAYTENUS ILICIFOLIA MART.EX.REISS;JATEORHIZA PALMATA (LAM.) MIERS	TINTURA DE ESPINHEIRA DIVINA COMPOSTA	A16A - OUTROS PRODUTOS PARA O APARELHO DIGESTÓRIO E METABOLISMO	Fitoterápico	Tarja Sem Tarja	
MEBENDAZOL	BELMIRAX	P1B - ANTI-HELMÍNTICOS EXCETO ESQUISTOSSOMICIDAS (P1C)	Similar	- (*) 	
MEBENDAZOL	MEBENDAZOL	P1B - ANTI-HELMÍNTICOS EXCETO ESQUISTOSSOMICIDAS (P1C)	Genérico	Tarja Sem Tarja	
MEBENDAZOL	HELMILAB	P1B - ANTI-HELMÍNTICOS EXCETO ESQUISTOSSOMICIDAS (P1C)	Similar	- (*) 	
MECOBALAMINA	DOZI	A11F - VITAMINA B12 PURA	Específico	Tarja Vermelha	
MECOBALAMINA	MEC 12	A11F - VITAMINA B12 PURA	Específico	Tarja Vermelha	
MECOBALAMINA	COBI-12	A11F - VITAMINA B12 PURA	Específico	Tarja Vermelha	
MECOBALAMINA	DOZEMAST	A11F - VITAMINA B12 PURA	Específico	Tarja Vermelha	
MECOBALAMINA	DODIBE	A11F - VITAMINA B12 PURA	Específico	Tarja Vermelha	
MECOBALAMINA	ATIVB	A11F - VITAMINA B12 PURA	Específico	Tarja Vermelha	
MECOBALAMINA	DEFB	A11F - VITAMINA B12 PURA	Específico	Tarja Vermelha	
MECOBALAMINA	MECOBALAMINA	A11F - VITAMINA B12 PURA	Específico	Tarja Vermelha	
MECOBALAMINA	MECOBE	A11F - VITAMINA B12 PURA	Específico	Tarja Vermelha	
MECOBALAMINA	BMAST	A11F - VITAMINA B12 PURA	Específico	Tarja Vermelha	
MECOBALAMINA;NITRATO DE TIAMINA;CLORIDRATO DE PIRIDOXINA	DOZEMAST TRIO	A11D4 - ASSOCIAÇÕES VITAMINA B1+ B6 E/OU B12	Específico	Tarja Vermelha	
MELFALANA	ALKERAN	L1A - AGENTES ANTINEOPLÁSICOS ALQUILANTES	Novo	Tarja Vermelha	
MELILOTUS OFFICINALIS (L.) PALL.	VECASTEN	C5C - VASOPROTETORES SISTÊMICOS	Fitoterápico	Tarja Vermelha	
MELOXICAM	MELOXICAM	M1A1 - ANTIRREUMÁTICOS NÃO ESTEROIDAIS PUROS	Genérico	Tarja Vermelha	
MELOXICAM	MELOCOX	M1A1 - ANTIRREUMÁTICOS NÃO ESTEROIDAIS PUROS	Similar	Tarja Vermelha sob restrição	
MELOXICAM	MELOCOX ODT	M1A1 - ANTIRREUMÁTICOS NÃO ESTEROIDAIS PUROS	Novo	Tarja Vermelha	
MELOXICAM	MELOXICAM	M1A1 - ANTIRREUMÁTICOS NÃO ESTEROIDAIS PUROS	Genérico	Tarja Vermelha	
MELOXICAM	MELOVAC	M1A1 - ANTIRREUMÁTICOS NÃO ESTEROIDAIS PUROS	Similar	- (*) 	
MELOXICAM	BIOFLAC	M1A1 - ANTIRREUMÁTICOS NÃO ESTEROIDAIS PUROS	Similar	Tarja Vermelha	
MELOXICAM	MELOXICAM	M1A1 - ANTIRREUMÁTICOS NÃO ESTEROIDAIS PUROS	Genérico	Tarja Vermelha	
MELOXICAM	INICOX DP	M1A1 - ANTIRREUMÁTICOS NÃO ESTEROIDAIS PUROS	Novo	Tarja Vermelha	
MELOXICAM	MELOXICAM	M1A1 - ANTIRREUMÁTICOS NÃO ESTEROIDAIS PUROS	Genérico	Tarja Vermelha	
MELOXICAM	MELOXICAM	M1A1 - ANTIRREUMÁTICOS NÃO ESTEROIDAIS PUROS	Genérico	Tarja Vermelha	
MELOXICAM	MELOXICAM	M1A1 - ANTIRREUMÁTICOS NÃO ESTEROIDAIS PUROS	Genérico	Tarja Vermelha	
MELOXICAM	MELOXICAM	M1A1 - ANTIRREUMÁTICOS NÃO ESTEROIDAIS PUROS	Genérico	Tarja Vermelha	
MELOXICAM	HILAM	M1A1 - ANTIRREUMÁTICOS NÃO ESTEROIDAIS PUROS	Similar	Tarja Vermelha	
MELOXICAM	ARTRITEC	M1A1 - ANTIRREUMÁTICOS NÃO ESTEROIDAIS PUROS	Similar	Tarja Vermelha	
MELOXICAM	MELOXICAM	M1A1 - ANTIRREUMÁTICOS NÃO ESTEROIDAIS PUROS	Genérico	Tarja Vermelha	
MELOXICAM	MELOXICAM	M1A1 - ANTIRREUMÁTICOS NÃO ESTEROIDAIS PUROS	Genérico	Tarja Vermelha	
MELOXICAM	MELOXICAM	M1A1 - ANTIRREUMÁTICOS NÃO ESTEROIDAIS PUROS	Genérico	Tarja Vermelha	
MELOXICAM	MELOXICAM	M1A1 - ANTIRREUMÁTICOS NÃO ESTEROIDAIS PUROS	Genérico	- (*) 	
MELOXICAM	LOXAM	M1A1 - ANTIRREUMÁTICOS NÃO ESTEROIDAIS PUROS	Similar	Tarja Vermelha	
MELOXICAM	MELOXICAM	M1A1 - ANTIRREUMÁTICOS NÃO ESTEROIDAIS PUROS	Genérico	- (*) 	
MELOXICAM	MELOXICAM	M1A1 - ANTIRREUMÁTICOS NÃO ESTEROIDAIS PUROS	Genérico	Tarja Vermelha	
MELOXICAM	MELOXICAM	M1A1 - ANTIRREUMÁTICOS NÃO ESTEROIDAIS PUROS	Genérico	Tarja Vermelha	
MELOXICAM	MELOXIGRAN	M1A1 - ANTIRREUMÁTICOS NÃO ESTEROIDAIS PUROS	Similar	Tarja Vermelha	
MELOXICAM	MELOXICAM	M1A1 - ANTIRREUMÁTICOS NÃO ESTEROIDAIS PUROS	Genérico	- (*) 	
MENAEPTENONA	DOISKA 180	B2B1 - VITAMINA K	Específico	Tarja Vermelha	
MENAEPTENONA;COLECALCIFEROL	INPRUV D K	A12A - PRODUTOS A BASE DE CÁLCIO	Específico	Tarja Vermelha	
MENOTROPINA	MENOPUR	G3G - GONADOTROFINAS INCLUINDO OUTROS ESTIMULANTES PARA OVULAÇÃO	Biológico	- (*) 	
MENOTROPINA	MERIONAL HG	G3G - GONADOTROFINAS INCLUINDO OUTROS ESTIMULANTES PARA OVULAÇÃO	Biológico	Tarja Vermelha	
MENTOL;SALICILATO DE METILA	BALSAMO BENGUE	M2A - ANTIRREUMÁTICOS E ANALGÉSICOS TÓPICOS	Específico	Tarja Sem Tarja	
MENTOL;SALICILATO DE METILA	RUBIDEX	M2A - ANTIRREUMÁTICOS E ANALGÉSICOS TÓPICOS	Específico	Tarja Sem Tarja	
MEPOLIZUMABE	NUCALA	R3M - ANTIASMÁTICOS INIBIDORES DA INTERLEUCINA	Biológico	Tarja Vermelha	
MERCAPTOPURINA	PURINETHOL	L1B - AGENTES ANTINEOPLÁSICOS ANTIMETABÓLITOS	Novo	- (*) 	
MEROPENÉM TRI-HIDRATADO	MEROPENEM	J1P2 - CARBAPENEMES E PENEMES	Genérico	Tarja Vermelha	
MEROPENÉM TRI-HIDRATADO	MEROPENÉM	J1P2 - CARBAPENEMES E PENEMES	Genérico	Tarja Vermelha sob restrição	
MEROPENÉM TRI-HIDRATADO	MEROMAX	J1P2 - CARBAPENEMES E PENEMES	Novo	Tarja Vermelha	
MEROPENÉM TRI-HIDRATADO	MEROPENÉM	J1P2 - CARBAPENEMES E PENEMES	Genérico	Tarja Vermelha	
MEROPENÉM TRI-HIDRATADO	MEROPENÉM	J1P2 - CARBAPENEMES E PENEMES	Genérico	Tarja Vermelha sob restrição	
MEROPENÉM TRI-HIDRATADO	MERONEM	J1P2 - CARBAPENEMES E PENEMES	Novo	Tarja Vermelha sob restrição	
MEROPENÉM TRI-HIDRATADO	MEROPENÉM	J1P2 - CARBAPENEMES E PENEMES	Genérico	Tarja Vermelha sob restrição	
MEROPENÉM TRI-HIDRATADO	MEROPENEM	J1P2 - CARBAPENEMES E PENEMES	Genérico	Tarja Vermelha	
MEROPENÉM TRI-HIDRATADO	MEROPENEM	J1P2 - CARBAPENEMES E PENEMES	Genérico	Tarja Vermelha	
MESALAZINA	MESALAZINA	A7E1 - PRODUTOS AMINOSALICILATOS PARA ALTERAÇÕES INTESTINAIS	Genérico	Tarja Vermelha	
MESALAZINA	MESALAZINA	A7E1 - PRODUTOS AMINOSALICILATOS PARA ALTERAÇÕES INTESTINAIS	Genérico	Tarja Vermelha	
MESALAZINA	MESACOL	A7E1 - PRODUTOS AMINOSALICILATOS PARA ALTERAÇÕES INTESTINAIS	Similar	Tarja Vermelha	
MESALAZINA	MESALAZINA	A7E1 - PRODUTOS AMINOSALICILATOS PARA ALTERAÇÕES INTESTINAIS	Genérico	Tarja Vermelha	
MESALAZINA	PENTASA	A7E1 - PRODUTOS AMINOSALICILATOS PARA ALTERAÇÕES INTESTINAIS	Novo	Tarja Vermelha	
MESALAZINA	CHRON-ASA 5	A7E1 - PRODUTOS AMINOSALICILATOS PARA ALTERAÇÕES INTESTINAIS	Similar	Tarja Vermelha	
MESALAZINA	MESALAZINA	A7E1 - PRODUTOS AMINOSALICILATOS PARA ALTERAÇÕES INTESTINAIS	Genérico	Tarja Vermelha	
MESALAZINA	ZYDCOL MR	A7E1 - PRODUTOS AMINOSALICILATOS PARA ALTERAÇÕES INTESTINAIS	Similar	Tarja Vermelha	
MESALAZINA	MESALAZINA	A7E1 - PRODUTOS AMINOSALICILATOS PARA ALTERAÇÕES INTESTINAIS	Genérico	Tarja Vermelha	
MESILATO DE BELUMOSUDIL	REZUROCK	L4A0 - AGENTES IMUNOSSUPRESSORES	Novo	Tarja Vermelha	
MESILATO DE DABRAFENIBE	TAFINLAR	L1H4 - INIBIDORES PREOTEÍNA KINASE ANTINEOPLÁSICOS, BRAF/MEK	Novo	Tarja Vermelha	
MESILATO DE DESFERROXAMINA	DESFERAL	V3F - AGENTES FERRO-QUELANTES	Novo	Tarja Vermelha	
MESILATO DE DESFERROXAMINA	MESILATO DE DESFERROXAMINA	V3F - AGENTES FERRO-QUELANTES	Genérico	Tarja Vermelha	
MESILATO DE DI-HIDROERGOTAMINA;CAFEÍNA;DIPIRONA	CEFALIV	N2C9 - TODOS AS OUTRAS PREPARAÇÕES ANTIENXAQUECOSAS	Novo	Tarja Vermelha	
MESILATO DE DI-HIDROERGOTAMINA;CAFEÍNA;DIPIRONA	ENXAK	N2C9 - TODOS AS OUTRAS PREPARAÇÕES ANTIENXAQUECOSAS	Similar	- (*) 	
MESILATO DE DI-HIDROERGOTAMINA;DIPIRONA MONOIDRATADA;CAFEÍNA	MIGRALIV	N2C9 - TODOS AS OUTRAS PREPARAÇÕES ANTIENXAQUECOSAS	Similar	Tarja Vermelha	
MESILATO DE DI-HIDROERGOTAMINA;DIPIRONA MONOIDRATADA;CAFEÍNA	XAQUELIV	N2C9 - TODOS AS OUTRAS PREPARAÇÕES ANTIENXAQUECOSAS	Similar	Tarja Vermelha	
MESILATO DE DI-HIDROERGOTAMINA;DIPIRONA MONOIDRATADA;CAFEÍNA	IZENXAQ	N2C9 - TODOS AS OUTRAS PREPARAÇÕES ANTIENXAQUECOSAS	Similar	Tarja Vermelha	
MESILATO DE DOXAZOSINA	DUOMO	C2A2 - ANTI-HIPERTENSIVOS PURO-AÇÃO PERIFÉRICA	Similar	Tarja Vermelha	
MESILATO DE DOXAZOSINA	MESILATO DE DOXAZOSINA	C2A2 - ANTI-HIPERTENSIVOS PURO-AÇÃO PERIFÉRICA	Genérico	Tarja Vermelha	
MESILATO DE DOXAZOSINA	MESILATO DE DOXAZOSINA	C2A2 - ANTI-HIPERTENSIVOS PURO-AÇÃO PERIFÉRICA	Genérico	Tarja Vermelha	
MESILATO DE DOXAZOSINA	DOXURAN	C2A2 - ANTI-HIPERTENSIVOS PURO-AÇÃO PERIFÉRICA	Similar	- (*) 	
MESILATO DE DOXAZOSINA	MESILATO DE DOXAZOSINA	C2A2 - ANTI-HIPERTENSIVOS PURO-AÇÃO PERIFÉRICA	Genérico	Tarja Vermelha	
MESILATO DE DOXAZOSINA	MESILATO DE DOXAZOSINA	C2A2 - ANTI-HIPERTENSIVOS PURO-AÇÃO PERIFÉRICA	Genérico	Tarja Vermelha	
MESILATO DE DOXAZOSINA	MESIDOX	C2A2 - ANTI-HIPERTENSIVOS PURO-AÇÃO PERIFÉRICA	Similar	Tarja Vermelha	
MESILATO DE DOXAZOSINA	UNOPROST	C2A2 - ANTI-HIPERTENSIVOS PURO-AÇÃO PERIFÉRICA	Similar	- (*) 	
MESILATO DE DOXAZOSINA	CARDURAN	C2A2 - ANTI-HIPERTENSIVOS PURO-AÇÃO PERIFÉRICA	Novo	Tarja Vermelha	
MESILATO DE DOXAZOSINA	MESILATO DE DOXAZOSINA	C2A2 - ANTI-HIPERTENSIVOS PURO-AÇÃO PERIFÉRICA	Genérico	Tarja Vermelha	
MESILATO DE DOXAZOSINA	DOXPROVIR	C2A2 - ANTI-HIPERTENSIVOS PURO-AÇÃO PERIFÉRICA	Similar	Tarja Vermelha	
MESILATO DE DOXAZOSINA	MESILATO DE DOXAZOSINA	C2A2 - ANTI-HIPERTENSIVOS PURO-AÇÃO PERIFÉRICA	Genérico	- (*) 	
MESILATO DE DOXAZOSINA	PRÓS	C2A2 - ANTI-HIPERTENSIVOS PURO-AÇÃO PERIFÉRICA	Similar	Tarja Vermelha	
MESILATO DE DOXAZOSINA	DOXAPROST	C2A2 - ANTI-HIPERTENSIVOS PURO-AÇÃO PERIFÉRICA	Similar	- (*) 	
MESILATO DE DOXAZOSINA	MESILATO DE DOXAZOSINA	C2A2 - ANTI-HIPERTENSIVOS PURO-AÇÃO PERIFÉRICA	Genérico	Tarja Vermelha	
MESILATO DE DOXAZOSINA	LUTICS	C2A2 - ANTI-HIPERTENSIVOS PURO-AÇÃO PERIFÉRICA	Similar	- (*) 	
MESILATO DE DOXAZOSINA	MESILATO DE DOXAZOSINA	C2A2 - ANTI-HIPERTENSIVOS PURO-AÇÃO PERIFÉRICA	Genérico	Tarja Vermelha	
MESILATO DE DOXAZOSINA	MESILATO DE DOXAZOSINA	C2A2 - ANTI-HIPERTENSIVOS PURO-AÇÃO PERIFÉRICA	Genérico	- (*) 	
MESILATO DE DOXAZOSINA	CARDURAN	C2A2 - ANTI-HIPERTENSIVOS PURO-AÇÃO PERIFÉRICA	Novo	Tarja Vermelha	
MESILATO DE DOXAZOSINA	MESILATO DE DOXAZOSINA	C2A2 - ANTI-HIPERTENSIVOS PURO-AÇÃO PERIFÉRICA	Genérico	Tarja Vermelha sob restrição	
MESILATO DE DOXAZOSINA	MESILATO DE DOXAZOSINA	C2A2 - ANTI-HIPERTENSIVOS PURO-AÇÃO PERIFÉRICA	Genérico	Tarja Vermelha	
MESILATO DE DOXAZOSINA	CADVAS	C2A2 - ANTI-HIPERTENSIVOS PURO-AÇÃO PERIFÉRICA	Similar	Tarja Vermelha	
MESILATO DE DOXAZOSINA	EUPROSTATIN	C2A2 - ANTI-HIPERTENSIVOS PURO-AÇÃO PERIFÉRICA	Similar	Tarja Vermelha	
MESILATO DE DOXAZOSINA	MESILATO DE DOXAZOSINA	C2A2 - ANTI-HIPERTENSIVOS PURO-AÇÃO PERIFÉRICA	Genérico	Tarja Vermelha	
MESILATO DE DOXAZOSINA	MESILATO DE DOXAZOSINA	C2A2 - ANTI-HIPERTENSIVOS PURO-AÇÃO PERIFÉRICA	Genérico	Tarja Vermelha	
MESILATO DE DOXAZOSINA	MESILATO DE DOXAZOSINA	C2A2 - ANTI-HIPERTENSIVOS PURO-AÇÃO PERIFÉRICA	Genérico	Tarja Vermelha	
MESILATO DE DOXAZOSINA	MESILATO DE DOXAZOSINA	C2A2 - ANTI-HIPERTENSIVOS PURO-AÇÃO PERIFÉRICA	Genérico	- (*) 	
MESILATO DE DOXAZOSINA	MESILATO DE DOXAZOSINA	C2A2 - ANTI-HIPERTENSIVOS PURO-AÇÃO PERIFÉRICA	Genérico	Tarja Vermelha	
MESILATO DE DOXAZOSINA	DOXATIVO	C2A2 - ANTI-HIPERTENSIVOS PURO-AÇÃO PERIFÉRICA	Similar	Tarja Vermelha	
MESILATO DE DOXAZOSINA;FINASTERIDA	DUOMO HP	G4C4 - BPH COMBINAÇÕES DE ALFA-ANTAGONISTAS E INIBIDORES DA 5-ALFA TESTOSTERONA REDUTASE	Novo	Tarja Vermelha	
MESILATO DE DOXAZOSINA;FINASTERIDA	HOMINUS	G4C4 - BPH COMBINAÇÕES DE ALFA-ANTAGONISTAS E INIBIDORES DA 5-ALFA TESTOSTERONA REDUTASE	Similar	Tarja Vermelha	
MESILATO DE DOXAZOSINA;FINASTERIDA	PRÓS-HP	G4C4 - BPH COMBINAÇÕES DE ALFA-ANTAGONISTAS E INIBIDORES DA 5-ALFA TESTOSTERONA REDUTASE	Similar	Tarja Vermelha	
MESILATO DE ERIBULINA	HALAVEN	L1X9 - TODOS OS OUTROS ANTINEOPLÁSICOS	Novo	Tarja Vermelha	
MESILATO DE ERIBULINA	MESILATO DE ERIBULINA	L1X9 - TODOS OS OUTROS ANTINEOPLÁSICOS	Genérico	Tarja Vermelha	
MESILATO DE ETEXILATO DE DABIGATRANA	PRADAXA	B1E - INIBIDORES DIRETOS DA TROMBINA	Novo	- (*) 	
MESILATO DE ETEXILATO DE DABIGATRANA	ETEXILATO DE DABIGATRANA	B1E - INIBIDORES DIRETOS DA TROMBINA	Genérico	Tarja Vermelha	
MESILATO DE IMATINIBE	MESILATO DE IMATINIBE	L1H1 - INIBIDORES PREOTEÍNA KINASE ANTINEOPLÁSICOS, BCR-ABL	Genérico	- (*) 	
MESILATO DE IMATINIBE	BEIZOM	L1H1 - INIBIDORES PREOTEÍNA KINASE ANTINEOPLÁSICOS, BCR-ABL	Similar	Tarja Vermelha	
MESILATO DE IMATINIBE	GLIVEC	L1H1 - INIBIDORES PREOTEÍNA KINASE ANTINEOPLÁSICOS, BCR-ABL	Novo	Tarja Vermelha	
MESILATO DE IMATINIBE	MESILATO DE IMATINIBE	L1H1 - INIBIDORES PREOTEÍNA KINASE ANTINEOPLÁSICOS, BCR-ABL	Genérico	Tarja Vermelha	
MESILATO DE IMATINIBE	GLIMATIN	L1H1 - INIBIDORES PREOTEÍNA KINASE ANTINEOPLÁSICOS, BCR-ABL	Similar	Tarja Vermelha	
MESILATO DE IMATINIBE	MESILATO DE IMATINIBE	L1H1 - INIBIDORES PREOTEÍNA KINASE ANTINEOPLÁSICOS, BCR-ABL	Genérico	- (*) 	
MESILATO DE IMATINIBE	HYPONIBE	L1H1 - INIBIDORES PREOTEÍNA KINASE ANTINEOPLÁSICOS, BCR-ABL	Similar	Tarja Vermelha	
MESILATO DE IMATINIBE	MESILATO DE IMATINIBE	L1H1 - INIBIDORES PREOTEÍNA KINASE ANTINEOPLÁSICOS, BCR-ABL	Genérico	- (*) 	
MESILATO DE IMATINIBE	MESILATO DE IMATINIBE	L1H1 - INIBIDORES PREOTEÍNA KINASE ANTINEOPLÁSICOS, BCR-ABL	Genérico	Tarja Vermelha	
MESILATO DE IMATINIBE	MESILATO DE IMATINIBE	L1H1 - INIBIDORES PREOTEÍNA KINASE ANTINEOPLÁSICOS, BCR-ABL	Genérico	Tarja Vermelha	
MESILATO DE IMATINIBE	MESILATO DE IMATINIBE	L1H1 - INIBIDORES PREOTEÍNA KINASE ANTINEOPLÁSICOS, BCR-ABL	Genérico	Tarja Vermelha	
MESILATO DE IMATINIBE	PLUTO	L1H1 - INIBIDORES PREOTEÍNA KINASE ANTINEOPLÁSICOS, BCR-ABL	Similar	Tarja Vermelha	
MESILATO DE IMATINIBE	MESILATO DE IMATINIBE	L1H1 - INIBIDORES PREOTEÍNA KINASE ANTINEOPLÁSICOS, BCR-ABL	Genérico	Tarja Vermelha	
MESILATO DE IMATINIBE	LEUPHILA	L1H1 - INIBIDORES PREOTEÍNA KINASE ANTINEOPLÁSICOS, BCR-ABL	Similar	Tarja Vermelha	
MESILATO DE LAZERTINIBE MONOIDRATADO	LAZCLUZE	L1H2 - INIBIDORES PREOTEÍNA KINASE ANTINEOPLÁSICOS, EGFR	Novo	Tarja Vermelha	
MESILATO DE LENVATINIBE	MESILATO DE LENVATINIBE	L1H9 - OUTROS ANTINEOPLÁSICOS INIBIDORES DA PROTEÍNA KINASE	Genérico	Tarja Vermelha	
MESILATO DE LENVATINIBE	LODATYR	L1H9 - OUTROS ANTINEOPLÁSICOS INIBIDORES DA PROTEÍNA KINASE	Similar	Tarja Vermelha	
MESILATO DE LENVATINIBE	LENVIMA	L1H9 - OUTROS ANTINEOPLÁSICOS INIBIDORES DA PROTEÍNA KINASE	Novo	Tarja Vermelha	
MESILATO DE LENVATINIBE	MESILATO DE LENVATINIBE	L1H9 - OUTROS ANTINEOPLÁSICOS INIBIDORES DA PROTEÍNA KINASE	Genérico	Tarja Vermelha	
MESILATO DE LENVATINIBE	SAUMYA	L1H9 - OUTROS ANTINEOPLÁSICOS INIBIDORES DA PROTEÍNA KINASE	Similar	Tarja Vermelha	
MESILATO DE LOMITAPIDA	LOJUXTA®	C10A9 - PRODUTOS REGULADORES DE LÍPIDIOS, OUTROS	Novo	Tarja Vermelha	
MESILATO DE LOMITAPIDA	LOJUXTA®	C10A9 - PRODUTOS REGULADORES DE LÍPIDIOS, OUTROS	Novo	Tarja Vermelha	
MESILATO DE OSIMERTINIBE	TAGRISSO	L1H2 - INIBIDORES PREOTEÍNA KINASE ANTINEOPLÁSICOS, EGFR	Novo	Tarja Vermelha	
MESILATO DE RASAGILINA	GILMOV	N4A - ANTIPARKINSONIANOS	Similar	Tarja Vermelha sob restrição	
MESILATO DE RASAGILINA	AZILECT	N4A - ANTIPARKINSONIANOS	Novo	Tarja Vermelha sob restrição	
MESILATO DE RASAGILINA	MESILATO DE RASAGILINA	N4A - ANTIPARKINSONIANOS	Genérico	Tarja Vermelha	
MESILATO DE RASAGILINA	MESILATO DE RASAGILINA	N4A - ANTIPARKINSONIANOS	Genérico	Tarja Vermelha sob restrição	
MESILATO DE RASAGILINA	MESILATO DE RASAGILINA	N4A - ANTIPARKINSONIANOS	Genérico	Tarja Vermelha	
MESILATO DE SAFINAMIDA	XADAGO	N4A - ANTIPARKINSONIANOS	Novo	Tarja Vermelha	
MESNA	MESNA	V3D - AGENTES DESINTOXICANTES PARA O TRATAMENTO DE NEOPLASISAS	Genérico	Tarja Vermelha	
MESNA	MESNA	V3D - AGENTES DESINTOXICANTES PARA O TRATAMENTO DE NEOPLASISAS	Genérico	Tarja Vermelha	
MESNA	MITEXAN	V3D - AGENTES DESINTOXICANTES PARA O TRATAMENTO DE NEOPLASISAS	Similar	Tarja Vermelha	
MESNA	MESNA	V3D - AGENTES DESINTOXICANTES PARA O TRATAMENTO DE NEOPLASISAS	Genérico	- (*) 	
MESSALAZINA	MESALAZINA	A7E1 - PRODUTOS AMINOSALICILATOS PARA ALTERAÇÕES INTESTINAIS	Genérico	Tarja Vermelha	
MESSALAZINA	MESALAZINA	A7E1 - PRODUTOS AMINOSALICILATOS PARA ALTERAÇÕES INTESTINAIS	Genérico	- (*) 	
MESTEROLONA	PROVIRON	G3B - ANDRÓGENOS EXCLUINDO G3E, G3F	Novo	Tarja Vermelha sob restrição	
METENAMINA;CLORETO DE METILTIONÍNIO	SEPURIN	G4A9 - OUTROS ANTI-SÉPTCOS URINÁRIOS	Similar	Tarja Sem Tarja	
METENAMINA;CLORETO DE METILTIONÍNIO;CLORIDRATO DE ACRIFLAVINA	CYSTEX	G04A9 - OUTROS ANTI-SÉPTICOS URINÁRIOS	Similar	- (*) 	
METILBROMETO DE HOMATROPINA	HOMATROPIN	A3A - ANTIESPASMÓDICOS E ANTICOLINÉRGICOS PUROS	Similar	- (*) 	
METILDOPA	METILDOPA	C2A1 - ANTI-HIPERTENSIVOS PURO-AÇÃO CENTRAL	Genérico	Tarja Vermelha	
METILDOPA	METILDOPA	C2A1 - ANTI-HIPERTENSIVOS PURO-AÇÃO CENTRAL	Genérico	Tarja Vermelha	
METILDOPA	FURP - METILDOPA	C2A1 - ANTI-HIPERTENSIVOS PURO-AÇÃO CENTRAL	Similar	- (*) 	
METILDOPA	METILDOPA	C2A1 - ANTI-HIPERTENSIVOS PURO-AÇÃO CENTRAL	Genérico	Tarja Vermelha	
METILDOPA	METILDOPA	C2A1 - ANTI-HIPERTENSIVOS PURO-AÇÃO CENTRAL	Genérico	Tarja Vermelha	
METILDOPA	ALDOMET	C2A1 - ANTI-HIPERTENSIVOS PURO-AÇÃO CENTRAL	Novo	Tarja Vermelha	
METILDOPA SESQUI-HIDRATADA	TENSIOVAL	C2A1 - ANTI-HIPERTENSIVOS PURO-AÇÃO CENTRAL	Similar	Tarja Vermelha	
METILDOPA SESQUI-HIDRATADA	METILDOPA	C2A1 - ANTI-HIPERTENSIVOS PURO-AÇÃO CENTRAL	Genérico	Tarja Vermelha	
METILDOPA SESQUI-HIDRATADA	METILDOPA	C2A1 - ANTI-HIPERTENSIVOS PURO-AÇÃO CENTRAL	Genérico	Tarja Vermelha	
METILSULFATO DE NEOSTIGMINA	NORMASTIG	N7X - TODOS OS OUTROS PRODUTOS PARA O SISTEMA NERVOSO CENTRAL	Similar	Tarja Vermelha	
METILSULFATO DE NEOSTIGMINA	METILSULFATO DE NEOSTIGMINA	N7X - TODOS OS OUTROS PRODUTOS PARA O SISTEMA NERVOSO CENTRAL	Genérico	Tarja Vermelha	
METILSULFATO DE NEOSTIGMINA	NEOSTHY	N7X - TODOS OS OUTROS PRODUTOS PARA O SISTEMA NERVOSO CENTRAL	Similar	Tarja Vermelha	
METIMAZOL	TAPAZOL	H3B - PREPARAÇÕES ANTITIREOIDEANOS	Novo	Tarja Vermelha	
METOCLOPRAMIDA	NOVOSIL	A3F - GASTROPROCINÉTICOS	Similar	Tarja Vermelha	
METOTREXATO	FAULDMETRO	L1B - AGENTES ANTINEOPLÁSICOS ANTIMETABÓLITOS	Similar	Tarja Vermelha	
METOTREXATO	MEXY	L1B - AGENTES ANTINEOPLÁSICOS ANTIMETABÓLITOS	Similar	Tarja Vermelha	
METOTREXATO	MTX	L1B - AGENTES ANTINEOPLÁSICOS ANTIMETABÓLITOS	Similar	Tarja Vermelha	
METOTREXATO	METOTREXATO	L1B - AGENTES ANTINEOPLÁSICOS ANTIMETABÓLITOS	Genérico	Tarja Vermelha	
METOTREXATO	TECNOMET	L1B - AGENTES ANTINEOPLÁSICOS ANTIMETABÓLITOS	Similar	Tarja Vermelha	
METOTREXATO	HYTAS	L1B - AGENTES ANTINEOPLÁSICOS ANTIMETABÓLITOS	Similar	Tarja Vermelha	
METOTREXATO DE SÓDIO	METREXATO	L1B - AGENTES ANTINEOPLÁSICOS ANTIMETABÓLITOS	Novo	Tarja Vermelha	
METOXISALENO	OXSORALEN	D5B - ANTIPSORÍASE SISTÊMICOS	Similar	Tarja Vermelha	
METRELEPTINA	MYALEPT	A16A - OUTROS PRODUTOS PARA O APARELHO DIGESTÓRIO E METABOLISMO	Biológico	Tarja Vermelha	
METRONIDAZOL	ENDONIDAZOL	J8B - OUTROS ANTIINFECCIOSOS ANAERÓBICOS	Similar	Tarja Vermelha	
METRONIDAZOL	METRONIDAZOL	J8B - OUTROS ANTIINFECCIOSOS ANAERÓBICOS	Genérico	Tarja Vermelha	
METRONIDAZOL	METRONACK	J8B - OUTROS ANTIINFECCIOSOS ANAERÓBICOS	Similar	Tarja Vermelha	
METRONIDAZOL	METRONIDAZOL	G1A1 - TRICOMONICIDAS SISTÊMICOS	Genérico	- (*) 	
METRONIDAZOL	HIDAZOL	J8B - OUTROS ANTIINFECCIOSOS ANAERÓBICOS	Similar	- (*) 	
METRONIDAZOL	METRONIDAZOL	J8B - OUTROS ANTIINFECCIOSOS ANAERÓBICOS	Genérico	Tarja Vermelha	
METRONIDAZOL	HELMIZOL	G1A1 - TRICOMONICIDAS SISTÊMICOS	Similar	Tarja Vermelha sob restrição	
METRONIDAZOL	METRONIDAZOL	G1A1 - TRICOMONICIDAS SISTÊMICOS	Genérico	Tarja Vermelha sob restrição	
METRONIDAZOL	METRONIDAZOL	J8B - OUTROS ANTIINFECCIOSOS ANAERÓBICOS	Genérico	- (*) 	
METRONIDAZOL	METRONIDAZOL	G1A2 - TRICOMONICIDAS TÓPICOS	Genérico	Tarja Vermelha sob restrição	
METRONIDAZOL	METRONIFLEX	J8B - OUTROS ANTIINFECCIOSOS ANAERÓBICOS	Similar	Tarja Vermelha	
METRONIDAZOL	FURP-METRONIDAZOL	G1A2 - TRICOMONICIDAS TÓPICOS	Similar	- (*) 	
METRONIDAZOL	NIDAZOFARMA	J8B - OUTROS ANTIINFECCIOSOS ANAERÓBICOS	Similar	Tarja Vermelha	
METRONIDAZOL	METRONIDAZOL	G1A2 - TRICOMONICIDAS TÓPICOS	Genérico	- (*) 	
METRONIDAZOL	MEFLAGIN	G1A1 - TRICOMONICIDAS SISTÊMICOS	Similar	- (*) 	
METRONIDAZOL	METRONIDAZOL	G1A2 - TRICOMONICIDAS TÓPICOS	Genérico	- (*) 	
METRONIDAZOL	ROZEX	D10A - ANTIACNEICOS TÓPICOS	Novo	- (*) 	
METRONIDAZOL	TRINODAZOL	G1A2 - TRICOMONICIDAS TÓPICOS	Similar	- (*) 	
METRONIDAZOL	METRONIDAZOL	G1A2 - TRICOMONICIDAS TÓPICOS	Genérico	- (*) 	
METRONIDAZOL	METRONIDAZOL	J8B - OUTROS ANTIINFECCIOSOS ANAERÓBICOS	Genérico	Tarja Vermelha	
METRONIDAZOL	METRONIDAZOL	G1A2 - TRICOMONICIDAS TÓPICOS	Genérico	Tarja Vermelha sob restrição	
METRONIDAZOL	NEOMETRODAZOL	G1A1 - TRICOMONICIDAS SISTÊMICOS	Similar	- (*) 	
METRONIDAZOL	METRONIDAZOL	J8B - OUTROS ANTIINFECCIOSOS ANAERÓBICOS	Genérico	Tarja Vermelha	
METRONIDAZOL	CANDERM	G1A1 - TRICOMONICIDAS SISTÊMICOS	Similar	Tarja Vermelha sob restrição	
METRONIDAZOL	FLAGYL	G1A1 - TRICOMONICIDAS SISTÊMICOS	Novo	Tarja Vermelha sob restrição	
METRONIDAZOL BENZOIL;NISTATINA	COLPATRIN	G1A2 - TRICOMONICIDAS TÓPICOS	Similar	Tarja Vermelha sob restrição	
MICAFUNGINA SÓDICA	MYCAMINE	J2A - AGENTES SISTÊMICOS PARA INFECÇÕES FÚNGICAS	Novo	Tarja Vermelha	
MICAFUNGINA SÓDICA	MICAFUNGINA SÓDICA	J2A - AGENTES SISTÊMICOS PARA INFECÇÕES FÚNGICAS	Genérico	Tarja Vermelha	
MICAFUNGINA SÓDICA	MYCAFREM	J2A - AGENTES SISTÊMICOS PARA INFECÇÕES FÚNGICAS	Similar	Tarja Vermelha	
MICAFUNGINA SÓDICA	MYCAMINE	J2A - AGENTES SISTÊMICOS PARA INFECÇÕES FÚNGICAS	Novo	Tarja Vermelha	
MICOFENOLATO DE MOFETILA	CELLCEPT	L4X - OUTROS IMUNOSSUPRESSORES	Novo	Tarja Vermelha	
MICOFENOLATO DE MOFETILA	MICOFENOLATO DE MOFETILA	L4X - OUTROS IMUNOSSUPRESSORES	Genérico	Tarja Vermelha	
MICOFENOLATO DE MOFETILA	MICOFENOLATO DE MOFETILA	L4X - OUTROS IMUNOSSUPRESSORES	Genérico	- (*) 	
MICOFENOLATO DE MOFETILA	MOFECELL	L4X - OUTROS IMUNOSSUPRESSORES	Similar	- (*) 	
MICOFENOLATO DE MOFETILA	MICOFENOLATO DE MOFETILA	L4X - OUTROS IMUNOSSUPRESSORES	Genérico	- (*) 	
MICOFENOLATO DE MOFETILA	MICOFENOLATO DE MOFETILA	L4X - OUTROS IMUNOSSUPRESSORES	Genérico	Tarja Vermelha	
MICOFENOLATO DE MOFETILA	GNIMI	L4X - OUTROS IMUNOSSUPRESSORES	Similar	Tarja Vermelha	
MICOFENOLATO DE MOFETILA	MICOFENOLATO DE MOFETILA	L4X - OUTROS IMUNOSSUPRESSORES	Genérico	Tarja Vermelha	
MICOFENOLATO DE MOFETILA	MICOFENOLATO DE MOFETILA	L4X - OUTROS IMUNOSSUPRESSORES	Genérico	Tarja Vermelha	
MICOFENOLATO DE SÓDIO	MICOFENOLATO DE SÓDIO	L4X - OUTROS IMUNOSSUPRESSORES	Genérico	Tarja Vermelha	
MICOFENOLATO DE SÓDIO	MICOFENOLATO DE SÓDIO	L4X - OUTROS IMUNOSSUPRESSORES	Genérico	Tarja Vermelha	
MICOFENOLATO DE SÓDIO	MICOFENOLATO DE SODIO	L4X - OUTROS IMUNOSSUPRESSORES	Genérico	Tarja Vermelha	
MICOFENOLATO DE SÓDIO	MICOFENOLATO DE SÓDIO	L4X - OUTROS IMUNOSSUPRESSORES	Genérico	Tarja Vermelha	
MICOFENOLATO SÓDICO	MYFORTIC	L4X - OUTROS IMUNOSSUPRESSORES	Novo	Tarja Vermelha	
MICONAZOL	DAKTARIN GEL ORAL	A1B - ANTIFÚNGICOS ORAIS TÓPICOS	Novo	Tarja Vermelha	
MIDAZOLAM	PRONTOMID	N1A2 - ANESTÉSICOS GERAIS INJETÁVEIS	Novo	Tarja Preta	
MIDAZOLAM	MIDAZOLAM	N1A2 - ANESTÉSICOS GERAIS INJETÁVEIS	Genérico	Tarja Preta	
MIDAZOLAM	HYPOZAM	N1A2 - ANESTÉSICOS GERAIS INJETÁVEIS	Similar	Tarja Preta	
MIDAZOLAM	DORMIUM	N1A2 - ANESTÉSICOS GERAIS INJETÁVEIS	Similar	Tarja Preta	
MIDAZOLAM	MIDAZOLAM	N1A2 - ANESTÉSICOS GERAIS INJETÁVEIS	Genérico	Tarja Vermelha sob restrição	
MIDOSTAURINA	RYDAPT	L1H9 - OUTROS ANTINEOPLÁSICOS INIBIDORES DA PROTEÍNA KINASE	Novo	Tarja Vermelha	
MIDOSTAURINA	FLYKATO	L1H9 - OUTROS ANTINEOPLÁSICOS INIBIDORES DA PROTEÍNA KINASE	Similar	Tarja Vermelha	
MIDOSTAURINA	MIDOSTAURINA	L1H9 - OUTROS ANTINEOPLÁSICOS INIBIDORES DA PROTEÍNA KINASE	Genérico	Tarja Vermelha	
MIFAMURTIDA	MEPACT	L3A9 - OUTROS AGENTES IMUNOESTIMULANTES EXCETO INTERFERONAS	Novo	Tarja Vermelha	
MIGLUSTATE	ZAVESCA	A16A - OUTROS PRODUTOS PARA O APARELHO DIGESTÓRIO E METABOLISMO	Novo	Tarja Vermelha	
MIKANIA GLOMERATA SPRENG.	LIVTÓS	R5C - EXPECTORANTES	Fitoterápico	Tarja Sem Tarja	
MIKANIA GLOMERATA SPRENG.	BIOTOSS	R5C - EXPECTORANTES	Fitoterápico	Tarja Sem Tarja	
MILRINONA	LACTATO DE MILRINONA	C1F - INOTRÓPICOS POSITIVOS	Genérico	Tarja Vermelha	
MILRINONA	LACTATO DE MILRINONA	C1F - INOTRÓPICOS POSITIVOS	Genérico	Tarja Vermelha	
MINOXIDIL	DIXIL	D11A - OUTRAS PREPARAÇÕES DERMATOLOGICAS	Similar	Tarja Vermelha	
MINOXIDIL	PILOX	D11A - OUTRAS PREPARAÇÕES DERMATOLOGICAS	Similar	Tarja Vermelha	
MINOXIDIL	ENIAGOR	D11A - OUTRAS PREPARAÇÕES DERMATOLOGICAS	Similar	Tarja Vermelha	
MINOXIDIL	ALOXIDIL	D11A - OUTRAS PREPARAÇÕES DERMATOLOGICAS	Similar	Tarja Vermelha	
MINOXIDIL	REVIPEL	D11A - OUTRAS PREPARAÇÕES DERMATOLOGICAS	Similar	Tarja Vermelha	
MINOXIDIL	MINOXIDIL	D11A - OUTRAS PREPARAÇÕES DERMATOLOGICAS	Genérico	Tarja Vermelha	
MINOXIDIL	PANT	D11A - OUTRAS PREPARAÇÕES DERMATOLOGICAS	Similar	- (*) 	
MINOXIDIL	MINOXIDIL	D11A - OUTRAS PREPARAÇÕES DERMATOLOGICAS	Genérico	Tarja Vermelha	
MINOXIDIL	PANT SEC	D11A - OUTRAS PREPARAÇÕES DERMATOLOGICAS	Similar	Tarja Vermelha	
MINOXIDIL	MINOXIDIL	D11A - OUTRAS PREPARAÇÕES DERMATOLOGICAS	Genérico	Tarja Vermelha	
MINOXIDIL	CAPY	D11A - OUTRAS PREPARAÇÕES DERMATOLOGICAS	Similar	Tarja Vermelha	
MINOXIDIL	CAPITRAT MEN	D11A - OUTRAS PREPARAÇÕES DERMATOLOGICAS	Similar	Tarja Vermelha	
MINOXIDIL	KEDAXYL	D11A - OUTRAS PREPARAÇÕES DERMATOLOGICAS	Similar	Tarja Vermelha	
MINOXIDIL	LOPEXX	D11A - OUTRAS PREPARAÇÕES DERMATOLOGICAS	Similar	Tarja Vermelha	
MINOXIDIL	MINOXIDIL	D11A - OUTRAS PREPARAÇÕES DERMATOLOGICAS	Genérico	Tarja Vermelha	
MINOXIDIL	ACTFIO	D11A - OUTRAS PREPARAÇÕES DERMATOLOGICAS	Similar	Tarja Vermelha	
MINOXIDIL	MINOXIDIL	D11A - OUTRAS PREPARAÇÕES DERMATOLOGICAS	Genérico	Tarja Vermelha	
MINOXIDIL	ALLOVITA	D11A - OUTRAS PREPARAÇÕES DERMATOLOGICAS	Similar	Tarja Vermelha	
MINOXIDIL	PIELUS MX	D11A - OUTRAS PREPARAÇÕES DERMATOLOGICAS	Similar	Tarja Vermelha	
MIRABEGRONA	MIRAB	G4D4 - PRODUTOS PARA INCONTINÊNCIA URINÁRIA	Similar	Tarja Vermelha	
MIRABEGRONA	MIRABEGRONA	G4D4 - PRODUTOS PARA INCONTINÊNCIA URINÁRIA	Genérico	Tarja Vermelha	
MIRABEGRONA	MICPURE	G4D4 - PRODUTOS PARA INCONTINÊNCIA URINÁRIA	Similar	Tarja Vermelha	
MIRABEGRONA	MIRABEGRONA	G4D4 - PRODUTOS PARA INCONTINÊNCIA URINÁRIA	Genérico	Tarja Vermelha	
MIRABEGRONA	MYRBETRIC	G4D4 - PRODUTOS PARA INCONTINÊNCIA URINÁRIA	Novo	Tarja Vermelha	
MIRIQUIZUMABE	OMVOH	L4C - INIBIDORES DA INTERLEUCINA	Biológico	Tarja Vermelha	
MIRTAZAPINA	REMERON	N6A9 - ANTIDEPRESSIVOS TODOS OS OUTROS	Novo	Tarja Vermelha sob restrição	
MIRTAZAPINA	MIRTAZAPINA	N6A9 - ANTIDEPRESSIVOS TODOS OS OUTROS	Genérico	Tarja Vermelha sob restrição	
MIRTAZAPINA	RAZAPINA	N6A9 - ANTIDEPRESSIVOS TODOS OS OUTROS	Similar	Tarja Vermelha sob restrição	
MIRTAZAPINA	MIRTAZAPINA	N6A9 - ANTIDEPRESSIVOS TODOS OS OUTROS	Genérico	Tarja Vermelha sob restrição	
MIRTAZAPINA	MIRTAZAPINA	N6A9 - ANTIDEPRESSIVOS TODOS OS OUTROS	Genérico	Tarja Vermelha sob restrição	
MIRTAZAPINA	MIRTAZAPINA	N6A9 - ANTIDEPRESSIVOS TODOS OS OUTROS	Genérico	Tarja Vermelha sob restrição	
MIRTAZAPINA	CATARSE ODT	N6A9 - ANTIDEPRESSIVOS TODOS OS OUTROS	Similar	Tarja Vermelha sob restrição	
MIRTAZAPINA	MENELAT	N6A9 - ANTIDEPRESSIVOS TODOS OS OUTROS	Similar	Tarja Vermelha sob restrição	
MIRTAZAPINA	MENELAT ODT	N6A9 - ANTIDEPRESSIVOS TODOS OS OUTROS	Similar	Tarja Vermelha sob restrição	
MIRTAZAPINA	MIRTAZAPINA	N6A9 - ANTIDEPRESSIVOS TODOS OS OUTROS	Genérico	Tarja Vermelha sob restrição	
MIRTAZAPINA	MIRTAZAPINA	N6A9 - ANTIDEPRESSIVOS TODOS OS OUTROS	Genérico	Tarja Vermelha sob restrição	
MIRTAZAPINA	MIRTAZAPINA	N6A9 - ANTIDEPRESSIVOS TODOS OS OUTROS	Genérico	Tarja Vermelha sob restrição	
MIRTAZAPINA	MIRTAZAPINA	N6A9 - ANTIDEPRESSIVOS TODOS OS OUTROS	Genérico	Tarja Vermelha sob restrição	
MIRTAZAPINA	MIRTAZAPINA	N6A9 - ANTIDEPRESSIVOS TODOS OS OUTROS	Genérico	Tarja Vermelha sob restrição	
MIRTAZAPINA	ZAPSY	N6A9 - ANTIDEPRESSIVOS TODOS OS OUTROS	Similar	Tarja Vermelha sob restrição	
MIRTAZAPINA	MIRTAZAPINA	N6A9 - ANTIDEPRESSIVOS TODOS OS OUTROS	Genérico	Tarja Vermelha sob restrição	
MIRTAZAPINA	MIRTAZAPINA	N6A9 - ANTIDEPRESSIVOS TODOS OS OUTROS	Genérico	Tarja Vermelha sob restrição	
MIRTAZAPINA	MIRTAZAPINA	N6A9 - ANTIDEPRESSIVOS TODOS OS OUTROS	Genérico	Tarja Vermelha sob restrição	
MIRTAZAPINA	MIRTAZAPINA	N6A9 - ANTIDEPRESSIVOS TODOS OS OUTROS	Genérico	Tarja Vermelha sob restrição	
MIRTAZAPINA	MIRTAZAPINA	N6A9 - ANTIDEPRESSIVOS TODOS OS OUTROS	Genérico	Tarja Vermelha sob restrição	
MIRTAZAPINA	MIRTAZAPINA	N6A9 - ANTIDEPRESSIVOS TODOS OS OUTROS	Genérico	Tarja Vermelha sob restrição	
MIRVETUXIMABE SORAVTANSINA	ELAHERE	L1G9 - ANTICORPOS MONOCLONAIS ANTINEOPLÁSICOS, OUTROS	Biológico	- (*) 	
MISOPROSTOL	PROSTOKOS	G2A - INDUTORES DO PARTO INCLUINDO OXITOCINAS	Novo	- (*) 	
MITOTANO	LISODREN	L1X9 - TODOS OS OUTROS ANTINEOPLÁSICOS	Novo	Tarja Vermelha	
MODAFINILA	STAVIGILE	N6B - PSICOESTIMULANTES	Novo	- (*) 	
MONOFOSFATO DE RIBOFLAVINA	SANTIPLEX B	A11E1 - COMPLEXO B PURO	Específico	Tarja Vermelha	
MONOFOSFATO DE RIBOFLAVINA SÓDICA	BERITIN   BC	A15A - OREXÍGENOS	Similar	- (*) 	
MONONITRATO DE ISOSSORBIDA	MONOCORDIL	C1E - NITRITOS E NITRATOS	Novo	Tarja Vermelha	
MONONITRATO DE ISOSSORBIDA	MONONITRATO DE ISOSSORBIDA	C1E - NITRITOS E NITRATOS	Genérico	Tarja Vermelha	
MONONITRATO DE ISOSSORBIDA	CORONAR	C1E - NITRITOS E NITRATOS	Similar	Tarja Vermelha	
MONONITRATO DE ISOSSORBIDA	MONONITRATO DE ISOSSORBIDA	C1E - NITRITOS E NITRATOS	Genérico	Tarja Vermelha	
MONONITRATO DE ISOSSORBIDA	CINCORDIL	C1E - NITRITOS E NITRATOS	Similar	- (*) 	
MONONITRATO DE ISOSSORBIDA	MONONITRATO DE ISOSSORBIDA	C1E - NITRITOS E NITRATOS	Genérico	- (*) 	
MONONITRATO DE TIAMINA;NICOTINAMIDA;PANTOTENATO DE CÁLCIO;RIBOFLAVINA;CLORIDRATO DE PIRIDOXINA	BELCOMPLEX B	A11E1 - COMPLEXO B PURO	Específico	Tarja Sem Tarja	
MONONITRATO DE TIAMINA;NICOTINAMIDA;PANTOTENATO DE CÁLCIO;RIBOFLAVINA;CLORIDRATO DE PIRIDOXINA	BENEROC	A11E1 - COMPLEXO B PURO	Específico	Tarja Sem Tarja	
MONONITRATO DE TIAMINA;NICOTINAMIDA;RIBOFLAVINA;CLORIDRATO DE PIRIDOXINA;PANTOTENATO DE CALCIO	BENORMAL	A11E1 - COMPLEXO B PURO	Específico	- (*) 	
MONONITRATO DE TIAMINA;NICOTINAMIDA;SULFATO DE ZINCO;PANTOTENATO DE CÁLCIO;ACETATO DE TOCOFEROL;RIBOFLAVINA;CLORIDRATO DE PIRIDOXINA;ÁCIDO FÓLICO;ÁCIDO ASCÓRBICO;CIANOCOBALAMINA;ÓXIDO DE COBRE	MULTIVITAM	A11A4 - OUTROS POLIVITAMÍNICOS COM MINERAIS	Específico	- (*) 	
MONTELUCASTE DE SÓDIO	SINGULAIR	R3J2 - ANTIASMÁTICOS/DPOC ANTILEUCOTRIENOS SISTÊMICOS	Novo	Tarja Vermelha	
MONTELUCASTE DE SÓDIO	VIATINE	R3J2 - ANTIASMÁTICOS/DPOC ANTILEUCOTRIENOS SISTÊMICOS	Similar	Tarja Vermelha	
MONTELUCASTE DE SÓDIO	PIEMONTE	R3J2 - ANTIASMÁTICOS/DPOC ANTILEUCOTRIENOS SISTÊMICOS	Similar	Tarja Vermelha	
MONTELUCASTE DE SÓDIO	MONTELUCASTE DE SÓDIO	R3J2 - ANTIASMÁTICOS/DPOC ANTILEUCOTRIENOS SISTÊMICOS	Genérico	Tarja Vermelha	
MONTELUCASTE DE SÓDIO	ÁRIA	R3J2 - ANTIASMÁTICOS/DPOC ANTILEUCOTRIENOS SISTÊMICOS	Similar	Tarja Vermelha	
MONTELUCASTE DE SÓDIO	MONTELUCASTE DE SÓDIO	R3J2 - ANTIASMÁTICOS/DPOC ANTILEUCOTRIENOS SISTÊMICOS	Genérico	Tarja Vermelha sob restrição	
MONTELUCASTE DE SÓDIO	MONTELUCASTE DE SODIO	R3J2 - ANTIASMÁTICOS/DPOC ANTILEUCOTRIENOS SISTÊMICOS	Genérico	Tarja Vermelha	
MONTELUCASTE DE SÓDIO	MONTELUCASTE DE SODIO	R3J2 - ANTIASMÁTICOS/DPOC ANTILEUCOTRIENOS SISTÊMICOS	Genérico	Tarja Vermelha	
MONTELUCASTE DE SÓDIO	OXCENE	R3J2 - ANTIASMÁTICOS/DPOC ANTILEUCOTRIENOS SISTÊMICOS	Similar	- (*) 	
MONTELUCASTE DE SÓDIO	MONTELAIR	R3J2 - ANTIASMÁTICOS/DPOC ANTILEUCOTRIENOS SISTÊMICOS	Similar	- (*) 	
MONTELUCASTE DE SÓDIO	MONTELUCASTE DE SÓDIO	R3J2 - ANTIASMÁTICOS/DPOC ANTILEUCOTRIENOS SISTÊMICOS	Genérico	- (*) 	
MONTELUCASTE DE SÓDIO	MONTELUCASTE DE SÓDIO	R3J2 - ANTIASMÁTICOS/DPOC ANTILEUCOTRIENOS SISTÊMICOS	Genérico	Tarja Vermelha sob restrição	
MONTELUCASTE DE SÓDIO	MONTELUCASTE DE SÓDIO	R3J2 - ANTIASMÁTICOS/DPOC ANTILEUCOTRIENOS SISTÊMICOS	Genérico	Tarja Vermelha	
MONTELUCASTE DE SÓDIO	LEVOLUKAST	R3J2 - ANTIASMÁTICOS/DPOC ANTILEUCOTRIENOS SISTÊMICOS	Novo	Tarja Vermelha	
MONTELUCASTE DE SÓDIO	MONTELUCASTE DE SÓDIO	R3J2 - ANTIASMÁTICOS/DPOC ANTILEUCOTRIENOS SISTÊMICOS	Genérico	Tarja Vermelha	
MONTELUCASTE DE SÓDIO	MONTELUCASTE DE SÓDIO	R3J2 - ANTIASMÁTICOS/DPOC ANTILEUCOTRIENOS SISTÊMICOS	Genérico	Tarja Vermelha	
MONTELUCASTE DE SÓDIO	MONTELUCASTE SÓDICO	R3J2 - ANTIASMÁTICOS/DPOC ANTILEUCOTRIENOS SISTÊMICOS	Genérico	Tarja Vermelha	
MONTELUCASTE DE SÓDIO	UNIAIR	R3J2 - ANTIASMÁTICOS/DPOC ANTILEUCOTRIENOS SISTÊMICOS	Similar	Tarja Vermelha	
MONTELUCASTE DE SÓDIO	MONTELUCASTE DE SODIO	R3J2 - ANTIASMÁTICOS/DPOC ANTILEUCOTRIENOS SISTÊMICOS	Genérico	Tarja Vermelha	
MONTELUCASTE DE SÓDIO	MONTELUCASTE DE SÓDIO	R3J2 - ANTIASMÁTICOS/DPOC ANTILEUCOTRIENOS SISTÊMICOS	Genérico	Tarja Vermelha	
MONTELUCASTE DE SÓDIO	MONTELUCASTE DE SÓDIO	R3J2 - ANTIASMÁTICOS/DPOC ANTILEUCOTRIENOS SISTÊMICOS	Genérico	- (*) 	
MONTELUCASTE DE SÓDIO	MONTELUCASTE SÓDICO	R3J2 - ANTIASMÁTICOS/DPOC ANTILEUCOTRIENOS SISTÊMICOS	Genérico	- (*) 	
MONTELUCASTE DE SÓDIO	MONECAST	R3J2 - ANTIASMÁTICOS/DPOC ANTILEUCOTRIENOS SISTÊMICOS	Similar	- (*) 	
MONTELUCASTE DE SÓDIO	MONTELUCASTE DE SÓDIO	R3J2 - ANTIASMÁTICOS/DPOC ANTILEUCOTRIENOS SISTÊMICOS	Genérico	Tarja Vermelha sob restrição	
MUPIROCINA	MUPIROCINA	D6A - ANTIBIÓTICOS TÓPICOS	Genérico	- (*) 	
MUPIROCINA	BACTROBAN	D6A - ANTIBIÓTICOS TÓPICOS	Novo	- (*) 	
MUPIROCINA	MUPIROCINA	D6A - ANTIBIÓTICOS TÓPICOS	Genérico	- (*) 	
MUPIROCINA	DERMOBAN	D6A - ANTIBIÓTICOS TÓPICOS	Similar	- (*) 	
MUPIROCINA	BACROCIN	D6A - ANTIBIÓTICOS TÓPICOS	Similar	Tarja Vermelha sob restrição	
MUPIROCINA	MUPIROCINA	D6A - ANTIBIÓTICOS TÓPICOS	Genérico	Tarja Vermelha sob restrição	
MYCOBACTERIUM BOVIS	IMUNO  BCG	L1X9 - TODOS OS OUTROS ANTINEOPLÁSICOS	Biológico	- (*) 	
MYCOBACTERIUM BOVIS	UROHIPE	L1X9 - TODOS OS OUTROS ANTINEOPLÁSICOS	Biológico	- (*) 	
MYROXYLON BALSAMUM HARMS;POLYGALA SENEGA L.;NASTURTIUM OFFICINALE R.BR.;MIKANIA GLOMERATA SPRENG.	GUACOVITA	R5D2 - ANTITUSSÍGENOS ASSOCIADOS	Fitoterápico	- (*) 	
NAPROXENO	NAPROXENO	M1A1 - ANTIRREUMÁTICOS NÃO ESTEROIDAIS PUROS	Genérico	- (*) 	
NAPROXENO	NAPROX	M1A1 - ANTIRREUMÁTICOS NÃO ESTEROIDAIS PUROS	Similar	- (*) 	
NAPROXENO	NAXOTEC	M1A1 - ANTIRREUMÁTICOS NÃO ESTEROIDAIS PUROS	Similar	Tarja Sem Tarja	
NAPROXENO	NAPROXENO	M1A1 - ANTIRREUMÁTICOS NÃO ESTEROIDAIS PUROS	Genérico	Tarja Sem Tarja	
NAPROXENO SÓDICO	NAPROXENO SODICO	M1A1 - ANTIRREUMÁTICOS NÃO ESTEROIDAIS PUROS	Genérico	Tarja Sem Tarja	
NAPROXENO SÓDICO	NAPROXENO SÓDICO	M1A1 - ANTIRREUMÁTICOS NÃO ESTEROIDAIS PUROS	Genérico	Tarja Sem Tarja	
NAPROXENO SÓDICO	NEXOPRAX	M1A1 - ANTIRREUMÁTICOS NÃO ESTEROIDAIS PUROS	Similar	Tarja Sem Tarja	
NAPROXENO SÓDICO	NAPROXENO SÓDICO	M1A1 - ANTIRREUMÁTICOS NÃO ESTEROIDAIS PUROS	Genérico	Tarja Vermelha	
NAPROXENO SÓDICO	NAPRONAX	M1A1 - ANTIRREUMÁTICOS NÃO ESTEROIDAIS PUROS	Similar	Tarja Vermelha	
NAPROXENO SÓDICO	NEXFLEN	M1A1 - ANTIRREUMÁTICOS NÃO ESTEROIDAIS PUROS	Similar	Tarja Sem Tarja	
NAPROXENO SÓDICO	FLANAX	M1A1 - ANTIRREUMÁTICOS NÃO ESTEROIDAIS PUROS	Novo	Tarja Sem Tarja	
NAPROXENO SÓDICO	FLANAX XR	M1A1 - ANTIRREUMÁTICOS NÃO ESTEROIDAIS PUROS	Novo	Tarja Sem Tarja	
NAPROXENO SÓDICO	DORIIPRO	M1A1 - ANTIRREUMÁTICOS NÃO ESTEROIDAIS PUROS	Similar	Tarja Vermelha	
NAPROXENO;ESOMEPRAZOL MAGNÉSICO TRI-HIDRATADO	VIMOVO	M1A2 - ANTIRREUMÁTICOS NÃO ESTEROIDAIS ASSOCIADOS	Novo	- (*) 	
NATALIZUMABE	TYSABRI	N7A - PRODUTOS PARA ESCLEROSE MÚLTIPLA	Biológico	- (*) 	
NAXITAMABE	DANYELZA	L1G9 - ANTICORPOS MONOCLONAIS ANTINEOPLÁSICOS, OUTROS	Biológico	Tarja Vermelha	
NEPAFENACO	NEVANAC	S1R - ANTIINFLAMATÓRIOS OFTALMOLÓGICOS NÃO ESTEROIDAIS	Novo	- (*) 	
NEVIRAPINA	FARMANGUINHOS - NEVIRAPINA	J5C3 - INIBDORES DA TRANSCRIPTASE REVERSA NÃO NUCLEOSÍDEOS	Similar	- (*) 	
NICOTINA	NICORETTE	N7B - PRODUTOS ANTITABACO	Novo	- (*) 	
NICOTINA	NIQUITIN	N7B - PRODUTOS ANTITABACO	Novo	Tarja Sem Tarja	
NICOTINA	NICORETTE	N7B - PRODUTOS ANTITABACO	Específico	Tarja Sem Tarja	
NICOTINAMIDA;ACETATO DE RACEALFATOCOFEROL;PALMITATO DE RETINOL;RIBOFLAVINA;DEXPANTENOL;CLORIDRATO DE PIRIDOXINA;ÁCIDO ASCÓRBICO;COLECALCIFEROL	FRUTOVITAM	A11B4 - POLIVITAMÍNICOS SEM MINERAIS, OUTROS	Específico	- (*) 	
NICOTINAMIDA;BITARTARATO DE COLINA;PALMITATO DE RETINOL;PANAX GINSENG C. A. MEY.;SULFATO FERROSO;ACETATO DE TOCOFEROL;RIBOFLAVINA;CLORIDRATO DE PIRIDOXINA;ÁCIDO ASCÓRBICO;CIANOCOBALAMINA;TIAMINA;INOSITOL;FOSFATO DE CÁLCIO DIBÁSICO;ADENOSINA;LEVOMETIONINA;ÁCIDO FÓLICO;PANTOTENATO DE CALCIO;BIOTINA	NATUS GERIN	A11A4 - OUTROS POLIVITAMÍNICOS COM MINERAIS	Específico	- (*) 	
NICOTINAMIDA;CIANOCOBALAMINA 0,1%;BETACAROTENO;PANAX GINSENG C. A. MEY.;ACETATO DE RETINOL;PANTOTENATO DE CÁLCIO;RIBOFLAVINA;INOSITOL;FUMARATO FERROSO;SELENATO DE SÓDIO;ADENOSINA;NITRATO DE TIAMINA;ACETATO DE RACEALFATOCOFEROL;ÁCIDO FÓLICO;BIOTINA;ÁCIDO ASCÓRBICO 90%	GERIATON	A11A3 - POLIVITAMÍNICOS COM MINERAIS, GERIÁTRICO	Específico	Tarja Sem Tarja	
NICOTINAMIDA;CLORIDRATO DE TIAMINA;ACETATO DE RACEALFATOCOFEROL;ERGOCALCIFEROL;PALMITATO DE RETINOL;DEXPANTENOL;CLORIDRATO DE PIRIDOXINA;ÁCIDO ASCÓRBICO;BIOTINA;FOSFATO SÓDICO DE RIBOFLAVINA	PROTOVIT PLUS	A11B4 - POLIVITAMÍNICOS SEM MINERAIS, OUTROS	Específico	Tarja Sem Tarja	
NICOTINAMIDA;CLORIDRATO DE TIAMINA;CLORIDRATO DE PIRIDOXINA;FOSFATO SÓDICO DE RIBOFLAVINA	COMPLE B	A11E1 - COMPLEXO B PURO	Específico	- (*) 	
NICOTINAMIDA;CLORIDRATO DE TIAMINA;CLORIDRATO DE PIRIDOXINA;PANTOTENATO DE CALCIO;FOSFATO SÓDICO DE RIBOFLAVINA	NUTRI B	A11B4 - POLIVITAMÍNICOS SEM MINERAIS, OUTROS	Específico	Tarja Sem Tarja	
NICOTINAMIDA;CLORIDRATO DE TIAMINA;DEXPANTENOL;CLORIDRATO DE PIRIDOXINA;CIANOCOBALAMINA;FOSFATO SÓDICO DE RIBOFLAVINA	RECALPLEX	A11B4 - POLIVITAMÍNICOS SEM MINERAIS, OUTROS	Específico	- (*) 	
NICOTINAMIDA;CLORIDRATO DE TIAMINA;DEXPANTENOL;MONOFOSFATO DE RIBOFLAVINA SÓDICA;CLORIDRATO DE PIRIDOXINA	HYPLEX B	A11E1 - COMPLEXO B PURO	Específico	Tarja Vermelha	
NICOTINAMIDA;CLORIDRATO DE TIAMINA;PANTOTENATO DE CALCIO;FOSFATO SÓDICO DE RIBOFLAVINA	BELCOMPLEX	A11B4 - POLIVITAMÍNICOS SEM MINERAIS, OUTROS	Específico	Tarja Sem Tarja	
NICOTINAMIDA;CLORIDRATO DE TIAMINA;PANTOTENATO DE CÁLCIO;CLORIDRATO DE PIRIDOXINA;CIANOCOBALAMINA;FOSFATO SÓDICO DE RIBOFLAVINA	COMPLEXO B 12 XPE	A11E1 - COMPLEXO B PURO	Específico	Tarja Sem Tarja	
NICOTINAMIDA;CLORIDRATO DE TIAMINA;RIBOFLAVINA;CLORIDRATO DE PIRIDOXINA;CIANOCOBALAMINA	B-SUPRIN	A11E3 - OUTRAS ASSOCIAÇÕES COM COMPLEXO B	Específico	- (*) 	
NICOTINAMIDA;FERRO QUELATO;CLORIDRATO DE PIRIDOXINA	FORTEVIT	B3A2 - ASSOCIAÇÕES DE FERRO	Específico	- (*) 	
NICOTINAMIDA;NITRATO DE TIAMINA;FERROCARBONILA;PANTOTENATO DE CÁLCIO;RIBOFLAVINA;CLORIDRATO DE PIRIDOXINA;ÁCIDO FÓLICO;CIANOCOBALAMINA	COMBIRON FÓLICO	B3A2 - ASSOCIAÇÕES DE FERRO	Específico	Tarja Vermelha	
NICOTINAMIDA;NITRATO DE TIAMINA;RIBOFLAVINA;CLORIDRATO DE PIRIDOXINA;PANTOTENATO DE CALCIO	COMPLEXO B	A11E1 - COMPLEXO B PURO	Específico	Tarja Sem Tarja	
NICOTINAMIDA;NITRATO DE TIAMINA;RIBOFLAVINA;CLORIDRATO DE PIRIDOXINA;PANTOTENATO DE CALCIO;CIANOCOBALAMINA	COMPLEXO B 12	A11E1 - COMPLEXO B PURO	Específico	- (*) 	
NICOTINAMIDA;PALMITATO DE RETINOL;DEXPANTENOL;CLORIDRATO DE PIRIDOXINA;ÁCIDO ASCÓRBICO;CIANOCOBALAMINA;DEXTROALFATOCOFEROL;COCARBOXILASE;ÁCIDO FÓLICO;RIBOFLAVINA FOSFATO DE SÓDIO;BIOTINA;COLECALCIFEROL	CERNE-12	A11B4 - POLIVITAMÍNICOS SEM MINERAIS, OUTROS	Específico	Tarja Vermelha	
NICOTINAMIDA;SULFATO DE MANGANÊS;FOSFATO DE CÁLCIO DIBÁSICO ANIDRO;PALMITATO DE RETINOL;PANAX GINSENG C. A. MEY.;LECITINA DE SOJA;PANTOTENATO DE CÁLCIO;RIBOFLAVINA;CLORIDRATO DE PIRIDOXINA;ÁCIDO ASCÓRBICO;CIANOCOBALAMINA;RUTOSÍDEO;FUMARATO FERROSO;SULFATO CÚPRICO PENTAIDRATADO;NITRATO DE TIAMINA;ACETATO DE RACEALFATOCOFEROL;GLICONATO DE POTÁSSIO;GLICONATO DE MAGNÉSIO;ÁCIDO FÓLICO;ÓXIDO DE ZINCO;COLECALCIFEROL	VITERGAN MASTER	A11A4 - OUTROS POLIVITAMÍNICOS COM MINERAIS	Específico	- (*) 	
NIFEDIPINA	LONCORD	C8A - ANTAGONISTAS DO CÁLCIO PUROS	Similar	- (*) 	
NIFEDIPINO	NIFEDIPRESS	C8A - ANTAGONISTAS DO CÁLCIO PUROS	Similar	- (*) 	
NIFEDIPINO	NEO FEDIPINA	C8A - ANTAGONISTAS DO CÁLCIO PUROS	Similar	- (*) 	
NILOTINIBE	TASIGNA	L1H1 - INIBIDORES PREOTEÍNA KINASE ANTINEOPLÁSICOS, BCR-ABL	Novo	Tarja Vermelha	
NIMESULIDA	NIMESULIDA	M1A1 - ANTIRREUMÁTICOS NÃO ESTEROIDAIS PUROS	Genérico	Tarja Vermelha	
NIMESULIDA	NIMESULIDA	M1A1 - ANTIRREUMÁTICOS NÃO ESTEROIDAIS PUROS	Genérico	Tarja Vermelha	
NIMESULIDA	NIMESULIDA	M1A1 - ANTIRREUMÁTICOS NÃO ESTEROIDAIS PUROS	Genérico	- (*) 	
NIMESULIDA	NISUFAR	M1A1 - ANTIRREUMÁTICOS NÃO ESTEROIDAIS PUROS	Similar	- (*) 	
NIMESULIDA	NIMELIT	M1A1 - ANTIRREUMÁTICOS NÃO ESTEROIDAIS PUROS	Similar	Tarja Vermelha	
NIMESULIDA	NIMESULIDA	M1A1 - ANTIRREUMÁTICOS NÃO ESTEROIDAIS PUROS	Genérico	- (*) 	
NIMESULIDA	ARFLEX RETARD	M1A1 - ANTIRREUMÁTICOS NÃO ESTEROIDAIS PUROS	Novo	Tarja Vermelha	
NIMESULIDA	SCALID	M1A1 - ANTIRREUMÁTICOS NÃO ESTEROIDAIS PUROS	Similar	Tarja Vermelha	
NIMESULIDA	NIMESULIDA	M1A1 - ANTIRREUMÁTICOS NÃO ESTEROIDAIS PUROS	Genérico	Tarja Vermelha	
NIMESULIDA	SCAFLOGIN	M1A1 - ANTIRREUMÁTICOS NÃO ESTEROIDAIS PUROS	Similar	Tarja Vermelha	
NIMESULIDA	NIMESULIDA	M1A1 - ANTIRREUMÁTICOS NÃO ESTEROIDAIS PUROS	Genérico	Tarja Vermelha	
NIMESULIDA	SCAFLOGIN GOTAS	M1A1 - ANTIRREUMÁTICOS NÃO ESTEROIDAIS PUROS	Similar	Tarja Vermelha	
NIMESULIDA	NISULID XR	M1A1 - ANTIRREUMÁTICOS NÃO ESTEROIDAIS PUROS	Similar	Tarja Vermelha	
NIMESULIDA	NISULID	M1A1 - ANTIRREUMÁTICOS NÃO ESTEROIDAIS PUROS	Novo	Tarja Vermelha	
NIMESULIDA	NIMESULIDA	M1A1 - ANTIRREUMÁTICOS NÃO ESTEROIDAIS PUROS	Genérico	Tarja Vermelha	
NIMESULIDA	NIMESULIDA	M1A1 - ANTIRREUMÁTICOS NÃO ESTEROIDAIS PUROS	Genérico	- (*) 	
NIMESULIDA	NIMESULIDA BETACICLODEXTRINA	M1A1 - ANTIRREUMÁTICOS NÃO ESTEROIDAIS PUROS	Genérico	Tarja Vermelha	
NIMESULIDA	LIDE	M1A1 - ANTIRREUMÁTICOS NÃO ESTEROIDAIS PUROS	Similar	Tarja Vermelha	
NIMESULIDA	LIDEXTRIN	M1A1 - ANTIRREUMÁTICOS NÃO ESTEROIDAIS PUROS	Similar	Tarja Vermelha	
NIMESULIDA	NIMESULIDA	M1A1 - ANTIRREUMÁTICOS NÃO ESTEROIDAIS PUROS	Genérico	Tarja Vermelha	
NIMESULIDA	NIMESULIDA	M1A1 - ANTIRREUMÁTICOS NÃO ESTEROIDAIS PUROS	Genérico	- (*) 	
NIMESULIDA	NIMESULIDA	M1A1 - ANTIRREUMÁTICOS NÃO ESTEROIDAIS PUROS	Genérico	Tarja Vermelha	
NIMESULIDA	NISVO	M1A1 - ANTIRREUMÁTICOS NÃO ESTEROIDAIS PUROS	Similar	Tarja Vermelha	
NIMESULIDA	NIMESILAM	M1A1 - ANTIRREUMÁTICOS NÃO ESTEROIDAIS PUROS	Similar	Tarja Vermelha	
NIMESULIDA	CIMELIDE	M1A1 - ANTIRREUMÁTICOS NÃO ESTEROIDAIS PUROS	Similar	Tarja Vermelha	
NIMESULIDA	NIMESULIDA	M1A1 - ANTIRREUMÁTICOS NÃO ESTEROIDAIS PUROS	Genérico	Tarja Vermelha	
NIMESULIDA	NISOFLAN	M1A1 - ANTIRREUMÁTICOS NÃO ESTEROIDAIS PUROS	Similar	- (*) 	
NIMESULIDA	NIMESULIDA	M2A - ANTIRREUMÁTICOS E ANALGÉSICOS TÓPICOS	Genérico	- (*) 	
NIMESULIDA	NEOSULIDA	M1A1 - ANTIRREUMÁTICOS NÃO ESTEROIDAIS PUROS	Similar	- (*) 	
NIMESULIDA	NIMESULIDA	M1A1 - ANTIRREUMÁTICOS NÃO ESTEROIDAIS PUROS	Genérico	- (*) 	
NIMESULIDA	INFLALID	M1A1 - ANTIRREUMÁTICOS NÃO ESTEROIDAIS PUROS	Similar	- (*) 	
NIMESULIDA	OPTAFLAN	M1A1 - ANTIRREUMÁTICOS NÃO ESTEROIDAIS PUROS	Similar	Tarja Vermelha	
NIMESULIDA BETACICLODEXTRINA	NIMESULIDA BETACICLODEXTRINA	M1A1 - ANTIRREUMÁTICOS NÃO ESTEROIDAIS PUROS	Genérico	Tarja Vermelha	
NIMESULIDA BETACICLODEXTRINA	NIMUS BETA	M1A1 - ANTIRREUMÁTICOS NÃO ESTEROIDAIS PUROS	Similar	Tarja Vermelha	
NIMESULIDA BETACICLODEXTRINA	NIB	M1A1 - ANTIRREUMÁTICOS NÃO ESTEROIDAIS PUROS	Similar	Tarja Vermelha	
NIMESULIDA BETACICLODEXTRINA	ZULIC	M1A1 - ANTIRREUMÁTICOS NÃO ESTEROIDAIS PUROS	Similar	Tarja Vermelha	
NIMESULIDA BETACICLODEXTRINA	MAXSULID	M1A1 - ANTIRREUMÁTICOS NÃO ESTEROIDAIS PUROS	Novo	- (*) 	
NIPOCALIMABE	IMAAVY	L4X - OUTROS IMUNOSSUPRESSORES	    -     	Tarja Vermelha	
NIRMATRELVIR;RITONAVIR	PAXLOVID	J5B6 - ANTIVIRAIS PARA CORONAVÍRUS	Novo	Tarja Vermelha	
NIRSEVIMABE	BEYFORTUS	J6H6 - IMUNOGLOBULINA CONTRA O VÍRUS SINCICIAL RESPIRATÓRIO (RSV)	Biológico	Tarja Vermelha	
NISTATINA	NISTATINA	A1B - ANTIFÚNGICOS ORAIS TÓPICOS	Genérico	Tarja Vermelha	
NISTATINA	NISTATINA	A1B - ANTIFÚNGICOS ORAIS TÓPICOS	Genérico	- (*) 	
NISTATINA	CANDITRAT	A1B - ANTIFÚNGICOS ORAIS TÓPICOS	Similar	Tarja Vermelha	
NISTATINA	NISTATINA	G1B - ANTIFÚNGICOS GINECOLÓGICOS	Genérico	Tarja Vermelha	
NISTATINA	NISTATINA	A1B - ANTIFÚNGICOS ORAIS TÓPICOS	Genérico	Tarja Vermelha	
NISTATINA	ALBISTIN	J2A - AGENTES SISTÊMICOS PARA INFECÇÕES FÚNGICAS	Similar	- (*) 	
NISTATINA	MICOSTALAB	G1B - ANTIFÚNGICOS GINECOLÓGICOS	Similar	Tarja Vermelha	
NISTATINA	NISTATINA	G1B - ANTIFÚNGICOS GINECOLÓGICOS	Genérico	Tarja Vermelha	
NISTATINA	NISTATINA	A1B - ANTIFÚNGICOS ORAIS TÓPICOS	Genérico	Tarja Vermelha	
NISTATINA	NISTAMAX	A1B - ANTIFÚNGICOS ORAIS TÓPICOS	Similar	Tarja Vermelha	
NISTATINA	NISTATINA	G1B - ANTIFÚNGICOS GINECOLÓGICOS	Genérico	- (*) 	
NISTATINA	NISTRAZIN	G1B - ANTIFÚNGICOS GINECOLÓGICOS	Similar	- (*) 	
NISTATINA	NEO MISTATIN	G1B - ANTIFÚNGICOS GINECOLÓGICOS	Similar	Tarja Vermelha	
NISTATINA	NISTATINA	G1B - ANTIFÚNGICOS GINECOLÓGICOS	Genérico	Tarja Vermelha	
NISTATINA	NISTATINA	G1B - ANTIFÚNGICOS GINECOLÓGICOS	Genérico	Tarja Vermelha	
NISTATINA	NISTATINA	G1B - ANTIFÚNGICOS GINECOLÓGICOS	Genérico	Tarja Vermelha	
NISTATINA;METRONIDAZOL	METRONIDAZOL + NISTATINA	G1A2 - TRICOMONICIDAS TÓPICOS	Genérico	Tarja Vermelha sob restrição	
NISTATINA;METRONIDAZOL	TRICOMAX	G1A2 - TRICOMONICIDAS TÓPICOS	Similar	- (*) 	
NISTATINA;METRONIDAZOL	METRONIDAZOL + NISTATINA	G1A2 - TRICOMONICIDAS TÓPICOS	Genérico	Tarja Vermelha sob restrição	
NISTATINA;METRONIDAZOL	METRONIDAZOL + NISTATINA	G1A2 - TRICOMONICIDAS TÓPICOS	Genérico	- (*) 	
NISTATINA;METRONIDAZOL	TRINODAZOL NISTATINA	G1A2 - TRICOMONICIDAS TÓPICOS	Similar	- (*) 	
NISTATINA;OXIDO DE ZINCO	POMAGLÓS TRATAMENTO	D1A1 - ANTIFÚNGICOS DERMATOLÓGICOS TÓPICOS	Similar	Tarja Sem Tarja	
NISTATINA;OXIDO DE ZINCO	NISTATINA + ÓXIDO DE ZINCO	D1A1 - ANTIFÚNGICOS DERMATOLÓGICOS TÓPICOS	Genérico	Tarja Sem Tarja	
NISTATINA;ÓXIDO DE ZINCO	NISTATINA + ÓXIDO DE ZINCO	D3A9 - TODOS OUTROS PRODUTOS PARA TRATAMENTO DE FERIDAS	Genérico	Tarja Sem Tarja	
NISTATINA;ÓXIDO DE ZINCO	NISTATINA + ÓXIDO DE ZINCO	D1A1 - ANTIFÚNGICOS DERMATOLÓGICOS TÓPICOS	Genérico	- (*) 	
NISTATINA;ÓXIDO DE ZINCO	BENZEVIT	D3A9 - TODOS OUTROS PRODUTOS PARA TRATAMENTO DE FERIDAS	Similar	- (*) 	
NISTATINA;ÓXIDO DE ZINCO	NISTATINA + OXIDO DE ZINCO	D1A1 - ANTIFÚNGICOS DERMATOLÓGICOS TÓPICOS	Genérico	Tarja Sem Tarja	
NISTATINA;ÓXIDO DE ZINCO	DERMONASE	D1A1 - ANTIFÚNGICOS DERMATOLÓGICOS TÓPICOS	Similar	- (*) 	
NISTATINA;ÓXIDO DE ZINCO	NISTATINA + ÓXIDO DE ZINCO	D3A9 - TODOS OUTROS PRODUTOS PARA TRATAMENTO DE FERIDAS	Genérico	Tarja Sem Tarja	
NISTATINA;ÓXIDO DE ZINCO	DERMODEX	D1A1 - ANTIFÚNGICOS DERMATOLÓGICOS TÓPICOS	Novo	Tarja Sem Tarja	
NISTATINA;ÓXIDO DE ZINCO	ALIVBABY	D1A1 - ANTIFÚNGICOS DERMATOLÓGICOS TÓPICOS	Similar	- (*) 	
NISTATINA;ÓXIDO DE ZINCO	OXYDERME	D3A9 - TODOS OUTROS PRODUTOS PARA TRATAMENTO DE FERIDAS	Similar	Tarja Sem Tarja	
NISTATINA;ÓXIDO DE ZINCO	PRATIDERM	D7B2 - CORTICOESTERÓIDES ASSOCIADOS A ANTIMICOTICOS	Similar	- (*) 	
NISTATINA;ÓXIDO DE ZINCO	NISTATINA + ÓXIDO DE ZINCO	D1A1 - ANTIFÚNGICOS DERMATOLÓGICOS TÓPICOS	Genérico	- (*) 	
NISTATINA;ÓXIDO DE ZINCO	NISTATINA + ÓXIDO DE ZINCO	D1A1 - ANTIFÚNGICOS DERMATOLÓGICOS TÓPICOS	Genérico	- (*) 	
NISTATINA;ÓXIDO DE ZINCO	NISTATINA+OXIDO DE ZINCO	D1A1 - ANTIFÚNGICOS DERMATOLÓGICOS TÓPICOS	Genérico	Tarja Sem Tarja	
NISTATINA;ÓXIDO DE ZINCO	BABYMED TRATAMENTO	D1A1 - ANTIFÚNGICOS DERMATOLÓGICOS TÓPICOS	Similar	Tarja Sem Tarja	
NISTATINA;ÓXIDO DE ZINCO	BEBEX N	G1A2 - TRICOMONICIDAS TÓPICOS	Similar	- (*) 	
NISTATINA;ÓXIDO DE ZINCO	NISTATINA + ÓXIDO DE ZINCO	D1A1 - ANTIFÚNGICOS DERMATOLÓGICOS TÓPICOS	Genérico	Tarja Sem Tarja	
NISTATINA;ÓXIDO DE ZINCO	BABYNEO	D1A1 - ANTIFÚNGICOS DERMATOLÓGICOS TÓPICOS	Similar	Tarja Sem Tarja	
NISTATINA;ÓXIDO DE ZINCO	NISTATINA + ÓXIDO DE ZINCO	D1A1 - ANTIFÚNGICOS DERMATOLÓGICOS TÓPICOS	Genérico	Tarja Sem Tarja	
NISTATINA;ÓXIDO DE ZINCO	NISTATINA + ÓXIDO DE ZINCO	D1A1 - ANTIFÚNGICOS DERMATOLÓGICOS TÓPICOS	Genérico	Tarja Sem Tarja	
NISTATINA;ÓXIDO DE ZINCO	NISTATINA + ÓXIDO DE ZINCO	D1A1 - ANTIFÚNGICOS DERMATOLÓGICOS TÓPICOS	Genérico	Tarja Sem Tarja	
NITAZOXANIDA	NITAZOXANIDA	P1G - OUTROS ANTIPARASITÁRIOS	Genérico	Tarja Vermelha sob restrição	
NITAZOXANIDA	AZOX	P1G - OUTROS ANTIPARASITÁRIOS	Similar	Tarja Vermelha sob restrição	
NITAZOXANIDA	MÍNTI	P1G - OUTROS ANTIPARASITÁRIOS	Similar	Tarja Vermelha sob restrição	
NITAZOXANIDA	NYDDA	P1G - OUTROS ANTIPARASITÁRIOS	Similar	Tarja Vermelha	
NITAZOXANIDA	RUDITE	P1G - OUTROS ANTIPARASITÁRIOS	Similar	Tarja Vermelha	
NITAZOXANIDA	NITAZOXANIDA	P1G - OUTROS ANTIPARASITÁRIOS	Genérico	Tarja Vermelha	
NITAZOXANIDA	EPARÁ	P1G - OUTROS ANTIPARASITÁRIOS	Similar	Tarja Vermelha sob restrição	
NITAZOXANIDA	ANNITA	P1G - OUTROS ANTIPARASITÁRIOS	Novo	Tarja Vermelha	
NITAZOXANIDA	NITAZOXANIDA	P1G - OUTROS ANTIPARASITÁRIOS	Genérico	Tarja Vermelha	
NITAZOXANIDA	ZOXYLAB	P1G - OUTROS ANTIPARASITÁRIOS	Similar	Tarja Vermelha	
NITAZOXANIDA	NITAZOXANIDA	P1G - OUTROS ANTIPARASITÁRIOS	Genérico	Tarja Vermelha	
NITAZOXANIDA	IROSÊ	P1G - OUTROS ANTIPARASITÁRIOS	Similar	Tarja Vermelha	
NITAZOXANIDA	NITAZOXANIDA	P1G - OUTROS ANTIPARASITÁRIOS	Genérico	Tarja Vermelha	
NITAZOXANIDA	NITAZOXANIDA	P1G - OUTROS ANTIPARASITÁRIOS	Genérico	Tarja Vermelha	
NITAZOXANIDA	NITAZOXANIDA	P1G - OUTROS ANTIPARASITÁRIOS	Genérico	Tarja Vermelha	
NITAZOXANIDA	NAXXAGRAN	P1G - OUTROS ANTIPARASITÁRIOS	Similar	Tarja Vermelha	
NITISINONA	ORFADIN	A16A - OUTROS PRODUTOS PARA O APARELHO DIGESTÓRIO E METABOLISMO	Novo	Tarja Vermelha	
NITISINONA	NITIKABS	A16A - OUTROS PRODUTOS PARA O APARELHO DIGESTÓRIO E METABOLISMO	Novo	Tarja Vermelha	
NITRATO DE BUTOCONAZOL	FEMMESIL	G1B - ANTIFÚNGICOS GINECOLÓGICOS	Similar	Tarja Vermelha	
NITRATO DE BUTOCONAZOL	GYNAZOLE-1	G1B - ANTIFÚNGICOS GINECOLÓGICOS	Novo	Tarja Vermelha	
NITRATO DE BUTOCONAZOL	NITRATO DE BUTOCONAZOL	G1B - ANTIFÚNGICOS GINECOLÓGICOS	Genérico	Tarja Vermelha	
NITRATO DE BUTOCONAZOL	UMMA	G1B - ANTIFÚNGICOS GINECOLÓGICOS	Similar	- (*) 	
NITRATO DE BUTOCONAZOL	UNYCA	G1B - ANTIFÚNGICOS GINECOLÓGICOS	Similar	Tarja Vermelha	
NITRATO DE FENTICONAZOL	GINNA	G1B - ANTIFÚNGICOS GINECOLÓGICOS	Similar	- (*) 	
NITRATO DE FENTICONAZOL	NITRATO DE FENTICONAZOL	G1B - ANTIFÚNGICOS GINECOLÓGICOS	Genérico	- (*) 	
NITRATO DE FENTICONAZOL	NITRATO DE FENTICONAZOL	G1B - ANTIFÚNGICOS GINECOLÓGICOS	Genérico	- (*) 	
NITRATO DE FENTICONAZOL	VAGICAND	G1B - ANTIFÚNGICOS GINECOLÓGICOS	Similar	- (*) 	
NITRATO DE FENTICONAZOL	FENTIZOL	G1B - ANTIFÚNGICOS GINECOLÓGICOS	Novo	Tarja Vermelha	
NITRATO DE ISOCONAZOL	NITRATO DE ISOCONAZOL	G1B - ANTIFÚNGICOS GINECOLÓGICOS	Genérico	- (*) 	
NITRATO DE ISOCONAZOL	GYNO-ICADEN	G1B - ANTIFÚNGICOS GINECOLÓGICOS	Novo	Tarja Vermelha	
NITRATO DE MICONAZOL	MICOZEN	G1B - ANTIFÚNGICOS GINECOLÓGICOS	Similar	- (*) 	
NITRATO DE MICONAZOL	NITRATO DE MICONAZOL	G1B - ANTIFÚNGICOS GINECOLÓGICOS	Genérico	- (*) 	
NITRATO DE MICONAZOL	VODOL	D1A1 - ANTIFÚNGICOS DERMATOLÓGICOS TÓPICOS	Similar	Tarja Sem Tarja	
NITRATO DE MICONAZOL	NITRATO DE MICONAZOL	D1A1 - ANTIFÚNGICOS DERMATOLÓGICOS TÓPICOS	Genérico	Tarja Sem Tarja	
NITRATO DE MICONAZOL	NITRATO DE MICONAZOL	D1A1 - ANTIFÚNGICOS DERMATOLÓGICOS TÓPICOS	Genérico	- (*) 	
NITRATO DE MICONAZOL	NITRATO DE MICONAZOL	D1A1 - ANTIFÚNGICOS DERMATOLÓGICOS TÓPICOS	Genérico	- (*) 	
NITRATO DE MICONAZOL	NITRATO DE MICONAZOL	D1A1 - ANTIFÚNGICOS DERMATOLÓGICOS TÓPICOS	Genérico	- (*) 	
NITRATO DE MICONAZOL	MIZONOL	D1A1 - ANTIFÚNGICOS DERMATOLÓGICOS TÓPICOS	Similar	- (*) 	
NITRATO DE MICONAZOL	GINO MIZONOL	G1B - ANTIFÚNGICOS GINECOLÓGICOS	Similar	Tarja Sem Tarja	
NITRATO DE MICONAZOL	NITRATO DE MICONAZOL	D1A3 - ANTIFÚNGICOS TÓPICOS DO COURO CABELUDO	Genérico	- (*) 	
NITRATO DE MICONAZOL;METRONIDAZOL	GYNOTRAN	G1A2 - TRICOMONICIDAS TÓPICOS	Novo	Tarja Vermelha sob restrição	
NITRATO DE MICONAZOL;TINIDAZOL	TINIDAZOL + NITRATO DE MICONAZOL	G1A2 - TRICOMONICIDAS TÓPICOS	Genérico	Tarja Vermelha	
NITRATO DE MICONAZOL;TINIDAZOL	TINIDAZOL + NITRATO DE MICONAZOL	G1A2 - TRICOMONICIDAS TÓPICOS	Genérico	- (*) 	
NITRATO DE MICONAZOL;TINIDAZOL	GINO-COLON	G1A2 - TRICOMONICIDAS TÓPICOS	Similar	Tarja Vermelha	
NITRATO DE MICONAZOL;TINIDAZOL	TINIDAZOL + NITRATO DE MICONAZOL	G1A2 - TRICOMONICIDAS TÓPICOS	Genérico	Tarja Vermelha	
NITRATO DE MICONAZOL;TINIDAZOL	TINIDAZOL + NITRATO DE MICONAZOL	G1A2 - TRICOMONICIDAS TÓPICOS	Genérico	- (*) 	
NITRATO DE MICONAZOL;TINIDAZOL	AMPLIUM G	G1A2 - TRICOMONICIDAS TÓPICOS	Similar	- (*) 	
NITRATO DE OXICONAZOL	OXIPELLE	D1A1 - ANTIFÚNGICOS DERMATOLÓGICOS TÓPICOS	Similar	Tarja Vermelha	
NITRATO DE OXICONAZOL	NITRATO DE OXICONAZOL	D1A1 - ANTIFÚNGICOS DERMATOLÓGICOS TÓPICOS	Genérico	- (*) 	
NITRATO DE TIAMINA;CLORIDRATO DE PIRIDOXINA;CIANOCOBALAMINA	NEO B	A11D4 - ASSOCIAÇÕES VITAMINA B1+ B6 E/OU B12	Específico	Tarja Vermelha	
NITRATO DE TIAMINA;CLORIDRATO DE PIRIDOXINA;CIANOCOBALAMINA	CITOBÊ	A11D4 - ASSOCIAÇÕES VITAMINA B1+ B6 E/OU B12	Específico	Tarja Vermelha	
NITRATO DE TIAMINA;CLORIDRATO DE PIRIDOXINA;CIANOCOBALAMINA	RENOVI B	A11D4 - ASSOCIAÇÕES VITAMINA B1+ B6 E/OU B12	Específico	Tarja Vermelha	
NITRATO DE TIAMINA;CLORIDRATO DE PIRIDOXINA;CIANOCOBALAMINA	NOCIP	A11D4 - ASSOCIAÇÕES VITAMINA B1+ B6 E/OU B12	Específico	Tarja Vermelha	
NITRATO DE TIAMINA;CLORIDRATO DE PIRIDOXINA;CIANOCOBALAMINA	LYVABE	A11D4 - ASSOCIAÇÕES VITAMINA B1+ B6 E/OU B12	Específico	Tarja Vermelha	
NITRATO DE TIAMINA;CLORIDRATO DE PIRIDOXINA;CIANOCOBALAMINA	NEOPLEXUS	A11D4 - ASSOCIAÇÕES VITAMINA B1+ B6 E/OU B12	Específico	Tarja Vermelha	
NITRATO DE TIAMINA;CLORIDRATO DE PIRIDOXINA;CIANOCOBALAMINA	CRONOBE COMPLEX	A11D4 - ASSOCIAÇÕES VITAMINA B1+ B6 E/OU B12	Específico	Tarja Vermelha	
NITRATO DE TIAMINA;CLORIDRATO DE PIRIDOXINA;CIANOCOBALAMINA	BETRAT	A11D4 - ASSOCIAÇÕES VITAMINA B1+ B6 E/OU B12	Específico	Tarja Vermelha	
NITRATO DE TIAMINA;CLORIDRATO DE PIRIDOXINA;CIANOCOBALAMINA	CITONEURIN 5000 TABS	A11D4 - ASSOCIAÇÕES VITAMINA B1+ B6 E/OU B12	Específico	Tarja Vermelha	
NITRATO DE TIAMINA;ÁCIDO AMINOBENZÓICO;PANTOTENATO DE CÁLCIO;CISTINA;QUERATINA;LEVEDURA	PANTOGAR	D11A - OUTRAS PREPARAÇÕES DERMATOLOGICAS	Específico	Tarja Vermelha	
NITRATO DE TIAMINA;ÁCIDO AMINOBENZÓICO;PANTOTENATO DE CÁLCIO;CISTINA;QUERATINA;LEVEDURA	MONESSA	D11A - OUTRAS PREPARAÇÕES DERMATOLOGICAS	Específico	- (*) 	
NITRAZEPAM	NITRAPAN	N5B1 - HIPNÓTICOS E SEDATIVOS NÃO BARBITÚRICOS PUROS	Similar	- (*) 	
NITRAZEPAM	NITRAZEPAM (PORT 344/98 LISTA B1)	N5B1 - HIPNÓTICOS E SEDATIVOS NÃO BARBITÚRICOS PUROS	Genérico	- (*) 	
NITRAZEPAM	SONEBON	N5B1 - HIPNÓTICOS E SEDATIVOS NÃO BARBITÚRICOS PUROS	Similar	- (*) 	
NITRENDIPINO	CALTREN	C8A - ANTAGONISTAS DO CÁLCIO PUROS	Similar	Tarja Vermelha	
NITRENDIPINO	NITRENDIPINO	C8A - ANTAGONISTAS DO CÁLCIO PUROS	Genérico	- (*) 	
NITRENDIPINO	NITRENCORD	C8A - ANTAGONISTAS DO CÁLCIO PUROS	Similar	Tarja Vermelha	
NITROFURAL	CAZIDERM	D6A - ANTIBIÓTICOS TÓPICOS	Similar	- (*) 	
NITROFURANTOÍNA	NITROFEN	G4A9 - OUTROS ANTI-SÉPTCOS URINÁRIOS	Similar	- (*) 	
NITROFURANTOÍNA	NITROFURANTOINA	G04A9 - OUTROS ANTI-SÉPTICOS URINÁRIOS	Genérico	- (*) 	
NITROFURANTOÍNA	MACRODANTINA	G4A9 - OUTROS ANTI-SÉPTCOS URINÁRIOS	Novo	Tarja Vermelha sob restrição	
NITROGLICERINA	TRIDIL	C1E - NITRITOS E NITRATOS	Similar	- (*) 	
NITROPRUSSETO DE SÓDIO	NITROP	C2A2 - ANTI-HIPERTENSIVOS PURO-AÇÃO PERIFÉRICA	Similar	- (*) 	
NITROPRUSSETO DE SÓDIO DI-HIDRATADO	NITROPRUS	C2A2 - ANTI-HIPERTENSIVOS PURO-AÇÃO PERIFÉRICA	Similar	Tarja Vermelha	
NIVOLUMABE	OPDIVO	L1G5 - ANTICORPOS MONOCLONAIS ANTINEOPLÁSICOS, PD-1/PD-L1	Biológico	- (*) 	
NIVOLUMABE;RELATLIMABE	OPDUALAG	L1G9 - ANTICORPOS MONOCLONAIS ANTINEOPLÁSICOS, OUTROS	Biológico	Tarja Vermelha	
NORELGESTROMINA;ETINILESTRADIOL	EVRA	G3A9 - OUTROS HORMÔNIOS CONTRACEPTIVOS SISTÊMICOS	Novo	Tarja Vermelha	
NORETISTERONA	NORESTIN	G3A5 - PREPARAÇÕES ORAIS COM PROGESTAGÊNIOS SOMENTE	Similar	Tarja Vermelha	
NORETISTERONA	NORETISTERONA	G3A5 - PREPARAÇÕES ORAIS COM PROGESTAGÊNIOS SOMENTE	Genérico	Tarja Vermelha	
NORFLOXACINO	NORFLOXACINO	J1G1 - FLUORQUINOLONAS ORAIS	Genérico	Tarja Vermelha sob restrição	
NORFLOXACINO	NORFLOXACINO	J1G1 - FLUORQUINOLONAS ORAIS	Genérico	Tarja Vermelha sob restrição	
NORFLOXACINO	NORXACIN	J1G1 - FLUORQUINOLONAS ORAIS	Similar	Tarja Vermelha sob restrição	
NORFLOXACINO	NORFLOXACINO	J1G1 - FLUORQUINOLONAS ORAIS	Genérico	Tarja Vermelha sob restrição	
NORFLOXACINO	UROTROBEL	J1G1 - FLUORQUINOLONAS ORAIS	Similar	Tarja Vermelha sob restrição	
NORFLOXACINO	NORFLOXACINO	J1G1 - FLUORQUINOLONAS ORAIS	Genérico	Tarja Vermelha sob restrição	
NORFLOXACINO	NORFLOXACINO	J1G1 - FLUORQUINOLONAS ORAIS	Genérico	Tarja Vermelha sob restrição	
NORFLOXACINO	FLOXIMED	J1G1 - FLUORQUINOLONAS ORAIS	Similar	Tarja Vermelha sob restrição	
NORFLOXACINO	NORFLOXACINO	J1G1 - FLUORQUINOLONAS ORAIS	Genérico	Tarja Vermelha sob restrição	
NORFLOXACINO	NORFLOXACINO	J1G1 - FLUORQUINOLONAS ORAIS	Genérico	Tarja Vermelha sob restrição	
NORFLOXACINO	NORFLOXACINO	J1G1 - FLUORQUINOLONAS ORAIS	Genérico	Tarja Vermelha sob restrição	
NORFLOXACINO	FLOXAMOX	J1G1 - FLUORQUINOLONAS ORAIS	Similar	Tarja Vermelha sob restrição	
NORFLOXACINO	NORFLOXACINO	J1G1 - FLUORQUINOLONAS ORAIS	Genérico	Tarja Vermelha sob restrição	
NORFLOXACINO	NORF	J1G1 - FLUORQUINOLONAS ORAIS	Similar	Tarja Vermelha sob restrição	
NORFLOXACINO	NORFLOXACINO	J1G1 - FLUORQUINOLONAS ORAIS	Genérico	Tarja Vermelha sob restrição	
NORFLOXACINO	NORFLOXACINO	J1G1 - FLUORQUINOLONAS ORAIS	Genérico	Tarja Vermelha sob restrição	
NORFLOXACINO	NORFLOXACINO	J1G1 - FLUORQUINOLONAS ORAIS	Genérico	Tarja Vermelha sob restrição	
NUSINERSENA	SPINRAZA	M5X - TODOS OS OUTROS FÁRMACOS COM AÇÃO MÚSCULO-ESQUELÉTICA	Novo	Tarja Vermelha	
OBINUTUZUMABE	GAZYVA	L1G1 - ANTICORPOS MONOCLONAIS ANTINEOPLÁSICOS, CD20	Biológico	- (*) 	
OCITOCINA	OXITON	G2A - INDUTORES DO PARTO INCLUINDO OXITOCINAS	Similar	Tarja Vermelha	
OCITOCINA	OCITOCINA	G2A - INDUTORES DO PARTO INCLUINDO OXITOCINAS	Genérico	Tarja Vermelha	
OCITOCINA	SYNTOCINON	G2A - INDUTORES DO PARTO INCLUINDO OXITOCINAS	Novo	Tarja Vermelha	
OCRELIZUMABE	OCREVUS	N7A - PRODUTOS PARA ESCLEROSE MÚLTIPLA	Biológico	Tarja Vermelha	
ODEVIXIBATE SESQUI-HIDRATADO	BYLVAY	V07A2 - OUTROS PRODUTOS	Novo	Tarja Vermelha	
OFATUMUMABE	KESIMPTA	N7A - PRODUTOS PARA ESCLEROSE MÚLTIPLA	Biológico	- (*) 	
OFLOXACINO	OFLOX	S1A - ANTIINFECCIOS OFTALMOLÓGICOS	Novo	- (*) 	
OFLOXACINO	NOSTIL	S1A - ANTIINFECCIOS OFTALMOLÓGICOS	Similar	- (*) 	
OFLOXACINO	OFLOXACINO	S1A - ANTIINFECCIOS OFTALMOLÓGICOS	Genérico	Tarja Vermelha sob restrição	
OFLOXACINO	LFM - OFLOXACINO	J1G1 - FLUORQUINOLONAS ORAIS	Similar	Tarja Vermelha sob restrição	
OLANZAPINA	OLANZAPINA	N5A1 - ANTIPSICÓTICOS ATÍPICOS	Genérico	Tarja Vermelha sob restrição	
OLANZAPINA	ZAP	N5A1 - ANTIPSICÓTICOS ATÍPICOS	Similar	Tarja Vermelha sob restrição	
OLANZAPINA	OLANZAPINA	N5A1 - ANTIPSICÓTICOS ATÍPICOS	Genérico	- (*) 	
OLANZAPINA	OLANZAPINA	N5A1 - ANTIPSICÓTICOS ATÍPICOS	Genérico	- (*) 	
OLANZAPINA	OLANZAPINA	N5A1 - ANTIPSICÓTICOS ATÍPICOS	Genérico	Tarja Vermelha sob restrição	
OLANZAPINA	ZOPIX	N5A1 - ANTIPSICÓTICOS ATÍPICOS	Similar	Tarja Vermelha sob restrição	
OLANZAPINA	CRISAPINA	N5A1 - ANTIPSICÓTICOS ATÍPICOS	Similar	- (*) 	
OLANZAPINA	OLANZAPINA	N5A1 - ANTIPSICÓTICOS ATÍPICOS	Genérico	Tarja Vermelha sob restrição	
OLANZAPINA	OLANEXYN	N5A1 - ANTIPSICÓTICOS ATÍPICOS	Similar	- (*) 	
OLANZAPINA	AXONIUM	N5A1 - ANTIPSICÓTICOS ATÍPICOS	Similar	- (*) 	
OLANZAPINA	OLANZAPINA	N5A1 - ANTIPSICÓTICOS ATÍPICOS	Genérico	Tarja Vermelha sob restrição	
OLANZAPINA	OLANZAPINA	N5A1 - ANTIPSICÓTICOS ATÍPICOS	Genérico	Tarja Vermelha sob restrição	
OLANZAPINA	OLANZAPINA	N5A1 - ANTIPSICÓTICOS ATÍPICOS	Genérico	Tarja Vermelha sob restrição	
OLANZAPINA	OLANZYS	N5A1 - ANTIPSICÓTICOS ATÍPICOS	Similar	Tarja Vermelha sob restrição	
OLANZAPINA	OLANZAPINA	N5A1 - ANTIPSICÓTICOS ATÍPICOS	Genérico	Tarja Vermelha sob restrição	
OLANZAPINA	OLANZAPINA	N5A1 - ANTIPSICÓTICOS ATÍPICOS	Genérico	Tarja Vermelha sob restrição	
OLANZAPINA	ZYPREXA	N5A1 - ANTIPSICÓTICOS ATÍPICOS	Novo	Tarja Vermelha sob restrição	
OLANZAPINA	OLANZAPINA	N5A1 - ANTIPSICÓTICOS ATÍPICOS	Genérico	Tarja Vermelha sob restrição	
OLANZAPINA	OLANZAPINA	N5A1 - ANTIPSICÓTICOS ATÍPICOS	Genérico	Tarja Vermelha sob restrição	
OLANZAPINA	ONAZ	N5A1 - ANTIPSICÓTICOS ATÍPICOS	Similar	Tarja Vermelha sob restrição	
OLANZAPINA	OLANZAPINA	N5A1 - ANTIPSICÓTICOS ATÍPICOS	Genérico	Tarja Vermelha sob restrição	
OLANZAPINA	OLANZAPINA	N5A1 - ANTIPSICÓTICOS ATÍPICOS	Genérico	Tarja Vermelha sob restrição	
OLANZAPINA	OLANZAPINA	N5A1 - ANTIPSICÓTICOS ATÍPICOS	Genérico	Tarja Vermelha sob restrição	
OLANZAPINA	OLANZAPINA	N5A1 - ANTIPSICÓTICOS ATÍPICOS	Genérico	Tarja Vermelha sob restrição	
OLANZAPINA	OLANZAPINA	N5A1 - ANTIPSICÓTICOS ATÍPICOS	Genérico	Tarja Vermelha	
OLANZAPINA	ZYPREXA	N5A1 - ANTIPSICÓTICOS ATÍPICOS	Novo	Tarja Vermelha sob restrição	
OLAPARIBE	LYNPARZA COMPRIMIDOS	L1K - ANTINEOPLÁSICOS LIDOMIDA	Novo	Tarja Vermelha	
OLEATO DE MONOETANOLAMINA	ETHAMOLIN	C5B - TERAPIA ANTIVARICOSA TÓPICA	Novo	- (*) 	
OLIGOSSACARÍDEO MENINGOCÓCICO DO GRUPO C	VACINA ADSORVIDA MENINGOCÓCICA C (CONJUGADA)	J7D2 - VACINAS MENINGOCÓCICAS	Biológico	- (*) 	
OLIGOSSACARÍDEO MENINGOCÓCICO Y;OLIGOSSACARÍDEO MENINGOCÓCICO W135;OLIGOSSACARÍDEO MENINGOCÓCICO DO GRUPO C;OLIGOSSACARÍDEO MENINGOCÓCICO A	MENVEO	J7D2 - VACINAS MENINGOCÓCICAS	Biológico	Tarja Vermelha	
OLIGOSSACARÍDEO MENINGOCÓCICO Y;OLIGOSSACARÍDEO MENINGOCÓCICO W135;OLIGOSSACARÍDEO MENINGOCÓCICO DO GRUPO C;OLIGOSSACARÍDEO MENINGOCÓCICO A;PROTEÍNA DIFTÉRICA CRM 197	VACINA MENINGOCÓCICA ACWY (CONJUGADA)	J7D2 - VACINAS MENINGOCÓCICAS	Biológico	Tarja Vermelha	
OLIGOSSACARÍDEO MENINGOCÓCICO Y;OLIGOSSACARÍDEO MENINGOCÓCICO W135;OLIGOSSACARÍDEO MENINGOCÓCICO DO GRUPO C;OLIGOSSACARÍDEO MENINGOCÓCICO A;PROTEÍNA DIFTÉRICA CRM 197	VACINA MENINGOCÓCICA ACWY (CONJUGADA)	J7D2 - VACINAS MENINGOCÓCICAS	Biológico	Tarja Vermelha	
OLMESARTANA MEDOXOMILA	OLMESARTANA MEDOXOMILA	C9C - ANTAGONISTAS DA ANGIOTENSINA II PUROS	Genérico	Tarja Vermelha	
OLMESARTANA MEDOXOMILA	HOLMES	C9C - ANTAGONISTAS DA ANGIOTENSINA II PUROS	Similar	Tarja Vermelha	
OLMESARTANA MEDOXOMILA	OLSAR	C9C - ANTAGONISTAS DA ANGIOTENSINA II PUROS	Similar	Tarja Vermelha	
OLMESARTANA MEDOXOMILA	OLMESARTANA MEDOXOMILA	C9C - ANTAGONISTAS DA ANGIOTENSINA II PUROS	Genérico	Tarja Vermelha	
OLMESARTANA MEDOXOMILA	OLMEDIX	C9C - ANTAGONISTAS DA ANGIOTENSINA II PUROS	Similar	Tarja Vermelha	
OLMESARTANA MEDOXOMILA	OLMESARTANA MEDOXOMILA	C9C - ANTAGONISTAS DA ANGIOTENSINA II PUROS	Genérico	Tarja Vermelha	
OLMESARTANA MEDOXOMILA	ASEA	C9C - ANTAGONISTAS DA ANGIOTENSINA II PUROS	Similar	Tarja Vermelha	
OLMESARTANA MEDOXOMILA	BENICAR	C9C - ANTAGONISTAS DA ANGIOTENSINA II PUROS	Novo	Tarja Vermelha	
OLMESARTANA MEDOXOMILA	BENICAR ODT	C9C - ANTAGONISTAS DA ANGIOTENSINA II PUROS	Novo	Tarja Vermelha	
OLMESARTANA MEDOXOMILA	OLMESARTANA MEDOXOMILA	C9C - ANTAGONISTAS DA ANGIOTENSINA II PUROS	Genérico	- (*) 	
OLMESARTANA MEDOXOMILA	OLMECOR	C9C - ANTAGONISTAS DA ANGIOTENSINA II PUROS	Similar	Tarja Vermelha	
OLMESARTANA MEDOXOMILA	OLMESARTANA MEDOXOMILA	C9C - ANTAGONISTAS DA ANGIOTENSINA II PUROS	Genérico	Tarja Vermelha	
OLMESARTANA MEDOXOMILA	BIOLME	C9C - ANTAGONISTAS DA ANGIOTENSINA II PUROS	Similar	Tarja Vermelha	
OLMESARTANA MEDOXOMILA	OLMETEC	C9C - ANTAGONISTAS DA ANGIOTENSINA II PUROS	Novo	Tarja Vermelha	
OLMESARTANA MEDOXOMILA	OLMESARTANA MEDOXOMILA	C9C - ANTAGONISTAS DA ANGIOTENSINA II PUROS	Genérico	Tarja Vermelha	
OLMESARTANA MEDOXOMILA	OLMESARTANA MEDOXOMILA	C9C - ANTAGONISTAS DA ANGIOTENSINA II PUROS	Genérico	Tarja Vermelha	
OLMESARTANA MEDOXOMILA	OLMY	C9C - ANTAGONISTAS DA ANGIOTENSINA II PUROS	Similar	Tarja Vermelha	
OLMESARTANA MEDOXOMILA	OLMESARTANA MEDOXOMILA	C9C - ANTAGONISTAS DA ANGIOTENSINA II PUROS	Genérico	Tarja Vermelha	
OLMESARTANA MEDOXOMILA	OLMESARTANA MEDOXOMILA	C9C - ANTAGONISTAS DA ANGIOTENSINA II PUROS	Genérico	Tarja Vermelha	
OLMESARTANA MEDOXOMILA	OLMEGRAN	C9C - ANTAGONISTAS DA ANGIOTENSINA II PUROS	Similar	Tarja Vermelha	
OLMESARTANA MEDOXOMILA	OLMESARTANA MEDOXOMILA	C9C - ANTAGONISTAS DA ANGIOTENSINA II PUROS	Genérico	Tarja Vermelha	
OLMESARTANA MEDOXOMILA	FLUXOCOR	C9C - ANTAGONISTAS DA ANGIOTENSINA II PUROS	Similar	Tarja Vermelha	
OLMESARTANA MEDOXOMILA	OLMESARTANA MEDOXOMILA	C9C - ANTAGONISTAS DA ANGIOTENSINA II PUROS	Genérico	Tarja Vermelha	
OMALIZUMABE	XOLAIR	R3X2 - TODOS OS OUTROS PRODUTOS ANTI-ASMÁTICOS e DPOC, SISTÊMICOS	Biológico	- (*) 	
OMALIZUMABE	OMLYCLO	R3X2 - TODOS OS OUTROS PRODUTOS ANTI-ASMÁTICOS e DPOC, SISTÊMICOS	Biológico	Tarja Vermelha	
OMAVELOXOLONA	SKYCLARYS	N7X - TODOS OS OUTROS PRODUTOS PARA O SISTEMA NERVOSO CENTRAL	Novo	Tarja Vermelha	
OMEPRAZOL	OMEPRAZOL	A2B2 - INIBIDORES DA BOMBA DE PRÓTONS	Genérico	Tarja Vermelha	
OMEPRAZOL	OMEPRAZOL	A2B2 - INIBIDORES DA BOMBA DE PRÓTONS	Genérico	Tarja Vermelha	
OMEPRAZOL	OMEPRAZOL	A2B2 - INIBIDORES DA BOMBA DE PRÓTONS	Genérico	Tarja Vermelha	
OMEPRAZOL	OMEPRAZOL	A2B2 - INIBIDORES DA BOMBA DE PRÓTONS	Genérico	Tarja Vermelha	
OMEPRAZOL	TEUTOZOL	A2B2 - INIBIDORES DA BOMBA DE PRÓTONS	Similar	Tarja Vermelha	
OMEPRAZOL	NEPRAZOL	A2B2 - INIBIDORES DA BOMBA DE PRÓTONS	Similar	Tarja Vermelha	
OMEPRAZOL	UNIPRAZOL	A2B2 - INIBIDORES DA BOMBA DE PRÓTONS	Similar	Tarja Vermelha	
OMEPRAZOL	OMEPRAZOL	A2B2 - INIBIDORES DA BOMBA DE PRÓTONS	Genérico	Tarja Vermelha	
OMEPRAZOL	OMEPRAZOL	A2B2 - INIBIDORES DA BOMBA DE PRÓTONS	Genérico	Tarja Vermelha	
OMEPRAZOL	NOVOPRAZOL	A2B2 - INIBIDORES DA BOMBA DE PRÓTONS	Similar	Tarja Vermelha	
OMEPRAZOL	OMOPREL	A2B2 - INIBIDORES DA BOMBA DE PRÓTONS	Similar	- (*) 	
OMEPRAZOL	GASTRIUM	A2B2 - INIBIDORES DA BOMBA DE PRÓTONS	Similar	Tarja Vermelha	
OMEPRAZOL	OMEPRAZOL	A2B2 - INIBIDORES DA BOMBA DE PRÓTONS	Genérico	Tarja Vermelha	
OMEPRAZOL	OMEPRAZOL	A2B2 - INIBIDORES DA BOMBA DE PRÓTONS	Genérico	- (*) 	
OMEPRAZOL	EUPEPT	A2B2 - INIBIDORES DA BOMBA DE PRÓTONS	Similar	Tarja Vermelha	
OMEPRAZOL	OMEPRAZOL	A2B2 - INIBIDORES DA BOMBA DE PRÓTONS	Genérico	Tarja Vermelha	
OMEPRAZOL	LOZEPREL	A2B2 - INIBIDORES DA BOMBA DE PRÓTONS	Similar	Tarja Vermelha	
OMEPRAZOL	OMEPRAZOL	A2B2 - INIBIDORES DA BOMBA DE PRÓTONS	Genérico	Tarja Vermelha	
OMEPRAZOL	PRATIPRAZOL	A2B2 - INIBIDORES DA BOMBA DE PRÓTONS	Similar	Tarja Vermelha	
OMEPRAZOL	OMEPRAZOL	A2B2 - INIBIDORES DA BOMBA DE PRÓTONS	Genérico	Tarja Vermelha	
OMEPRAZOL	ELPRAZOL	A2B2 - INIBIDORES DA BOMBA DE PRÓTONS	Similar	Tarja Vermelha	
OMEPRAZOL	OMEPRAZOL	A2B2 - INIBIDORES DA BOMBA DE PRÓTONS	Genérico	Tarja Vermelha	
OMEPRAZOL	OMEPRAZOL	A2B2 - INIBIDORES DA BOMBA DE PRÓTONS	Genérico	Tarja Vermelha	
OMEPRAZOL	OMEPRAZOL	A2B2 - INIBIDORES DA BOMBA DE PRÓTONS	Genérico	Tarja Vermelha	
OMEPRAZOL	OMENAX	A2B2 - INIBIDORES DA BOMBA DE PRÓTONS	Similar	Tarja Vermelha	
OMEPRAZOL	NEOPRAZOL	A2B2 - INIBIDORES DA BOMBA DE PRÓTONS	Similar	Tarja Vermelha	
OMEPRAZOL	OMEPRAZOL	A2B2 - INIBIDORES DA BOMBA DE PRÓTONS	Genérico	- (*) 	
OMEPRAZOL	OMEPRAZOL	A2B2 - INIBIDORES DA BOMBA DE PRÓTONS	Genérico	Tarja Vermelha	
OMEPRAZOL MAGNÉSICO	LOSEC	A2B2 - INIBIDORES DA BOMBA DE PRÓTONS	Novo	Tarja Vermelha	
OMEPRAZOL SÓDICO	OMEPRAZOL SÓDICO	A2B2 - INIBIDORES DA BOMBA DE PRÓTONS	Genérico	- (*) 	
OMEPRAZOL SÓDICO	OMEPRAZOL SÓDICO	A2B2 - INIBIDORES DA BOMBA DE PRÓTONS	Genérico	Tarja Vermelha	
OMEPRAZOL SÓDICO	OMEPRAZOL SÓDICO	A2B2 - INIBIDORES DA BOMBA DE PRÓTONS	Genérico	Tarja Vermelha	
OMEPRAZOL SÓDICO	OPRAZON	A2B2 - INIBIDORES DA BOMBA DE PRÓTONS	Similar	Tarja Vermelha	
OMEPRAZOL SÓDICO	OMEPRAZOL SÓDICO	A2B2 - INIBIDORES DA BOMBA DE PRÓTONS	Genérico	Tarja Vermelha	
ONASEMNOGENO ABEPARVOVEQUE	ZOLGENSMA	M5X - TODOS OS OUTROS FÁRMACOS COM AÇÃO MÚSCULO-ESQUELÉTICA	Produto de Terapia Avançada	Tarja Vermelha	
ONDANSETRONA	ONDANSETRONA	A4A1 - ANTIEMÉTICOS E ANTINAUSEANTES, ANTAGONISTAS DA SEROTONINA	Genérico	Tarja Vermelha	
ONDANSETRONA	ONO	A4A1 - ANTIEMÉTICOS E ANTINAUSEANTES, ANTAGONISTAS DA SEROTONINA	Novo	Tarja Vermelha	
ONDANSETRONA	KEMYZA	A4A1 - ANTIEMÉTICOS E ANTINAUSEANTES, ANTAGONISTAS DA SEROTONINA	Novo	Tarja Vermelha	
ONDANSETRONA	ONDANSETRONA	A4A1 - ANTIEMÉTICOS E ANTINAUSEANTES, ANTAGONISTAS DA SEROTONINA	Genérico	Tarja Vermelha	
ONDANSETRONA	ONDIF	A4A1 - ANTIEMÉTICOS E ANTINAUSEANTES, ANTAGONISTAS DA SEROTONINA	Novo	Tarja Vermelha	
ORLIPASTAT	ORLISTATE	A8A - PREPARAÇÕES ANTIOBESIDADE, EXCETO OS DIETÉTICOS	Genérico	Tarja Vermelha	
ORLIPASTAT	SILUESTAT	A8A - PREPARAÇÕES ANTIOBESIDADE, EXCETO OS DIETÉTICOS	Similar	Tarja Vermelha	
ORLIPASTAT	ORLISTATE	A8A - PREPARAÇÕES ANTIOBESIDADE, EXCETO OS DIETÉTICOS	Genérico	Tarja Vermelha	
ORLIPASTAT	LIPIBLOCK	A8A - PREPARAÇÕES ANTIOBESIDADE, EXCETO OS DIETÉTICOS	Similar	Tarja Vermelha	
ORLIPASTAT	ORLIPID	A8A - PREPARAÇÕES ANTIOBESIDADE, EXCETO OS DIETÉTICOS	Similar	Tarja Vermelha	
ORLIPASTAT	ORLAX	A8A - PREPARAÇÕES ANTIOBESIDADE, EXCETO OS DIETÉTICOS	Similar	- (*) 	
ORLIPASTAT	LIPOXEN	A8A - PREPARAÇÕES ANTIOBESIDADE, EXCETO OS DIETÉTICOS	Similar	Tarja Vermelha	
ORLIPASTAT	ORLISTATE	A8A - PREPARAÇÕES ANTIOBESIDADE, EXCETO OS DIETÉTICOS	Genérico	Tarja Vermelha	
ORLISTATE	ORLISTATE	A8A - PREPARAÇÕES ANTIOBESIDADE, EXCETO OS DIETÉTICOS	Genérico	Tarja Vermelha	
ORLISTATE	ORLIBE	A8A - PREPARAÇÕES ANTIOBESIDADE, EXCETO OS DIETÉTICOS	Similar	Tarja Vermelha	
ORLISTATE	ORLISTATE	A8A - PREPARAÇÕES ANTIOBESIDADE, EXCETO OS DIETÉTICOS	Genérico	Tarja Vermelha	
ORYZA SATIVA L.	MONALESS	C10B - PREPARAÇÕES ANTIATEROMATAS DE ORIGEM NATURAL	Fitoterápico	- (*) 	
OXACILINA SÓDICA	OXACILIL	J1H1 - PENICILINAS DE PEQUENO E MÉDIO ESPECTROS PURAS	Similar	Tarja Vermelha	
OXACILINA SÓDICA	OXACILINA SODICA	J1H1 - PENICILINAS DE PEQUENO E MÉDIO ESPECTROS PURAS	Genérico	- (*) 	
OXACILINA SÓDICA	OXANON	J1H1 - PENICILINAS DE PEQUENO E MÉDIO ESPECTROS PURAS	Similar	- (*) 	
OXACILINA SÓDICA	OXACILINA SÓDICA	J1H1 - PENICILINAS DE PEQUENO E MÉDIO ESPECTROS PURAS	Genérico	- (*) 	
OXACILINA SÓDICA	OXACILINA SÓDICA	J1H1 - PENICILINAS DE PEQUENO E MÉDIO ESPECTROS PURAS	Genérico	Tarja Vermelha sob restrição	
OXALATO DE ESCITALOPRAM	RECONTER	N6A4 - ANTIDEPRESSIVOS SSRI	Similar	Tarja Vermelha sob restrição	
OXALATO DE ESCITALOPRAM	RECONTER ODT	N6A4 - ANTIDEPRESSIVOS SSRI	Novo	Tarja Vermelha sob restrição	
OXALATO DE ESCITALOPRAM	ESC	N6A4 - ANTIDEPRESSIVOS SSRI	Similar	Tarja Vermelha sob restrição	
OXALATO DE ESCITALOPRAM	OXALATO DE ESCITALOPRAM	N6A4 - ANTIDEPRESSIVOS SSRI	Genérico	Tarja Vermelha sob restrição	
OXALATO DE ESCITALOPRAM	ESC ODT	N6A4 - ANTIDEPRESSIVOS SSRI	Novo	Tarja Vermelha sob restrição	
OXALATO DE ESCITALOPRAM	OXALATO DE ESCITALOPRAM	N6A4 - ANTIDEPRESSIVOS SSRI	Genérico	Tarja Vermelha sob restrição	
OXALATO DE ESCITALOPRAM	OXALATO DE ESCITALOPRAM	N6A4 - ANTIDEPRESSIVOS SSRI	Genérico	Tarja Vermelha	
OXALATO DE ESCITALOPRAM	OXALATO DE ESCITALOPRAM	N6A4 - ANTIDEPRESSIVOS SSRI	Genérico	Tarja Vermelha sob restrição	
OXALATO DE ESCITALOPRAM	OXALATO DE ESCITALOPRAM	N6A4 - ANTIDEPRESSIVOS SSRI	Genérico	Tarja Vermelha sob restrição	
OXALATO DE ESCITALOPRAM	ESCENA	N6A4 - ANTIDEPRESSIVOS SSRI	Similar	Tarja Vermelha	
OXALATO DE ESCITALOPRAM	OXALATO DE ESCITALOPRAM	N6A4 - ANTIDEPRESSIVOS SSRI	Genérico	- (*) 	
OXALATO DE ESCITALOPRAM	UNITRAM	N6A4 - ANTIDEPRESSIVOS SSRI	Similar	Tarja Vermelha sob restrição	
OXALATO DE ESCITALOPRAM	LEXAPRO	N6A4 - ANTIDEPRESSIVOS SSRI	Novo	Tarja Vermelha sob restrição	
OXALATO DE ESCITALOPRAM	EUDOK	N6A4 - ANTIDEPRESSIVOS SSRI	Similar	Tarja Vermelha sob restrição	
OXALATO DE ESCITALOPRAM	ESPRAN	N6A4 - ANTIDEPRESSIVOS SSRI	Similar	Tarja Vermelha sob restrição	
OXALATO DE ESCITALOPRAM	OXALATO DE ESCITALOPRAM	N6A4 - ANTIDEPRESSIVOS SSRI	Genérico	Tarja Vermelha sob restrição	
OXALATO DE ESCITALOPRAM	EXODUS	N6A4 - ANTIDEPRESSIVOS SSRI	Similar	Tarja Vermelha sob restrição	
OXALATO DE ESCITALOPRAM	OXALATO DE ESCITALOPRAM	N6A4 - ANTIDEPRESSIVOS SSRI	Genérico	Tarja Vermelha sob restrição	
OXALATO DE ESCITALOPRAM	FUSOR	N6A4 - ANTIDEPRESSIVOS SSRI	Similar	Tarja Vermelha sob restrição	
OXALATO DE ESCITALOPRAM	OXALATO DE ESCITALOPRAM	N6A4 - ANTIDEPRESSIVOS SSRI	Genérico	Tarja Vermelha sob restrição	
OXALATO DE ESCITALOPRAM	MIND	N6A4 - ANTIDEPRESSIVOS SSRI	Similar	Tarja Vermelha sob restrição	
OXALATO DE ESCITALOPRAM	OXALATO DE ESCITALOPRAM	N6A4 - ANTIDEPRESSIVOS SSRI	Genérico	Tarja Vermelha sob restrição	
OXALATO DE ESCITALOPRAM	OXALATO DE ESCITALOPRAM	N6A4 - ANTIDEPRESSIVOS SSRI	Genérico	Tarja Vermelha sob restrição	
OXALATO DE ESCITALOPRAM	OXALATO DE ESCITALOPRAM	N6A4 - ANTIDEPRESSIVOS SSRI	Genérico	Tarja Vermelha sob restrição	
OXALATO DE ESCITALOPRAM	ESCILEX	N6A4 - ANTIDEPRESSIVOS SSRI	Similar	Tarja Vermelha sob restrição	
OXALATO DE ESCITALOPRAM	OXALATO DE ESCITALOPRAM	N6A4 - ANTIDEPRESSIVOS SSRI	Genérico	Tarja Vermelha sob restrição	
OXALATO DE ESCITALOPRAM	SYTOC	N6A4 - ANTIDEPRESSIVOS SSRI	Similar	Tarja Vermelha sob restrição	
OXALATO DE ESCITALOPRAM	OXALATO DE ESCITALOPRAM	N6A4 - ANTIDEPRESSIVOS SSRI	Genérico	Tarja Vermelha sob restrição	
OXALATO DE ESCITALOPRAM	OXALATO DE ESCITALOPRAM	N6A4 - ANTIDEPRESSIVOS SSRI	Genérico	- (*) 	
OXALATO DE ESCITALOPRAM	OXALATO DE ESCITALOPRAM	N6A4 - ANTIDEPRESSIVOS SSRI	Genérico	Tarja Vermelha	
OXALATO DE ESCITALOPRAM	OXALATO DE ESCITALOPRAM	N6A4 - ANTIDEPRESSIVOS SSRI	Genérico	Tarja Vermelha sob restrição	
OXALATO DE ESCITALOPRAM	DECIPRAX	N6A4 - ANTIDEPRESSIVOS SSRI	Similar	- (*) 	
OXALATO DE ESCITALOPRAM	EFICENTUS	N6A4 - ANTIDEPRESSIVOS SSRI	Similar	Tarja Vermelha sob restrição	
OXALATO DE ESCITALOPRAM	OXALATO DE ESCITALOPRAM	N6A4 - ANTIDEPRESSIVOS SSRI	Genérico	Tarja Vermelha	
OXALIPLATINA	OXALIBBS	L1F - COMPOSTOS ANTINEOPLÁSICOS DE PLATINA	Similar	Tarja Vermelha	
OXALIPLATINA	OXALIPLATINA	L1F - COMPOSTOS ANTINEOPLÁSICOS DE PLATINA	Genérico	Tarja Vermelha	
OXALIPLATINA	OXALIPLATINA	L1F - COMPOSTOS ANTINEOPLÁSICOS DE PLATINA	Genérico	Tarja Vermelha	
OXALIPLATINA	OXALIPLATINA	L1F - COMPOSTOS ANTINEOPLÁSICOS DE PLATINA	Genérico	- (*) 	
OXALIPLATINA	OXALIPLATINA	L1F - COMPOSTOS ANTINEOPLÁSICOS DE PLATINA	Genérico	Tarja Vermelha	
OXALIPLATINA	OXA-PLATIN	L1F - COMPOSTOS ANTINEOPLÁSICOS DE PLATINA	Similar	Tarja Vermelha	
OXALIPLATINA	EVOXALI	L1F - COMPOSTOS ANTINEOPLÁSICOS DE PLATINA	Similar	Tarja Vermelha	
OXALIPLATINA	OXALIPLATINA	L1F - COMPOSTOS ANTINEOPLÁSICOS DE PLATINA	Genérico	Tarja Vermelha	
OXALIPLATINA	OXA	L1F - COMPOSTOS ANTINEOPLÁSICOS DE PLATINA	Similar	Tarja Vermelha	
OXALIPLATINA	TEVAOXALI	L1F - COMPOSTOS ANTINEOPLÁSICOS DE PLATINA	Similar	- (*) 	
OXALIPLATINA	ELOXATIN	L1F - COMPOSTOS ANTINEOPLÁSICOS DE PLATINA	Novo	Tarja Vermelha	
OXALIPLATINA	COLLECTRO	L1F - COMPOSTOS ANTINEOPLÁSICOS DE PLATINA	Similar	Tarja Vermelha	
OXALIPLATINA	OXALIPLATINA	L1F - COMPOSTOS ANTINEOPLÁSICOS DE PLATINA	Genérico	Tarja Vermelha	
OXCARBAZEPINA	TRILEPTAL	N3A - ANTIEPILÉPTICOS	Novo	Tarja Vermelha sob restrição	
OXCARBAZEPINA	OXCARB	N3A - ANTIEPILÉPTICOS	Similar	Tarja Vermelha sob restrição	
OXCARBAZEPINA	OXCARBAZEPINA	N3A - ANTIEPILÉPTICOS	Genérico	Tarja Vermelha sob restrição	
OXCARBAZEPINA	OXCARBAZEPINA	N3A - ANTIEPILÉPTICOS	Genérico	Tarja Vermelha	
OXCARBAZEPINA	OLEPTAL	N3A - ANTIEPILÉPTICOS	Similar	Tarja Vermelha	
OXCARBAZEPINA	OXCARBAZEPINA	N3A - ANTIEPILÉPTICOS	Genérico	Tarja Vermelha	
OXCARBAZEPINA	OXCARBAZEPINA	N3A - ANTIEPILÉPTICOS	Genérico	- (*) 	
OXETACAÍNA;HIDRÓXIDO DE ALUMÍNIO;HIDRÓXIDO DE MAGNÉSIO	DROXAINE	A2A6 - ANTIÁCIDOS COM OUTROS FÁRMACOS	Novo	- (*) 	
PACLITAXEL	ONTAX	L1C2 - AGENTES ANTINEOPLÁSICOS TAXANOS	Similar	- (*) 	
PACLITAXEL	PACLITAXEL	L1C2 - AGENTES ANTINEOPLÁSICOS TAXANOS	Genérico	Tarja Vermelha	
PACLITAXEL	PACLITAXEL	L1C2 - AGENTES ANTINEOPLÁSICOS TAXANOS	Genérico	- (*) 	
PACLITAXEL	TAXILAN	L1C2 - AGENTES ANTINEOPLÁSICOS TAXANOS	Similar	Tarja Vermelha	
PACLITAXEL	PACLITAXEL	L1C2 - AGENTES ANTINEOPLÁSICOS TAXANOS	Genérico	- (*) 	
PACLITAXEL	TOXXEL	L1C2 - AGENTES ANTINEOPLÁSICOS TAXANOS	Similar	- (*) 	
PACLITAXEL	EVOTAXEL	L1C2 - AGENTES ANTINEOPLÁSICOS TAXANOS	Similar	Tarja Vermelha	
PACLITAXEL	ABRAXANE	L1C2 - AGENTES ANTINEOPLÁSICOS TAXANOS	Novo	Tarja Vermelha	
PACLITAXEL	PANTIUM	L1C2 - AGENTES ANTINEOPLÁSICOS TAXANOS	Similar	Tarja Vermelha	
PACLITAXEL	PACLITAXEL	L1C2 - AGENTES ANTINEOPLÁSICOS TAXANOS	Genérico	Tarja Vermelha	
PACLITAXEL	POKLI	L1C2 - AGENTES ANTINEOPLÁSICOS TAXANOS	Similar	Tarja Vermelha	
PACLITAXEL	MYLTOL	L1C2 - AGENTES ANTINEOPLÁSICOS TAXANOS	Similar	Tarja Vermelha	
PACLITAXEL	TAXOL	L1C2 - AGENTES ANTINEOPLÁSICOS TAXANOS	Novo	Tarja Vermelha	
PALBOCICLIBE	PALBOCICLIBE	L1H5 - INIBIDORES PREOTEÍNA KINASE ANTINEOPLÁSICOS, CDK 4/6	Genérico	Tarja Vermelha	
PALBOCICLIBE	SEDECIB	L1H5 - INIBIDORES PREOTEÍNA KINASE ANTINEOPLÁSICOS, CDK 4/6	Similar	Tarja Vermelha	
PALBOCICLIBE	IBRANCE	L1H5 - INIBIDORES PREOTEÍNA KINASE ANTINEOPLÁSICOS, CDK 4/6	Novo	Tarja Vermelha	
PALBOCICLIBE	AGATHA	L1H5 - INIBIDORES PREOTEÍNA KINASE ANTINEOPLÁSICOS, CDK 4/6	Similar	Tarja Vermelha	
PALBOCICLIBE	PALBOCICLIBE	L1H5 - INIBIDORES PREOTEÍNA KINASE ANTINEOPLÁSICOS, CDK 4/6	Genérico	Tarja Vermelha	
PALBOCICLIBE	CYDIKRIZ	L1H5 - INIBIDORES PREOTEÍNA KINASE ANTINEOPLÁSICOS, CDK 4/6	Similar	Tarja Vermelha	
PALIPERIDONA	INVEGA	N5A1 - ANTIPSICÓTICOS ATÍPICOS	Novo	Tarja Vermelha sob restrição	
PALIVIZUMABE	SYNAGIS	J6H6 - IMUNOGLOBULINA CONTRA O VÍRUS SINCICIAL RESPIRATÓRIO (RSV)	Biológico	Tarja Vermelha	
PALMITATO DE PALIPERIDONA	PALMITATO DE PALIPERIDONA	N5A1 - ANTIPSICÓTICOS ATÍPICOS	Genérico	Tarja Vermelha sob restrição	
PALMITATO DE PALIPERIDONA	VEGAPALI	N5A1 - ANTIPSICÓTICOS ATÍPICOS	Similar	Tarja Vermelha sob restrição	
PALMITATO DE RETINOL	FAR-MANGUINHOS VITAMINA A	A11C1 - VITAMINA A PURA	Específico	Tarja Vermelha	
PALMITATO DE RETINOL;COLECALCIFEROL	VITADESAN	A11C3 - ASSOCIAÇÕES VITAMINAS A COM D	Específico	- (*) 	
PALMITATO DE RETINOL;ÓXIDO DE ZINCO;COLECALCIFEROL	AD FURP	D3A9 - TODOS OUTROS PRODUTOS PARA TRATAMENTO DE FERIDAS	Específico	- (*) 	
PALMITATO DE RETINOL;ÓXIDO DE ZINCO;COLECALCIFEROL	HIPOGLÓS	D2A - EMOLIENTES PROTETORES DERMATOLÓGICOS	Específico	Tarja Sem Tarja	
PALMITATO DE RETINOL;ÓXIDO DE ZINCO;COLECALCIFEROL	BABYMED	D3A9 - TODOS OUTROS PRODUTOS PARA TRATAMENTO DE FERIDAS	Específico	- (*) 	
PALMITATO DE RETINOL;ÓXIDO DE ZINCO;COLECALCIFEROL	BEBEX ADE	D3A9 - TODOS OUTROS PRODUTOS PARA TRATAMENTO DE FERIDAS	Específico	- (*) 	
PAMIDRONATO DISSÓDICO	PAMIDRONATO DISSÓDICO	M5B4 - BISFOSFONATOS PARA ALTERAÇÕES DO CÁCIO RELACIONADAS A TUMORES	Genérico	Tarja Vermelha	
PAMIDRONATO DISSÓDICO	PAMIDROM	M5B4 - BISFOSFONATOS PARA ALTERAÇÕES DO CÁCIO RELACIONADAS A TUMORES	Similar	Tarja Vermelha	
PAMOATO DE PASIREOTIDA	SIGNIFOR LP	H1C2 - HORMÔNIOS ANTICRESCIMENTO	Novo	Tarja Vermelha	
PANAX GINSENG C. A. MEY.	GINSENG BIONATUS	V3X - TODOS OS OUTROS PRODUTOS TERAPÊUTICOS	Fitoterápico	Tarja Sem Tarja	
PANAX GINSENG;IODETO DE POTÁSSIO;NICOTINAMIDA;SULFATO DE MANGANÊS;ACETATO DE RETINOL;PANTOTENATO DE CÁLCIO;RIBOFLAVINA;CLORIDRATO DE PIRIDOXINA;ÁCIDO ASCÓRBICO;CIANOCOBALAMINA;SULFATO DE POTÁSSIO;RUTOSÍDEO;FUMARATO FERROSO;NITRATO DE TIAMINA;ACETATO DE RACEALFATOCOFEROL;FLUORETO;BIOTINA;COLECALCIFEROL	GERILON	A11A4 - OUTROS POLIVITAMÍNICOS COM MINERAIS	Específico	Tarja Sem Tarja	
PANCREATINA	CREON	A9A - DIGESTIVOS, INCLUINDO ENZIMAS DIGESTIVAS	Biológico	- (*) 	
PANITUMUMABE	VECTIBIX	L1G4 - ANTICORPOS MONOCLONAIS ANTINEOPLÁSICOS, EGFR	Biológico	Tarja Vermelha	
PANTOPRAZOL	ADIPEPT	A2B2 - INIBIDORES DA BOMBA DE PRÓTONS	Similar	Tarja Vermelha	
PANTOPRAZOL	PANTOPRAZOL SÓDICO	A2B2 - INIBIDORES DA BOMBA DE PRÓTONS	Genérico	Tarja Vermelha	
PANTOPRAZOL	PANTASUN	A2B2 - INIBIDORES DA BOMBA DE PRÓTONS	Similar	Tarja Vermelha	
PANTOPRAZOL MAGNÉSICO DI-HIDRATADO	INILOK	A2B2 - INIBIDORES DA BOMBA DE PRÓTONS	Similar	Tarja Vermelha	
PANTOPRAZOL MAGNÉSICO DI-HIDRATADO	PANTOPRAZOL MAGNÉSICO DI-HIDRATADO	A2B2 - INIBIDORES DA BOMBA DE PRÓTONS	Genérico	Tarja Vermelha	
PANTOPRAZOL MAGNÉSICO DI-HIDRATADO	RESTITUE	A2B2 - INIBIDORES DA BOMBA DE PRÓTONS	Similar	Tarja Vermelha	
PANTOPRAZOL MAGNÉSICO DI-HIDRATADO	DISPETIC	A2B2 - INIBIDORES DA BOMBA DE PRÓTONS	Similar	Tarja Vermelha	
PANTOPRAZOL MAGNÉSICO DI-HIDRATADO	PANTOPRAZOL MAGNÉSICO DIIDRATADO	A2B2 - INIBIDORES DA BOMBA DE PRÓTONS	Genérico	Tarja Vermelha	
PANTOPRAZOL MAGNÉSICO DI-HIDRATADO	PANTOPRAZOL MAGNÉSICO	A2B2 - INIBIDORES DA BOMBA DE PRÓTONS	Genérico	Tarja Vermelha	
PANTOPRAZOL MAGNÉSICO DI-HIDRATADO	TECTA	A2B2 - INIBIDORES DA BOMBA DE PRÓTONS	Novo	- (*) 	
PANTOPRAZOL SÓDICO	TOLZA IV	A2B2 - INIBIDORES DA BOMBA DE PRÓTONS	Similar	Tarja Vermelha	
PANTOPRAZOL SÓDICO	PANTOPRAZOL SÓDICO SESQUI-HIDRATADO	A2B2 - INIBIDORES DA BOMBA DE PRÓTONS	Genérico	Tarja Vermelha	
PANTOPRAZOL SÓDICO	PANTOPRAZOL SÓDICO SESQUI-HIDRATADO	A2B2 - INIBIDORES DA BOMBA DE PRÓTONS	Genérico	Tarja Vermelha	
PANTOPRAZOL SÓDICO SESQUI-HIDRATADO	PANTOPRAZOL	A2B2 - INIBIDORES DA BOMBA DE PRÓTONS	Genérico	Tarja Vermelha	
PANTOPRAZOL SÓDICO SESQUI-HIDRATADO	PANTOCAL	A2B2 - INIBIDORES DA BOMBA DE PRÓTONS	Similar	Tarja Vermelha	
PANTOPRAZOL SÓDICO SESQUI-HIDRATADO	PANTOPRAZOL SÓDICO SESQUI-HIDRATADO	A2B2 - INIBIDORES DA BOMBA DE PRÓTONS	Genérico	Tarja Vermelha	
PANTOPRAZOL SÓDICO SESQUI-HIDRATADO	GÁZIA	A2B2 - INIBIDORES DA BOMBA DE PRÓTONS	Similar	Tarja Vermelha	
PANTOPRAZOL SÓDICO SESQUI-HIDRATADO	PANTOPAZ	A2B2 - INIBIDORES DA BOMBA DE PRÓTONS	Similar	Tarja Vermelha	
PANTOPRAZOL SÓDICO SESQUI-HIDRATADO	PANTOPRAZOL	A2B2 - INIBIDORES DA BOMBA DE PRÓTONS	Genérico	Tarja Vermelha	
PANTOPRAZOL SÓDICO SESQUI-HIDRATADO	PANTOPRAZOL	A2B2 - INIBIDORES DA BOMBA DE PRÓTONS	Genérico	- (*) 	
PANTOPRAZOL SÓDICO SESQUI-HIDRATADO	ZIPROL	A2B2 - INIBIDORES DA BOMBA DE PRÓTONS	Similar	Tarja Vermelha	
PANTOPRAZOL SÓDICO SESQUI-HIDRATADO	PANTOPRAZOL SÓDICO	A2B2 - INIBIDORES DA BOMBA DE PRÓTONS	Genérico	Tarja Vermelha	
PANTOPRAZOL SÓDICO SESQUI-HIDRATADO	PTZOL	A2B2 - INIBIDORES DA BOMBA DE PRÓTONS	Similar	Tarja Vermelha	
PANTOPRAZOL SÓDICO SESQUI-HIDRATADO	PANGASTRI	A2B2 - INIBIDORES DA BOMBA DE PRÓTONS	Similar	Tarja Vermelha	
PANTOPRAZOL SÓDICO SESQUI-HIDRATADO	PANTOMIX	A2B2 - INIBIDORES DA BOMBA DE PRÓTONS	Similar	Tarja Vermelha	
PANTOPRAZOL SÓDICO SESQUI-HIDRATADO	PANTOPRAZOL	A2B2 - INIBIDORES DA BOMBA DE PRÓTONS	Genérico	Tarja Vermelha	
PANTOPRAZOL SÓDICO SESQUI-HIDRATADO	PANTOZOL	A2B2 - INIBIDORES DA BOMBA DE PRÓTONS	Novo	Tarja Vermelha	
PANTOPRAZOL SÓDICO SESQUI-HIDRATADO	PANTOPRAZOL SÓDICO SESQUI-HIDRATADO	A2B2 - INIBIDORES DA BOMBA DE PRÓTONS	Genérico	Tarja Vermelha	
PANTOPRAZOL SÓDICO SESQUI-HIDRATADO	PANTOPRAZOL SÓDICO SESQUI-HIDRATADO	A2B2 - INIBIDORES DA BOMBA DE PRÓTONS	Genérico	Tarja Vermelha	
PANTOPRAZOL SÓDICO SESQUI-HIDRATADO	PANTOPRAZOL	A2B2 - INIBIDORES DA BOMBA DE PRÓTONS	Genérico	Tarja Vermelha	
PANTOPRAZOL SÓDICO SESQUI-HIDRATADO	ECTEVO	A2B2 - INIBIDORES DA BOMBA DE PRÓTONS	Similar	Tarja Vermelha	
PANTOPRAZOL SÓDICO SESQUI-HIDRATADO	PANTOPRAZOL SÓDICO SESQUI-HIDRATADO	A2B2 - INIBIDORES DA BOMBA DE PRÓTONS	Genérico	Tarja Vermelha	
PANTOPRAZOL SÓDICO SESQUI-HIDRATADO	PANTOPRAZOL	A2B2 - INIBIDORES DA BOMBA DE PRÓTONS	Genérico	Tarja Vermelha	
PANTOPRAZOL SÓDICO SESQUI-HIDRATADO	PANTOPRAZOL	A2B2 - INIBIDORES DA BOMBA DE PRÓTONS	Genérico	Tarja Vermelha	
PANTOPRAZOL SÓDICO SESQUI-HIDRATADO	PANTOPRAZOL SÓDICO	A2B2 - INIBIDORES DA BOMBA DE PRÓTONS	Genérico	Tarja Vermelha	
PANTOPRAZOL SÓDICO SESQUI-HIDRATADO	PANTOPRAZOL SÓDICO SESQUI-HIDRATADO	A2B2 - INIBIDORES DA BOMBA DE PRÓTONS	Genérico	Tarja Vermelha	
PANTOPRAZOL SÓDICO SESQUI-HIDRATADO	PRAZY	A2B2 - INIBIDORES DA BOMBA DE PRÓTONS	Similar	Tarja Vermelha	
PANTOPRAZOL SÓDICO SESQUI-HIDRATADO	PANTOPRAZOL	A2B2 - INIBIDORES DA BOMBA DE PRÓTONS	Genérico	Tarja Vermelha	
PANTOPRAZOL SÓDICO SESQUI-HIDRATADO	PANTOPRAZOL SÓDICO SESQUI-HIDRATADO	A2B2 - INIBIDORES DA BOMBA DE PRÓTONS	Genérico	Tarja Vermelha	
PANTOPRAZOL SÓDICO SESQUI-HIDRATADO;NIMESULIDA	NIVUX	M1A1 - ANTIRREUMÁTICOS NÃO ESTEROIDAIS PUROS	Novo	Tarja Vermelha	
PANTOPRAZOL SÓDICO SESQUI-HIDRATADO;NIMESULIDA	NIDUE	M1A1 - ANTIRREUMÁTICOS NÃO ESTEROIDAIS PUROS	Similar	Tarja Vermelha	
PANTOPRAZOL SÓDICO SESQUI-HIDRATADO;PANTOPRAZOL MAGNÉSICO DI-HIDRATADO	PANTOPRAZOL MAGNÉSICO DI-HIDRATADO	A2B2 - INIBIDORES DA BOMBA DE PRÓTONS	Genérico	- (*) 	
PANTOPRAZOL SÓDICO SESQUI-HIDRATADO;PANTOPRAZOL MAGNÉSICO DI-HIDRATADO	DIVENA	A2B2 - INIBIDORES DA BOMBA DE PRÓTONS	Similar	- (*) 	
PAPAVER SOMNIFERUM L.	ELIXIR PAREGÓRICO CATARINENSE	A7H - INIBIDORES DA MOTILIDADE	Fitoterápico	Tarja Vermelha	
PARACETAMOL	GRIPALCÊ UNO	N2B2 - ANALGÉSICOS NÃO NARCÓTICOS E ANTIPIRÉTICOS ISENTOS DE PRESCRIÇÃO	Similar	- (*) 	
PARACETAMOL	KABIPAMOL	N2B1 - ANALGÉSICOS NÃO NARCÓTICOS E ANTIPIRÉTICOS SOB PRESCRIÇÃO	Novo	Tarja Vermelha	
PARACETAMOL	SONRIDOR	N2B2 - ANALGÉSICOS NÃO NARCÓTICOS E ANTIPIRÉTICOS ISENTOS DE PRESCRIÇÃO	Novo	- (*) 	
PARACETAMOL	EMSGRIP	N2B2 - ANALGÉSICOS NÃO NARCÓTICOS E ANTIPIRÉTICOS ISENTOS DE PRESCRIÇÃO	Similar	- (*) 	
PARACETAMOL	PARACETAMOL	N2B - ANALGÉSICOS NÃO NARCÓTICOS E ANTIPIRÉTICOS	Genérico	- (*) 	
PARACETAMOL	HALEXMINOPHEN	N2B1 - ANALGÉSICOS NÃO NARCÓTICOS E ANTIPIRÉTICOS SOB PRESCRIÇÃO	Novo	Tarja Vermelha	
PARACETAMOL	TYLIDOL	N2B2 - ANALGÉSICOS NÃO NARCÓTICOS E ANTIPIRÉTICOS ISENTOS DE PRESCRIÇÃO	Similar	- (*) 	
PARACETAMOL	PARACETAMOL	N2B2 - ANALGÉSICOS NÃO NARCÓTICOS E ANTIPIRÉTICOS ISENTOS DE PRESCRIÇÃO	Genérico	Tarja Sem Tarja	
PARACETAMOL	PARACETAMOL	N2B2 - ANALGÉSICOS NÃO NARCÓTICOS E ANTIPIRÉTICOS ISENTOS DE PRESCRIÇÃO	Genérico	Tarja Sem Tarja	
PARACETAMOL	PARACETAMOL	N2B - ANALGÉSICOS NÃO NARCÓTICOS E ANTIPIRÉTICOS	Genérico	- (*) 	
PARACETAMOL	PARACETAMOL	N2B2 - ANALGÉSICOS NÃO NARCÓTICOS E ANTIPIRÉTICOS ISENTOS DE PRESCRIÇÃO	Genérico	Tarja Sem Tarja	
PARACETAMOL	CEFALIUM ONE	N2B2 - ANALGÉSICOS NÃO NARCÓTICOS E ANTIPIRÉTICOS ISENTOS DE PRESCRIÇÃO	Similar	Tarja Sem Tarja	
PARACETAMOL	PARACETAMOL	N2B2 - ANALGÉSICOS NÃO NARCÓTICOS E ANTIPIRÉTICOS ISENTOS DE PRESCRIÇÃO	Genérico	- (*) 	
PARACETAMOL	RESFENOL THERMUS	N2B2 - ANALGÉSICOS NÃO NARCÓTICOS E ANTIPIRÉTICOS ISENTOS DE PRESCRIÇÃO	Similar	Tarja Sem Tarja	
PARACETAMOL	STILGRIP CHÁ	N2B2 - ANALGÉSICOS NÃO NARCÓTICOS E ANTIPIRÉTICOS ISENTOS DE PRESCRIÇÃO	Similar	Tarja Sem Tarja	
PARACETAMOL	IQUEGO - PARACETAMOL	N2B2 - ANALGÉSICOS NÃO NARCÓTICOS E ANTIPIRÉTICOS ISENTOS DE PRESCRIÇÃO	Similar	- (*) 	
PARACETAMOL	TYLAFLEX	N2B2 - ANALGÉSICOS NÃO NARCÓTICOS E ANTIPIRÉTICOS ISENTOS DE PRESCRIÇÃO	Similar	Tarja Sem Tarja	
PARACETAMOL	PARACETAMOL	N2B2 - ANALGÉSICOS NÃO NARCÓTICOS E ANTIPIRÉTICOS ISENTOS DE PRESCRIÇÃO	Genérico	- (*) 	
PARACETAMOL	FURP - PARACETAMOL	N2B2 - ANALGÉSICOS NÃO NARCÓTICOS E ANTIPIRÉTICOS ISENTOS DE PRESCRIÇÃO	Similar	Tarja Sem Tarja	
PARACETAMOL	TYLENOL	N2B2 - ANALGÉSICOS NÃO NARCÓTICOS E ANTIPIRÉTICOS ISENTOS DE PRESCRIÇÃO	Novo	- (*) 	
PARACETAMOL	PARACETAMOL	N2B2 - ANALGÉSICOS NÃO NARCÓTICOS E ANTIPIRÉTICOS ISENTOS DE PRESCRIÇÃO	Genérico	- (*) 	
PARACETAMOL	CYFENOL BABY	N2B2 - ANALGÉSICOS NÃO NARCÓTICOS E ANTIPIRÉTICOS ISENTOS DE PRESCRIÇÃO	Similar	Tarja Sem Tarja	
PARACETAMOL	DORSANOL	N2B2 - ANALGÉSICOS NÃO NARCÓTICOS E ANTIPIRÉTICOS ISENTOS DE PRESCRIÇÃO	Similar	- (*) 	
PARACETAMOL	PARACETAMOL	N2B2 - ANALGÉSICOS NÃO NARCÓTICOS E ANTIPIRÉTICOS ISENTOS DE PRESCRIÇÃO	Genérico	Tarja Sem Tarja	
PARACETAMOL	PARACETAMOL	N2B2 - ANALGÉSICOS NÃO NARCÓTICOS E ANTIPIRÉTICOS ISENTOS DE PRESCRIÇÃO	Genérico	- (*) 	
PARACETAMOL	VICK PYRENA	N2B2 - ANALGÉSICOS NÃO NARCÓTICOS E ANTIPIRÉTICOS ISENTOS DE PRESCRIÇÃO	Novo	Tarja Sem Tarja	
PARACETAMOL	PARACETAMOL	N2B2 - ANALGÉSICOS NÃO NARCÓTICOS E ANTIPIRÉTICOS ISENTOS DE PRESCRIÇÃO	Genérico	- (*) 	
PARACETAMOL	LFM-PARACETAMOL	N2B2 - ANALGÉSICOS NÃO NARCÓTICOS E ANTIPIRÉTICOS ISENTOS DE PRESCRIÇÃO	Similar	- (*) 	
PARACETAMOL	TYLEMAX	N2B2 - ANALGÉSICOS NÃO NARCÓTICOS E ANTIPIRÉTICOS ISENTOS DE PRESCRIÇÃO	Similar	- (*) 	
PARACETAMOL	CIMEGRIPE 77C	N2B2 - ANALGÉSICOS NÃO NARCÓTICOS E ANTIPIRÉTICOS ISENTOS DE PRESCRIÇÃO	Similar	- (*) 	
PARACETAMOL	PARACETAMOL	N2B2 - ANALGÉSICOS NÃO NARCÓTICOS E ANTIPIRÉTICOS ISENTOS DE PRESCRIÇÃO	Genérico	- (*) 	
PARACETAMOL	TYLALGIN	N2B2 - ANALGÉSICOS NÃO NARCÓTICOS E ANTIPIRÉTICOS ISENTOS DE PRESCRIÇÃO	Similar	- (*) 	
PARACETAMOL	PARACETAMOL	N2B2 - ANALGÉSICOS NÃO NARCÓTICOS E ANTIPIRÉTICOS ISENTOS DE PRESCRIÇÃO	Genérico	- (*) 	
PARACETAMOL	PARACETAMOL + FOSFATO DE CODEÍNA	N2A - ANALGÉSICOS NARCÓTICOS	Genérico	- (*) 	
PARACETAMOL	PARACETAMOL	N2B2 - ANALGÉSICOS NÃO NARCÓTICOS E ANTIPIRÉTICOS ISENTOS DE PRESCRIÇÃO	Genérico	- (*) 	
PARACETAMOL	PARACETAMOL	N2B2 - ANALGÉSICOS NÃO NARCÓTICOS E ANTIPIRÉTICOS ISENTOS DE PRESCRIÇÃO	Genérico	Tarja Sem Tarja	
PARACETAMOL	TYLENOL	N2B - ANALGÉSICOS NÃO NARCÓTICOS E ANTIPIRÉTICOS	Novo	Tarja Sem Tarja	
PARACETAMOL	PARALGEN	N2B2 - ANALGÉSICOS NÃO NARCÓTICOS E ANTIPIRÉTICOS ISENTOS DE PRESCRIÇÃO	Similar	- (*) 	
PARACETAMOL	PRATIUM	N2B2 - ANALGÉSICOS NÃO NARCÓTICOS E ANTIPIRÉTICOS ISENTOS DE PRESCRIÇÃO	    -     	Tarja Sem Tarja	
PARACETAMOL	BENEGRIP MULTI FEBRE E DOR	R5A - ANTIGRIPAIS SEM ANTIINFECCIOSOS	Similar	Tarja Sem Tarja	
PARACETAMOL	PARACETAMOL	N2B2 - ANALGÉSICOS NÃO NARCÓTICOS E ANTIPIRÉTICOS ISENTOS DE PRESCRIÇÃO	Genérico	- (*) 	
PARACETAMOL	SONRIDOR	N2B2 - ANALGÉSICOS NÃO NARCÓTICOS E ANTIPIRÉTICOS ISENTOS DE PRESCRIÇÃO	Novo	Tarja Sem Tarja	
PARACETAMOL;CAFEÍNA	PARACETAMOL + CAFEÍNA	N2B2 - ANALGÉSICOS NÃO NARCÓTICOS E ANTIPIRÉTICOS ISENTOS DE PRESCRIÇÃO	Genérico	Tarja Sem Tarja	
PARACETAMOL;CAFEÍNA	PARACETAMOL + CAFEÍNA	N2B2 - ANALGÉSICOS NÃO NARCÓTICOS E ANTIPIRÉTICOS ISENTOS DE PRESCRIÇÃO	Genérico	Tarja Sem Tarja	
PARACETAMOL;CAFEÍNA	TYLENOL DC	N2B - ANALGÉSICOS NÃO NARCÓTICOS E ANTIPIRÉTICOS	Novo	- (*) 	
PARACETAMOL;CAFEÍNA	ELCODRIX DC	N2B2 - ANALGÉSICOS NÃO NARCÓTICOS E ANTIPIRÉTICOS ISENTOS DE PRESCRIÇÃO	Similar	- (*) 	
PARACETAMOL;CAFEÍNA	TYLALGIN CAF	N2B2 - ANALGÉSICOS NÃO NARCÓTICOS E ANTIPIRÉTICOS ISENTOS DE PRESCRIÇÃO	Similar	Tarja Sem Tarja	
PARACETAMOL;CAFEÍNA	TYLENOL DC	N2B - ANALGÉSICOS NÃO NARCÓTICOS E ANTIPIRÉTICOS	Novo	Tarja Vermelha	
PARACETAMOL;CAFEÍNA ANIDRA	SONRIDOR CAF	N2B2 - ANALGÉSICOS NÃO NARCÓTICOS E ANTIPIRÉTICOS ISENTOS DE PRESCRIÇÃO	Novo	Tarja Sem Tarja	
PARACETAMOL;CAFEÍNA ANIDRA	SONRIDOR CAF	N2B2 - ANALGÉSICOS NÃO NARCÓTICOS E ANTIPIRÉTICOS ISENTOS DE PRESCRIÇÃO	Novo	Tarja Sem Tarja	
PARACETAMOL;CAFEÍNA ANIDRA;CITRATO DE ORFENADRINA	DORILAX DT	M3B - RELAXANTE MUSCULAR DE AÇÃO CENTRAL	Similar	Tarja Sem Tarja	
PARACETAMOL;CAFEÍNA ANIDRA;ÁCIDO ACETILSALICÍLICO	DORIL ENXAQUECA	N2C9 - TODOS AS OUTRAS PREPARAÇÕES ANTIENXAQUECOSAS	Similar	Tarja Sem Tarja	
PARACETAMOL;CAFEÍNA ANIDRA;ÁCIDO ACETILSALICÍLICO	MIGRAINEX	N2B2 - ANALGÉSICOS NÃO NARCÓTICOS E ANTIPIRÉTICOS ISENTOS DE PRESCRIÇÃO	Similar	- (*) 	
PARACETAMOL;CLORIDRATO DE FENILEFRINA	CIMEGRIPE DIA	R5A - ANTIGRIPAIS SEM ANTIINFECCIOSOS	Similar	Tarja Sem Tarja	
PARACETAMOL;CLORIDRATO DE FENILEFRINA	NEOLEFRIN DIA	R5A - ANTIGRIPAIS SEM ANTIINFECCIOSOS	Similar	Tarja Sem Tarja	
PARACETAMOL;CLORIDRATO DE FENILEFRINA	NALDECON DIA	R5A - ANTIGRIPAIS SEM ANTIINFECCIOSOS	Novo	Tarja Sem Tarja	
PARACETAMOL;CLORIDRATO DE FENILEFRINA	NALDECON MULTI	R5A - ANTIGRIPAIS SEM ANTIINFECCIOSOS	Similar	Tarja Sem Tarja	
PARACETAMOL;CLORIDRATO DE FENILEFRINA	FLUVIRAL DIA	R5A - ANTIGRIPAIS SEM ANTIINFECCIOSOS	Similar	Tarja Sem Tarja	
PARACETAMOL;CLORIDRATO DE FENILEFRINA	BENEGRIP MULTI DIA	R5A - ANTIGRIPAIS SEM ANTIINFECCIOSOS	Similar	Tarja Sem Tarja	
PARACETAMOL;CLORIDRATO DE PSEUDOEFEDRINA	PARACETAMOL + CLORIDRATO DE PSEUDOEFEDRINA	R5A - ANTIGRIPAIS SEM ANTIINFECCIOSOS	Genérico	Tarja Vermelha	
PARACETAMOL;CLORIDRATO DE PSEUDOEFEDRINA	EMSFEB EFE	R5A - ANTIGRIPAIS SEM ANTIINFECCIOSOS	Similar	Tarja Vermelha	
PARACETAMOL;CLORIDRATO DE PSEUDOEFEDRINA	PARACETAMOL + CLORIDRATO DE PSEUDOEFEDRINA	R5A - ANTIGRIPAIS SEM ANTIINFECCIOSOS	Genérico	Tarja Vermelha	
PARACETAMOL;CLORIDRATO DE PSEUDOEFEDRINA	RESFEGRIPE SINUS	R5A - ANTIGRIPAIS SEM ANTIINFECCIOSOS	Similar	Tarja Vermelha	
PARACETAMOL;CLORIDRATO DE PSEUDOEFEDRINA	TYLENOL SINUS	R5A - ANTIGRIPAIS SEM ANTIINFECCIOSOS	Novo	Tarja Vermelha	
PARACETAMOL;FOSFATO DE CODEÍNA	PACO	N2A - ANALGÉSICOS NARCÓTICOS	Similar	- (*) 	
PARACETAMOL;FOSFATO DE CODEÍNA	PARACETAMOL + FOSFATO DE CODEÍNA	N2A - ANALGÉSICOS NARCÓTICOS	Genérico	- (*) 	
PARACETAMOL;FOSFATO DE CODEÍNA	ALGICOD	N2A - ANALGÉSICOS NARCÓTICOS	Similar	Tarja Vermelha sob restrição	
PARACETAMOL;FOSFATO DE CODEÍNA	PARACETAMOL+FOSFATO DE CODEINA	N2A - ANALGÉSICOS NARCÓTICOS	Genérico	Tarja Vermelha sob restrição	
PARACETAMOL;FOSFATO DE CODEÍNA	COD PAR	N2A - ANALGÉSICOS NARCÓTICOS	Similar	Tarja Vermelha sob restrição	
PARACETAMOL;FOSFATO DE CODEÍNA	TYLEX	N2A - ANALGÉSICOS NARCÓTICOS	Novo	Tarja Vermelha sob restrição	
PARACETAMOL;FOSFATO DE CODEÍNA	CODEX	N2A - ANALGÉSICOS NARCÓTICOS	Similar	Tarja Vermelha sob restrição	
PARACETAMOL;FOSFATO DE CODEÍNA	PARACETAMOL+FOSFATO DE CODEINA	N2A - ANALGÉSICOS NARCÓTICOS	Genérico	- (*) 	
PARACETAMOL;FOSFATO DE CODEÍNA	AGUD	N2A - ANALGÉSICOS NARCÓTICOS	Similar	Tarja Vermelha sob restrição	
PARACETAMOL;FOSFATO DE CODEÍNA	PARACETAMOL + FOSFATO DE CODEÍNA	N2A - ANALGÉSICOS NARCÓTICOS	Genérico	Tarja Vermelha sob restrição	
PARACETAMOL;FOSFATO DE CODEÍNA	PARACETAMOL + FOSFATO DE CODEÍNA	N2A - ANALGÉSICOS NARCÓTICOS	Genérico	Tarja Vermelha sob restrição	
PARACETAMOL;FOSFATO DE CODEÍNA HEMI-HIDRATADO	PARACETAMOL + FOSFATO DE CODEÍNA	N2A - ANALGÉSICOS NARCÓTICOS	Genérico	Tarja Vermelha sob restrição	
PARACETAMOL;FOSFATO DE CODEÍNA HEMI-HIDRATADO	PARACETAMOL + FOSFATO DE CODEÍNA	N2A - ANALGÉSICOS NARCÓTICOS	Genérico	Tarja Vermelha sob restrição	
PARACETAMOL;FOSFATO DE CODEÍNA HEMI-HIDRATADO	PARACETAMOL + FOSFATO DE CODEINA	N2A - ANALGÉSICOS NARCÓTICOS	Genérico	Tarja Vermelha sob restrição	
PARACETAMOL;MALEATO DE CARBINOXAMINA;CLORIDRATO DE FENILEFRINA	NASALIV	R5A - ANTIGRIPAIS SEM ANTIINFECCIOSOS	Similar	Tarja Sem Tarja	
PARACETAMOL;MALEATO DE CARBINOXAMINA;CLORIDRATO DE FENILEFRINA	PERFENOL MULTI	R5A - ANTIGRIPAIS SEM ANTIINFECCIOSOS	Similar	Tarja Sem Tarja	
PARACETAMOL;MALEATO DE CARBINOXAMINA;CLORIDRATO DE FENILEFRINA	NALDECON NOITE	R5A - ANTIGRIPAIS SEM ANTIINFECCIOSOS	Novo	Tarja Sem Tarja	
PARACETAMOL;MALEATO DE CARBINOXAMINA;CLORIDRATO DE FENILEFRINA	NALDECON PACK	R5A - ANTIGRIPAIS SEM ANTIINFECCIOSOS	Novo	Tarja Sem Tarja	
PARACETAMOL;MALEATO DE CARBINOXAMINA;CLORIDRATO DE FENILEFRINA	BENEGRIP MULTI	R5A - ANTIGRIPAIS SEM ANTIINFECCIOSOS	Novo	Tarja Sem Tarja	
PARACETAMOL;MALEATO DE CARBINOXAMINA;CLORIDRATO DE FENILEFRINA	FLUVIRAL NOITE	R5A - ANTIGRIPAIS SEM ANTIINFECCIOSOS	Similar	Tarja Sem Tarja	
PARACETAMOL;MALEATO DE CARBINOXAMINA;CLORIDRATO DE FENILEFRINA	BENEGRIP MULTI NOITE	R5A - ANTIGRIPAIS SEM ANTIINFECCIOSOS	Similar	Tarja Sem Tarja	
PARECOXIBE SÓDICO	PAXIBE	M1A3 - COXIBS	Similar	Tarja Vermelha sob restrição	
PARECOXIBE SÓDICO	PARECOXIBE SÓDICO	M1A3 - COXIBS	Genérico	Tarja Vermelha sob restrição	
PARECOXIBE SÓDICO	BEXTRA IM/IV	M1A3 - COXIBS	Novo	Tarja Vermelha sob restrição	
PARECOXIBE SÓDICO	PARECOXIBE SÓDICO	M1A3 - COXIBS	Genérico	Tarja Vermelha sob restrição	
PARECOXIBE SÓDICO	COXDUO	M1A3 - COXIBS	Similar	Tarja Vermelha sob restrição	
PARECOXIBE SÓDICO	PABEXHY	M1A3 - COXIBS	Similar	Tarja Vermelha sob restrição	
PARICALCITOL	PARICALCITOL	H4F - PRODUTOS ANTIPARATIREOIDEANOS	Genérico	Tarja Vermelha	
PARICALCITOL	SYLETYV	H4F - PRODUTOS ANTIPARATIREOIDEANOS	Similar	Tarja Vermelha	
PARICALCITOL	ZEMPLAR	H4F - PRODUTOS ANTIPARATIREOIDEANOS	Novo	- (*) 	
PARTÍCULA SEMELHANTE A VÍRUS DE PROTEÍNA L1 DO HPV DO TIPO 16;PARTÍCULA SEMELHANTE A VÍRUS DE PROTEÍNA L1 DO HPV DO TIPO 18;PARTÍCULA SEMELHANTE A VÍRUS DE PROTEÍNA L1 DO HPV DO TIPO 6;PARTÍCULA SEMELHANTE A VÍRUS DE PROTEÍNA L1 DO HPV DO TIPO 11	GARDASIL	J7E3 - VACINA CONTRA HPV (PAPILOMAVIRUS HUMANO)	Biológico	- (*) 	
PARTÍCULA SEMELHANTE A VÍRUS DE PROTEÍNA L1 DO HPV DO TIPO 16;PARTÍCULA SEMELHANTE A VÍRUS DE PROTEÍNA L1 DO HPV DO TIPO 18;PARTÍCULA SEMELHANTE A VÍRUS DE PROTEÍNA L1 DO HPV DO TIPO 6;PARTÍCULA SEMELHANTE A VÍRUS DE PROTEÍNA L1 DO HPV DO TIPO 11	VACINA PAPILOMAVIRUS HUMANO 6, 11, 16 E 18 (RECOMBINANTE)	J7E3 - VACINA CONTRA HPV (PAPILOMAVIRUS HUMANO)	Biológico	- (*) 	
PARTÍCULA SEMELHANTE A VÍRUS DE PROTEÍNA L1 DO HPV DO TIPO 58;PARTÍCULA SEMELHANTE A VÍRUS DE PROTEÍNA L1 DO HPV DO TIPO 16;PARTÍCULA SEMELHANTE A VÍRUS DE PROTEÍNA L1 DO HPV DO TIPO 18;PARTÍCULA SEMELHANTE A VÍRUS DE PROTEÍNA L1 DO HPV DO TIPO 6;PARTÍCULA SEMELHANTE A VÍRUS DE PROTEÍNA L1 DO HPV DO TIPO 31;PARTÍCULA SEMELHANTE A VÍRUS DE PROTEÍNA L1 DO HPV DO TIPO 52;PARTÍCULA SEMELHANTE A VÍRUS DE PROTEÍNA L1 DO HPV DO TIPO 33;PARTÍCULA SEMELHANTE A VÍRUS DE PROTEÍNA L1 DO HPV DO TIPO 11;PARTÍCULA SEMELHANTE A VÍRUS DE PROTEÍNA L1 DO HPV DO TIPO 45	GARDASIL 9	J7E3 - VACINA CONTRA HPV (PAPILOMAVIRUS HUMANO)	Biológico	Tarja Vermelha	
PASSIFLORA INCARNATA	PASALIX PI	V07A2 - OUTROS PRODUTOS	Fitoterápico	Tarja Sem Tarja	
PASSIFLORA INCARNATA	PASSIFLORA KLEIN	N5B5 - HIPNÓTICOS E SEDATIVOS HERBÁCEOS	Fitoterápico	- (*) 	
PASSIFLORA INCARNATA L.	CALMALEVHY	FITO - FITOTERÁPICOS	Fitoterápico	Tarja Sem Tarja	
PASSIFLORA INCARNATA L.	CALMASYN	N5B5 - HIPNÓTICOS E SEDATIVOS HERBÁCEOS	Fitoterápico	Tarja Sem Tarja	
PASSIFLORA INCARNATA L.	SONOZZZ	N5B5 - HIPNÓTICOS E SEDATIVOS HERBÁCEOS	Fitoterápico	- (*) 	
PASSIFLORA INCARNATA L.	MEDANSIEDADE	N5B5 - HIPNÓTICOS E SEDATIVOS HERBÁCEOS	Fitoterápico	Tarja Sem Tarja	
PASSIFLORA INCARNATA L.	NOVANOITE	N5B5 - HIPNÓTICOS E SEDATIVOS HERBÁCEOS	Fitoterápico	Tarja Sem Tarja	
PATISIRANA SÓDICA	ONPATTRO	N7X - TODOS OS OUTROS PRODUTOS PARA O SISTEMA NERVOSO CENTRAL	Novo	Tarja Vermelha	
PEGASPARGASE	ONCASPAR	L1X9 - TODOS OS OUTROS ANTINEOPLÁSICOS	Biológico	Tarja Vermelha sob restrição	
PEGCETACOPLANA	EMPAVELI	L4X - OUTROS IMUNOSSUPRESSORES	Novo	Tarja Vermelha	
PEGFILGRASTIM	ZIEXTENZO	L3A1 - FATORES ESTIMULANTES DE COLÔNIAS	Biológico	Tarja Vermelha	
PEGFILGRASTIM	NEULASTIM	L3A1 - FATORES ESTIMULANTES DE COLÔNIAS	Biológico	Tarja Vermelha	
PEGFILGRASTIM	PEGNEUCYTE	L3A1 - FATORES ESTIMULANTES DE COLÔNIAS	Biológico	Tarja Vermelha	
PEGFILGRASTIM	BIOCE	L3A1 - FATORES ESTIMULANTES DE COLÔNIAS	Biológico	Tarja Vermelha	
PEGFILGRASTIM	FULPHILA	L3A1 - FATORES ESTIMULANTES DE COLÔNIAS	Biológico	- (*) 	
PEGFILGRASTIM	PEGTIMA	L3A1 - FATORES ESTIMULANTES DE COLÔNIAS	Biológico	- (*) 	
PEGFILGRASTIM	PELGRAZ	L3A1 - FATORES ESTIMULANTES DE COLÔNIAS	Biológico	- (*) 	
PEGVALIASE	PALYNZIQ	A16A - OUTROS PRODUTOS PARA O APARELHO DIGESTÓRIO E METABOLISMO	Biológico	- (*) 	
PEGVISOMANTO	SOMAVERT	H1C2 - HORMÔNIOS ANTICRESCIMENTO	Biológico	- (*) 	
PELARGONIUM SIDOIDES DC.	IMUNOFLAN	V07A2 - OUTROS PRODUTOS	Fitoterápico	Tarja Vermelha	
PELARGONIUM SIDOIDES DC.	KALOBA	R5A - ANTIGRIPAIS SEM ANTIINFECCIOSOS	Fitoterápico	Tarja Vermelha	
PEMBROLIZUMABE	KEYTRUDA	L1G5 - ANTICORPOS MONOCLONAIS ANTINEOPLÁSICOS, PD-1/PD-L1	Biológico	Tarja Vermelha	
PEMETREXEDE	PEMDIA	L1B - AGENTES ANTINEOPLÁSICOS ANTIMETABÓLITOS	Novo	Tarja Vermelha	
PEMETREXEDE DISSÓDICO	ATRED	L1B - AGENTES ANTINEOPLÁSICOS ANTIMETABÓLITOS	Similar	- (*) 	
PEMETREXEDE DISSÓDICO	EROXYM	L1B - AGENTES ANTINEOPLÁSICOS ANTIMETABÓLITOS	Similar	Tarja Vermelha	
PEMETREXEDE DISSÓDICO	PEMEGLENN	L1B - AGENTES ANTINEOPLÁSICOS ANTIMETABÓLITOS	Similar	- (*) 	
PEMETREXEDE DISSÓDICO	PEMETREXEDE	L1B - AGENTES ANTINEOPLÁSICOS ANTIMETABÓLITOS	Genérico	- (*) 	
PEMETREXEDE DISSÓDICO	PEMETREXEDE DISSODICO	L1B - AGENTES ANTINEOPLÁSICOS ANTIMETABÓLITOS	Genérico	Tarja Vermelha	
PEMETREXEDE DISSÓDICO	SUKHI	L1B - AGENTES ANTINEOPLÁSICOS ANTIMETABÓLITOS	Similar	Tarja Vermelha	
PEMETREXEDE DISSÓDICO	PEMETREXEDE DISSÓDICO	L1B - AGENTES ANTINEOPLÁSICOS ANTIMETABÓLITOS	Genérico	Tarja Vermelha	
PEMETREXEDE DISSÓDICO HEMIPENTAIDRATADO	MESOTEM	L1B - AGENTES ANTINEOPLÁSICOS ANTIMETABÓLITOS	Similar	Tarja Vermelha	
PEMETREXEDE DISSÓDICO HEMIPENTAIDRATADO	PEMETREXEDE DISSÓDICO	L1B - AGENTES ANTINEOPLÁSICOS ANTIMETABÓLITOS	Genérico	Tarja Vermelha	
PEMETREXEDE DISSÓDICO HEMIPENTAIDRATADO	PREMEXEDE	L1B - AGENTES ANTINEOPLÁSICOS ANTIMETABÓLITOS	Similar	Tarja Vermelha	
PEMETREXEDE DISSÓDICO HEMIPENTAIDRATADO	PEMTRYX	L1B - AGENTES ANTINEOPLÁSICOS ANTIMETABÓLITOS	Similar	- (*) 	
PEMETREXEDE DISSÓDICO HEMIPENTAIDRATADO	HOPEM	L1B - AGENTES ANTINEOPLÁSICOS ANTIMETABÓLITOS	Similar	Tarja Vermelha	
PEMETREXEDE DISSÓDICO HEPTAIDRATADO	PLEXEDEN	L1B - AGENTES ANTINEOPLÁSICOS ANTIMETABÓLITOS	Similar	Tarja Vermelha	
PEMETREXEDE DISSÓDICO HEPTAIDRATADO	ALIMTA	L1B - AGENTES ANTINEOPLÁSICOS ANTIMETABÓLITOS	Novo	Tarja Vermelha	
PEMIGATINIBE	PEMAZYRE	L1X9 - TODOS OS OUTROS ANTINEOPLÁSICOS	Novo	Tarja Vermelha	
PENCICLOVIR	PENVIR LÁBIA	D6D1 - ANTIVIRAIS TÓPICOS	Similar	Tarja Sem Tarja	
PENICILAMINA	CUPRIMINE	M1C - AGENTES ANTI-REUMÁTICOS ESPECÍFICOS	Novo	Tarja Vermelha	
PENICILINA G BENZATINA	BEPEBEN	J1H1 - PENICILINAS DE PEQUENO E MÉDIO ESPECTROS PURAS	Similar	- (*) 	
PENTOXIFILINA	PENTOXIFILINA	C4A1 - VASOTERAPÊUTICOS CEREBRAIS E PERIFÉRICOS, EXCLUINDO ANTOAGONISTAS DE CÁLCIO COM AÇÃO CEREBRAL	Genérico	- (*) 	
PENTOXIFILINA	PENTOXIFILINA	C4A1 - VASOTERAPÊUTICOS CEREBRAIS E PERIFÉRICOS, EXCLUINDO ANTOAGONISTAS DE CÁLCIO COM AÇÃO CEREBRAL	Genérico	Tarja Vermelha	
PENTOXIFILINA	PENTOXIFILINA	C4A1 - VASOTERAPÊUTICOS CEREBRAIS E PERIFÉRICOS, EXCLUINDO ANTOAGONISTAS DE CÁLCIO COM AÇÃO CEREBRAL	Genérico	Tarja Vermelha	
PERAMPANEL	FYCOMPA	N3A - ANTIEPILÉPTICOS	Novo	Tarja Vermelha	
PERICIAZINA	NEULEPTIL	N5A9 - ANTIPSICÓTICOS CONVENCIONAIS	Novo	Tarja Vermelha sob restrição	
PERINDOPRIL	COVERSYL	C9A - INIBIDORES DA ECA PUROS	Novo	Tarja Vermelha	
PERINDOPRIL	ACERTIL	C9A - INIBIDORES DA ECA PUROS	Novo	Tarja Vermelha	
PERINDOPRIL;INDAPAMIDA	COVERSYL PLUS	C9B1 - INIBIDORES DA ECA ASSOCIADOS A ANTI-HIPERTERSIVOS (C2) E/OU DIURÉTICOS (C3)	Novo	- (*) 	
PERMETRINA	PIOLETAL	P3A - ECTOPARASITICIDAS INCLUINDO ESCABICIDAS	Similar	Tarja Sem Tarja	
PERMETRINA	PIOSAN	P3A - ECTOPARASITICIDAS INCLUINDO ESCABICIDAS	Similar	Tarja Sem Tarja	
PERMETRINA	PERMETRINA	P3A - ECTOPARASITICIDAS INCLUINDO ESCABICIDAS	Genérico	Tarja Sem Tarja	
PERMETRINA	KELTRINA	P3A - ECTOPARASITICIDAS INCLUINDO ESCABICIDAS	Similar	- (*) 	
PERMETRINA	PERMETRINA	P3A - ECTOPARASITICIDAS INCLUINDO ESCABICIDAS	Genérico	Tarja Sem Tarja	
PERMETRINA	PIOLIXINA	P3A - ECTOPARASITICIDAS INCLUINDO ESCABICIDAS	Similar	- (*) 	
PERMETRINA	PEDILETAN	P3A - ECTOPARASITICIDAS INCLUINDO ESCABICIDAS	Similar	Tarja Sem Tarja	
PERMETRINA	PERMENATI	P3A - ECTOPARASITICIDAS INCLUINDO ESCABICIDAS	Similar	- (*) 	
PERMETRINA	KAODINE	P3A - ECTOPARASITICIDAS INCLUINDO ESCABICIDAS	Similar	- (*) 	
PEROXIDO DE BENZOILA;ADAPALENO	ADAPALENO + PERÓXIDO DE BENZOÍLA	D10A - ANTIACNEICOS TÓPICOS	Genérico	Tarja Vermelha	
PEROXIDO DE BENZOILA;CLINDAMICINA	CLINDOXYL	D10A - ANTIACNEICOS TÓPICOS	Novo	Tarja Vermelha sob restrição	
PERSEA AMERICANA MILL.;GLYCINE MAX (L.) MERR.	PIASCLEDINE	M5X - TODOS OS OUTROS FÁRMACOS COM AÇÃO MÚSCULO-ESQUELÉTICA	Fitoterápico	Tarja Vermelha	
PERTUZUMABE	PERJETA	L1G3 - ANTICORPOS MONOCLONAIS ANTINEOPLÁSICOS, HER-2	Biológico	- (*) 	
PERTUZUMABE;TRASTUZUMABE	PERJETA HER	L1G3 - ANTICORPOS MONOCLONAIS ANTINEOPLÁSICOS, HER-2	Biológico	- (*) 	
PERTUZUMABE;TRASTUZUMABE	PHESGO	L1G3 - ANTICORPOS MONOCLONAIS ANTINEOPLÁSICOS, HER-2	Biológico	Tarja Vermelha	
PERÓXIDO DE BENZOÍLA;ENXOFRE	ACNASE	D10A - ANTIACNEICOS TÓPICOS	Similar	Tarja Sem Tarja	
PERÓXIDO DE URÉIA	ACERATUM	S2D1 - PRODUTOS PARA REMOÇÃO DA CERA DOS OUVIDOS	Similar	- (*) 	
PETASITES HYBRIDUS (L.) P. GAERTN., B. MEY. & SCHERB.	PETAMIG	N2C9 - TODOS AS OUTRAS PREPARAÇÕES ANTIENXAQUECOSAS	Fitoterápico	Tarja Vermelha	
PEUMUS BOLDUS	EPAPHYTO	A5A1 - COLERÉTICOS E COLECINÉTICOS	Fitoterápico	- (*) 	
PIBRENTASVIR;GLECAPREVIR HIDRATADO	MAVIRET	J05B1 - PRODUTOS PARA HEPATITES VIRAIS	Novo	Tarja Vermelha	
PICOSSULFATO DE SÓDIO	CRONOPLEX	A6A2 - LAXANTES ESTIMULANTES	Similar	Tarja Sem Tarja	
PICOSSULFATO DE SÓDIO	RAPILAX	A6A2 - LAXANTES ESTIMULANTES	Similar	Tarja Sem Tarja	
PICOSSULFATO DE SÓDIO	PICOPREP	A6B1 - AGENTES OSMÓTICOS DE LIMPEZA INTESTINAL	Novo	Tarja Vermelha	
PICOSSULFATO DE SÓDIO MONOIDRATADO	DULCOLAX GOTAS	A6A2 - LAXANTES ESTIMULANTES	Similar	Tarja Sem Tarja	
PICOSSULFATO DE SÓDIO MONOIDRATADO	GUTTALAX	A6A2 - LAXANTES ESTIMULANTES	Novo	Tarja Sem Tarja	
PIDOLATO DE PIRIDOXINA	METADOXIL	N7E - PRODUTOS USADOS EM DEPENDÊNCIA ALCOÓLICA	Novo	- (*) 	
PIMECROLIMO	ELIDEL	D5X - OUTROS PRODUTOS ANTI-INFLAMATÓRIOS NÃO ESTEROIDAIS DERMATOLÓGICOS	Novo	- (*) 	
PINUS PINASTER AITON	FLEBON	C5C - VASOPROTETORES SISTÊMICOS	Fitoterápico	Tarja Vermelha	
PIPER METHYSTICUM	KAVA KAVA HERBARIUM	N5B5 - HIPNÓTICOS E SEDATIVOS HERBÁCEOS	Fitoterápico	- (*) 	
PIPERACILINA SÓDICA	PIPERACILINA SÓDICA+TAZOBACTAM SÓDICO	J1C2 - PENICILINAS INJETAVEIS DE AMPLO ESPECTRO	Genérico	Tarja Vermelha sob restrição	
PIPERACILINA SÓDICA;TAZOBACTAM	PIPERAZAM	B1D - FIBRINOLÍTICOS	Similar	- (*) 	
PIRACETAM	NOOTROPIL	N6D - NOOTRÓPICOS	Novo	Tarja Vermelha	
PIRAZINAMIDA	FURP- PIRAZINAMIDA	J4A1 - ANTITUBERCULOSOS PUROS	Similar	- (*) 	
PIRAZINAMIDA	LFM - PIRAZINAMIDA	J4A1 - ANTITUBERCULOSOS PUROS	Similar	- (*) 	
PIRAZINAMIDA;RIFAMPICINA;CLORIDRATO DE ETAMBUTOL;ISONIAZIDA	FARMANGUINHOS RIFAMPICINA+ISONIAZIDA+PIRAZINAMIDA+ETAMBUTOL	J4A2 - ANTITUBERCULOSOS, KITS COM 4 OU MAIS INGREDIENTES	Novo	Tarja Vermelha sob restrição	
PIRFENIDONA	PIRFENIDONA	R7D - PRODUTOS DE FIBROSE PULMONAR IDIOPÁTICA	Genérico	Tarja Vermelha	
PIRFENIDONA	ESBRIET	R7D - PRODUTOS DE FIBROSE PULMONAR IDIOPÁTICA	Novo	Tarja Vermelha	
PIRFENIDONA	EGURINEL	R7D - PRODUTOS DE FIBROSE PULMONAR IDIOPÁTICA	Similar	Tarja Vermelha	
PIRIMETAMINA	DARAPRIM	P1D1 - ANTIMALÁRICOS, 1 INGREDIENTE	Novo	Tarja Vermelha	
PIROXICAM	PIROXICAM	M1A1 - ANTIRREUMÁTICOS NÃO ESTEROIDAIS PUROS	Genérico	Tarja Vermelha	
PIROXICAM	PIROXICAM	M1A1 - ANTIRREUMÁTICOS NÃO ESTEROIDAIS PUROS	Genérico	Tarja Vermelha	
PIROXICAM	FELDENE	M1A1 - ANTIRREUMÁTICOS NÃO ESTEROIDAIS PUROS	Novo	- (*) 	
PIROXICAM	FARMOXICAM	M1A1 - ANTIRREUMÁTICOS NÃO ESTEROIDAIS PUROS	Similar	Tarja Vermelha	
PIROXICAM	PIROXICAM	M1A1 - ANTIRREUMÁTICOS NÃO ESTEROIDAIS PUROS	Genérico	Tarja Vermelha	
PIROXICAM	PIROXICAM	M1A1 - ANTIRREUMÁTICOS NÃO ESTEROIDAIS PUROS	Genérico	Tarja Vermelha	
PIROXICAM	FLOXICAM	M1A1 - ANTIRREUMÁTICOS NÃO ESTEROIDAIS PUROS	Similar	Tarja Vermelha	
PIROXICAM BETACICLODEXTRINA	CICLADOL	M1A1 - ANTIRREUMÁTICOS NÃO ESTEROIDAIS PUROS	Similar	Tarja Vermelha	
PIROXICAM BETACICLODEXTRINA	BREXIN	M1A1 - ANTIRREUMÁTICOS NÃO ESTEROIDAIS PUROS	Similar	- (*) 	
PIRTOBRUTINIBE	JAYPIRCE	L1H6 - ANTINEOPLÁSICOS INIBIDORES DA PROTEÍNA QUINASE, BTK	Novo	Tarja Vermelha	
PITAVASTATINA CÁLCICA	EBATZ	C10A1 - ESTATINAS, INIBIDORES DA REDUTASE HMG-CoA	Similar	Tarja Vermelha	
PITAVASTATINA CÁLCICA	PITAVASTATINA CALCICA	C10A1 - ESTATINAS, INIBIDORES DA REDUTASE HMG-CoA	Genérico	Tarja Vermelha	
PITAVASTATINA CÁLCICA	PIVAST	C10A1 - ESTATINAS, INIBIDORES DA REDUTASE HMG-CoA	Similar	Tarja Vermelha	
PITAVASTATINA CÁLCICA	PITAVASTATINA CÁLCICA	C10A1 - ESTATINAS, INIBIDORES DA REDUTASE HMG-CoA	Genérico	Tarja Vermelha	
PITAVASTATINA CÁLCICA	LESTER	C10A1 - ESTATINAS, INIBIDORES DA REDUTASE HMG-CoA	Similar	- (*) 	
PITAVASTATINA CÁLCICA	PITAVASTATINA CÁLCICA	C10A1 - ESTATINAS, INIBIDORES DA REDUTASE HMG-CoA	Genérico	Tarja Vermelha	
PITAVASTATINA CÁLCICA	LIVALO	C10A1 - ESTATINAS, INIBIDORES DA REDUTASE HMG-CoA	Novo	Tarja Vermelha	
PITAVASTATINA CÁLCICA	PITAVASTATINA CÁLCICA	C10A1 - ESTATINAS, INIBIDORES DA REDUTASE HMG-CoA	Genérico	Tarja Vermelha	
PITAVASTATINA CÁLCICA	PITAVASTATINA CÁLCICA	C10A1 - ESTATINAS, INIBIDORES DA REDUTASE HMG-CoA	Genérico	Tarja Vermelha	
PLANTAGO OVATA FORSSK.	METAMUCIL	A6A3 - LAXANTES INCREMENTADORES DO BOLO FECAL	Fitoterápico	Tarja Sem Tarja	
PLANTAGO OVATA FORSSK.	PLANTABEN	A6A3 - LAXANTES INCREMENTADORES DO BOLO FECAL	Fitoterápico	Tarja Sem Tarja	
PLANTAGO OVATA FORSSK.;SENNA ALEXANDRINA MILL.	AGIOLAX	A6A3 - LAXANTES INCREMENTADORES DO BOLO FECAL	Fitoterápico	Tarja Sem Tarja	
PLANTAGO OVATA PHIL.	FIBIRAX   PLANT	A6A3 - LAXANTES INCREMENTADORES DO BOLO FECAL	Fitoterápico	Tarja Sem Tarja	
PLANTAGO OVATA PHIL.	FIBREMS	A6A3 - LAXANTES INCREMENTADORES DO BOLO FECAL	Fitoterápico	- (*) 	
PLANTAGO OVATA PHIL.	PLANTARE	A6A1 - LAXANTES SUAVIZADORES E EMOLIENTES FECAIS	Fitoterápico	Tarja Sem Tarja	
PLERIXAFOR	MOZOBIL	L3A9 - OUTROS AGENTES IMUNOESTIMULANTES EXCETO INTERFERONAS	Novo	Tarja Vermelha	
POLATUZUMABE VEDOTINA	ROPOLIVY	L1G9 - ANTICORPOS MONOCLONAIS ANTINEOPLÁSICOS, OUTROS	Biológico	Tarja Vermelha	
POLIACRILAMIDOMETIL BENZILIDENO CÂNFORA;MENTOL CRISTAL;SALICILATO DE METILA	MASSAGEOL	M2A - ANTIRREUMÁTICOS E ANALGÉSICOS TÓPICOS	Específico	Tarja Sem Tarja	
POLICARBOFILA  CÁLCICA	BENESTARE	A6A3 - LAXANTES INCREMENTADORES DO BOLO FECAL	Similar	Tarja Sem Tarja	
POLICRESULENO	ALBOCRESIL	G1D - ANTISSÉPTICOS GINECOLÓGICOS	Novo	Tarja Sem Tarja	
POLICRESULENO;CLORIDRATO DE CINCHOCAÍNA	PROCTYL	C5A2 - ANTI-HEMORROIDAIS SEM CORTICOSTERÓIDES	Novo	Tarja Sem Tarja	
POLIESTIRENOSSULFONATO DE CÁLCIO	CALNATE	V3G1 - PRODUTOS PARA HIPERCALEMIA	Similar	Tarja Vermelha	
POLIOVÍRUS TIPO 3;POLIOVÍRUS TIPO 1	VACINA POLIOMIELITE 1 E 3 (ATENUADA)	J7E9 - TODAS OUTRAS VACINAS VIRAIS	Biológico	Tarja Vermelha	
POLIOVÍRUS TIPO 3;POLIOVÍRUS TIPO 2;POLIOVÍRUS TIPO 1	VACINA POLIOMIELITE 1, 2 E 3 (INATIVADA)	J7E9 - TODAS OUTRAS VACINAS VIRAIS	Biológico	- (*) 	
POLIPEPTÍDEO DIALIZÁVEL DE EXTRATO DE LEUCÓCITO	IMUNOTRANSFERAN	L3A9 - OUTROS AGENTES IMUNOESTIMULANTES EXCETO INTERFERONAS	Biológico	- (*) 	
POLISSACARIDEO DE HAEMOPHILUS INFLUENZAE TIPO B;TOXÓIDE PERTUSSIS;POLIOVÍRUS TIPO 3;POLIOVÍRUS TIPO 2;TOXÓIDE DIFTÉRICO;TOXÓIDE TETÂNICO;HEMAGLUTININA FILAMENTOSA;POLIOVÍRUS TIPO 1 (MAHONEY)	PENTAXIM	J7B1 - ASSOCIAÇÔES COM VACINA ANTITETÂNICA	Biológico	- (*) 	
POLISSACARÍDEO	TYPHIM VI	J7D4 - VACINA PARA FEBRE TIFÓIDE E PARATIFÓIDE	Biológico	- (*) 	
POLISSACARÍDEO CAPSULAR DE STREPTOCOCCUS PNEUMONIAE SOROTIPO 14 ;POLISSACARÍDEO CAPSULAR DE STREPTOCOCCUS PNEUMONIAE SOROTIPO 19A ;POLISSACARÍDEO CAPSULAR DE STREPTOCOCCUS PNEUMONIAE SOROTIPO 5;POLISSACARÍDEO CAPSULAR DE STREPTOCOCCUS PNEUMONIAE SOROTIPO 4 ;POLISSACARÍDEO CAPSULAR DE STREPTOCOCCUS PNEUMONIAE SOROTIPO 1;POLISSACARÍDEO CAPSULAR DE STREPTOCOCCUS PNEUMONIAE SOROTIPO 3 ;POLISSACARÍDEO CAPSULAR DE STREPTOCOCCUS PNEUMONIAE SOROTIPO 23F ;POLISSACARÍDEO CAPSULAR DE STREPTOCOCCUS PNEUMONIAE SOROTIPO 7F ;POLISSACARÍDEO CAPSULAR DE STREPTOCOCCUS PNEUMONIAE SOROTIPO 18C ;POLISSACARÍDEO CAPSULAR DE STREPTOCOCCUS PNEUMONIAE SOROTIPO 19F ;POLISSACARÍDEO CAPSULAR DE STREPTOCOCCUS PNEUMONIAE SOROTIPO 6A ;POLISSACARÍDEO CAPSULAR DE STREPTOCOCCUS PNEUMONIAE SOROTIPO 9V	PREVENAR 13	J7D1 - VACINAS PARA PNEUMONIA	    -     	Tarja Vermelha	
POLISSACARÍDEO CAPSULAR DE STREPTOCOCCUS PNEUMONIAE SOROTIPO 17F;POLISSACARÍDEO CAPSULAR DE STREPTOCOCCUS PNEUMONIAE SOROTIPO 14 ;POLISSACARÍDEO CAPSULAR DE STREPTOCOCCUS PNEUMONIAE SOROTIPO 19A ;POLISSACARÍDEO CAPSULAR DE STREPTOCOCCUS PNEUMONIAE SOROTIPO 15B;POLISSACARÍDEO CAPSULAR DE STREPTOCOCCUS PNEUMONIAE SOROTIPO 8;POLISSACARÍDEO CAPSULAR DE STREPTOCOCCUS PNEUMONIAE SOROTIPO 11A;POLISSACARÍDEO CAPSULAR DE STREPTOCOCCUS PNEUMONIAE SOROTIPO 5;POLISSACARÍDEO CAPSULAR DE STREPTOCOCCUS PNEUMONIAE SOROTIPO 10A;POLISSACARÍDEO CAPSULAR DE STREPTOCOCCUS PNEUMONIAE SOROTIPO 4 ;POLISSACARÍDEO CAPSULAR DE STREPTOCOCCUS PNEUMONIAE SOROTIPO 6B;POLISSACARÍDEO CAPSULAR DE STREPTOCOCCUS PNEUMONIAE SOROTIPO 1;POLISSACARÍDEO CAPSULAR DE STREPTOCOCCUS PNEUMONIAE SOROTIPO 12F;POLISSACARÍDEO CAPSULAR DE STREPTOCOCCUS PNEUMONIAE SOROTIPO 2;POLISSACARÍDEO CAPSULAR DE STREPTOCOCCUS PNEUMONIAE SOROTIPO 22F;POLISSACARÍDEO CAPSULAR DE STREPTOCOCCUS PNEUMONIAE SOROTIPO 33F;POLISSACARÍDEO CAPSULAR DE STREPTOCOCCUS PNEUMONIAE SOROTIPO 23F ;POLISSACARÍDEO CAPSULAR DE STREPTOCOCCUS PNEUMONIAE SOROTIPO 18C ;POLISSACARÍDEO CAPSULAR DE STREPTOCOCCUS PNEUMONIAE SOROTIPO 19F ;POLISSACARÍDEO CAPSULAR DE STREPTOCOCCUS PNEUMONIAE SOROTIPO 9V;POLISSACARÍDEO CAPSULAR DE STREPTOCOCCUS PNEUMONIAE SOROTIPO 20	PNEUMOVAX® 23	J7D1 - VACINAS PARA PNEUMONIA	Novo	Tarja Vermelha	
POLISSACARÍDEO CONJUGADO DE STREPTOCOCCUS PNEUMONIAE TIPO 14;POLISSACARÍDEO CONJUGADO DE STREPTOCOCCUS PNEUMONIAE TIPO 18C;POLISSACARÍDEO CAPSULAR DE STREPTOCOCCUS PNEUMONIAE SOROTIPO 19A ;POLISSACARÍDEO CONJUGADO DE STREPTOCOCCUS PNEUMONIAE TIPO 19F;POLISSACARÍDEO CAPSULAR DE STREPTOCOCCUS PNEUMONIAE SOROTIPO 5;POLISSACARÍDEO CAPSULAR DE STREPTOCOCCUS PNEUMONIAE SOROTIPO 4 ;POLISSACARÍDEO CAPSULAR DE STREPTOCOCCUS PNEUMONIAE SOROTIPO 6B;POLISSACARÍDEO CAPSULAR DE STREPTOCOCCUS PNEUMONIAE SOROTIPO 1;POLISSACARÍDEO CAPSULAR DE STREPTOCOCCUS PNEUMONIAE SOROTIPO 3 ;POLISSACARÍDEO CAPSULAR DE STREPTOCOCCUS PNEUMONIAE SOROTIPO 22F;POLISSACARÍDEO CAPSULAR DE STREPTOCOCCUS PNEUMONIAE SOROTIPO 33F;POLISSACARÍDEO CONJUGADO DE STREPTOCOCCUS PNEUMONIAE TIPO 23F;PROTEÍNA CARREADORA;POLISSACARÍDEO CAPSULAR DE STREPTOCOCCUS PNEUMONIAE SOROTIPO 7F ;POLISSACARÍDEO CAPSULAR DE STREPTOCOCCUS PNEUMONIAE SOROTIPO 6A ;POLISSACARÍDEO CAPSULAR DE STREPTOCOCCUS PNEUMONIAE SOROTIPO 9V	VAXNEUVANCE	J7D1 - VACINAS PARA PNEUMONIA	Biológico	Tarja Vermelha	
POLISSACARÍDEO CONJUGADO DE STREPTOCOCCUS PNEUMONIAE TIPO 14;POLISSACARÍDEO CONJUGADO DE STREPTOCOCCUS PNEUMONIAE TIPO 18C;POLISSACARÍDEO CONJUGADO DE STREPTOCOCCUS PNEUMONIAE TIPO 4;POLISSACARÍDEO CONJUGADO DE STREPTOCOCCUS PNEUMONIAE TIPO 7F;POLISSACARÍDEO CONJUGADO DE STREPTOCOCCUS PNEUMONIAE TIPO 19F;POLISSACARÍDEO CONJUGADO DE STREPTOCOCCUS PNEUMONIAE TIPO 5;POLISSACARÍDEO CONJUGADO DE STREPTOCOCCUS PNEUMONIAE TIPO 9V;POLISSACARÍDEO CONJUGADO DE STREPTOCOCCUS PNEUMONIAE TIPO 6B;POLISSACARÍDEO CONJUGADO DE STREPTOCOCCUS PNEUMONIAE TIPO 1;POLISSACARÍDEO CONJUGADO DE STREPTOCOCCUS PNEUMONIAE TIPO 23F	SYNFLORIX	J7D1 - VACINAS PARA PNEUMONIA	Biológico	- (*) 	
POLISSACARÍDEO CONJUGADO DE STREPTOCOCCUS PNEUMONIAE TIPO 14;POLISSACARÍDEO CONJUGADO DE STREPTOCOCCUS PNEUMONIAE TIPO 18C;POLISSACARÍDEO CONJUGADO DE STREPTOCOCCUS PNEUMONIAE TIPO 4;POLISSACARÍDEO CONJUGADO DE STREPTOCOCCUS PNEUMONIAE TIPO 7F;POLISSACARÍDEO CONJUGADO DE STREPTOCOCCUS PNEUMONIAE TIPO 19F;POLISSACARÍDEO CONJUGADO DE STREPTOCOCCUS PNEUMONIAE TIPO 5;POLISSACARÍDEO CONJUGADO DE STREPTOCOCCUS PNEUMONIAE TIPO 9V;POLISSACARÍDEO CONJUGADO DE STREPTOCOCCUS PNEUMONIAE TIPO 6B;POLISSACARÍDEO CONJUGADO DE STREPTOCOCCUS PNEUMONIAE TIPO 1;POLISSACARÍDEO CONJUGADO DE STREPTOCOCCUS PNEUMONIAE TIPO 23F	VACINA PNEUMOCÓCICA 10-VALENTE (CONJUGADA)	J7D1 - VACINAS PARA PNEUMONIA	Biológico	- (*) 	
POLISSACARÍDEO CONJUGADO DE STREPTOCOCCUS PNEUMONIAE TIPO 4;POLISSACARÍDEO CAPSULAR DE STREPTOCOCCUS PNEUMONIAE SOROTIPO 14 ;POLISSACARÍDEO CAPSULAR DE STREPTOCOCCUS PNEUMONIAE SOROTIPO 19A ;POLISSACARÍDEO CONJUGADO DE STREPTOCOCCUS PNEUMONIAE TIPO 19F;POLISSACARÍDEO CONJUGADO DE STREPTOCOCCUS PNEUMONIAE TIPO 5;POLISSACARÍDEO CAPSULAR DE STREPTOCOCCUS PNEUMONIAE SOROTIPO 15B;POLISSACARÍDEO CONJUGADO DE STREPTOCOCCUS PNEUMONIAE TIPO 9V;POLISSACARÍDEO CAPSULAR DE STREPTOCOCCUS PNEUMONIAE SOROTIPO 8;POLISSACARÍDEO CAPSULAR DE STREPTOCOCCUS PNEUMONIAE SOROTIPO 11A;POLISSACARÍDEO CONJUGADO DE STREPTOCOCCUS PNEUMONIAE TIPO 1;POLISSACARÍDEO CAPSULAR DE STREPTOCOCCUS PNEUMONIAE SOROTIPO 10A;POLISSACARÍDEO CAPSULAR DE STREPTOCOCCUS PNEUMONIAE SOROTIPO 12F;POLISSACARÍDEO CAPSULAR DE STREPTOCOCCUS PNEUMONIAE SOROTIPO 3 ;POLISSACARÍDEO CAPSULAR DE STREPTOCOCCUS PNEUMONIAE SOROTIPO 22F;POLISSACARÍDEO CAPSULAR DE STREPTOCOCCUS PNEUMONIAE SOROTIPO 33F;POLISSACARÍDEO CONJUGADO DE STREPTOCOCCUS PNEUMONIAE TIPO 23F;POLISSACARÍDEO CONJUGADO DE STREPTOCOCCUS PNEUMONIAE TIPO 7F;PROTEÍNA CARREADORA;POLISSACARÍDEO CONJUGADO DE STREPTOCOCCUS PNEUMONIAE TIPO 6B;POLISSACARÍDEO CAPSULAR DE STREPTOCOCCUS PNEUMONIAE SOROTIPO 18C ;POLISSACARÍDEO CAPSULAR DE STREPTOCOCCUS PNEUMONIAE SOROTIPO 6A	PREVENAR® 20	J7D1 - VACINAS PARA PNEUMONIA	Biológico	Tarja Vermelha	
POLISSACARÍDEO DE HAEMOPHILUS INFLUENZAE TIPO B CONJUGADO COM PROTEÍNA TETÂNICA	VACINA HAEMOPHILUS INFLUENZAE B (CONJUGADA)	J7D3 - VACINAS HAEMOPHILUS B	    -     	- (*) 	
POLISSACARÍDEO DE NEISSERIA MENINGITIDIS DO SOROGRUPO A CONJUGADO A PROTEÍNA CARREADORA TOXOIDE TETÂNICO	NIMENRIX	J7D2 - VACINAS MENINGOCÓCICAS	Biológico	- (*) 	
POLISSACARÍDEO DE NEISSERIA MENINGITIDIS DO SOROGRUPO A CONJUGADO A PROTEÍNA CARREADORA TOXOIDE TETÂNICO;POLISSACARÍDEO DE NEISSERIA MENINGITIDIS DO SOROGRUPO Y CONJUGADO A PROTEÍNA CARREADORA TOXOIDE TETÂNICO;POLISSACARÍDEO DE NEISSERIA MENINGITIDIS DO SOROGRUPO C CONJUGADO A PROTEÍNA CARREADORA TOXOIDE TETÂNICO;POLISSACARÍDEO DE NEISSERIA MENINGITIDIS DO SOROGRUPO W CONJUGADO A PROTEÍNA CARREADORA TOXOIDE TETÂNICO	VACINA MENINGOCÓCICA ACWY (CONJUGADA)	J7D2 - VACINAS MENINGOCÓCICAS	Biológico	- (*) 	
POLISSACARÍDEO DE NEISSERIA MENINGITIDIS DO SOROGRUPO A CONJUGADO A PROTEÍNA CARREADORA TOXOIDE TETÂNICO;POLISSACARÍDEO DE NEISSERIA MENINGITIDIS DO SOROGRUPO Y CONJUGADO A PROTEÍNA CARREADORA TOXOIDE TETÂNICO;POLISSACARÍDEO DE NEISSERIA MENINGITIDIS DO SOROGRUPO C CONJUGADO A PROTEÍNA CARREADORA TOXOIDE TETÂNICO;POLISSACARÍDEO DE NEISSERIA MENINGITIDIS DO SOROGRUPO W CONJUGADO A PROTEÍNA CARREADORA TOXOIDE TETÂNICO	MENACTRA	J7D2 - VACINAS MENINGOCÓCICAS	Biológico	Tarja Vermelha	
POLISSACARÍDEO DE NEISSERIA MENINGITIDIS DO SOROGRUPO A CONJUGADO A PROTEÍNA CARREADORA TOXOIDE TETÂNICO;POLISSACARÍDEO DE NEISSERIA MENINGITIDIS DO SOROGRUPO Y CONJUGADO A PROTEÍNA CARREADORA TOXOIDE TETÂNICO;POLISSACARÍDEO DE NEISSERIA MENINGITIDIS DO SOROGRUPO C CONJUGADO A PROTEÍNA CARREADORA TOXOIDE TETÂNICO;TOXÓIDE TETÂNICO;POLISSACARÍDEO DE NEISSERIA MENINGITIDIS DO SOROGRUPO W CONJUGADO A PROTEÍNA CARREADORA TOXOIDE TETÂNICO	MENQUADFI	J7D2 - VACINAS MENINGOCÓCICAS	Biológico	Tarja Vermelha	
POLISSULFATO DE MUCOPOLISSACARÍDEO	FLEDOID	C5B - TERAPIA ANTIVARICOSA TÓPICA	Biológico	- (*) 	
POLISSULFATO DE MUCOPOLISSACARÍDEO	HIRUDOID	C5B - TERAPIA ANTIVARICOSA TÓPICA	Novo	- (*) 	
POLISSULFATO DE MUCOPOLISSACARÍDEO	HIRUDOID INFANTIL	C5B - TERAPIA ANTIVARICOSA TÓPICA	Biológico	- (*) 	
POLYGALA SENEGA L.	FITOBRONC	R5C - EXPECTORANTES	Fitoterápico	- (*) 	
POLYGONUM PUNCTATUM ELLIOT;AESCULUS HIPPOCASTANUM L.;SMILAX PAPYRACEA DUHAMEL.;RUTOSÍDEO	VASTONIC	C5C - VASOPROTETORES SISTÊMICOS	Específico	Tarja Vermelha	
POLYGONUM PUNCTATUM H.LÉV;COMPLEMENTO;CÁSSIA SENNA;PICOSSULFATO DE SÓDIO	COMPLEXO SENNA ALMEIDA PRADO Nº 46	A6A2 - LAXANTES ESTIMULANTES	Novo	Tarja Sem Tarja	
POLYPODIUM LEUCOTOMOS	INTHOS	D11A - OUTRAS PREPARAÇÕES DERMATOLOGICAS	Fitoterápico	Tarja Sem Tarja	
POMALIDOMIDA	POMALYST	L1K - ANTINEOPLÁSICOS LIDOMIDA	Novo	Tarja Vermelha sob restrição	
POSACONAZOL	NOXAFIL	J2A - AGENTES SISTÊMICOS PARA INFECÇÕES FÚNGICAS	Novo	Tarja Vermelha	
PRAVASTATINA SÓDICA	PRAVASTATINA SÓDICA	C10A1 - ESTATINAS, INIBIDORES DA REDUTASE HMG-CoA	Genérico	- (*) 	
PRAVASTATINA SÓDICA	PRAVASTATINA SÓDICA	C10A1 - ESTATINAS, INIBIDORES DA REDUTASE HMG-CoA	Genérico	Tarja Vermelha	
PRAZIQUANTEL	FAR-MANGUINHOS PRAZIQUANTEL	P1C - ESQUISTOSSOMICIDAS	Similar	- (*) 	
PREDNICARBATO	DERMATOP	D7A - CORTICOESTERÓIDES TÓPICOS PUROS	Novo	Tarja Vermelha	
PREDNISOLONA	PREDNISOLONA	H2A2 - CORTICOSTERÓIDES ORAIS PUROS	Genérico	Tarja Vermelha	
PREDNISOLONA	PREDNISOLONA	H2A2 - CORTICOSTERÓIDES ORAIS PUROS	Genérico	- (*) 	
PREDNISOLONA	PREDNISOLONA	H2A2 - CORTICOSTERÓIDES ORAIS PUROS	Genérico	- (*) 	
PREDNISOLONA	PREDNISOLONA	H2A2 - CORTICOSTERÓIDES ORAIS PUROS	Genérico	- (*) 	
PREDNISOLONA	PREDNISOLONA	H2A2 - CORTICOSTERÓIDES ORAIS PUROS	Genérico	Tarja Vermelha	
PREDNISOLONA	PREDNISOLONA	H2A2 - CORTICOSTERÓIDES ORAIS PUROS	Genérico	Tarja Vermelha	
PREDNISOLONA	PREDNISOLONA	H2A2 - CORTICOSTERÓIDES ORAIS PUROS	Genérico	Tarja Vermelha	
PREDNISOLONA	PRED-GRAN	H2A2 - CORTICOSTERÓIDES ORAIS PUROS	Similar	- (*) 	
PREDNISOLONA	PREDNISOLONA	H2A2 - CORTICOSTERÓIDES ORAIS PUROS	Genérico	- (*) 	
PREDNISONA	METICORTEN	H2A2 - CORTICOSTERÓIDES ORAIS PUROS	Novo	Tarja Vermelha	
PREDNISONA	PREDNISONA	H2A2 - CORTICOSTERÓIDES ORAIS PUROS	Genérico	Tarja Vermelha	
PREDNISONA	PREDNISONA	H2A2 - CORTICOSTERÓIDES ORAIS PUROS	Genérico	Tarja Vermelha	
PREDNISONA	CICLORTEN	H2A2 - CORTICOSTERÓIDES ORAIS PUROS	Similar	Tarja Vermelha	
PREDNISONA	CRISPRED	H2A2 - CORTICOSTERÓIDES ORAIS PUROS	Similar	Tarja Vermelha	
PREDNISONA	PREDCORT	H2A2 - CORTICOSTERÓIDES ORAIS PUROS	Similar	- (*) 	
PREDNISONA	PREDNISONA	H2A2 - CORTICOSTERÓIDES ORAIS PUROS	Genérico	- (*) 	
PREDNISONA	PREDNISONA	H2A2 - CORTICOSTERÓIDES ORAIS PUROS	Genérico	Tarja Vermelha	
PREDNISONA	FLAMAPE	H2A2 - CORTICOSTERÓIDES ORAIS PUROS	Similar	Tarja Vermelha	
PREDNISONA	PREDNISONA	H2A2 - CORTICOSTERÓIDES ORAIS PUROS	Genérico	Tarja Vermelha	
PREDNISONA	PREDNISONA	H2A2 - CORTICOSTERÓIDES ORAIS PUROS	Genérico	Tarja Vermelha	
PREDNISONA	PREDNISONA	H2A2 - CORTICOSTERÓIDES ORAIS PUROS	Genérico	Tarja Vermelha	
PREDNISONA	PREDNISONA	H2A2 - CORTICOSTERÓIDES ORAIS PUROS	Genérico	Tarja Vermelha	
PREDNISONA	PREDNISONA	H2A2 - CORTICOSTERÓIDES ORAIS PUROS	Genérico	- (*) 	
PREDNISONA	PREDNISONA	H2A2 - CORTICOSTERÓIDES ORAIS PUROS	Genérico	Tarja Vermelha	
PREDNISONA	NISBAL	H2A2 - CORTICOSTERÓIDES ORAIS PUROS	Similar	Tarja Vermelha	
PREDNISONA	CORTICORTEN	H2A2 - CORTICOSTERÓIDES ORAIS PUROS	Similar	Tarja Vermelha	
PREDNISONA	PREDNISONA	H2A2 - CORTICOSTERÓIDES ORAIS PUROS	Genérico	Tarja Vermelha	
PREDNISONA	PREDINIS	H2A2 - CORTICOSTERÓIDES ORAIS PUROS	Similar	Tarja Vermelha	
PREDNISONA	PREDNISONA	H2A2 - CORTICOSTERÓIDES ORAIS PUROS	Genérico	Tarja Vermelha	
PREDNISONA	PREDNISONA	H2A2 - CORTICOSTERÓIDES ORAIS PUROS	Genérico	Tarja Vermelha	
PREGABALINA	JOLIK	N2D - GABAPENTINOIDES	Novo	Tarja Vermelha sob restrição	
PREGABALINA	PREGABALINA	N2D - GABAPENTINOIDES	Genérico	Tarja Vermelha sob restrição	
PREGABALINA	LIMIAR	N2D - GABAPENTINOIDES	Similar	Tarja Vermelha sob restrição	
PREGABALINA	MOBALE	N2D - GABAPENTINOIDES	Similar	Tarja Vermelha sob restrição	
PREGABALINA	PREGABALINA	N2D - GABAPENTINOIDES	Genérico	Tarja Vermelha sob restrição	
PREGABALINA	PREGABALINA	N2D - GABAPENTINOIDES	Genérico	Tarja Vermelha sob restrição	
PREGABALINA	INSIT	N2D - GABAPENTINOIDES	Similar	Tarja Vermelha sob restrição	
PREGABALINA	INSIT®	N2D - GABAPENTINOIDES	Novo	Tarja Vermelha sob restrição	
PREGABALINA	KONDUZ	N2D - GABAPENTINOIDES	Novo	Tarja Vermelha sob restrição	
PREGABALINA	PREGABALINA	N2D - GABAPENTINOIDES	Genérico	Tarja Vermelha sob restrição	
PREGABALINA	GLYA	N2D - GABAPENTINOIDES	Similar	Tarja Vermelha sob restrição	
PREGABALINA	PREGABALINA	N2D - GABAPENTINOIDES	Genérico	Tarja Vermelha sob restrição	
PREGABALINA	ÁPICE	N2D - GABAPENTINOIDES	Similar	Tarja Vermelha sob restrição	
PREGABALINA	PREFISS	N2D - GABAPENTINOIDES	Similar	Tarja Vermelha sob restrição	
PREGABALINA	PREGABALINA	N2D - GABAPENTINOIDES	Genérico	Tarja Vermelha	
PREGABALINA	PREGALPHA	N2D - GABAPENTINOIDES	Similar	Tarja Vermelha	
PREGABALINA	PREGABALINA	N2D - GABAPENTINOIDES	Genérico	Tarja Vermelha sob restrição	
PREGABALINA	ZEROPIN	N2D - GABAPENTINOIDES	Similar	Tarja Vermelha sob restrição	
PREGABALINA	INFOC	N2D - GABAPENTINOIDES	Similar	Tarja Vermelha sob restrição	
PREGABALINA	PREGABALINA	N2D - GABAPENTINOIDES	Genérico	Tarja Vermelha sob restrição	
PREGABALINA	DORENE	N2D - GABAPENTINOIDES	Similar	Tarja Vermelha sob restrição	
PREGABALINA	DORENE TABS	N2D - GABAPENTINOIDES	Novo	Tarja Vermelha sob restrição	
PREGABALINA	DORENE LÍQUIDO	N2D - GABAPENTINOIDES	Novo	Tarja Vermelha sob restrição	
PREGABALINA	PREGABALINA	N2D - GABAPENTINOIDES	Genérico	Tarja Vermelha sob restrição	
PREGABALINA	PREGABALINA	N2D - GABAPENTINOIDES	Genérico	Tarja Vermelha sob restrição	
PREGABALINA	PREGABALINA	N2D - GABAPENTINOIDES	Genérico	Tarja Vermelha sob restrição	
PREGABALINA	PREGABALINA	N2D - GABAPENTINOIDES	Genérico	Tarja Vermelha	
PREGABALINA	PREBICTAL	N2D - GABAPENTINOIDES	Similar	Tarja Vermelha sob restrição	
PREGABALINA	PREGABALINA	N2D - GABAPENTINOIDES	Genérico	Tarja Vermelha	
PREGABALINA	LYCERAH	N3A - ANTIEPILÉPTICOS	Similar	Tarja Vermelha sob restrição	
PREGABALINA	PREGABALINA	N2D - GABAPENTINOIDES	Genérico	Tarja Vermelha sob restrição	
PREGABALINA	PREGABALINA	N2D - GABAPENTINOIDES	Genérico	Tarja Vermelha sob restrição	
PREGABALINA	PREGABALINA	N2D - GABAPENTINOIDES	Genérico	Tarja Vermelha sob restrição	
PREGABALINA	PREGABALINA	N2D - GABAPENTINOIDES	Genérico	Tarja Vermelha sob restrição	
PREGABALINA	PREGABALINA	N2D - GABAPENTINOIDES	Genérico	Tarja Vermelha sob restrição	
PREGABALINA	PREGABALINA	N2D - GABAPENTINOIDES	Genérico	Tarja Vermelha sob restrição	
PREGABALINA	PREGABALINA	N2D - GABAPENTINOIDES	Genérico	Tarja Vermelha sob restrição	
PREGABALINA	PROLEPTOL	N2D - GABAPENTINOIDES	Similar	Tarja Vermelha sob restrição	
PREGABALINA	PREGABALINA	N2D - GABAPENTINOIDES	Genérico	Tarja Vermelha sob restrição	
PREGABALINA	LYRICA	N2D - GABAPENTINOIDES	Novo	Tarja Vermelha sob restrição	
PRIMIDONA	PRIMID	N3A - ANTIEPILÉPTICOS	Novo	Tarja Vermelha sob restrição	
PROGESTERONA	CRINONE	G3D - PROGESTÓGENOS EXCLUINDO G3A, G3F	Novo	- (*) 	
PROGESTERONA	JUNNO	G3D - PROGESTÓGENOS EXCLUINDO G3A, G3F	Similar	Tarja Vermelha	
PROGESTERONA	GYNPRO	G3D - PROGESTÓGENOS EXCLUINDO G3A, G3F	Similar	Tarja Vermelha	
PROGESTERONA	UTROGESTAN	G3D - PROGESTÓGENOS EXCLUINDO G3A, G3F	Novo	Tarja Vermelha	
PROGESTERONA	PROLUTEX	G3D - PROGESTÓGENOS EXCLUINDO G3A, G3F	Novo	Tarja Vermelha	
PROMESTRIENO	ANTROFI	G3C - ESTRÓGENOS EXCLUINDO G3A, G3E, G3F	Similar	Tarja Vermelha	
PROMESTRIENO	PROMESTRIENO	G3C - ESTRÓGENOS EXCLUINDO G3A, G3E, G3F	Genérico	Tarja Vermelha	
PROMESTRIENO	PROMIM	G3C - ESTRÓGENOS EXCLUINDO G3A, G3E, G3F	Similar	Tarja Vermelha	
PROMESTRIENO	COLTRIENO	G3C - ESTRÓGENOS EXCLUINDO G3A, G3E, G3F	Similar	Tarja Vermelha	
PROMESTRIENO	COLPOTROFINE	G3C - ESTRÓGENOS EXCLUINDO G3A, G3E, G3F	Novo	Tarja Vermelha	
PROMETAZINA	CREMEFENERGAN	D4A - ANTIPRURIGINOSOS  TÓPICOS - INCLUINDO ANTIHISTAMÍNICOS, ANESTÉSICOS, ETC	Novo	Tarja Sem Tarja	
PROPATILNITRATO	SUSTRATE	C1E - NITRITOS E NITRATOS	Novo	- (*) 	
PROPILENOGLICOLATO DE DARUNAVIR	DARVYR	J5C2 - INIBIDORES DA PROTEASE	Similar	Tarja Vermelha	
PROPILPARABENO	TOPCOID	C5B - TERAPIA ANTIVARICOSA TÓPICA	Biológico	- (*) 	
PROPILTIOURACILA	PROPILRACIL	H3B - PREPARAÇÕES ANTITIREOIDEANOS	Similar	- (*) 	
PROPIONATO DE CLOBETASOL	PSOREX	D7A - CORTICOESTERÓIDES TÓPICOS PUROS	Novo	- (*) 	
PROPIONATO DE CLOBETASOL	THERAPSOR	D7A - CORTICOESTERÓIDES TÓPICOS PUROS	Similar	- (*) 	
PROPIONATO DE CLOBETASOL	PROPIONATO DE CLOBETASOL	D7A - CORTICOESTERÓIDES TÓPICOS PUROS	Genérico	Tarja Vermelha	
PROPIONATO DE CLOBETASOL	PROPIONATO DE CLOBETASOL	D7A - CORTICOESTERÓIDES TÓPICOS PUROS	Genérico	Tarja Vermelha	
PROPIONATO DE CLOBETASOL	PROPIONATO DE CLOBETASOL 0,5MG/G	D7A - CORTICOESTERÓIDES TÓPICOS PUROS	Genérico	Tarja Vermelha	
PROPIONATO DE CLOBETASOL	PROPIONATO DE CLOBETASOL	D7A - CORTICOESTERÓIDES TÓPICOS PUROS	Genérico	- (*) 	
PROPIONATO DE CLOBETASOL	PROPIONATO DE CLOBETASOL	D7A - CORTICOESTERÓIDES TÓPICOS PUROS	Genérico	Tarja Vermelha	
PROPIONATO DE CLOBETASOL	PROPIONATO DE CLOBETASOL	D7A - CORTICOESTERÓIDES TÓPICOS PUROS	Genérico	- (*) 	
PROPIONATO DE CLOBETASOL	TOPIREX	D7A - CORTICOESTERÓIDES TÓPICOS PUROS	Similar	Tarja Vermelha	
PROPIONATO DE CLOBETASOL	PROPIONATO DE CLOBETASOL	D7A - CORTICOESTERÓIDES TÓPICOS PUROS	Genérico	- (*) 	
PROPIONATO DE CLOBETASOL	CLOB-X	D7A - CORTICOESTERÓIDES TÓPICOS PUROS	Similar	- (*) 	
PROPIONATO DE CLOBETASOL	PROPIONATO DE CLOBETASOL	D7A - CORTICOESTERÓIDES TÓPICOS PUROS	Genérico	Tarja Vermelha	
PROPIONATO DE CLOBETASOL	PROPIOSOL	D7A - CORTICOESTERÓIDES TÓPICOS PUROS	Similar	- (*) 	
PROPIONATO DE CLOBETASOL	PROPIONATO DE CLOBETASOL	D7A - CORTICOESTERÓIDES TÓPICOS PUROS	Genérico	Tarja Vermelha	
PROPIONATO DE CÁLCIO;ÁCIDO UNDECILÊNICO;HEXILRESORCINOL;UNDECILENATO DE ZINCO	ANDRIODERMOL	D1A1 - ANTIFÚNGICOS DERMATOLÓGICOS TÓPICOS	Similar	Tarja Sem Tarja	
PROPIONATO DE FLUTICASONA	PLURAIR	R1A1 - CORTICOSTERÓIDES NASAIS SEM ANTIINFECCIOSOS	Novo	Tarja Vermelha	
PROPIONATO DE FLUTICASONA	FLIXONASE	R1A1 - CORTICOSTERÓIDES NASAIS SEM ANTIINFECCIOSOS	Novo	Tarja Vermelha	
PROPIONATO DE FLUTICASONA	FLIXOTIDE	R3D1 - ANTIASMÁTICOS/DPOC CORTICOSTERÓIDES INALANTES	Novo	- (*) 	
PROPIONATO DE FLUTICASONA	FLUTIVATE	D7A - CORTICOESTERÓIDES TÓPICOS PUROS	Novo	- (*) 	
PROPIONATO DE FLUTICASONA;CLORIDRATO DE AZELASTINA	DYMISTA	R1A9 - OUTRAS PREPARAÇÕES TÓPICAS NASAIS	Novo	Tarja Vermelha	
PROPIONATO DE FLUTICASONA;FUMARATO DE FORMOTEROL DI-HIDRATADO	LUGANO	R3F1 - ANTIASMÁTICOS/DPOC AGONISTAS B2 ASSOCIADOS A CORTICOSTERÓIDES, INALANTES	Novo	- (*) 	
PROPIONATO DE FLUTICASONA;HIDROXINAFTOATO DE SALMETEROL	SERETIDE	R3F1 - ANTIASMÁTICOS/DPOC AGONISTAS B2 ASSOCIADOS A CORTICOSTERÓIDES, INALANTES	Novo	- (*) 	
PROPIONATO DE HALOBETASOL	HALOBEX	D7A - CORTICOESTERÓIDES TÓPICOS PUROS	Novo	- (*) 	
PROPOFOL	PROPOFOL	N1A2 - ANESTÉSICOS GERAIS INJETÁVEIS	Genérico	Tarja Vermelha	
PROPOFOL	LIPURO	N1A2 - ANESTÉSICOS GERAIS INJETÁVEIS	Similar	Tarja Vermelha sob restrição	
PROPOFOL	PROPOVAN	N1A2 - ANESTÉSICOS GERAIS INJETÁVEIS	Similar	Tarja Vermelha sob restrição	
PROPOFOL	PROPOFOL	N1A2 - ANESTÉSICOS GERAIS INJETÁVEIS	Genérico	Tarja Vermelha sob restrição	
PROPOFOL	PROVIVE	N1A2 - ANESTÉSICOS GERAIS INJETÁVEIS	Similar	Tarja Vermelha sob restrição	
PROPOFOL	SPIVA MCT-LCT	N1A2 - ANESTÉSICOS GERAIS INJETÁVEIS	Similar	Tarja Vermelha sob restrição	
PROPOFOL	PROFOLEN	N1A2 - ANESTÉSICOS GERAIS INJETÁVEIS	Similar	Tarja Vermelha sob restrição	
PROPOFOL	PROPOFOL	N1A2 - ANESTÉSICOS GERAIS INJETÁVEIS	Genérico	Tarja Vermelha sob restrição	
PROPOFOL	PROPOTIL	N1A2 - ANESTÉSICOS GERAIS INJETÁVEIS	Similar	Tarja Vermelha sob restrição	
PROPOFOL	DIPRIVAN	N1A2 - ANESTÉSICOS GERAIS INJETÁVEIS	Novo	Tarja Vermelha	
PROPOFOL	HYFOL	N1A2 - ANESTÉSICOS GERAIS INJETÁVEIS	Similar	Tarja Vermelha sob restrição	
PROPOFOL	OPONAP®	N1A2 - ANESTÉSICOS GERAIS INJETÁVEIS	Similar	Tarja Vermelha sob restrição	
PROPOFOL	PROPOFOL	N1A2 - ANESTÉSICOS GERAIS INJETÁVEIS	Genérico	Tarja Vermelha sob restrição	
PROTEÍNA ANTIGÊNICA DE SUPERFÍCIE (HEP. B)	VACINA RECOMBINANTE CONTRA HEPATITE B	J7E4 - VACINA PARA HEPATITE	Novo	- (*) 	
PROTEÍNA C	FIDEGERP	B2D9 - PRODUTOS DE COAGULAÇÃO SANGUÍNEA, OUTROS	Biológico	Tarja Vermelha	
PROTEÍNA CARREADORA;OLIGOSSACARÍDEO MENINGOCÓCICO DO GRUPO C	MENJUGATE	J7D2 - VACINAS MENINGOCÓCICAS	Biológico	- (*) 	
PROTEÍNA DE FUSÃO FHBP RECOMBINANTE DE NEISSERIA MENINGITIDIS GRUPO B;PROTEÍNA DE FUSÃO NHBA RECOMBINANTE DE NEISSERIA MENINGITIDIS GRUPO B;PROTEÍNA NAD A RECOMBINANTE DE NEISSERIA MENINGITIDIS GRUPO B;VESÍCULAS DE MEMBRANA EXTERNA (OMV) DE NEISSERIA MENINGITIDIS GRUPO B, CEPA NZ98/254	BEXSERO	J7D2 - VACINAS MENINGOCÓCICAS	Biológico	Tarja Vermelha	
PROTEÍNAS PLASMÁTICAS HUMANAS	TECPLAS	B2D9 - PRODUTOS DE COAGULAÇÃO SANGUÍNEA, OUTROS	Biológico	Tarja Vermelha	
PRUCALOPRIDA	RESOLOR	A16A - OUTROS PRODUTOS PARA O APARELHO DIGESTÓRIO E METABOLISMO	Novo	Tarja Vermelha	
RABEPRAZOL SÓDICO	RABEPRAZOL SODICO	A2B2 - INIBIDORES DA BOMBA DE PRÓTONS	Genérico	- (*) 	
RACECADOTRILA	AVIDE	A7X - OUTROS PRODUTOS PARA DESORDEM INTESTINAL	Similar	- (*) 	
RACECADOTRILA	RACECADOTRILA	A7X - OUTROS PRODUTOS PARA DESORDEM INTESTINAL	Genérico	Tarja Vermelha	
RACECADOTRILA	TIORFAN	A7X - OUTROS PRODUTOS PARA DESORDEM INTESTINAL	Novo	Tarja Vermelha	
RACEMETIONINA;BETAÍNA;CITRATO DE COLINA	ABCLER ABNAT	A5B - HEPATOPROTETORES E LIPOTRÓPICOS	Similar	- (*) 	
RACEMETIONINA;CLORETO DE COLINA	XANTINON	A5B - HEPATOPROTETORES E LIPOTRÓPICOS	Específico	Tarja Sem Tarja	
RACEMETIONINA;CLORETO DE COLINA	EPOCLER COMPRIMIDO	A5B - HEPATOPROTETORES E LIPOTRÓPICOS	Específico	Tarja Sem Tarja	
RACEMETIONINA;SILYBUM MARIANUM (L.) GAERTN	NUFIG MET	A5B - HEPATOPROTETORES E LIPOTRÓPICOS	Específico	Tarja Sem Tarja	
RACEMETIONINA;SILYBUM MARIANUM (L.) GAERTN	SILIMALON	A5B - HEPATOPROTETORES E LIPOTRÓPICOS	Específico	Tarja Sem Tarja	
RACEMETIONINA;SILYBUM MARIANUM (L.) GAERTN	SILIMALON 140	A5B - HEPATOPROTETORES E LIPOTRÓPICOS	Específico	- (*) 	
RALTEGRAVIR POTÁSSICO	ISENTRESS	J5C9 - ANTIVIRAIS HIV, OUTROS	Novo	Tarja Vermelha	
RAMELTEONA	RAMELTEONA	H4X - OUTROS HORMÔNIOS E PREPARAÇÕES COM AÇÕES SIMILARES	Genérico	Tarja Vermelha sob restrição	
RAMELTEONA	RAHIME	H4X - OUTROS HORMÔNIOS E PREPARAÇÕES COM AÇÕES SIMILARES	Similar	Tarja Vermelha sob restrição	
RAMELTEONA	ROZEREM	H4X - OUTROS HORMÔNIOS E PREPARAÇÕES COM AÇÕES SIMILARES	Novo	Tarja Vermelha	
RAMIPRIL	NAPRIX	C9A - INIBIDORES DA ECA PUROS	Similar	Tarja Vermelha	
RAMIPRIL	RAMIPRIL	C9A - INIBIDORES DA ECA PUROS	Genérico	Tarja Vermelha	
RAMIPRIL;BESILATO DE ANLODIPINO	NAPRIX A	C9B3 - INIBIDORES DA ECA ASSOCIADOS A ANTAGONISTAS DO CÁLCIO (C8)	Novo	Tarja Vermelha	
RAMUCIRUMABE	CYRAMZA	L1G2 - ANTICORPOS MONOCLONAIS ANTINEOPLÁSICOS, VEGF/VEGFR	Biológico	Tarja Vermelha	
RANIBIZUMABE	LUCENTIS	S1P - PRODUTOS ANTINEOVASCULARIZAÇÃO OCULAR	Biológico	Tarja Vermelha	
RANIBIZUMABE	RANIVISIO	S1P - PRODUTOS ANTINEOVASCULARIZAÇÃO OCULAR	Biológico	Tarja Vermelha	
RANIBIZUMABE	OPTINÓVIS	S1P - PRODUTOS ANTINEOVASCULARIZAÇÃO OCULAR	Biológico	Tarja Vermelha	
RANOLAZINA	RISCARD	C1D - TERAPIA CORONARIA EXCLUINDO ANTAGONISTAS DO CÁLCIO E NITRITOS	Novo	Tarja Vermelha	
RASBURICASE	FASTURTEC	V3D - AGENTES DESINTOXICANTES PARA O TRATAMENTO DE NEOPLASISAS	Biológico	- (*) 	
RAVULIZUMABE	ULTOMIRIS	L4E - INIBIDORES DO COMPLEMENTO	Biológico	- (*) 	
RAVULIZUMABE	ULTOMIRIS	L4E - INIBIDORES DO COMPLEMENTO	Biológico	- (*) 	
REARRANJO DE ROTAVÍRUS HUMANO/BOVINO G4;REARRANJO DE ROTAVÍRUS HUMANO/BOVINO G3;REARRANJO DE ROTAVÍRUS HUMANO/BOVINO G2;REARRANJO DE ROTAVÍRUS HUMANO/BOVINO G1	ROTATEQ	J7E5 - VACINA CONTRA ROTAVÍRUS	Biológico	Tarja Vermelha	
REGORAFENIBE	STIVARGA	L1H9 - OUTROS ANTINEOPLÁSICOS INIBIDORES DA PROTEÍNA KINASE	Novo	Tarja Vermelha	
RENDESIVIR	VEKLURY®	J5B6 - ANTIVIRAIS PARA CORONAVÍRUS	Novo	Tarja Vermelha	
REPAGLINIDA	REPAGLINIDA	A10M1 - ANTIDIABÉTICOS GLINIDAS PUROS	Genérico	Tarja Vermelha	
RESINATO DE DICLOFENACO	DICLOFENACO RESINATO	M1A1 - ANTIRREUMÁTICOS NÃO ESTEROIDAIS PUROS	Genérico	Tarja Vermelha	
RESINATO DE DICLOFENACO	DICLOFENACO RESINATO	M1A1 - ANTIRREUMÁTICOS NÃO ESTEROIDAIS PUROS	Genérico	- (*) 	
REVEFENACINA	YUPELRI	R3K2 - ANTIASMÁTICOS/DPOC ANTICOLINÉRGICOS DE LONGA DURAÇÃO, PUROS, INALANTES	Novo	Tarja Vermelha	
RHAMNUS PURSHIANA DC.	CÁSCARA SAGRADA HERBARIUM	A6A2 - LAXANTES ESTIMULANTES	Fitoterápico	Tarja Vermelha	
RIBAVIRINA	RIBAVIRIN	J5D1 - ANTIVIRAIS PARA HEPATITE, INTERFERON E RIBAVIRINA	Similar	- (*) 	
RIBAVIRINA (PORT. 344/98 LISTA C 1)	RIBAVIRINA	J5D1 - ANTIVIRAIS PARA HEPATITE, INTERFERON E RIBAVIRINA	Similar	Tarja Vermelha sob restrição	
RIFAMICINA	RIFAMICINA SV SÓDICA	D6A - ANTIBIÓTICOS TÓPICOS	Genérico	Tarja Vermelha sob restrição	
RIFAMICINA	RIFASAN	D6A - ANTIBIÓTICOS TÓPICOS	Similar	Tarja Vermelha sob restrição	
RIFAMICINA	RIFAMICINA SV SÓDICA	D6A - ANTIBIÓTICOS TÓPICOS	Genérico	Tarja Vermelha sob restrição	
RIFAMICINA	RIFOTRAT	D6A - ANTIBIÓTICOS TÓPICOS	Similar	Tarja Vermelha	
RIFAMICINA SV SÓDICA	RIFAMICINA SV SÓDICA	D6A - ANTIBIÓTICOS TÓPICOS	Genérico	Tarja Vermelha sob restrição	
RIFAMICINA SV SÓDICA	RIFAMICINA SV SÓDICA	D6A - ANTIBIÓTICOS TÓPICOS	Genérico	- (*) 	
RIFAMICINA SV SÓDICA	RIFOCINA SPRAY	D6A - ANTIBIÓTICOS TÓPICOS	Novo	- (*) 	
RIFAMPICINA	FURP-RIFAMPICINA	J1M - RIFAMPICINAS E RIFAMICINAS	Similar	Tarja Vermelha sob restrição	
RIFAMPICINA	RIFAMPICINA	J1M - RIFAMPICINAS E RIFAMICINAS	Similar	- (*) 	
RIFAMPICINA	RIFALDIN	J1M - RIFAMPICINAS E RIFAMICINAS	Novo	Tarja Vermelha sob restrição	
RIFAMPICINA;ISONIAZIDA	FARMANGUINHOS ISONIAZIDA + RIFAMPICINA	J4A7 - ANTITUBERCULOSOS DOSE FIXA, 2 INGREDIENTES	Novo	Tarja Vermelha	
RIFAXIMINA	XIFAXAN	A7A - ANTIINFECCIOSOS INTESTINAIS	Novo	Tarja Vermelha	
RILMENIDINA	HYPERIUM	C2A1 - ANTI-HIPERTENSIVOS PURO-AÇÃO CENTRAL	Novo	- (*) 	
RILUZOL	RILUZOL	N7X - TODOS OS OUTROS PRODUTOS PARA O SISTEMA NERVOSO CENTRAL	Genérico	Tarja Vermelha	
RILUZOL	RILUZOL	N7X - TODOS OS OUTROS PRODUTOS PARA O SISTEMA NERVOSO CENTRAL	Genérico	Tarja Vermelha	
RILUZOL	TEKZOR	N7X - TODOS OS OUTROS PRODUTOS PARA O SISTEMA NERVOSO CENTRAL	Similar	- (*) 	
RILUZOL	RILUZOL	N7X - TODOS OS OUTROS PRODUTOS PARA O SISTEMA NERVOSO CENTRAL	Genérico	Tarja Vermelha	
RILUZOL	RILUZOL	N7X - TODOS OS OUTROS PRODUTOS PARA O SISTEMA NERVOSO CENTRAL	Genérico	Tarja Vermelha	
RIOCIGUATE	ADEMPAS®	C6B9 - OUTROS PRODUTOS PARA HIPERTENSÃO ARTERIAL PULMONAR	Novo	Tarja Vermelha	
RISANQUIZUMABE	SKYRIZI	L4C - INIBIDORES DA INTERLEUCINA	Biológico	Tarja Vermelha	
RISDIPLAM	EVRYSDI	M5X - TODOS OS OUTROS FÁRMACOS COM AÇÃO MÚSCULO-ESQUELÉTICA	Novo	Tarja Vermelha	
RISEDRONATO SÓDICO	RISEDRONATO SÓDICO	M5B3 - BISFOSFONATOS PARA OSTEOPOROSE E ALTERAÇÕES RELACIONADAS	Genérico	Tarja Vermelha	
RISEDRONATO SÓDICO	D’ORTO	M5B3 - BISFOSFONATOS PARA OSTEOPOROSE E ALTERAÇÕES RELACIONADAS	Similar	Tarja Vermelha	
RISEDRONATO SÓDICO	INDOSSO	M5B3 - BISFOSFONATOS PARA OSTEOPOROSE E ALTERAÇÕES RELACIONADAS	Similar	Tarja Vermelha	
RISEDRONATO SÓDICO	RISONATO	M5B3 - BISFOSFONATOS PARA OSTEOPOROSE E ALTERAÇÕES RELACIONADAS	Similar	- (*) 	
RISEDRONATO SÓDICO	RISEDROSS	M5B3 - BISFOSFONATOS PARA OSTEOPOROSE E ALTERAÇÕES RELACIONADAS	Similar	- (*) 	
RISEDRONATO SÓDICO	RISEDRONATO SÓDICO	M5B3 - BISFOSFONATOS PARA OSTEOPOROSE E ALTERAÇÕES RELACIONADAS	Genérico	- (*) 	
RISEDRONATO SÓDICO	OSTEOTRAT XR	M5B3 - BISFOSFONATOS PARA OSTEOPOROSE E ALTERAÇÕES RELACIONADAS	Similar	Tarja Vermelha	
RISEDRONATO SÓDICO	OSTEOTRAT	M5B3 - BISFOSFONATOS PARA OSTEOPOROSE E ALTERAÇÕES RELACIONADAS	Similar	Tarja Vermelha	
RISEDRONATO SÓDICO	RISEDRONATO SÓDICO	M5B3 - BISFOSFONATOS PARA OSTEOPOROSE E ALTERAÇÕES RELACIONADAS	Genérico	Tarja Vermelha	
RISEDRONATO SÓDICO	OSTEOBLOCK	M5B3 - BISFOSFONATOS PARA OSTEOPOROSE E ALTERAÇÕES RELACIONADAS	Similar	- (*) 	
RISEDRONATO SÓDICO	RISEDRONATO SÓDICO	M5B3 - BISFOSFONATOS PARA OSTEOPOROSE E ALTERAÇÕES RELACIONADAS	Genérico	- (*) 	
RISEDRONATO SÓDICO	FIXENATO	M5B3 - BISFOSFONATOS PARA OSTEOPOROSE E ALTERAÇÕES RELACIONADAS	Similar	- (*) 	
RISEDRONATO SÓDICO	RISEDRONATO SÓDICO	M5B3 - BISFOSFONATOS PARA OSTEOPOROSE E ALTERAÇÕES RELACIONADAS	Genérico	Tarja Vermelha	
RISEDRONATO SÓDICO	RISEDRONATO SÓDICO	M5B3 - BISFOSFONATOS PARA OSTEOPOROSE E ALTERAÇÕES RELACIONADAS	Genérico	Tarja Vermelha	
RISEDRONATO SÓDICO	RISEDRONEL	M5B3 - BISFOSFONATOS PARA OSTEOPOROSE E ALTERAÇÕES RELACIONADAS	Similar	- (*) 	
RISEDRONATO SÓDICO	ACTONEL	M5B3 - BISFOSFONATOS PARA OSTEOPOROSE E ALTERAÇÕES RELACIONADAS	Novo	Tarja Vermelha	
RISPERIDONA	RISS	N5A1 - ANTIPSICÓTICOS ATÍPICOS	Similar	Tarja Vermelha sob restrição	
RISPERIDONA	RISPERIDONA	N5A1 - ANTIPSICÓTICOS ATÍPICOS	Genérico	Tarja Vermelha sob restrição	
RISPERIDONA	RISPERIDONA	N5A1 - ANTIPSICÓTICOS ATÍPICOS	Genérico	- (*) 	
RISPERIDONA	RISPERIDONA	N5A1 - ANTIPSICÓTICOS ATÍPICOS	Genérico	Tarja Vermelha sob restrição	
RISPERIDONA	RISPERIDONA	N5A1 - ANTIPSICÓTICOS ATÍPICOS	Genérico	- (*) 	
RISPERIDONA	RISPERIDONA	N5A1 - ANTIPSICÓTICOS ATÍPICOS	Genérico	Tarja Vermelha sob restrição	
RISPERIDONA	RISPERIDONA (PORT 344/98 - LISTA C1)	N5A1 - ANTIPSICÓTICOS ATÍPICOS	Genérico	- (*) 	
RISPERIDONA	RISPERIDON	N5A1 - ANTIPSICÓTICOS ATÍPICOS	Similar	Tarja Vermelha sob restrição	
RISPERIDONA	RISPERIDONA	N5A1 - ANTIPSICÓTICOS ATÍPICOS	Genérico	- (*) 	
RISPERIDONA	RISPERIDONA	N5A1 - ANTIPSICÓTICOS ATÍPICOS	Genérico	- (*) 	
RISPERIDONA	VIVERDAL	N5A1 - ANTIPSICÓTICOS ATÍPICOS	Similar	Tarja Vermelha sob restrição	
RISPERIDONA	RISPERIDONA	N5A1 - ANTIPSICÓTICOS ATÍPICOS	Genérico	Tarja Vermelha sob restrição	
RISPERIDONA	RISPERIDONA	N5A1 - ANTIPSICÓTICOS ATÍPICOS	Genérico	Tarja Vermelha sob restrição	
RISPERIDONA	RISPXAN	N5A1 - ANTIPSICÓTICOS ATÍPICOS	Similar	Tarja Vermelha sob restrição	
RISPERIDONA	RISPERIDONA	N5A1 - ANTIPSICÓTICOS ATÍPICOS	Genérico	Tarja Vermelha sob restrição	
RISPERIDONA	ZARGUS	N5A1 - ANTIPSICÓTICOS ATÍPICOS	Similar	Tarja Vermelha sob restrição	
RISPERIDONA	RISPERIDONA	N5A1 - ANTIPSICÓTICOS ATÍPICOS	Genérico	Tarja Vermelha sob restrição	
RISPERIDONA	RISPERIDONA	N5A1 - ANTIPSICÓTICOS ATÍPICOS	Genérico	Tarja Vermelha sob restrição	
RISPERIDONA	RISPERDAL	N5A1 - ANTIPSICÓTICOS ATÍPICOS	Novo	Tarja Vermelha sob restrição	
RISPERIDONA	RISPERIDONA	N5A1 - ANTIPSICÓTICOS ATÍPICOS	Genérico	- (*) 	
RISPERIDONA	RISPERIDONA	N5A1 - ANTIPSICÓTICOS ATÍPICOS	Genérico	Tarja Vermelha sob restrição	
RISPERIDONA	PERLID	N5A1 - ANTIPSICÓTICOS ATÍPICOS	Similar	Tarja Vermelha sob restrição	
RISPERIDONA	RISPERIDONA	N5A1 - ANTIPSICÓTICOS ATÍPICOS	Genérico	- (*) 	
RISPERIDONA	RISPERIDONA	N5A1 - ANTIPSICÓTICOS ATÍPICOS	Genérico	Tarja Vermelha sob restrição	
RISPERIDONA	RISPERIDONA	N5A1 - ANTIPSICÓTICOS ATÍPICOS	Genérico	- (*) 	
RISPERIDONA	RISPERAC	N5A1 - ANTIPSICÓTICOS ATÍPICOS	Similar	- (*) 	
RISPERIDONA	RISPERIDONA	N5A1 - ANTIPSICÓTICOS ATÍPICOS	Genérico	Tarja Vermelha sob restrição	
RITONAVIR	RITONAVIR	J5C2 - INIBIDORES DA PROTEASE	Genérico	- (*) 	
RITONAVIR	RITONAVIR	J5C2 - INIBIDORES DA PROTEASE	Genérico	Tarja Vermelha sob restrição	
RITONAVIR	NORVIR	J5C2 - INIBIDORES DA PROTEASE	Novo	Tarja Vermelha	
RITUXIMABE	VIVAXXIA	L1G1 - ANTICORPOS MONOCLONAIS ANTINEOPLÁSICOS, CD20	Biológico	Tarja Vermelha	
RITUXIMABE	RIXIMYO	L1G1 - ANTICORPOS MONOCLONAIS ANTINEOPLÁSICOS, CD20	Biológico	Tarja Vermelha	
RITUXIMABE	MABTHERA	L1G1 - ANTICORPOS MONOCLONAIS ANTINEOPLÁSICOS, CD20	Novo	- (*) 	
RITUXIMABE	BIO-MANGUINHOS RITUXIMABE	L1G1 - ANTICORPOS MONOCLONAIS ANTINEOPLÁSICOS, CD20	Biológico	- (*) 	
RITUXIMABE	RUXIENCE	L1G1 - ANTICORPOS MONOCLONAIS ANTINEOPLÁSICOS, CD20	Biológico	Tarja Vermelha	
RITUXIMABE	TUXYN	L1G1 - ANTICORPOS MONOCLONAIS ANTINEOPLÁSICOS, CD20	Biológico	Tarja Vermelha	
RITUXIMABE	TRUXIMA	L1G1 - ANTICORPOS MONOCLONAIS ANTINEOPLÁSICOS, CD20	Biológico	Tarja Vermelha	
RIVAROXABANA	RIVAXA	B1F - INIBIDORES DIRETOS DO FATOR XA	Similar	Tarja Vermelha	
RIVAROXABANA	RIVAR	B1F - INIBIDORES DIRETOS DO FATOR XA	Similar	Tarja Vermelha	
RIVAROXABANA	RIVAROXABANA	B1F - INIBIDORES DIRETOS DO FATOR XA	Genérico	Tarja Vermelha	
RIVAROXABANA	RIVAROXABANA	B1F - INIBIDORES DIRETOS DO FATOR XA	Genérico	Tarja Vermelha	
RIVAROXABANA	XAFAC	B1F - INIBIDORES DIRETOS DO FATOR XA	Similar	Tarja Vermelha	
RIVAROXABANA	RIVAROXABANA	B1F - INIBIDORES DIRETOS DO FATOR XA	Genérico	Tarja Vermelha	
RIVAROXABANA	RIVAROXABANA	B1F - INIBIDORES DIRETOS DO FATOR XA	Genérico	Tarja Vermelha	
RIVAROXABANA	VYNAXA	B1F - INIBIDORES DIRETOS DO FATOR XA	Similar	Tarja Vermelha	
RIVAROXABANA	DARTRIAL	B1F - INIBIDORES DIRETOS DO FATOR XA	Similar	Tarja Vermelha	
RIVAROXABANA	NIXE	B1F - INIBIDORES DIRETOS DO FATOR XA	Similar	Tarja Vermelha	
RIVAROXABANA	RIVAROXABANA	B1F - INIBIDORES DIRETOS DO FATOR XA	Genérico	Tarja Vermelha	
RIVAROXABANA	XAB	B1F - INIBIDORES DIRETOS DO FATOR XA	Similar	Tarja Vermelha	
RIVAROXABANA	RIVAROXABANA	B1F - INIBIDORES DIRETOS DO FATOR XA	Genérico	Tarja Vermelha sob restrição	
RIVAROXABANA	ACOG	B1F - INIBIDORES DIRETOS DO FATOR XA	Similar	Tarja Vermelha	
RIVAROXABANA	RIVAROXABANA	B1F - INIBIDORES DIRETOS DO FATOR XA	Genérico	Tarja Vermelha	
RIVAROXABANA	GLOBOXAREL	B1F - INIBIDORES DIRETOS DO FATOR XA	Similar	Tarja Vermelha	
RIVAROXABANA	RIVACRIST	B1X - OUTROS AGENTES ANTITROMBÓTICOS	Similar	Tarja Vermelha	
RIVAROXABANA	RIVAROXABANA	B1F - INIBIDORES DIRETOS DO FATOR XA	Genérico	Tarja Vermelha	
RIVAROXABANA	KLEV	B1F - INIBIDORES DIRETOS DO FATOR XA	Similar	Tarja Vermelha	
RIVAROXABANA	RIVAROXABANA	B1F - INIBIDORES DIRETOS DO FATOR XA	Genérico	Tarja Vermelha	
RIVAROXABANA	FAXXA	B1F - INIBIDORES DIRETOS DO FATOR XA	Similar	Tarja Vermelha	
RIVAROXABANA	RIVAROXABANA	B1F - INIBIDORES DIRETOS DO FATOR XA	Genérico	Tarja Vermelha	
RIVAROXABANA	RIVAROXABANA	B1F - INIBIDORES DIRETOS DO FATOR XA	Genérico	Tarja Vermelha	
RIVAROXABANA	DACXI	B1X - OUTROS AGENTES ANTITROMBÓTICOS	Similar	Tarja Vermelha	
RIVAROXABANA	RIVAROXABANA	B1F - INIBIDORES DIRETOS DO FATOR XA	Genérico	Tarja Vermelha	
RIVAROXABANA	RIVAROXABANA	B1F - INIBIDORES DIRETOS DO FATOR XA	Genérico	Tarja Vermelha	
RIVAROXABANA	VAZULI	B1F - INIBIDORES DIRETOS DO FATOR XA	Similar	Tarja Vermelha	
RIVAROXABANA	RIVAROXABANA	B1F - INIBIDORES DIRETOS DO FATOR XA	Genérico	Tarja Vermelha	
RIVAROXABANA	RIVAROXABANA	B1F - INIBIDORES DIRETOS DO FATOR XA	Genérico	Tarja Vermelha	
RIVAROXABANA	RIVAROXABANA	B1F - INIBIDORES DIRETOS DO FATOR XA	Genérico	Tarja Vermelha	
RIVAROXABANA	RIVAROXABANA	B1F - INIBIDORES DIRETOS DO FATOR XA	Genérico	Tarja Vermelha	
RIVAROXABANA	RIVAROXABANA	B1F - INIBIDORES DIRETOS DO FATOR XA	Genérico	Tarja Vermelha	
RIVAROXABANA	RIVAROXABANA	B1F - INIBIDORES DIRETOS DO FATOR XA	Genérico	Tarja Vermelha	
RIVAROXABANA	RIVNEO	B1F - INIBIDORES DIRETOS DO FATOR XA	Similar	Tarja Vermelha	
RIVAROXABANA	RYRI	B1F - INIBIDORES DIRETOS DO FATOR XA	Similar	Tarja Vermelha	
RIVAROXABANA	RIVAROXABANA	B1F - INIBIDORES DIRETOS DO FATOR XA	Genérico	Tarja Vermelha	
RIVAROXABANA	RIVAROXABANA	B1F - INIBIDORES DIRETOS DO FATOR XA	Genérico	Tarja Vermelha	
RIVAROXABANA	RIXANTIL	B1F - INIBIDORES DIRETOS DO FATOR XA	Similar	Tarja Vermelha	
RIVAROXABANA	XARELTO	B1F - INIBIDORES DIRETOS DO FATOR XA	Novo	Tarja Vermelha	
RIVAROXABANA	VABAM	B1F - INIBIDORES DIRETOS DO FATOR XA	Similar	Tarja Vermelha	
RIVAROXABANA	RIVAROXABANA	B1F - INIBIDORES DIRETOS DO FATOR XA	Genérico	Tarja Vermelha	
RIVAROXABANA	XANEV	B1F - INIBIDORES DIRETOS DO FATOR XA	Similar	Tarja Vermelha	
RIVASTIGMINA	RIVASTIGMINA	N7D1 - PRODUTOS ANTIALZHEIMER, INIBIDORES DA COLINESTERASE	Genérico	Tarja Vermelha sob restrição	
RIVASTIGMINA	VIVENCIA PATCH	N7D1 - PRODUTOS ANTIALZHEIMER, INIBIDORES DA COLINESTERASE	Similar	Tarja Vermelha sob restrição	
RIVASTIGMINA	RIVASTIGMINA	N7D1 - PRODUTOS ANTIALZHEIMER, INIBIDORES DA COLINESTERASE	Genérico	Tarja Vermelha sob restrição	
ROFLUMILASTE	DAXAS	R03H2 - ANTIASMÁTICOS/DPOC SISTÊMICOS INIBIDORES DE PDE4	Novo	Tarja Vermelha	
ROMIPLOSTIM	NPLATE	B2E - Agonistas da Trombopoetina	Biológico	Tarja Vermelha	
ROMOSOZUMABE	EVENITY	M5B9 - OUTROS REGULADORES DO CÁLCIO ÓSSEO	Biológico	- (*) 	
ROSUVASTATINA CÁLCICA	PLENANCE	C10A1 - ESTATINAS, INIBIDORES DA REDUTASE HMG-CoA	Similar	Tarja Vermelha	
ROSUVASTATINA CÁLCICA	ROSUVASTATINA CÁLCICA	C10A1 - ESTATINAS, INIBIDORES DA REDUTASE HMG-CoA	Genérico	Tarja Vermelha	
ROSUVASTATINA CÁLCICA	RUVA	C10A1 - ESTATINAS, INIBIDORES DA REDUTASE HMG-CoA	Similar	Tarja Vermelha	
ROSUVASTATINA CÁLCICA	ROX	C10A1 - ESTATINAS, INIBIDORES DA REDUTASE HMG-CoA	Similar	Tarja Vermelha	
ROSUVASTATINA CÁLCICA	ROSUVASTATINA CALCICA	C10A1 - ESTATINAS, INIBIDORES DA REDUTASE HMG-CoA	Genérico	Tarja Vermelha	
ROSUVASTATINA CÁLCICA	ROSULIB	C10A1 - ESTATINAS, INIBIDORES DA REDUTASE HMG-CoA	Similar	Tarja Vermelha	
ROSUVASTATINA CÁLCICA	ROSUVASTATINA CÁLCICA	C10A1 - ESTATINAS, INIBIDORES DA REDUTASE HMG-CoA	Genérico	Tarja Vermelha	
ROSUVASTATINA CÁLCICA	ELPENZO	C10A1 - ESTATINAS, INIBIDORES DA REDUTASE HMG-CoA	Similar	Tarja Vermelha	
ROSUVASTATINA CÁLCICA	ROSUVASTATINA CÁLCICA	C10A1 - ESTATINAS, INIBIDORES DA REDUTASE HMG-CoA	Genérico	Tarja Vermelha	
ROSUVASTATINA CÁLCICA	ROSUVAST	C10A1 - ESTATINAS, INIBIDORES DA REDUTASE HMG-CoA	Similar	Tarja Vermelha	
ROSUVASTATINA CÁLCICA	ROSUVASTATINA CALCICA	C10A1 - ESTATINAS, INIBIDORES DA REDUTASE HMG-CoA	Genérico	Tarja Vermelha	
ROSUVASTATINA CÁLCICA	ROSA®	C10A1 - ESTATINAS, INIBIDORES DA REDUTASE HMG-CoA	Similar	Tarja Vermelha	
ROSUVASTATINA CÁLCICA	ROSUVASTATINA CALCICA	C10A1 - ESTATINAS, INIBIDORES DA REDUTASE HMG-CoA	Genérico	Tarja Vermelha	
ROSUVASTATINA CÁLCICA	ROSUVASTATINA CÁLCICA	C10A1 - ESTATINAS, INIBIDORES DA REDUTASE HMG-CoA	Genérico	Tarja Vermelha	
ROSUVASTATINA CÁLCICA	ROSUCOR	C10A1 - ESTATINAS, INIBIDORES DA REDUTASE HMG-CoA	Similar	Tarja Vermelha	
ROSUVASTATINA CÁLCICA	RUNNER	C10A1 - ESTATINAS, INIBIDORES DA REDUTASE HMG-CoA	Similar	Tarja Vermelha	
ROSUVASTATINA CÁLCICA	TREZOR	C10A1 - ESTATINAS, INIBIDORES DA REDUTASE HMG-CoA	Similar	Tarja Vermelha	
ROSUVASTATINA CÁLCICA	ROSUVASTATINA CÁLCICA	C10A1 - ESTATINAS, INIBIDORES DA REDUTASE HMG-CoA	Genérico	Tarja Vermelha	
ROSUVASTATINA CÁLCICA	ROSUVASTATINA CÁLCICA	C10A1 - ESTATINAS, INIBIDORES DA REDUTASE HMG-CoA	Genérico	Tarja Vermelha	
ROSUVASTATINA CÁLCICA	CRESTOR	C10A1 - ESTATINAS, INIBIDORES DA REDUTASE HMG-CoA	Novo	- (*) 	
ROSUVASTATINA CÁLCICA	ROSUSTATIN	C10A1 - ESTATINAS, INIBIDORES DA REDUTASE HMG-CoA	Similar	Tarja Vermelha	
ROSUVASTATINA CÁLCICA	ROSUVASTATINA CÁLCICA	C10A1 - ESTATINAS, INIBIDORES DA REDUTASE HMG-CoA	Genérico	Tarja Vermelha	
ROSUVASTATINA CÁLCICA	ROSUVASTATINA CÁLCICA	C10A1 - ESTATINAS, INIBIDORES DA REDUTASE HMG-CoA	Genérico	Tarja Vermelha	
ROSUVASTATINA CÁLCICA	ROSUVASTATINA CÁLCICA	C10A1 - ESTATINAS, INIBIDORES DA REDUTASE HMG-CoA	Genérico	Tarja Vermelha	
ROSUVASTATINA CÁLCICA	CRESLIP	C10A1 - ESTATINAS, INIBIDORES DA REDUTASE HMG-CoA	Similar	Tarja Vermelha	
ROSUVASTATINA CÁLCICA	RUSOVAS	C10A1 - ESTATINAS, INIBIDORES DA REDUTASE HMG-CoA	Similar	Tarja Vermelha	
ROSUVASTATINA CÁLCICA	ROSUVASTATINA CÁLCICA	C10A1 - ESTATINAS, INIBIDORES DA REDUTASE HMG-CoA	Genérico	Tarja Vermelha	
ROSUVASTATINA CÁLCICA	ROSUVASTATINA CALCICA	C10A1 - ESTATINAS, INIBIDORES DA REDUTASE HMG-CoA	Genérico	Tarja Vermelha	
ROSUVASTATINA CÁLCICA	ROSUVASTATINA CALCICA	C10A1 - ESTATINAS, INIBIDORES DA REDUTASE HMG-CoA	Genérico	Tarja Vermelha	
ROSUVASTATINA CÁLCICA	ROSUVASTATINA CALCICA	C10A1 - ESTATINAS, INIBIDORES DA REDUTASE HMG-CoA	Genérico	Tarja Vermelha	
ROSUVASTATINA CÁLCICA	ROSUVASTATINA CALCICA	C10A1 - ESTATINAS, INIBIDORES DA REDUTASE HMG-CoA	Genérico	Tarja Vermelha	
ROSUVASTATINA CÁLCICA	ROSUVASTATINA CÁLCICA	C10A1 - ESTATINAS, INIBIDORES DA REDUTASE HMG-CoA	Genérico	Tarja Vermelha	
ROSUVASTATINA CÁLCICA	ROSUVASTATINA CALCICA	C10A1 - ESTATINAS, INIBIDORES DA REDUTASE HMG-CoA	Genérico	Tarja Vermelha	
ROSUVASTATINA CÁLCICA	ROSUNEO	C10A1 - ESTATINAS, INIBIDORES DA REDUTASE HMG-CoA	Similar	Tarja Vermelha	
ROSUVASTATINA CÁLCICA	ROSUVASTATINA CÁLCICA	C10A1 - ESTATINAS, INIBIDORES DA REDUTASE HMG-CoA	Genérico	Tarja Vermelha	
ROSUVASTATINA CÁLCICA	RUVASCOR	C10A1 - ESTATINAS, INIBIDORES DA REDUTASE HMG-CoA	Similar	Tarja Vermelha	
ROSUVASTATINA CÁLCICA	ROSUVASTATINA CÁLCICA	C10A1 - ESTATINAS, INIBIDORES DA REDUTASE HMG-CoA	Genérico	Tarja Vermelha	
ROSUVASTATINA CÁLCICA	COLEMONO	C10A1 - ESTATINAS, INIBIDORES DA REDUTASE HMG-CoA	Similar	Tarja Vermelha	
ROSUVASTATINA CÁLCICA	ZINPASS	C10A1 - ESTATINAS, INIBIDORES DA REDUTASE HMG-CoA	Similar	Tarja Vermelha	
ROSUVASTATINA CÁLCICA	ROSUVASTATINA CÁLCICA	C10A1 - ESTATINAS, INIBIDORES DA REDUTASE HMG-CoA	Genérico	Tarja Vermelha	
ROSUVASTATINA CÁLCICA;EZETIMIBA	PLENANCE EZE	C10C - REGULADORES DE GORDURA EM COMBINAÇÃO COM OUTROS REGULADORES DE GORDURA	Novo	Tarja Vermelha	
ROSUVASTATINA CÁLCICA;EZETIMIBA	ROSUCOR EZE	C11A1 - REGULADORES DE LIPÍDEOS ASSOCIADOS A OUTRO(S) AGENTE(S) CARDIOVASCULAR(ES)	Novo	Tarja Vermelha	
ROSUVASTATINA CÁLCICA;EZETIMIBA	RUNNER EZE	C10C - REGULADORES DE GORDURA EM COMBINAÇÃO COM OUTROS REGULADORES DE GORDURA	Similar	Tarja Vermelha	
ROSUVASTATINA CÁLCICA;EZETIMIBA	ROSUVASTATINA CÁLCICA + EZETIMIBA	C10C - REGULADORES DE GORDURA EM COMBINAÇÃO COM OUTROS REGULADORES DE GORDURA	Genérico	Tarja Vermelha	
ROSUVASTATINA CÁLCICA;EZETIMIBA	TREZETE	C10C - REGULADORES DE GORDURA EM COMBINAÇÃO COM OUTROS REGULADORES DE GORDURA	Novo	Tarja Vermelha	
ROSUVASTATINA CÁLCICA;EZETIMIBA	COLEDUE R	C10C - REGULADORES DE GORDURA EM COMBINAÇÃO COM OUTROS REGULADORES DE GORDURA	Novo	Tarja Vermelha	
ROSUVASTATINA CÁLCICA;EZETIMIBA	ZINPASS® EZE	C10C - REGULADORES DE GORDURA EM COMBINAÇÃO COM OUTROS REGULADORES DE GORDURA	Novo	Tarja Vermelha	
ROTAVÍRUS HUMANO ATENUADO	ROTARIX	J7E5 - VACINA CONTRA ROTAVÍRUS	Biológico	- (*) 	
ROTAVÍRUS HUMANO ATENUADO	VACINA ROTAVÍRUS HUMANO G1P[8] (ATENUADA)	J7E5 - VACINA CONTRA ROTAVÍRUS	Biológico	- (*) 	
ROTIGOTINA	NEUPRO	N4A - ANTIPARKINSONIANOS	Novo	- (*) 	
RUFINAMIDA	INOVELON	N3A - ANTIEPILÉPTICOS	Novo	Tarja Vermelha	
SACARATO DE HIDRÓXIDO FÉRRICO	SADOL	B3A1 - FERRO PURO	Específico	- (*) 	
SACARATO DE HIDRÓXIDO FÉRRICO	SUCROFER	B3A1 - FERRO PURO	Específico	Tarja Vermelha	
SACARATO DE HIDRÓXIDO FÉRRICO	NORIPURUM EV	B3A1 - FERRO PURO	Específico	Tarja Vermelha	
SACARATO DE HIDRÓXIDO FÉRRICO	FERROPURUM	B3A1 - FERRO PURO	Específico	Tarja Vermelha	
SACARATO DE HIDRÓXIDO FÉRRICO	SACFER	B3A1 - FERRO PURO	Específico	Tarja Vermelha sob restrição	
SACCHAROMYCES BOULARDII	FLORATIL	A7F - ANTIDIARREICOS MICRO-ORGANISMOS	Biológico	- (*) 	
SACCHAROMYCES BOULARDII	FLORALON	A7F - ANTIDIARREICOS MICRO-ORGANISMOS	Biológico	Tarja Sem Tarja	
SACCHAROMYCES CEREVISAE	FLORAX	A7F - ANTIDIARREICOS MICRO-ORGANISMOS	Novo	- (*) 	
SACITUZUMABE GOVITECANA	TRODELVY	L1G9 - ANTICORPOS MONOCLONAIS ANTINEOPLÁSICOS, OUTROS	Biológico	Tarja Vermelha	
SACUBITRIL VALSARTANA SÓDICA HIDRATADA	NEPARVIS	C9D9 - ANTAGONISTAS DA ANGIOTENSINA II ASSOCIADOS A OUTRA DROGAS	Similar	Tarja Vermelha	
SAL SÓDICO	BLEU PATENTE V	T1A - AGENTE DIAGNÓSTICO POR IMAGEM, BAIXA OSMOLARIDADE PARA ANGIO-UROGRAFIA	Similar	Tarja Vermelha	
SAL SÓDICO	BLEU PATENTE V	T1A - AGENTE DIAGNÓSTICO POR IMAGEM, BAIXA OSMOLARIDADE PARA ANGIO-UROGRAFIA	Similar	- (*) 	
SALICILATO DE ETILENOGLICOL;ACETATO DE ALFA TOCOFEROL;MENTOL;CÂNFORA	SALONPAS	M2A - ANTIRREUMÁTICOS E ANALGÉSICOS TÓPICOS	Específico	Tarja Sem Tarja	
SALICILATO DE ETILENOGLICOL;ACETATO DE RACEALFATOCOFEROL;LEVOMENTOL;CÂNFORA	SALONPAS GEL PATCH	M2A - ANTIRREUMÁTICOS E ANALGÉSICOS TÓPICOS	Específico	Tarja Sem Tarja	
SALICILATO DE ETILENOGLICOL;LEVOMENTOL;SALICILATO DE METILA;CÂNFORA	AIR SALONPAS	M2A - ANTIRREUMÁTICOS E ANALGÉSICOS TÓPICOS	Específico	Tarja Sem Tarja	
SALICILATO DE METILA	GELO-BIO	M2A - ANTIRREUMÁTICOS E ANALGÉSICOS TÓPICOS	Específico	Tarja Sem Tarja	
SALICILATO DE METILA	GELOL	M2A - ANTIRREUMÁTICOS E ANALGÉSICOS TÓPICOS	Específico	Tarja Sem Tarja	
SALIX ALBA L.	GALENOGAL ELIXIR	N2B2 - ANALGÉSICOS NÃO NARCÓTICOS E ANTIPIRÉTICOS ISENTOS DE PRESCRIÇÃO	Fitoterápico	Tarja Sem Tarja	
SATRALIZUMABE	ENSPRYNG	N7X - TODOS OS OUTROS PRODUTOS PARA O SISTEMA NERVOSO CENTRAL	Biológico	- (*) 	
SAXAGLIPTINA	ONGLYZA	A10N1 - ANTIDIABÉTICOS INIBIDORES DPP-IV  PUROS	Novo	Tarja Vermelha	
SAXAGLIPTINA MONOIDRATADA;DAPAGLIFLOZINA	QTERN	A10P5 - COMBINAÇÕES ANTIDIABÉTICAS DE INIBIDORES DE SGLT2 E DPP-IV	Novo	Tarja Vermelha	
SECNIDAZOL	SECTIL	G1A1 - TRICOMONICIDAS SISTÊMICOS	Similar	- (*) 	
SECNIDAZOL	SECNIDAZOL	G1A1 - TRICOMONICIDAS SISTÊMICOS	Genérico	- (*) 	
SECNIDAZOL	SECNIHEXAL	G1A1 - TRICOMONICIDAS SISTÊMICOS	Similar	- (*) 	
SECNIDAZOL	SECNIDAZOL	G1A1 - TRICOMONICIDAS SISTÊMICOS	Genérico	Tarja Vermelha	
SECNIDAZOL	SECNIDAZOL	G1A1 - TRICOMONICIDAS SISTÊMICOS	Genérico	Tarja Vermelha	
SECNIDAZOL	SECNIDAZOL	G1A1 - TRICOMONICIDAS SISTÊMICOS	Genérico	Tarja Vermelha	
SECNIDAZOL	SECFAR	G1A1 - TRICOMONICIDAS SISTÊMICOS	Similar	- (*) 	
SECNIDAZOL	SECDAZOL	G1A1 - TRICOMONICIDAS SISTÊMICOS	Similar	- (*) 	
SECNIDAZOL	SECNIDAZOL	G1A1 - TRICOMONICIDAS SISTÊMICOS	Genérico	Tarja Vermelha	
SECNIDAZOL	SECNIMAX	G1A1 - TRICOMONICIDAS SISTÊMICOS	Similar	Tarja Vermelha	
SECNIDAZOL	SECNIDAZOL	G1A1 - TRICOMONICIDAS SISTÊMICOS	Genérico	Tarja Vermelha	
SECNIDAZOL	SECNIDAZOL	G1A1 - TRICOMONICIDAS SISTÊMICOS	Genérico	Tarja Vermelha	
SECNIDAZOL	SECNIDAZOL	G1A1 - TRICOMONICIDAS SISTÊMICOS	Genérico	Tarja Vermelha	
SECNIDAZOL	SECNIDAZOL	G1A1 - TRICOMONICIDAS SISTÊMICOS	Genérico	Tarja Vermelha	
SECNIDAZOL	SECNIDAZOL	G1A1 - TRICOMONICIDAS SISTÊMICOS	Genérico	Tarja Vermelha	
SECNIDAZOL	UNIGYN	G1A1 - TRICOMONICIDAS SISTÊMICOS	Similar	Tarja Vermelha	
SECNIDAZOL	SECNIDAZOL	G1A1 - TRICOMONICIDAS SISTÊMICOS	Genérico	Tarja Vermelha	
SECNIDAZOL	DECNAZOL	G1A1 - TRICOMONICIDAS SISTÊMICOS	Similar	Tarja Vermelha	
SECNIDAZOL	SECNIDAZOL	G1A1 - TRICOMONICIDAS SISTÊMICOS	Genérico	Tarja Vermelha	
SECNIDAZOL	SECNIDAL	G1A1 - TRICOMONICIDAS SISTÊMICOS	Novo	Tarja Vermelha	
SECUQUINUMABE	COSENTYX	L4C - INIBIDORES DA INTERLEUCINA	Biológico	- (*) 	
SELEXIPAGUE	UPTRAVI	C6B3 - PRODUTOS PARA HIPERTENSÃO ARTERIAL PULMONAR ANTAGONISTAS DA PROSTACICLINA	Novo	Tarja Vermelha	
SELPERCATINIBE	RETSEVMO	L1H9 - OUTROS ANTINEOPLÁSICOS INIBIDORES DA PROTEÍNA KINASE	Novo	Tarja Vermelha	
SEMAGLUTIDA	OZEMPIC	A10S - ANTIDIABÉTICOS AGONISTAS DE GLP-1	Biológico	Tarja Vermelha	
SEMAGLUTIDA	RYBELSUS	A10S - ANTIDIABÉTICOS AGONISTAS DE GLP-1	Biológico	- (*) 	
SEMAGLUTIDA	WEGOVY	A8A - PREPARAÇÕES ANTIOBESIDADE, EXCETO OS DIETÉTICOS	Biológico	Tarja Vermelha	
SEMAGLUTIDA	POVIZTRA	A8A - PREPARAÇÕES ANTIOBESIDADE, EXCETO OS DIETÉTICOS	Biológico	Tarja Vermelha	
SEMAGLUTIDA	EXTENSIOR	A10S - ANTIDIABÉTICOS AGONISTAS DE GLP-1	Biológico	Tarja Vermelha	
SENNA ALEXANDRINA MILL.	SENEFLORA	A6A2 - LAXANTES ESTIMULANTES	Fitoterápico	Tarja Sem Tarja	
SENNA ALEXANDRINA MILL.	SENNALAX	A6A9 - OUTRAS DROGAS PARA CONSTIPAÇÃO	Fitoterápico	Tarja Sem Tarja	
SENNA ALEXANDRINA MILL.	ACTIVE PLUS	A6A2 - LAXANTES ESTIMULANTES	Fitoterápico	- (*) 	
SENNA ALEXANDRINA MILL.	SENE HERBARIUM	A6A2 - LAXANTES ESTIMULANTES	Fitoterápico	- (*) 	
SENNA ALEXANDRINA MILL.	LAXASENE BIONATUS	A6A2 - LAXANTES ESTIMULANTES	Fitoterápico	Tarja Sem Tarja	
SENNA ALEXANDRINA MILL.	SENAN	A6A9 - OUTRAS DROGAS PARA CONSTIPAÇÃO	Fitoterápico	Tarja Sem Tarja	
SENNA ALEXANDRINA MILL.	SENEBEN	A6A2 - LAXANTES ESTIMULANTES	Fitoterápico	Tarja Sem Tarja	
SENNA ALEXANDRINA MILL.	SENARETI	A6A2 - LAXANTES ESTIMULANTES	Fitoterápico	Tarja Sem Tarja	
SENNA ALEXANDRINA MILL.	LACASS	A6A2 - LAXANTES ESTIMULANTES	Fitoterápico	Tarja Sem Tarja	
SENNA ALEXANDRINA MILL.;CASSIA FISTULA	TAMARINE	A6A2 - LAXANTES ESTIMULANTES	Fitoterápico	Tarja Sem Tarja	
SENNA ALEXANDRINA MILL.;CASSIA FISTULA	NATURETTI	A6A2 - LAXANTES ESTIMULANTES	Fitoterápico	Tarja Sem Tarja	
SERENOA REPENS (W. BARTRAM) SMALL	SANPROST	G4C9 - OUTROS PRODUTOS PARA HPB	Fitoterápico	Tarja Vermelha	
SERENOA REPENS (W. BARTRAM) SMALL	PROSTATAL	G4C9 - OUTROS PRODUTOS PARA HPB	Fitoterápico	- (*) 	
SEVOFLURANO	SEVOFLURANO	N1A1 - ANESTÉSICOS GERAIS INALANTES	Genérico	- (*) 	
SEVOFLURANO	SEVOCRIS	N1A1 - ANESTÉSICOS GERAIS INALANTES	Similar	- (*) 	
SEVOFLURANO	SEVOQ	N1A1 - ANESTÉSICOS GERAIS INALANTES	Similar	Tarja Vermelha sob restrição	
SEVOFLURANO	SEVOFLURANO	N1A1 - ANESTÉSICOS GERAIS INALANTES	Genérico	Tarja Vermelha	
SEVOFLURANO	VOFLUR	N1A1 - ANESTÉSICOS GERAIS INALANTES	Similar	Tarja Vermelha	
SEVOFLURANO	SEVONESS	N1A1 - ANESTÉSICOS GERAIS INALANTES	Similar	Tarja Vermelha sob restrição	
SILODOSINA	SIL-HP	G4C2 - BPH ANTAGONISTAS ALFA-ADRENÉRGICOS PUROS	Novo	Tarja Vermelha	
SILTUXIMABE	SYLVANT	L1G9 - ANTICORPOS MONOCLONAIS ANTINEOPLÁSICOS, OUTROS	Biológico	- (*) 	
SILYBUM MARIANUM (L.) GAERTN	FORFIG	A5B - HEPATOPROTETORES E LIPOTRÓPICOS	Fitoterápico	Tarja Sem Tarja	
SILYBUM MARIANUM (L.) GAERTN	LISON	A5A1 - COLERÉTICOS E COLECINÉTICOS	Fitoterápico	Tarja Sem Tarja	
SILYBUM MARIANUM (L.) GAERTN	LEGALON	A5B - HEPATOPROTETORES E LIPOTRÓPICOS	Fitoterápico	- (*) 	
SIMETICONA	SIMETICONA	A2A2 - Antiflatulentos Puros e Carminativos	Genérico	- (*) 	
SIMETICONA	SIMETICONA	A2A2 - Antiflatulentos Puros e Carminativos	Genérico	- (*) 	
SIMETICONA	MYLICON	A2A2 - Antiflatulentos Puros e Carminativos	Novo	Tarja Sem Tarja	
SIMETICONA	LUFTAL	A2A2 - Antiflatulentos Puros e Carminativos	Novo	Tarja Sem Tarja	
SIMETICONA;HIDROXIDO DE ALUMÍNIO;HIDRÓXIDO DE MAGNÉSIO	GASTROGEL	A2A4 - ANTIÁCIDOS COM ANTIFLATULENTOS OU CARMINATIVOS	Específico	Tarja Sem Tarja	
SIMETICONA;HIDRÓXIDO DE ALUMÍNIO;HIDRÓXIDO DE MAGNÉSIO	SIMECO PLUS	A2A4 - ANTIÁCIDOS COM ANTIFLATULENTOS OU CARMINATIVOS	Específico	Tarja Sem Tarja	
SIMETICONA;HIDRÓXIDO DE ALUMÍNIO;HIDRÓXIDO DE MAGNÉSIO	GELMAX DIM	A2A4 - ANTIÁCIDOS COM ANTIFLATULENTOS OU CARMINATIVOS	Específico	- (*) 	
SIMETICONA;HIDRÓXIDO DE ALUMÍNIO;HIDRÓXIDO DE MAGNÉSIO	MYLANTA PLUS	A2A4 - ANTIÁCIDOS COM ANTIFLATULENTOS OU CARMINATIVOS	Específico	Tarja Sem Tarja	
SIMETICONA;HIDRÓXIDO DE ALUMÍNIO;HIDRÓXIDO DE MAGNÉSIO	GASTROL TC	A2A4 - ANTIÁCIDOS COM ANTIFLATULENTOS OU CARMINATIVOS	Específico	- (*) 	
SIMETICONA;HIDRÓXIDO DE ALUMÍNIO;HIDRÓXIDO DE MAGNÉSIO	MYLANTA PLUS	A2A4 - ANTIÁCIDOS COM ANTIFLATULENTOS OU CARMINATIVOS	Específico	Tarja Sem Tarja	
SIMETICONA;METILBROMETO DE HOMATROPINA	SIMETICONA + METILBROMETO DE HOMATROPINA	A3E - ANTIESPASMÓDICOS ASSOCIADOS COM OUTROS PRODUTOS	Genérico	- (*) 	
SIMETICONA;METILBROMETO DE HOMATROPINA	ESPASMO DIMETILIV	A3E - ANTIESPASMÓDICOS ASSOCIADOS COM OUTROS PRODUTOS	Similar	- (*) 	
SIMETICONA;METILBROMETO DE HOMATROPINA	SIMETICONA + METILBROMETO DE HOMATROPINA	A3E - ANTIESPASMÓDICOS ASSOCIADOS COM OUTROS PRODUTOS	Genérico	- (*) 	
SIMETICONA;METILBROMETO DE HOMATROPINA	ESPASMO FLATOL	A3E - ANTIESPASMÓDICOS ASSOCIADOS COM OUTROS PRODUTOS	Similar	- (*) 	
SINVASTATINA	SINVASTACOR	C10A1 - ESTATINAS, INIBIDORES DA REDUTASE HMG-CoA	Similar	Tarja Vermelha	
SINVASTATINA	SINVASTATINA	C10A1 - ESTATINAS, INIBIDORES DA REDUTASE HMG-CoA	Genérico	Tarja Vermelha	
SINVASTATINA	SINVASTATINA	C10A1 - ESTATINAS, INIBIDORES DA REDUTASE HMG-CoA	Genérico	Tarja Vermelha	
SINVASTATINA	CLINFAR	C10A1 - ESTATINAS, INIBIDORES DA REDUTASE HMG-CoA	Similar	Tarja Vermelha	
SINVASTATINA	SINVASCOR	C10A1 - ESTATINAS, INIBIDORES DA REDUTASE HMG-CoA	Similar	Tarja Vermelha	
SINVASTATINA	SINVASTATINA	C10A1 - ESTATINAS, INIBIDORES DA REDUTASE HMG-CoA	Genérico	Tarja Vermelha	
SINVASTATINA	SINVALIP	C10A1 - ESTATINAS, INIBIDORES DA REDUTASE HMG-CoA	Similar	Tarja Vermelha	
SINVASTATINA	UNAK	C10A1 - ESTATINAS, INIBIDORES DA REDUTASE HMG-CoA	Similar	Tarja Vermelha	
SINVASTATINA	SINVASTATINA	C10A1 - ESTATINAS, INIBIDORES DA REDUTASE HMG-CoA	Genérico	Tarja Vermelha	
SINVASTATINA	SINVASMAX	C10A1 - ESTATINAS, INIBIDORES DA REDUTASE HMG-CoA	Similar	Tarja Vermelha	
SINVASTATINA	SINVASTATINA	C10A1 - ESTATINAS, INIBIDORES DA REDUTASE HMG-CoA	Genérico	- (*) 	
SINVASTATINA	SINVASTATINA	C10A1 - ESTATINAS, INIBIDORES DA REDUTASE HMG-CoA	Genérico	Tarja Vermelha	
SINVASTATINA	VASLIP	C10A1 - ESTATINAS, INIBIDORES DA REDUTASE HMG-CoA	Similar	Tarja Vermelha	
SINVASTATINA	SINVASTATINA	C10A1 - ESTATINAS, INIBIDORES DA REDUTASE HMG-CoA	Genérico	Tarja Vermelha	
SINVASTATINA	SINVASTATINA	C10A1 - ESTATINAS, INIBIDORES DA REDUTASE HMG-CoA	Genérico	- (*) 	
SINVASTATINA	SINVASTATINA	C10A1 - ESTATINAS, INIBIDORES DA REDUTASE HMG-CoA	Genérico	Tarja Vermelha	
SINVASTATINA	MENOCOL	C10A1 - ESTATINAS, INIBIDORES DA REDUTASE HMG-CoA	Similar	Tarja Vermelha	
SINVASTATINA	LIPISTATINA	C10A1 - ESTATINAS, INIBIDORES DA REDUTASE HMG-CoA	Similar	Tarja Vermelha	
SINVASTATINA	SINVASTATINA	C10A1 - ESTATINAS, INIBIDORES DA REDUTASE HMG-CoA	Genérico	Tarja Vermelha	
SINVASTATINA	SINVASTATINA	C10A1 - ESTATINAS, INIBIDORES DA REDUTASE HMG-CoA	Genérico	Tarja Vermelha	
SINVASTATINA	SINVATROX	C10A1 - ESTATINAS, INIBIDORES DA REDUTASE HMG-CoA	Similar	Tarja Vermelha	
SINVASTATINA	SINVASTATINA	C10A1 - ESTATINAS, INIBIDORES DA REDUTASE HMG-CoA	Genérico	Tarja Vermelha	
SINVASTATINA;EZETIMIBA	VYTORIN	C10C - REGULADORES DE GORDURA EM COMBINAÇÃO COM OUTROS REGULADORES DE GORDURA	Novo	Tarja Vermelha	
SINVASTATINA;EZETIMIBA	ZETSIM	C10C - REGULADORES DE GORDURA EM COMBINAÇÃO COM OUTROS REGULADORES DE GORDURA	Novo	Tarja Vermelha	
SINVASTATINA;EZETIMIBA	SINVASCOR EZE	C10C - REGULADORES DE GORDURA EM COMBINAÇÃO COM OUTROS REGULADORES DE GORDURA	Similar	Tarja Vermelha	
SINVASTATINA;EZETIMIBA	EZETIMIBA + SINVASTATINA	C10C - REGULADORES DE GORDURA EM COMBINAÇÃO COM OUTROS REGULADORES DE GORDURA	Genérico	Tarja Vermelha	
SINVASTATINA;EZETIMIBA	EZETIMIBA+SINVASTATINA	C10C - REGULADORES DE GORDURA EM COMBINAÇÃO COM OUTROS REGULADORES DE GORDURA	Genérico	Tarja Vermelha	
SINVASTATINA;EZETIMIBA	POSICOR SIN	C10C - REGULADORES DE GORDURA EM COMBINAÇÃO COM OUTROS REGULADORES DE GORDURA	Similar	Tarja Vermelha	
SINVASTATINA;EZETIMIBA	EZETIMIBA + SINVASTATINA	C10C - REGULADORES DE GORDURA EM COMBINAÇÃO COM OUTROS REGULADORES DE GORDURA	Genérico	Tarja Vermelha	
SINVASTATINA;EZETIMIBA	EZETIMIBA + SINVASTATINA	C10C - REGULADORES DE GORDURA EM COMBINAÇÃO COM OUTROS REGULADORES DE GORDURA	Genérico	Tarja Vermelha	
SINVASTATINA;EZETIMIBA	EZETIMIBA + SINVASTATINA	C10C - REGULADORES DE GORDURA EM COMBINAÇÃO COM OUTROS REGULADORES DE GORDURA	Genérico	Tarja Vermelha	
SINVASTATINA;EZETIMIBA	EZETIMIBA + SINVASTATINA	C10C - REGULADORES DE GORDURA EM COMBINAÇÃO COM OUTROS REGULADORES DE GORDURA	Genérico	Tarja Vermelha	
SIROLIMO	RAPAMUNE	L4X - OUTROS IMUNOSSUPRESSORES	Novo	Tarja Vermelha	
SOFOSBUVIR	SOVALDI	J5D3 - ANTIVIRAIS PARA HEPATITE C	Novo	Tarja Vermelha	
SOFOSBUVIR	SOFOSBUVIR	J5D3 - ANTIVIRAIS PARA HEPATITE C	Genérico	Tarja Vermelha	
SOFOSBUVIR	SOFOSBUVIR	J5D3 - ANTIVIRAIS PARA HEPATITE C	Genérico	Tarja Vermelha	
SOFOSBUVIR	SOFOSBUVIR	J5D3 - ANTIVIRAIS PARA HEPATITE C	Genérico	Tarja Vermelha	
SOFOSBUVIR;VELPATASVIR	EPCLUSA	J05B1 - PRODUTOS PARA HEPATITES VIRAIS	Novo	Tarja Vermelha	
SOFOSBUVIR;VELPATASVIR;VOXILAPREVIR	VOSEVI	J5D3 - ANTIVIRAIS PARA HEPATITE C	Novo	Tarja Vermelha	
SOMAPACITANA	SOGROYA	H4C - HORMÔNIOS DO CRESCIMENTO	Biológico	Tarja Vermelha	
SOMATOSTATINA	STILAMIN	B2G - HEMOSTÁTICOS SISTÊMICOS	Novo	Tarja Vermelha	
SOMATROGONA	GENRYZON	H4C - HORMÔNIOS DO CRESCIMENTO	Biológico	Tarja Vermelha	
SOMATROPINA	OMNITROPE	H4C - HORMÔNIOS DO CRESCIMENTO	Biológico	- (*) 	
SOMATROPINA	SAIZEN	H4C - HORMÔNIOS DO CRESCIMENTO	Biológico	- (*) 	
SOMATROPINA	CRISCY	H4C - HORMÔNIOS DO CRESCIMENTO	Biológico	- (*) 	
SOMATROPINA	BIOMATROP	H4C - HORMÔNIOS DO CRESCIMENTO	Biológico	- (*) 	
SOMATROPINA	HORMOTROP	H4C - HORMÔNIOS DO CRESCIMENTO	Similar	- (*) 	
SOMATROPINA	BIO-MANGUINHOS SOMATROPINA	H4C - HORMÔNIOS DO CRESCIMENTO	Biológico	- (*) 	
SOMATROPINA	NORDITROPIN	H4C - HORMÔNIOS DO CRESCIMENTO	Biológico	- (*) 	
SOMATROPINA	GENOTROPIN	H4C - HORMÔNIOS DO CRESCIMENTO	Biológico	- (*) 	
SOMATROPINA	EUTROPIN	H4C - HORMÔNIOS DO CRESCIMENTO	    -     	- (*) 	
SORBITOL	BAXTER SORBITOL	K5A9 - OUTRAS SOLUÇÕES DE IRRIGAÇÃO	Específico	Tarja Vermelha	
SORBITOL 70 %;LAURIL SULFATO DE SÓDIO	MINILAX	A6A4 - LAXANTES ENEMAS	Específico	Tarja Sem Tarja	
SORO ANTITIMÓCITO (EQUINO)	ATGAM	L4X - OUTROS IMUNOSSUPRESSORES	Biológico	Tarja Vermelha	
SOTATERCEPTE	WINREVAIR	C6B9 - OUTROS PRODUTOS PARA HIPERTENSÃO ARTERIAL PULMONAR	Biológico	Tarja Vermelha	
SOTORASIBE	LUMAKRAS	L1X9 - TODOS OS OUTROS ANTINEOPLÁSICOS	Novo	- (*) 	
STRYPHNODENDRON BARBATIMAN MART.	FITOSCAR	D3A9 - TODOS OUTROS PRODUTOS PARA TRATAMENTO DE FERIDAS	Fitoterápico	Tarja Vermelha	
SUBGALATO DE BISMUTO;IODETO DE TIMOL;OXIDO DE ZINCO	CUTISANOL	D8A1 - ANTISSEPTICOS E DESINFETANTES, EXCETO PRODUTOS PARA AS MAOS	Novo	Tarja Sem Tarja	
SUCCINATO DE DESVENLAFAXINA MONOIDRATADO	SUCCINATO DE DESVENLAFAXINA MONOIDRATADO	N6A5 - ANTIDEPRESSIVOS SNRI	Genérico	Tarja Vermelha sob restrição	
SUCCINATO DE DESVENLAFAXINA MONOIDRATADO	DESVE	N6A5 - ANTIDEPRESSIVOS SNRI	Similar	- (*) 	
SUCCINATO DE DESVENLAFAXINA MONOIDRATADO	VENDEXLA	N6A5 - ANTIDEPRESSIVOS SNRI	Similar	Tarja Vermelha sob restrição	
SUCCINATO DE DESVENLAFAXINA MONOIDRATADO	SUCCINATO DE DESVENLAFAXINA MONOIDRATADO	N6A5 - ANTIDEPRESSIVOS SNRI	Genérico	Tarja Vermelha	
SUCCINATO DE DESVENLAFAXINA MONOIDRATADO	IMENSE	N6A5 - ANTIDEPRESSIVOS SNRI	Similar	Tarja Vermelha	
SUCCINATO DE DESVENLAFAXINA MONOIDRATADO	VELLANA	N6A5 - ANTIDEPRESSIVOS SNRI	Similar	Tarja Vermelha sob restrição	
SUCCINATO DE DESVENLAFAXINA MONOIDRATADO	SUCCINATO DE DESVENLAFAXINA	N6A5 - ANTIDEPRESSIVOS SNRI	Genérico	Tarja Vermelha sob restrição	
SUCCINATO DE DESVENLAFAXINA MONOIDRATADO	ANDES	N6A5 - ANTIDEPRESSIVOS SNRI	Similar	Tarja Vermelha sob restrição	
SUCCINATO DE DESVENLAFAXINA MONOIDRATADO	DESDIFF	N6A5 - ANTIDEPRESSIVOS SNRI	Similar	Tarja Vermelha sob restrição	
SUCCINATO DE DESVENLAFAXINA MONOIDRATADO	DESDUO	N6A5 - ANTIDEPRESSIVOS SNRI	Similar	Tarja Vermelha sob restrição	
SUCCINATO DE DESVENLAFAXINA MONOIDRATADO	SUCCINATO DE DESVENLAFAXINA	N6A5 - ANTIDEPRESSIVOS SNRI	Genérico	Tarja Vermelha sob restrição	
SUCCINATO DE DESVENLAFAXINA MONOIDRATADO	DESENVO	N6A5 - ANTIDEPRESSIVOS SNRI	Similar	Tarja Vermelha sob restrição	
SUCCINATO DE DESVENLAFAXINA MONOIDRATADO	DELLER	N6A5 - ANTIDEPRESSIVOS SNRI	Similar	Tarja Vermelha sob restrição	
SUCCINATO DE DESVENLAFAXINA MONOIDRATADO	SUCCINATO DE DESVENLAFAXINA MONOIDRATADO	N6A5 - ANTIDEPRESSIVOS SNRI	Genérico	Tarja Vermelha sob restrição	
SUCCINATO DE DESVENLAFAXINA MONOIDRATADO	DESVENTAG	N6A5 - ANTIDEPRESSIVOS SNRI	Similar	Tarja Vermelha sob restrição	
SUCCINATO DE DESVENLAFAXINA MONOIDRATADO	SUCCINATO DE DESVENLAFAXINA	N6A5 - ANTIDEPRESSIVOS SNRI	Genérico	- (*) 	
SUCCINATO DE DESVENLAFAXINA MONOIDRATADO	RYTMISE	N6A5 - ANTIDEPRESSIVOS SNRI	Similar	Tarja Vermelha	
SUCCINATO DE DESVENLAFAXINA MONOIDRATADO	PRISTIQ	N6A5 - ANTIDEPRESSIVOS SNRI	Novo	Tarja Vermelha sob restrição	
SUCCINATO DE DESVENLAFAXINA MONOIDRATADO	ELIFORE	N6A5 - ANTIDEPRESSIVOS SNRI	Similar	Tarja Vermelha sob restrição	
SUCCINATO DE DESVENLAFAXINA MONOIDRATADO	SUCCINATO DE DESVENLAFAXINA	N6A5 - ANTIDEPRESSIVOS SNRI	Genérico	Tarja Vermelha sob restrição	
SUCCINATO DE DESVENLAFAXINA MONOIDRATADO	AFAX	N6A5 - ANTIDEPRESSIVOS SNRI	Similar	Tarja Vermelha sob restrição	
SUCCINATO DE DESVENLAFAXINA MONOIDRATADO	SUCCINATO DE DESVENLAFAXINA MONOIDRATADO	N6A5 - ANTIDEPRESSIVOS SNRI	Genérico	Tarja Vermelha sob restrição	
SUCCINATO DE DESVENLAFAXINA MONOIDRATADO	DESTYC	N6A5 - ANTIDEPRESSIVOS SNRI	Similar	Tarja Vermelha sob restrição	
SUCCINATO DE DESVENLAFAXINA MONOIDRATADO	SUCCINATO DE DESVENLAFAXINA	N6A5 - ANTIDEPRESSIVOS SNRI	Genérico	Tarja Vermelha sob restrição	
SUCCINATO DE DESVENLAFAXINA MONOIDRATADO	VYXARA	N6A5 - ANTIDEPRESSIVOS SNRI	Similar	Tarja Vermelha sob restrição	
SUCCINATO DE DESVENLAFAXINA MONOIDRATADO	SUCCINATO DE DESVENLAFAXINA MONOIDRATADO	N6A5 - ANTIDEPRESSIVOS SNRI	Genérico	Tarja Vermelha sob restrição	
SUCCINATO DE DESVENLAFAXINA MONOIDRATADO	SUCCINATO DE DESVENLAFAXINA	N6A5 - ANTIDEPRESSIVOS SNRI	Genérico	Tarja Vermelha sob restrição	
SUCCINATO DE DESVENLAFAXINA MONOIDRATADO	SUCCINATO DE DESVENLAFAXINA	N6A5 - ANTIDEPRESSIVOS SNRI	Genérico	- (*) 	
SUCCINATO DE DESVENLAFAXINA MONOIDRATADO	AVIV	N6A5 - ANTIDEPRESSIVOS SNRI	Similar	Tarja Vermelha sob restrição	
SUCCINATO DE DESVENLAFAXINA MONOIDRATADO	SUCCINATO DE DESVENLAFAXINA MONOIDRATADO	N6A5 - ANTIDEPRESSIVOS SNRI	Genérico	Tarja Vermelha sob restrição	
SUCCINATO DE DESVENLAFAXINA MONOIDRATADO	ZODEL	N6A5 - ANTIDEPRESSIVOS SNRI	Similar	- (*) 	
SUCCINATO DE DOXILAMINA;CLORIDRATO DE CLOBUTINOL	HYTOS PLUS	R5D2 - ANTITUSSÍGENOS ASSOCIADOS	Similar	Tarja Sem Tarja	
SUCCINATO DE METOPROLOL	QUENZOR	C7A0 - BETABLOQUEADORES PUROS	Novo	Tarja Vermelha	
SUCCINATO DE METOPROLOL	SUCCINATO DE METOPROLOL	C7A0 - BETABLOQUEADORES PUROS	Genérico	Tarja Vermelha	
SUCCINATO DE METOPROLOL	DOZOITO	C7A0 - BETABLOQUEADORES PUROS	Similar	Tarja Vermelha	
SUCCINATO DE METOPROLOL	SUCCINATO DE METOPROLOL	C7A0 - BETABLOQUEADORES PUROS	Genérico	Tarja Vermelha	
SUCCINATO DE METOPROLOL	SELOZOK	C7A0 - BETABLOQUEADORES PUROS	Novo	- (*) 	
SUCCINATO DE METOPROLOL	SUCCINATO DE METOPROLOL	C7A0 - BETABLOQUEADORES PUROS	Genérico	Tarja Vermelha	
SUCCINATO DE METOPROLOL	SUCCINATO DE METOPROLOL	C7A0 - BETABLOQUEADORES PUROS	Genérico	Tarja Vermelha	
SUCCINATO DE METOPROLOL	SUCCINATO DE METOPROLOL	C7A0 - BETABLOQUEADORES PUROS	Genérico	Tarja Vermelha	
SUCCINATO DE METOPROLOL	SUCCINATO DE METOPROLOL	C7A0 - BETABLOQUEADORES PUROS	Genérico	Tarja Vermelha	
SUCCINATO DE METOPROLOL	SUCCINATO DE METOPROLOL	C7A0 - BETABLOQUEADORES PUROS	Genérico	Tarja Vermelha	
SUCCINATO DE METOPROLOL	EMPROL XR	C7A0 - BETABLOQUEADORES PUROS	Similar	- (*) 	
SUCCINATO DE METOPROLOL	SUCCINATO DE METOPROLOL	C7A0 - BETABLOQUEADORES PUROS	Genérico	Tarja Vermelha	
SUCCINATO DE RIBOCICLIBE	KISQALI	L1H5 - INIBIDORES PREOTEÍNA KINASE ANTINEOPLÁSICOS, CDK 4/6	Novo	Tarja Vermelha	
SUCCINATO DE SOLIFENACINA	INVOLU	G4B9 - TODOS OUTROS PRODUTOS UROLOGICOS	Similar	Tarja Vermelha	
SUCCINATO DE SOLIFENACINA	SUCCINATO DE SOLIFENACINA	G4D4 - PRODUTOS PARA INCONTINÊNCIA URINÁRIA	Genérico	Tarja Vermelha	
SUCCINATO DE SOLIFENACINA	IMPERE	G4D4 - PRODUTOS PARA INCONTINÊNCIA URINÁRIA	Similar	Tarja Vermelha	
SUCCINATO DE SOLIFENACINA	SUCCINATO DE SOLIFENACINA	G4D4 - PRODUTOS PARA INCONTINÊNCIA URINÁRIA	Genérico	Tarja Vermelha	
SUCCINATO DE SOLIFENACINA	SOLLY	G4D4 - PRODUTOS PARA INCONTINÊNCIA URINÁRIA	Similar	Tarja Vermelha	
SUCCINATO DE SOLIFENACINA	SUCCINATO DE SOLIFENACINA	G4D4 - PRODUTOS PARA INCONTINÊNCIA URINÁRIA	Genérico	Tarja Vermelha	
SUCCINATO DE SOLIFENACINA	SUCCINATO DE SOLIFENACINA	G4D4 - PRODUTOS PARA INCONTINÊNCIA URINÁRIA	Genérico	Tarja Vermelha	
SUCCINATO DE SOLIFENACINA	SUCCINATO DE SOLIFENACINA	G4B9 - TODOS OUTROS PRODUTOS UROLOGICOS	Genérico	Tarja Vermelha	
SUCCINATO DE SOLIFENACINA	SUCCINATO DE SOLIFENACINA	G4B9 - TODOS OUTROS PRODUTOS UROLOGICOS	Genérico	Tarja Vermelha	
SUCCINATO DE SOLIFENACINA	SUCCINATO DE SOLIFENACINA	G4D4 - PRODUTOS PARA INCONTINÊNCIA URINÁRIA	Genérico	Tarja Vermelha	
SUCCINATO DE SOLIFENACINA	VESICARE	G4B9 - TODOS OUTROS PRODUTOS UROLOGICOS	Novo	- (*) 	
SUCCINATO DE SOLIFENACINA	SUCCINATO DE SOLIFENACINA	G4D4 - PRODUTOS PARA INCONTINÊNCIA URINÁRIA	Genérico	Tarja Vermelha	
SUCCINATO DE SOLIFENACINA;CLORIDRATO DE TANSULOSINA	VESOMNI	G4C7 - BPH COMBINAÇÕES DE INIBIDORES DA 5-ALFA TESTOSTERONA REDUTASE E/OU ALFA-ANTAGONISTAS COM OUTRAS SUBSTÂ	Novo	Tarja Vermelha	
SUCCINATO DE SUMATRIPTANA	SUMAX	N2C1 - ANTIENXAQUECOSOS TRIPTÂNICOS	Similar	Tarja Vermelha	
SUCCINATO DE SUMATRIPTANA	IMIGRAN	N2C1 - ANTIENXAQUECOSOS TRIPTÂNICOS	    -     	Tarja Vermelha	
SUCCINATO DE SUMATRIPTANA	SUCCINATO DE SUMATRIPTANA	N2C1 - ANTIENXAQUECOSOS TRIPTÂNICOS	Genérico	Tarja Vermelha	
SUCCINATO DE SUMATRIPTANA	SUTRIPTAN	N2C1 - ANTIENXAQUECOSOS TRIPTÂNICOS	Similar	Tarja Vermelha	
SUCCINATO DE SUMATRIPTANA;NAPROXENO SÓDICO	SUMAXPRO	N2C9 - TODOS AS OUTRAS PREPARAÇÕES ANTIENXAQUECOSAS	Novo	Tarja Vermelha	
SUCCINATO DE TAFENOQUINA	KOZENIS	P1D1 - ANTIMALÁRICOS, 1 INGREDIENTE	Novo	Tarja Vermelha	
SUCCINATO SÓDICO DE CLORANFENICOL	SUCCINATO SÓDICO DE CLORANFENICOL	J1B - CLORANFENICOIS E ASSOCIAÇÕES	Genérico	Tarja Vermelha	
SUCCINATO SÓDICO DE CLORANFENICOL	ARIFENICOL	J1B - CLORANFENICOIS E ASSOCIAÇÕES	Similar	Tarja Vermelha sob restrição	
SUCCINATO SÓDICO DE HIDROCORTISONA	GLIOCORT	H2A1 - CORTICOSTERÓIDES INJETÁVEIS PUROS	Similar	Tarja Vermelha	
SUCCINATO SÓDICO DE HIDROCORTISONA	ANDROCORTIL	H2A1 - CORTICOSTERÓIDES INJETÁVEIS PUROS	Similar	Tarja Vermelha	
SUCCINATO SÓDICO DE HIDROCORTISONA	SUCCINATO SODICO DE HIDROCORTISONA	H2A1 - CORTICOSTERÓIDES INJETÁVEIS PUROS	Genérico	Tarja Vermelha	
SUCCINATO SÓDICO DE HIDROCORTISONA	ARISCORTEN	H2A1 - CORTICOSTERÓIDES INJETÁVEIS PUROS	Similar	Tarja Vermelha	
SUCCINATO SÓDICO DE METILPREDNISOLONA	SUCCINATO SÓDICO DE METILPREDINISOLONA	H2A1 - CORTICOSTERÓIDES INJETÁVEIS PUROS	Genérico	Tarja Vermelha	
SUCCINATO SÓDICO DE METILPREDNISOLONA	UNIMEDROL	H2A1 - CORTICOSTERÓIDES INJETÁVEIS PUROS	Similar	Tarja Vermelha	
SUCCINATO SÓDICO DE METILPREDNISOLONA	SOLUPREN	H2A1 - CORTICOSTERÓIDES INJETÁVEIS PUROS	Similar	- (*) 	
SUCCINATO SÓDICO DE METILPREDNISOLONA	SUCCINATO SÓDICO DE METILPREDNISOLONA	H2A1 - CORTICOSTERÓIDES INJETÁVEIS PUROS	Genérico	Tarja Vermelha	
SUCCINILGELATINA	GELAFUNDIN	K2C - SOLUÇÕES GELATINOSAS	Específico	- (*) 	
SUCRALFATO	SUCRAFILM	A2B9 - TODOS OS OUTROS ANTIULCEROSOS	Específico	- (*) 	
SUGAMADEX SÓDICO	REBRIVE	N7X - TODOS OS OUTROS PRODUTOS PARA O SISTEMA NERVOSO CENTRAL	Similar	Tarja Vermelha	
SUGAMADEX SÓDICO	SUGADIOZ	N7X - TODOS OS OUTROS PRODUTOS PARA O SISTEMA NERVOSO CENTRAL	Similar	Tarja Vermelha	
SUGAMADEX SÓDICO	MYOBLOQ	N7X - TODOS OS OUTROS PRODUTOS PARA O SISTEMA NERVOSO CENTRAL	Similar	Tarja Vermelha	
SUGAMADEX SÓDICO	BRIDION	N7X - TODOS OS OUTROS PRODUTOS PARA O SISTEMA NERVOSO CENTRAL	Novo	Tarja Vermelha	
SUGAMADEX SÓDICO	SUGAMADEX SÓDICO	N7X - TODOS OS OUTROS PRODUTOS PARA O SISTEMA NERVOSO CENTRAL	Genérico	Tarja Vermelha	
SUGAMADEX SÓDICO	REVERSO	N7X - TODOS OS OUTROS PRODUTOS PARA O SISTEMA NERVOSO CENTRAL	Similar	Tarja Vermelha	
SUGAMADEX SÓDICO	BRYONY	N7X - TODOS OS OUTROS PRODUTOS PARA O SISTEMA NERVOSO CENTRAL	Similar	Tarja Vermelha	
SUGAMADEX SÓDICO	LESSAV	N7X - TODOS OS OUTROS PRODUTOS PARA O SISTEMA NERVOSO CENTRAL	Similar	Tarja Vermelha	
SUGAMADEX SÓDICO	SUG	N7X - TODOS OS OUTROS PRODUTOS PARA O SISTEMA NERVOSO CENTRAL	Similar	Tarja Vermelha	
SUGAMADEX SÓDICO	SUGAMADEX SÓDICO	N7X - TODOS OS OUTROS PRODUTOS PARA O SISTEMA NERVOSO CENTRAL	Genérico	Tarja Vermelha	
SUGAMADEX SÓDICO	DEXPERTA	N7X - TODOS OS OUTROS PRODUTOS PARA O SISTEMA NERVOSO CENTRAL	Similar	Tarja Vermelha	
SUGAMADEX SÓDICO	SUGAMADEX SÓDICO	N7X - TODOS OS OUTROS PRODUTOS PARA O SISTEMA NERVOSO CENTRAL	Genérico	Tarja Vermelha	
SUGAMADEX SÓDICO	SUNAM	N7X - TODOS OS OUTROS PRODUTOS PARA O SISTEMA NERVOSO CENTRAL	Similar	Tarja Vermelha	
SUGAMADEX SÓDICO	SUVERSADEX	N7X - TODOS OS OUTROS PRODUTOS PARA O SISTEMA NERVOSO CENTRAL	Similar	Tarja Vermelha	
SUGAMADEX SÓDICO	SUGAMADEX SÓDICO	N7X - TODOS OS OUTROS PRODUTOS PARA O SISTEMA NERVOSO CENTRAL	Genérico	Tarja Vermelha	
SUGAMADEX SÓDICO	SUGAMADEX SÓDICO	N7X - TODOS OS OUTROS PRODUTOS PARA O SISTEMA NERVOSO CENTRAL	Genérico	Tarja Vermelha	
SUGAMADEX SÓDICO	INSTAURA	N7X - TODOS OS OUTROS PRODUTOS PARA O SISTEMA NERVOSO CENTRAL	Similar	Tarja Vermelha	
SUGAMADEX SÓDICO	SUGAMADEX SÓDICO	N7X - TODOS OS OUTROS PRODUTOS PARA O SISTEMA NERVOSO CENTRAL	Genérico	Tarja Vermelha	
SUGAMADEX SÓDICO	SUJMA	N7X - TODOS OS OUTROS PRODUTOS PARA O SISTEMA NERVOSO CENTRAL	Similar	Tarja Vermelha	
SULBACTAM SÓDICO	AMPICILINA SÓDICA + SULBACTAM SÓDICO	J1C2 - PENICILINAS INJETAVEIS DE AMPLO ESPECTRO	Genérico	Tarja Vermelha sob restrição	
SULBACTAM SÓDICO;AMPICILINA SÓDICA	AMPICILINA SÓDICA + SULBACTAM SÓDICO	J1C2 - PENICILINAS INJETAVEIS DE AMPLO ESPECTRO	Genérico	Tarja Vermelha	
SULBACTAM SÓDICO;AMPICILINA SÓDICA	SULBACTAM SÓDICO + AMPICILINA SÓDICA	J1C2 - PENICILINAS INJETAVEIS DE AMPLO ESPECTRO	Genérico	Tarja Vermelha sob restrição	
SULBACTAM SÓDICO;AMPICILINA SÓDICA	ULCTAM	J1C2 - PENICILINAS INJETAVEIS DE AMPLO ESPECTRO	Similar	Tarja Vermelha	
SULBACTAM SÓDICO;AMPICILINA SÓDICA	AMPICILINA SÓDICA + SULBACTAM SÓDICO	J1C1 - PENICILINAS ORAIS DE AMPLO ESPECTRO	Genérico	Tarja Vermelha sob restrição	
SULBACTAM SÓDICO;AMPICILINA SÓDICA	AMPCTAN	J1C2 - PENICILINAS INJETAVEIS DE AMPLO ESPECTRO	Similar	Tarja Vermelha sob restrição	
SULBACTAM SÓDICO;AMPICILINA SÓDICA	AMPICILINA SÓDICA + SULBACTAM SÓDICA	J1C2 - PENICILINAS INJETAVEIS DE AMPLO ESPECTRO	Genérico	- (*) 	
SULBACTAM SÓDICO;AMPICILINA SÓDICA	AMPICILINA SÓDICA + SULBACTAM SÓDICA	J1C2 - PENICILINAS INJETAVEIS DE AMPLO ESPECTRO	Genérico	Tarja Vermelha sob restrição	
SULBACTAM;AMOXICILINA	SULBAMOX	J1C1 - PENICILINAS ORAIS DE AMPLO ESPECTRO	Similar	Tarja Vermelha sob restrição	
SULBUTIAMINA	ARCALION	N6E - NEUROTÔNICOS E OUTROS	Novo	Tarja Vermelha	
SULFACETAMIDA SÓDICA;TROLAMINA	QUEIMALIVE	D3A9 - TODOS OUTROS PRODUTOS PARA TRATAMENTO DE FERIDAS	Similar	Tarja Sem Tarja	
SULFADIAZINA	SILGLÓS	D6A - ANTIBIÓTICOS TÓPICOS	Similar	Tarja Vermelha sob restrição	
SULFADIAZINA	FURP - SULFADIAZINA	J3A - SULFONAMIDAS SISTÊMICAS	Similar	- (*) 	
SULFADIAZINA DE PRATA	SULFADIAZINA DE PRATA	D6A - ANTIBIÓTICOS TÓPICOS	Genérico	Tarja Vermelha sob restrição	
SULFADIAZINA DE PRATA	DERMAZINE	D6A - ANTIBIÓTICOS TÓPICOS	Similar	Tarja Vermelha sob restrição	
SULFADIAZINA DE PRATA	SULFADIAZINA DE PRATA	D6A - ANTIBIÓTICOS TÓPICOS	Genérico	Tarja Vermelha sob restrição	
SULFADIAZINA DE PRATA	SULFADIAZINA DE PRATA	D6A - ANTIBIÓTICOS TÓPICOS	Genérico	- (*) 	
SULFADIAZINA DE PRATA	SULPH	D6A - ANTIBIÓTICOS TÓPICOS	Similar	Tarja Vermelha sob restrição	
SULFADIAZINA DE PRATA	SULFADIAZINA DE PRATA	D6A - ANTIBIÓTICOS TÓPICOS	Genérico	- (*) 	
SULFADIAZINA DE PRATA;NITRATO DE CERIO	DERMACERIUM	D6A - ANTIBIÓTICOS TÓPICOS	Novo	Tarja Vermelha sob restrição	
SULFASSALAZINA	AZULFIN	A7E1 - PRODUTOS AMINOSALICILATOS PARA ALTERAÇÕES INTESTINAIS	Similar	Tarja Vermelha	
SULFASSALAZINA	SALAZOPRIN	A7E1 - PRODUTOS AMINOSALICILATOS PARA ALTERAÇÕES INTESTINAIS	Similar	- (*) 	
SULFATO CÚPRICO PENTAIDRATADO;SULFATO DE ZINCO HEPTAIDRATADO;CLORETO CRÔMICO HEXAIDRATADO	OLIG-TRAT	A12C2 - OUTROS SUPLEMENTOS MINERAIS	Específico	Tarja Vermelha sob restrição	
SULFATO CÚPRICO PENTAIDRATADO;SULFATO DE ZINCO HEPTAIDRATADO;CLORETO CRÔMICO HEXAIDRATADO;ÁCIDO SELENIOSO;SULFATO DE MANGANÊS MONOIDRATADO	POLIGNUTRI	K4D - OUTRAS SOLUÇÕES INJETÁVES OU ADITIVOS PARA INFUSÃO (<100ML)	Específico	Tarja Vermelha	
SULFATO DE ABACAVIR	ZIAGENAVIR	J5C1 - ANTIVIRAIS ANTI-HIV INIBIDORES DA TRANSCRIPTASE REVERSA NUCLEOSÍDEOS E NUCLEOTÍDEOS	Novo	Tarja Vermelha	
SULFATO DE AMICACINA	SULFATO DE AMICACINA	J1K - AMINOGLICOSÍDEOS	Genérico	Tarja Vermelha	
SULFATO DE AMICACINA	SULFATO DE AMICACINA	J1K - AMINOGLICOSÍDEOS	Genérico	- (*) 	
SULFATO DE AMICACINA	SULFATO DE AMICACINA	J1K - AMINOGLICOSÍDEOS	Genérico	- (*) 	
SULFATO DE ATAZANAVIR	SULFATO DE ATAZANAVIR	J5C2 - INIBIDORES DA PROTEASE	Genérico	Tarja Vermelha	
SULFATO DE ATROPINA	ATROPINA	S1F - MIDRIÁTICOS E CICLOPLÉGICOS	Novo	Tarja Vermelha	
SULFATO DE ATROPINA	SANTROPINA	A3A - ANTIESPASMÓDICOS E ANTICOLINÉRGICOS PUROS	Similar	Tarja Vermelha	
SULFATO DE ATROPINA	ATROFARMA	A3A - ANTIESPASMÓDICOS E ANTICOLINÉRGICOS PUROS	Similar	Tarja Vermelha	
SULFATO DE ATROPINA	SULFATO DE ATROPINA	A3A - ANTIESPASMÓDICOS E ANTICOLINÉRGICOS PUROS	Genérico	Tarja Vermelha	
SULFATO DE ATROPINA	ATROPION	A3A - ANTIESPASMÓDICOS E ANTICOLINÉRGICOS PUROS	Similar	- (*) 	
SULFATO DE BLEOMICINA	BLESTO	L1D - AGENTES ANTINEOPLÁSICOS ANTIBIÓTICOS	Similar	Tarja Vermelha	
SULFATO DE BLEOMICINA	BONAR	L1D - AGENTES ANTINEOPLÁSICOS ANTIBIÓTICOS	Similar	Tarja Vermelha	
SULFATO DE BÁRIO	BARIOGEL	T1C - AGENTE DIAGNÓSTICO POR IMAGEM PARA GASTROENTEROGRAFIA	Similar	- (*) 	
SULFATO DE CEFTOLOZANA;TAZOBACTAM SÓDICO	ZERBAXA	J1C2 - PENICILINAS INJETAVEIS DE AMPLO ESPECTRO	Novo	Tarja Vermelha	
SULFATO DE CONDROITINA;SULFATO DE GLICOSAMINA	ÁRTICO	M5X - TODOS OS OUTROS FÁRMACOS COM AÇÃO MÚSCULO-ESQUELÉTICA	Biológico	- (*) 	
SULFATO DE CONDROITINA;SULFATO DE GLICOSAMINA	ÁRTICO CAPS	M5X - TODOS OS OUTROS FÁRMACOS COM AÇÃO MÚSCULO-ESQUELÉTICA	Biológico	- (*) 	
SULFATO DE CONDROITINA;SULFATO DE GLICOSAMINA	JOGGER	M5X - TODOS OS OUTROS FÁRMACOS COM AÇÃO MÚSCULO-ESQUELÉTICA	Biológico	- (*) 	
SULFATO DE CONDROITINA;SULFATO DE GLICOSAMINA	ARTROLIVE	M5X - TODOS OS OUTROS FÁRMACOS COM AÇÃO MÚSCULO-ESQUELÉTICA	Biológico	- (*) 	
SULFATO DE EFEDRINA	EFEDRIN	R3X2 - TODOS OS OUTROS PRODUTOS ANTI-ASMÁTICOS e DPOC, SISTÊMICOS	Similar	- (*) 	
SULFATO DE EFEDRINA	UNIFEDRINE	R3X2 - TODOS OS OUTROS PRODUTOS ANTI-ASMÁTICOS e DPOC, SISTÊMICOS	Similar	Tarja Vermelha	
SULFATO DE EFEDRINA	SULFATO DE EFEDRINA	R3X2 - TODOS OS OUTROS PRODUTOS ANTI-ASMÁTICOS e DPOC, SISTÊMICOS	Genérico	- (*) 	
SULFATO DE EFEDRINA;TEOFILINA	FRANOL	R3B2 - ANTIASMÁTICOS/DPOC XANTÍNICOS SISTÊMICOS	Novo	- (*) 	
SULFATO DE ESTREPTOMICINA	FURP-ESTREPTOMICINA	J4A1 - ANTITUBERCULOSOS PUROS	Similar	Tarja Vermelha sob restrição	
SULFATO DE GENTAMICINA	GENTAMICIN	J1K - AMINOGLICOSÍDEOS	Similar	Tarja Vermelha	
SULFATO DE GENTAMICINA	GENTAMISAN	J1K - AMINOGLICOSÍDEOS	Similar	Tarja Vermelha	
SULFATO DE GENTAMICINA	SULFATO DE GENTAMICINA	J1K - AMINOGLICOSÍDEOS	Genérico	Tarja Vermelha sob restrição	
SULFATO DE GENTAMICINA	HYTAMICINA	J1K - AMINOGLICOSÍDEOS	Similar	Tarja Vermelha	
SULFATO DE GENTAMICINA	SULFATO DE GENTAMICINA	J1K - AMINOGLICOSÍDEOS	Genérico	- (*) 	
SULFATO DE GENTAMICINA;DESONIDA	ADINOS GEN	D7B1 - CORTICOESTERÓIDES ASSOCIADOS A ANTIBACTERIANOS	Novo	- (*) 	
SULFATO DE GENTAMICINA;DIPROPIONATO DE BETAMETASONA	TROK-G	D7B1 - CORTICOESTERÓIDES ASSOCIADOS A ANTIBACTERIANOS	Similar	Tarja Vermelha sob restrição	
SULFATO DE GENTAMICINA;DIPROPIONATO DE BETAMETASONA	DIPROPIONATO DE BETAMETASONA + SULFATO DE GENTAMICINA	D7B1 - CORTICOESTERÓIDES ASSOCIADOS A ANTIBACTERIANOS	Genérico	Tarja Vermelha sob restrição	
SULFATO DE GENTAMICINA;DIPROPIONATO DE BETAMETASONA	DIPROPIONATO DE BETAMETASONA + SULFATO DE GENTAMICINA	D7B1 - CORTICOESTERÓIDES ASSOCIADOS A ANTIBACTERIANOS	Genérico	Tarja Vermelha sob restrição	
SULFATO DE GENTAMICINA;DIPROPIONATO DE BETAMETASONA	DIPROPIONATO DE BETAMETASONA + SULFATO DE GENTAMICINA	D7B1 - CORTICOESTERÓIDES ASSOCIADOS A ANTIBACTERIANOS	Genérico	Tarja Vermelha sob restrição	
SULFATO DE GENTAMICINA;DIPROPIONATO DE BETAMETASONA	DIPROPIONATO DE BETAMETASONA + SULFATO DE GENTAMICINA	D7B1 - CORTICOESTERÓIDES ASSOCIADOS A ANTIBACTERIANOS	Genérico	Tarja Vermelha	
SULFATO DE GENTAMICINA;DIPROPIONATO DE BETAMETASONA	DIPROPIONATO DE BETAMETASONA + SULFATO DE GENTAMICINA	D7B1 - CORTICOESTERÓIDES ASSOCIADOS A ANTIBACTERIANOS	Genérico	Tarja Vermelha sob restrição	
SULFATO DE GENTAMICINA;DIPROPIONATO DE BETAMETASONA	BETOGENTA	D7B1 - CORTICOESTERÓIDES ASSOCIADOS A ANTIBACTERIANOS	Similar	Tarja Vermelha sob restrição	
SULFATO DE GENTAMICINA;DIPROPIONATO DE BETAMETASONA	DIPROGENTA	D7B1 - CORTICOESTERÓIDES ASSOCIADOS A ANTIBACTERIANOS	Novo	Tarja Vermelha sob restrição	
SULFATO DE GENTAMICINA;FOSFATO DISSÓDICO DE BETAMETASONA	GARASONE	S3C - ASSOCIAÇÕES OTOLÓGICAS/OFTALMOLÓGICAS DE CORTICOSTERÓIDES COM ANTIINFECCIOSOS	Novo	- (*) 	
SULFATO DE GLICOSAMINA	SULGLIC	M5X - TODOS OS OUTROS FÁRMACOS COM AÇÃO MÚSCULO-ESQUELÉTICA	Similar	Tarja Vermelha	
SULFATO DE GLICOSAMINA	GLICOLIVE	M5X - TODOS OS OUTROS FÁRMACOS COM AÇÃO MÚSCULO-ESQUELÉTICA	Similar	- (*) 	
SULFATO DE GLICOSAMINA	ORTOSAMIN	M5X - TODOS OS OUTROS FÁRMACOS COM AÇÃO MÚSCULO-ESQUELÉTICA	Similar	Tarja Vermelha	
SULFATO DE GLICOSAMINA	ARTOGLICO	M5X - TODOS OS OUTROS FÁRMACOS COM AÇÃO MÚSCULO-ESQUELÉTICA	Similar	Tarja Vermelha	
SULFATO DE GLICOSAMINA	SULFATO DE GLICOSAMINA	M5X - TODOS OS OUTROS FÁRMACOS COM AÇÃO MÚSCULO-ESQUELÉTICA	Genérico	- (*) 	
SULFATO DE GLICOSAMINA	GLUCOREUMIN	M5X - TODOS OS OUTROS FÁRMACOS COM AÇÃO MÚSCULO-ESQUELÉTICA	Similar	Tarja Vermelha	
SULFATO DE GLICOSAMINA CLORETO DE SÓDIO;SULFATO DISSÓDICO DE CONDROITINA	ARDRO	M5X - TODOS OS OUTROS FÁRMACOS COM AÇÃO MÚSCULO-ESQUELÉTICA	Biológico	Tarja Vermelha	
SULFATO DE HIDROXICLOROQUINA	SULFATO DE HIDROXICLOROQUINA	P1D1 - ANTIMALÁRICOS, 1 INGREDIENTE	Genérico	Tarja Vermelha sob restrição	
SULFATO DE HIDROXICLOROQUINA	REUPLAQ	P1D1 - ANTIMALÁRICOS, 1 INGREDIENTE	Similar	Tarja Vermelha sob restrição	
SULFATO DE HIDROXICLOROQUINA	REUQUINOL	M1C - AGENTES ANTI-REUMÁTICOS ESPECÍFICOS	Similar	Tarja Vermelha	
SULFATO DE HIDROXICLOROQUINA	SULFATO DE HIDROXICLOROQUINA	P1D1 - ANTIMALÁRICOS, 1 INGREDIENTE	Genérico	Tarja Vermelha	
SULFATO DE HIDROXICLOROQUINA	PAPILUP	P1D1 - ANTIMALÁRICOS, 1 INGREDIENTE	Similar	Tarja Vermelha	
SULFATO DE HIDROXICLOROQUINA	SULFATO DE HIDROXICLOROQUINA	P1D1 - ANTIMALÁRICOS, 1 INGREDIENTE	Genérico	Tarja Vermelha	
SULFATO DE HIDROXICLOROQUINA	SULFATO DE HIDROXICLOROQUINA	P1D1 - ANTIMALÁRICOS, 1 INGREDIENTE	Genérico	Tarja Vermelha	
SULFATO DE HIDROXICLOROQUINA	PLAQUINOL	P1D1 - ANTIMALÁRICOS, 1 INGREDIENTE	Novo	Tarja Vermelha	
SULFATO DE ISAVUCONAZÔNIO	CRESEMBA	J2A - AGENTES SISTÊMICOS PARA INFECÇÕES FÚNGICAS	Novo	Tarja Vermelha	
SULFATO DE LAROTRECTINIBE	VITRAKVI	L1H9 - OUTROS ANTINEOPLÁSICOS INIBIDORES DA PROTEÍNA KINASE	Novo	Tarja Vermelha	
SULFATO DE MAGNÉSIO	SULFATO DE MAGNÉSIO	N3A - ANTIEPILÉPTICOS	Específico	- (*) 	
SULFATO DE MAGNÉSIO HEPTAIDRATADO	ISOFARMA - SOLUÇÃO DE SULFATO DE MAGNESIO	N3A - ANTIEPILÉPTICOS	Específico	Tarja Vermelha	
SULFATO DE MAGNÉSIO HEPTAIDRATADO	MAGNOSTON	N3A - ANTIEPILÉPTICOS	Específico	- (*) 	
SULFATO DE MAGNÉSIO HEPTAIDRATADO	SULFATO DE MAGNÉSIO HEPTAHIDRATADO	K4A1 - SOLUÇÕES ELECTROLÍTICAS (<=20ML)	Específico	Tarja Vermelha	
SULFATO DE MAGNÉSIO HEPTAIDRATADO;CLORETO DE SÓDIO	HEMOLENTA	K6A - SOLUÇÕES PARA HEMODIÁLISE	Específico	Tarja Vermelha	
SULFATO DE MORFINA	DIMORF	N2A - ANALGÉSICOS NARCÓTICOS	Similar	Tarja Preta	
SULFATO DE MORFINA	SULFATO DE MORFINA	N2A - ANALGÉSICOS NARCÓTICOS	Genérico	Tarja Preta	
SULFATO DE MORFINA PENTAIDRATADO	DIMORF BOLSA	N2A - ANALGÉSICOS NARCÓTICOS	Novo	Tarja Preta	
SULFATO DE MORFINA PENTAIDRATADO	OPPY	N2A - ANALGÉSICOS NARCÓTICOS	Similar	Tarja Preta	
SULFATO DE MORFINA PENTAIDRATADO	DOLO MOFF	N2A - ANALGÉSICOS NARCÓTICOS	Similar	Tarja Preta	
SULFATO DE NEOMICINA	NEMICINA	D6A - ANTIBIÓTICOS TÓPICOS	Similar	- (*) 	
SULFATO DE NEOMICINA	LOMICINA	D6A - ANTIBIÓTICOS TÓPICOS	Similar	- (*) 	
SULFATO DE NEOMICINA	POMICINA	D6A - ANTIBIÓTICOS TÓPICOS	Similar	- (*) 	
SULFATO DE NEOMICINA	NEOMICON	D6A - ANTIBIÓTICOS TÓPICOS	Similar	Tarja Sem Tarja	
SULFATO DE NEOMICINA	SULFATO DE NEOMICINA	D6A - ANTIBIÓTICOS TÓPICOS	Genérico	- (*) 	
SULFATO DE NEOMICINA;BACITRACINA ZÍNCICA	SULFATO DE NEOMICINA + BACITRACINA ZÍNCICA	D6A - ANTIBIÓTICOS TÓPICOS	Genérico	Tarja Sem Tarja	
SULFATO DE NEOMICINA;BACITRACINA ZÍNCICA	SULFATO DE NEOMICINA +  BACITRACINA ZÍNCICA	D6A - ANTIBIÓTICOS TÓPICOS	Genérico	Tarja Sem Tarja	
SULFATO DE NEOMICINA;BACITRACINA ZÍNCICA	FERID	D6A - ANTIBIÓTICOS TÓPICOS	Similar	Tarja Sem Tarja	
SULFATO DE NEOMICINA;BACITRACINA ZÍNCICA	SULFATO DE NEOMICINA + BACITRACINA ZÍNCICA	D6A - ANTIBIÓTICOS TÓPICOS	Genérico	Tarja Sem Tarja	
SULFATO DE NEOMICINA;BACITRACINA ZÍNCICA	BACINANTRAT	D6A - ANTIBIÓTICOS TÓPICOS	Similar	Tarja Vermelha	
SULFATO DE NEOMICINA;BACITRACINA ZÍNCICA	SULFATO DE NEOMICINA + BACITRACINA ZÍNCICA	D6A - ANTIBIÓTICOS TÓPICOS	Genérico	Tarja Sem Tarja	
SULFATO DE NEOMICINA;BACITRACINA ZÍNCICA	BACINA	D6A - ANTIBIÓTICOS TÓPICOS	Similar	Tarja Sem Tarja	
SULFATO DE NEOMICINA;BACITRACINA ZÍNCICA	SULFATO DE NEOMICINA + BACITRACINA ZÍNCICA	D6A - ANTIBIÓTICOS TÓPICOS	Genérico	Tarja Sem Tarja	
SULFATO DE NEOMICINA;BACITRACINA ZÍNCICA	BACIGEN	D6A - ANTIBIÓTICOS TÓPICOS	Similar	Tarja Sem Tarja	
SULFATO DE NEOMICINA;BACITRACINA ZÍNCICA	FURP - NEOMICINA + BACITRACINA	D6A - ANTIBIÓTICOS TÓPICOS	Similar	- (*) 	
SULFATO DE NEOMICINA;BACITRACINA ZÍNCICA	LQFEX - SULFATO DE NEOMICINA + BACITRACINA ZINCICA	D6A - ANTIBIÓTICOS TÓPICOS	Similar	- (*) 	
SULFATO DE NEOMICINA;BACITRACINA ZÍNCICA	NEBACIDERME	D6A - ANTIBIÓTICOS TÓPICOS	Similar	Tarja Sem Tarja	
SULFATO DE NEOMICINA;BACITRACINA ZÍNCICA	SULFATO DE NEOMICINA + BACITRACINA ZÍNCICA	D6A - ANTIBIÓTICOS TÓPICOS	Genérico	- (*) 	
SULFATO DE NEOMICINA;BACITRACINA ZÍNCICA	NEBACTRINA	D6A - ANTIBIÓTICOS TÓPICOS	Similar	Tarja Sem Tarja	
SULFATO DE NEOMICINA;BACITRACINA ZÍNCICA	SULFATO DE NEOMICINA + BACITRACINA ZÍNCICA	D6A - ANTIBIÓTICOS TÓPICOS	Genérico	Tarja Sem Tarja	
SULFATO DE NEOMICINA;BACITRACINA ZÍNCICA	SULFATO DE NEOMICINA + BACITRACINA ZÍNCICA	D6A - ANTIBIÓTICOS TÓPICOS	Genérico	- (*) 	
SULFATO DE NEOMICINA;BACITRACINA ZÍNCICA	SULFATO DE NEOMICINA + BACITRACINA ZÍNCICA	D6A - ANTIBIÓTICOS TÓPICOS	Genérico	- (*) 	
SULFATO DE NEOMICINA;BACITRACINA ZÍNCICA	EPICITRIN	D6A - ANTIBIÓTICOS TÓPICOS	Similar	Tarja Sem Tarja	
SULFATO DE NEOMICINA;BACITRACINA ZÍNCICA	NEOTRICIN	D6A - ANTIBIÓTICOS TÓPICOS	Similar	Tarja Sem Tarja	
SULFATO DE NEOMICINA;BACITRACINA ZÍNCICA	NEBACETIN	D6A - ANTIBIÓTICOS TÓPICOS	Similar	Tarja Sem Tarja	
SULFATO DE NEOMICINA;CETOCONAZOL;DIPROPIONATO DE BETAMETASONA	CETOCONAZOL + DIPROPIONATO DE BETAMETASONA + SULFATO DE NEOMICINA	D7B3 - CORTICOESTERÓIDES ASSOCIADOS A ANTIMICÓTICOS E ANTIBACTERIANOS	Genérico	Tarja Vermelha	
SULFATO DE NEOMICINA;CETOCONAZOL;DIPROPIONATO DE BETAMETASONA	TROK-N	D7B3 - CORTICOESTERÓIDES ASSOCIADOS A ANTIMICÓTICOS E ANTIBACTERIANOS	Similar	Tarja Vermelha	
SULFATO DE NEOMICINA;CETOCONAZOL;DIPROPIONATO DE BETAMETASONA	EMSCORT	D7B3 - CORTICOESTERÓIDES ASSOCIADOS A ANTIMICÓTICOS E ANTIBACTERIANOS	Similar	Tarja Vermelha	
SULFATO DE NEOMICINA;CETOCONAZOL;DIPROPIONATO DE BETAMETASONA	CETOCONAZOL + DIPROPIONATO DE BETAMETASONA + SULFATO DE NEOMICINA	D7B3 - CORTICOESTERÓIDES ASSOCIADOS A ANTIMICÓTICOS E ANTIBACTERIANOS	Genérico	Tarja Vermelha	
SULFATO DE NEOMICINA;CETOCONAZOL;DIPROPIONATO DE BETAMETASONA	CETOCONAZOL + DIPROPIONATO DE BETAMETASONA + SULFATO DE NEOMICINA	D7B3 - CORTICOESTERÓIDES ASSOCIADOS A ANTIMICÓTICOS E ANTIBACTERIANOS	Genérico	Tarja Vermelha	
SULFATO DE NEOMICINA;CETOCONAZOL;DIPROPIONATO DE BETAMETASONA	CETOCORT-N	D7B3 - CORTICOESTERÓIDES ASSOCIADOS A ANTIMICÓTICOS E ANTIBACTERIANOS	Similar	- (*) 	
SULFATO DE NEOMICINA;CETOCONAZOL;DIPROPIONATO DE BETAMETASONA	CETOBETA	D7B3 - CORTICOESTERÓIDES ASSOCIADOS A ANTIMICÓTICOS E ANTIBACTERIANOS	Similar	Tarja Vermelha	
SULFATO DE NEOMICINA;CETOCONAZOL;DIPROPIONATO DE BETAMETASONA	CETOCONAZOL + DIPROPIONATO DE BETAMETASONA + SULFATO DE NEOMICINA	D7B3 - CORTICOESTERÓIDES ASSOCIADOS A ANTIMICÓTICOS E ANTIBACTERIANOS	Genérico	Tarja Vermelha	
SULFATO DE NEOMICINA;CETOCONAZOL;DIPROPIONATO DE BETAMETASONA	CETOCONAZOL + DIPROPIONATO DE BETAMETASONA + SULFATO DE NEOMICINA	D7B3 - CORTICOESTERÓIDES ASSOCIADOS A ANTIMICÓTICOS E ANTIBACTERIANOS	Genérico	- (*) 	
SULFATO DE NEOMICINA;CETOCONAZOL;DIPROPIONATO DE BETAMETASONA	BETACORTAZOL	D7B3 - CORTICOESTERÓIDES ASSOCIADOS A ANTIMICÓTICOS E ANTIBACTERIANOS	Similar	- (*) 	
SULFATO DE NEOMICINA;CETOCONAZOL;DIPROPIONATO DE BETAMETASONA	NOVACORT	D7B3 - CORTICOESTERÓIDES ASSOCIADOS A ANTIMICÓTICOS E ANTIBACTERIANOS	Novo	- (*) 	
SULFATO DE NEOMICINA;CETOCONAZOL;DIPROPIONATO DE BETAMETASONA	CETOCONAZOL + DIPROPIONATO DE BETAMETASONA + SULFATO DE NEOMICINA	D7B3 - CORTICOESTERÓIDES ASSOCIADOS A ANTIMICÓTICOS E ANTIBACTERIANOS	Genérico	- (*) 	
SULFATO DE NEOMICINA;CETOCONAZOL;DIPROPIONATO DE BETAMETASONA	CETOCONAZOL+DIPROPIONATO DE BETAMETASONA+SULFATO DE NEOMICINA	D7B3 - CORTICOESTERÓIDES ASSOCIADOS A ANTIMICÓTICOS E ANTIBACTERIANOS	Genérico	Tarja Vermelha	
SULFATO DE NEOMICINA;CETOCONAZOL;DIPROPIONATO DE BETAMETASONA	CEBETYM	D7B3 - CORTICOESTERÓIDES ASSOCIADOS A ANTIMICÓTICOS E ANTIBACTERIANOS	Similar	Tarja Vermelha	
SULFATO DE NEOMICINA;CETOCONAZOL;DIPROPIONATO DE BETAMETASONA	KNORTEX	D7B3 - CORTICOESTERÓIDES ASSOCIADOS A ANTIMICÓTICOS E ANTIBACTERIANOS	Similar	Tarja Vermelha	
SULFATO DE NEOMICINA;CETOCONAZOL;DIPROPIONATO DE BETAMETASONA	CBEQUIM	D7B3 - CORTICOESTERÓIDES ASSOCIADOS A ANTIMICÓTICOS E ANTIBACTERIANOS	Similar	Tarja Vermelha	
SULFATO DE NEOMICINA;CETOCONAZOL;DIPROPIONATO DE BETAMETASONA	CETOCONAZOL + DIPROPIONATO DE BETAMETASONA + SULFATO DE NEOMICINA	D7B3 - CORTICOESTERÓIDES ASSOCIADOS A ANTIMICÓTICOS E ANTIBACTERIANOS	Genérico	Tarja Vermelha	
SULFATO DE NEOMICINA;CETOCONAZOL;DIPROPIONATO DE BETAMETASONA	CIMECORT	D7B3 - CORTICOESTERÓIDES ASSOCIADOS A ANTIMICÓTICOS E ANTIBACTERIANOS	Similar	Tarja Vermelha	
SULFATO DE NEOMICINA;CETOCONAZOL;DIPROPIONATO DE BETAMETASONA	CETOCONAZOL+DIPROPIONATO DE BETAMETASONA+SULFATO DE NEOMICINA	D7B3 - CORTICOESTERÓIDES ASSOCIADOS A ANTIMICÓTICOS E ANTIBACTERIANOS	Genérico	Tarja Vermelha	
SULFATO DE NEOMICINA;CETOCONAZOL;DIPROPIONATO DE BETAMETASONA	BETRICORT	D7B3 - CORTICOESTERÓIDES ASSOCIADOS A ANTIMICÓTICOS E ANTIBACTERIANOS	Similar	- (*) 	
SULFATO DE NEOMICINA;CETOCONAZOL;DIPROPIONATO DE BETAMETASONA	CETOCONAZOL + DIPROPIONATO DE BETAMETASONA + SULFATO DE NEOMICINA	D7B3 - CORTICOESTERÓIDES ASSOCIADOS A ANTIMICÓTICOS E ANTIBACTERIANOS	Genérico	- (*) 	
SULFATO DE NEOMICINA;CETOCONAZOL;DIPROPIONATO DE BETAMETASONA	CETOCONAZOL+DIPROPIONATO DE BETAMETASONA+SULFATO DE NEOMICINA	D7B3 - CORTICOESTERÓIDES ASSOCIADOS A ANTIMICÓTICOS E ANTIBACTERIANOS	Genérico	- (*) 	
SULFATO DE NEOMICINA;CETOCONAZOL;DIPROPIONATO DE BETAMETASONA	ONCILEG CORT	D7B3 - CORTICOESTERÓIDES ASSOCIADOS A ANTIMICÓTICOS E ANTIBACTERIANOS	Similar	Tarja Vermelha	
SULFATO DE NEOMICINA;CETOCONAZOL;DIPROPIONATO DE BETAMETASONA	CETOCONAZOL + DIPROPIONATO DE BETAMETASONA + SULFATO DE NEOMICINA	D7B3 - CORTICOESTERÓIDES ASSOCIADOS A ANTIMICÓTICOS E ANTIBACTERIANOS	Genérico	Tarja Vermelha	
SULFATO DE NEOMICINA;CETOCONAZOL;DIPROPIONATO DE BETAMETASONA	CETOCONAZOL + DIPROPRIONATO DE BETAMETASONA + SULFATO DE NEOMICINA	D7B3 - CORTICOESTERÓIDES ASSOCIADOS A ANTIMICÓTICOS E ANTIBACTERIANOS	Genérico	Tarja Vermelha	
SULFATO DE NEOMICINA;SULFATO DE POLIMIXINA B;HIDROCORTISONA	OTOSPORIN	S2C - ASSOCIAÇÕES OTOLÓGICAS CORTICOSTERÓIDES COM ANTIINFECCIOSOS	Novo	Tarja Vermelha sob restrição	
SULFATO DE POLIMIXINA B	SULFATO DE POLIMIXINA B	J1X2 - POLIMIXINAS	Genérico	Tarja Vermelha	
SULFATO DE POLIMIXINA B	SPOX	J1X2 - POLIMIXINAS	Similar	Tarja Vermelha	
SULFATO DE POLIMIXINA B	POLYCID	J1X2 - POLIMIXINAS	Similar	Tarja Vermelha	
SULFATO DE POLIMIXINA B	SULFATO DE POLIMIXINA B	J1X2 - POLIMIXINAS	Genérico	Tarja Vermelha	
SULFATO DE POLIMIXINA B	POLY B	J1X2 - POLIMIXINAS	Similar	Tarja Vermelha	
SULFATO DE POLIMIXINA B	BEDFORDPOLY - B	J1X2 - POLIMIXINAS	Novo	Tarja Vermelha	
SULFATO DE POLIMIXINA B	SULFATO DE POLIMIXINA B	J1X2 - POLIMIXINAS	Genérico	Tarja Vermelha	
SULFATO DE POLIMIXINA B	POLIXIL B	J1X2 - POLIMIXINAS	Similar	Tarja Vermelha	
SULFATO DE QUININA	LQFEX - SULFATO DE QUININA	P1D1 - ANTIMALÁRICOS, 1 INGREDIENTE	Similar	- (*) 	
SULFATO DE SALBUTAMOL	AEROLIN	R3A4 - ANTIASMÁTICOS/DPOC AGONISTAS B2 CURTA AÇÃO INALANTE	Novo	Tarja Vermelha	
SULFATO DE SALBUTAMOL	REGRAIR	R3A4 - ANTIASMÁTICOS/DPOC AGONISTAS B2 CURTA AÇÃO INALANTE	Similar	Tarja Vermelha	
SULFATO DE SALBUTAMOL	AERODINI	R3A4 - ANTIASMÁTICOS/DPOC AGONISTAS B2 CURTA AÇÃO INALANTE	Similar	Tarja Vermelha	
SULFATO DE SALBUTAMOL	SULFATO DE SALBUTAMOL	R3A4 - ANTIASMÁTICOS/DPOC AGONISTAS B2 CURTA AÇÃO INALANTE	Genérico	Tarja Vermelha	
SULFATO DE SALBUTAMOL	NEUTOSS	R3A2 - ANTIASMÁTICOS/DPOC AGONISTAS B2 SISTÊMICOS	Similar	Tarja Vermelha	
SULFATO DE SALBUTAMOL	AEROGOLD	R3A4 - ANTIASMÁTICOS/DPOC AGONISTAS B2 CURTA AÇÃO INALANTE	Similar	- (*) 	
SULFATO DE SALBUTAMOL	SULFATO DE SALBUTAMOL	R3A2 - ANTIASMÁTICOS/DPOC AGONISTAS B2 SISTÊMICOS	Genérico	- (*) 	
SULFATO DE SALBUTAMOL	AEROFRIN	R3A4 - ANTIASMÁTICOS/DPOC AGONISTAS B2 CURTA AÇÃO INALANTE	Similar	Tarja Vermelha	
SULFATO DE SALBUTAMOL	SULFATO DE SALBUTAMOL	R3A2 - ANTIASMÁTICOS/DPOC AGONISTAS B2 SISTÊMICOS	Genérico	- (*) 	
SULFATO DE SALBUTAMOL	BUTALAB	R3A2 - ANTIASMÁTICOS/DPOC AGONISTAS B2 SISTÊMICOS	Similar	Tarja Vermelha	
SULFATO DE SALBUTAMOL	SULFATO DE SALBUTAMOL	R3A2 - ANTIASMÁTICOS/DPOC AGONISTAS B2 SISTÊMICOS	Genérico	- (*) 	
SULFATO DE SALBUTAMOL MICRONIZADO	SULFATO DE SALBUTAMOL	R3A4 - ANTIASMÁTICOS/DPOC AGONISTAS B2 CURTA AÇÃO INALANTE	Genérico	Tarja Vermelha	
SULFATO DE SALBUTAMOL;DIPROPIONATO DE BECLOMETASONA	CLENIL COMPOSITUM  A	R3F1 - ANTIASMÁTICOS/DPOC AGONISTAS B2 ASSOCIADOS A CORTICOSTERÓIDES, INALANTES	Similar	Tarja Vermelha	
SULFATO DE SALBUTAMOL;DIPROPIONATO DE BECLOMETASONA	CLENIL COMPOSITUM HFA	R3F1 - ANTIASMÁTICOS/DPOC AGONISTAS B2 ASSOCIADOS A CORTICOSTERÓIDES, INALANTES	Novo	Tarja Vermelha	
SULFATO DE SELUMETINIBE	KOSELUGO	L1H4 - INIBIDORES PREOTEÍNA KINASE ANTINEOPLÁSICOS, BRAF/MEK	Novo	Tarja Vermelha	
SULFATO DE TERBUTALINA	SULFATO DE TERBUTALINA	R3A2 - ANTIASMÁTICOS/DPOC AGONISTAS B2 SISTÊMICOS	Genérico	Tarja Vermelha	
SULFATO DE TERBUTALINA	TERBUTIL	R3A2 - ANTIASMÁTICOS/DPOC AGONISTAS B2 SISTÊMICOS	Similar	Tarja Vermelha	
SULFATO DE TERBUTALINA	SULFATO DE TERBUTALINA	R3A2 - ANTIASMÁTICOS/DPOC AGONISTAS B2 SISTÊMICOS	Genérico	- (*) 	
SULFATO DE TERBUTALINA	SULFATO DE TERBUTALINA	R3A2 - ANTIASMÁTICOS/DPOC AGONISTAS B2 SISTÊMICOS	Genérico	- (*) 	
SULFATO DE TERBUTALINA;GUAIFENESINA	BRONQUITOSS	R3A2 - ANTIASMÁTICOS/DPOC AGONISTAS B2 SISTÊMICOS	Similar	- (*) 	
SULFATO DE TOBRAMICINA	TOBRAMINA	J1K - AMINOGLICOSÍDEOS	Novo	Tarja Vermelha sob restrição	
SULFATO DE TRIMETOPRIMA;SULFAMETOXAZOL	BACTERACIN	J1E - ASSOCIAÇÕES DE TRIMETOPRIMA E SIMILARES	Similar	- (*) 	
SULFATO DE VIMBLASTINA	FAULBLASTINA	L1C1 - AGENTES ANTINEOPLÁSICOS ALCALÓIDES DA VINCA	Novo	- (*) 	
SULFATO DE VINCRISTINA	FAULDVINCRI	L1C1 - AGENTES ANTINEOPLÁSICOS ALCALÓIDES DA VINCA	Similar	- (*) 	
SULFATO DE VINCRISTINA	SULFATO DE VINCRISTINA	L1C1 - AGENTES ANTINEOPLÁSICOS ALCALÓIDES DA VINCA	Genérico	Tarja Vermelha	
SULFATO DE VINCRISTINA	VYCRIS	L1C1 - AGENTES ANTINEOPLÁSICOS ALCALÓIDES DA VINCA	Similar	Tarja Vermelha	
SULFATO DE VINCRISTINA	CYTOVINEX	L1C1 - AGENTES ANTINEOPLÁSICOS ALCALÓIDES DA VINCA	Similar	Tarja Vermelha	
SULFATO DE VINCRISTINA	SULFATO DE VINCRISTINA	L1C1 - AGENTES ANTINEOPLÁSICOS ALCALÓIDES DA VINCA	Genérico	Tarja Vermelha	
SULFATO DE ZINCO	NESH ZINCO	A12C2 - OUTROS SUPLEMENTOS MINERAIS	Específico	Tarja Vermelha	
SULFATO DE ZINCO	COLÍRIO NEO BRASIL	S1G5 - DESCONGESTIONANTES OFTALMOLÓGICOS, SIMPATICOMIMÉTICOS	Similar	Tarja Sem Tarja	
SULFATO DE ZINCO HEPTAIDRATADO	UNIZINCO	A7X - OUTROS PRODUTOS PARA DESORDEM INTESTINAL	Específico	Tarja Vermelha	
SULFATO DE ZINCO HEPTAIDRATADO	COLÍRIO GEOLAB	S1G5 - DESCONGESTIONANTES OFTALMOLÓGICOS, SIMPATICOMIMÉTICOS	Similar	Tarja Sem Tarja	
SULFATO DE ZINCO HEPTAIDRATADO	SULFATO DE ZINCO	A12C2 - OUTROS SUPLEMENTOS MINERAIS	Específico	Tarja Vermelha	
SULFATO DE ZINCO MONOIDRATADO	UNIZINCO COMPRIMIDO	A7X - OUTROS PRODUTOS PARA DESORDEM INTESTINAL	Específico	Tarja Sem Tarja	
SULFATO DE ZINCO;NITRATO DE NAFAZOLINA	MAXIBELL	S1G5 - DESCONGESTIONANTES OFTALMOLÓGICOS, SIMPATICOMIMÉTICOS	Similar	- (*) 	
SULFATO FERROSO	LOMFER	B3A1 - FERRO PURO	Específico	- (*) 	
SULFATO FERROSO	SULFERBEL	B3A1 - FERRO PURO	Específico	Tarja Sem Tarja	
SULFATO FERROSO	NESH FERRO	B3A1 - FERRO PURO	Específico	- (*) 	
SULFATO FERROSO DESSECADO	FURP-SULFATO FERROSO	B3A1 - FERRO PURO	Específico	- (*) 	
SULFATO FERROSO HEPTAIDRATADO	ANEMIFER	B3A1 - FERRO PURO	Específico	- (*) 	
SULFATO FERROSO HEPTAIDRATADO	MASFEROL	B3A1 - FERRO PURO	Específico	Tarja Sem Tarja	
SULFETO DE SELÊNIO	CASPACIL	D1A3 - ANTIFÚNGICOS TÓPICOS DO COURO CABELUDO	Específico	- (*) 	
SULPIRIDA	EQUILID	N5A9 - ANTIPSICÓTICOS CONVENCIONAIS	Novo	Tarja Vermelha sob restrição	
TACROLIMO	TARFIC	L4X - OUTROS IMUNOSSUPRESSORES	Similar	- (*) 	
TACROLIMO	TACROZ	D5X - OUTROS PRODUTOS ANTI-INFLAMATÓRIOS NÃO ESTEROIDAIS DERMATOLÓGICOS	Similar	- (*) 	
TACROLIMO	TACROLIMO	L4X - OUTROS IMUNOSSUPRESSORES	Genérico	- (*) 	
TACROLIMO	TACROLIMO	L4X - OUTROS IMUNOSSUPRESSORES	Genérico	Tarja Vermelha	
TACROLIMO	PROTOPIC	D5X - OUTROS PRODUTOS ANTI-INFLAMATÓRIOS NÃO ESTEROIDAIS DERMATOLÓGICOS	Novo	Tarja Vermelha	
TACROLIMO	TACROLIMO	D5X - OUTROS PRODUTOS ANTI-INFLAMATÓRIOS NÃO ESTEROIDAIS DERMATOLÓGICOS	Genérico	Tarja Vermelha	
TACROLIMO MONOIDRATADO	TACROLIL	L4X - OUTROS IMUNOSSUPRESSORES	Similar	Tarja Vermelha	
TACROLIMO MONOIDRATADO	TACROLIMO	D5X - OUTROS PRODUTOS ANTI-INFLAMATÓRIOS NÃO ESTEROIDAIS DERMATOLÓGICOS	Genérico	Tarja Vermelha	
TACROLIMO MONOIDRATADO	ATOBACH	D5X - OUTROS PRODUTOS ANTI-INFLAMATÓRIOS NÃO ESTEROIDAIS DERMATOLÓGICOS	Similar	Tarja Vermelha	
TACROLIMO MONOIDRATADO	TACROFORT	L4X - OUTROS IMUNOSSUPRESSORES	Similar	- (*) 	
TACROLIMO MONOIDRATADO	TACROLIMO MONOIDRATADO	L4X - OUTROS IMUNOSSUPRESSORES	Genérico	- (*) 	
TACROLIMO MONOIDRATADO	TACROLIMO	D5X - OUTROS PRODUTOS ANTI-INFLAMATÓRIOS NÃO ESTEROIDAIS DERMATOLÓGICOS	Genérico	Tarja Vermelha	
TACROLIMO MONOIDRATADO	CROPOC	D5X - OUTROS PRODUTOS ANTI-INFLAMATÓRIOS NÃO ESTEROIDAIS DERMATOLÓGICOS	Similar	Tarja Vermelha	
TACROLIMO MONOIDRATADO	PROGRAF	L4X - OUTROS IMUNOSSUPRESSORES	Novo	Tarja Vermelha	
TADALAFILA	TADALAFILA	G4E1 - PRODUTOS PARA DISFUNÇÃO ERÉTIL, INIBIDORES DA PDE5	Genérico	Tarja Vermelha	
TADALAFILA	TADA	G4E1 - PRODUTOS PARA DISFUNÇÃO ERÉTIL, INIBIDORES DA PDE5	Similar	Tarja Vermelha	
TADALAFILA	TADALAFILA	G4E1 - PRODUTOS PARA DISFUNÇÃO ERÉTIL, INIBIDORES DA PDE5	Genérico	Tarja Vermelha	
TADALAFILA	DALÍ	G4E1 - PRODUTOS PARA DISFUNÇÃO ERÉTIL, INIBIDORES DA PDE5	Similar	Tarja Vermelha	
TADALAFILA	NESTA	G4E1 - PRODUTOS PARA DISFUNÇÃO ERÉTIL, INIBIDORES DA PDE5	Similar	Tarja Vermelha	
TADALAFILA	ZYAD	G4E1 - PRODUTOS PARA DISFUNÇÃO ERÉTIL, INIBIDORES DA PDE5	Similar	- (*) 	
TADALAFILA	TADALAFILA	G4E1 - PRODUTOS PARA DISFUNÇÃO ERÉTIL, INIBIDORES DA PDE5	Genérico	Tarja Vermelha	
TADALAFILA	TADALAFILA	G4E1 - PRODUTOS PARA DISFUNÇÃO ERÉTIL, INIBIDORES DA PDE5	Genérico	Tarja Vermelha	
TADALAFILA	CIALIS	G4E1 - PRODUTOS PARA DISFUNÇÃO ERÉTIL, INIBIDORES DA PDE5	Novo	Tarja Vermelha	
TADALAFILA	TADALAFILA	G4E1 - PRODUTOS PARA DISFUNÇÃO ERÉTIL, INIBIDORES DA PDE5	Genérico	- (*) 	
TADALAFILA	TADALAFILA	G4E1 - PRODUTOS PARA DISFUNÇÃO ERÉTIL, INIBIDORES DA PDE5	Genérico	Tarja Vermelha	
TADALAFILA	ASAP	G4E1 - PRODUTOS PARA DISFUNÇÃO ERÉTIL, INIBIDORES DA PDE5	Similar	Tarja Vermelha	
TADALAFILA	TADALAFILA	G4E1 - PRODUTOS PARA DISFUNÇÃO ERÉTIL, INIBIDORES DA PDE5	Genérico	Tarja Vermelha	
TADALAFILA	TADALAFILA	G4E1 - PRODUTOS PARA DISFUNÇÃO ERÉTIL, INIBIDORES DA PDE5	Genérico	Tarja Vermelha	
TADALAFILA	TADALAFILA	G4E1 - PRODUTOS PARA DISFUNÇÃO ERÉTIL, INIBIDORES DA PDE5	Genérico	- (*) 	
TADALAFILA	TADALAFILA	G4E1 - PRODUTOS PARA DISFUNÇÃO ERÉTIL, INIBIDORES DA PDE5	Genérico	Tarja Vermelha	
TADALAFILA	TADALAFILA	G4E1 - PRODUTOS PARA DISFUNÇÃO ERÉTIL, INIBIDORES DA PDE5	Genérico	Tarja Vermelha	
TADALAFILA	TADALAFILA	G4E1 - PRODUTOS PARA DISFUNÇÃO ERÉTIL, INIBIDORES DA PDE5	Genérico	Tarja Vermelha	
TADALAFILA	TADALAFILA	G4E1 - PRODUTOS PARA DISFUNÇÃO ERÉTIL, INIBIDORES DA PDE5	Genérico	- (*) 	
TADALAFILA	TADALAFILA	G4E1 - PRODUTOS PARA DISFUNÇÃO ERÉTIL, INIBIDORES DA PDE5	Genérico	Tarja Vermelha	
TAFAMIDIS	VYNKELLA	N7X - TODOS OS OUTROS PRODUTOS PARA O SISTEMA NERVOSO CENTRAL	Novo	Tarja Vermelha	
TAFAMIDIS MEGLUMINA	VYNDAQEL	N7X - TODOS OS OUTROS PRODUTOS PARA O SISTEMA NERVOSO CENTRAL	Novo	Tarja Vermelha	
TAFASITAMABE	MINJUVI	L1X9 - TODOS OS OUTROS ANTINEOPLÁSICOS	Biológico	Tarja Vermelha	
TAFLUPROSTA	SAFLUTAN	S1E2 - PREPARAÇÕES ANTIGLAUCOMAS E MIÓTICAS TÓPICAS	Novo	Tarja Vermelha	
TALIDOMIDA	FUNED - TALIDOMIDA	L1K - ANTINEOPLÁSICOS LIDOMIDA	Similar	Tarja Vermelha sob restrição	
TALQUETAMABE	TALVEY	L1G9 - ANTICORPOS MONOCLONAIS ANTINEOPLÁSICOS, OUTROS	Biológico	Tarja Vermelha	
TARLATAMABE	IMDELLTRA	L1G9 - ANTICORPOS MONOCLONAIS ANTINEOPLÁSICOS, OUTROS	Biológico	Tarja Vermelha	
TARTARATO DE BISMUTO E SÓDIO;CLORIDRATO DE PROCAÍNA;SULFATO DE NEOMICINA	BISMU-JET	R2A - PREPARAÇÕES PARA GARGANTA	Novo	- (*) 	
TARTARATO DE BISMUTO E SÓDIO;CLORIDRATO DE PROCAÍNA;SULFATO DE NEOMICINA;MENTOL	AFTINE	R2A - PREPARAÇÕES PARA GARGANTA	Similar	Tarja Sem Tarja	
TARTARATO DE BRIMONIDINA	TARTARATO DE BRIMONIDINA	S1E2 - PREPARAÇÕES ANTIGLAUCOMAS E MIÓTICAS TÓPICAS	Genérico	- (*) 	
TARTARATO DE BRIMONIDINA	ALPHAGAN	S1E2 - PREPARAÇÕES ANTIGLAUCOMAS E MIÓTICAS TÓPICAS	Novo	Tarja Vermelha	
TARTARATO DE BRIMONIDINA	TARTARATO DE BRIMONIDINA	S1E2 - PREPARAÇÕES ANTIGLAUCOMAS E MIÓTICAS TÓPICAS	Genérico	Tarja Vermelha	
TARTARATO DE BRIMONIDINA	TARTARATO DE BRIMONIDINA	S1E2 - PREPARAÇÕES ANTIGLAUCOMAS E MIÓTICAS TÓPICAS	Genérico	Tarja Vermelha	
TARTARATO DE BRIMONIDINA	GLAUB	S1E2 - PREPARAÇÕES ANTIGLAUCOMAS E MIÓTICAS TÓPICAS	Similar	Tarja Vermelha	
TARTARATO DE BRIMONIDINA	TARTARATO DE BRIMONIDINA	S1E2 - PREPARAÇÕES ANTIGLAUCOMAS E MIÓTICAS TÓPICAS	Genérico	Tarja Vermelha	
TARTARATO DE BRIMONIDINA	ALPHABRIN	S1E2 - PREPARAÇÕES ANTIGLAUCOMAS E MIÓTICAS TÓPICAS	Similar	Tarja Vermelha	
TARTARATO DE BRIMONIDINA	TARTARATO DE BRIMONIDINA	S1E2 - PREPARAÇÕES ANTIGLAUCOMAS E MIÓTICAS TÓPICAS	Genérico	- (*) 	
TARTARATO DE BRIMONIDINA	TARTARATO DE BRIMONIDINA	S1E2 - PREPARAÇÕES ANTIGLAUCOMAS E MIÓTICAS TÓPICAS	Genérico	- (*) 	
TARTARATO DE BRIMONIDINA;BRINZOLAMIDA	SIMBRINZA	S1E2 - PREPARAÇÕES ANTIGLAUCOMAS E MIÓTICAS TÓPICAS	Novo	Tarja Vermelha	
TARTARATO DE EVOGLIPTINA	SUGANON	A10N1 - ANTIDIABÉTICOS INIBIDORES DPP-IV  PUROS	Novo	Tarja Vermelha	
TARTARATO DE METOPROLOL	LOPRESSOR	C7A0 - BETABLOQUEADORES PUROS	Novo	- (*) 	
TARTARATO DE METOPROLOL	TARTARATO DE METOPROLOL	C7A0 - BETABLOQUEADORES PUROS	Genérico	Tarja Vermelha	
TARTARATO DE METOPROLOL	BETACRIS	C7A0 - BETABLOQUEADORES PUROS	Similar	Tarja Vermelha	
TARTARATO DE METOPROLOL	TARTARATO DE METOPROLOL	C7A0 - BETABLOQUEADORES PUROS	Genérico	Tarja Vermelha	
TARTARATO DE METOPROLOL	BECA	C7A0 - BETABLOQUEADORES PUROS	Similar	Tarja Vermelha	
TARTARATO DE METOPROLOL	TARBET	C7A0 - BETABLOQUEADORES PUROS	Similar	Tarja Vermelha	
TARTARATO DE METOPROLOL	TARTARATO DE METOPROLOL	C7A0 - BETABLOQUEADORES PUROS	Genérico	Tarja Vermelha	
TARTARATO DE METOPROLOL	SELOKEN	C7A0 - BETABLOQUEADORES PUROS	Novo	- (*) 	
TARTARATO DE METOPROLOL	MICLOX	C7A0 - BETABLOQUEADORES PUROS	Similar	Tarja Vermelha	
TARTARATO DE METOPROLOL	TARTARATO DE METOPROLOL	C7A0 - BETABLOQUEADORES PUROS	Genérico	Tarja Vermelha	
TARTARATO DE METOPROLOL	TARTARATO DE METOPROLOL	C7A0 - BETABLOQUEADORES PUROS	Genérico	Tarja Vermelha	
TARTARATO DE VARENICLINA	CHAMPIX	N7B - PRODUTOS ANTITABACO	Novo	Tarja Vermelha	
TARTARATO DE VINORELBINA	NAVELBINE	L1C1 - AGENTES ANTINEOPLÁSICOS ALCALÓIDES DA VINCA	Novo	Tarja Vermelha	
TARTARATO DE VINORELBINA	NAVELBINE	L1C1 - AGENTES ANTINEOPLÁSICOS ALCALÓIDES DA VINCA	Novo	Tarja Vermelha sob restrição	
TAURINA	SMOFKABIVEN LIVRE DE ELETRÓLITOS	K1D2 - ASSOCIAÇÕES DE EMULSÕES LIPÍDICAS	Específico	- (*) 	
TAZOBACTAM SÓDICO;PIPERACILINA SÓDICA	PIPERACILINA SÓDICA + TAZOBACTAM SÓDICO	J1C2 - PENICILINAS INJETAVEIS DE AMPLO ESPECTRO	Genérico	Tarja Vermelha	
TAZOBACTAM SÓDICO;PIPERACILINA SÓDICA	PIPERACILINA SÓDICA + TAZOBACTAM SÓDICO	J1C2 - PENICILINAS INJETAVEIS DE AMPLO ESPECTRO	Genérico	Tarja Vermelha sob restrição	
TAZOBACTAM SÓDICO;PIPERACILINA SÓDICA	PIPERACICLINA SÓDICA + TAZOBACTAM SÓDICO	J1C2 - PENICILINAS INJETAVEIS DE AMPLO ESPECTRO	Genérico	Tarja Vermelha	
TAZOBACTAM SÓDICO;PIPERACILINA SÓDICA	PYPE	J1C2 - PENICILINAS INJETAVEIS DE AMPLO ESPECTRO	Similar	Tarja Vermelha sob restrição	
TAZOBACTAM SÓDICO;PIPERACILINA SÓDICA	PIPTA	J1C2 - PENICILINAS INJETAVEIS DE AMPLO ESPECTRO	Similar	Tarja Vermelha sob restrição	
TAZOBACTAM SÓDICO;PIPERACILINA SÓDICA	TAZOMAZ	J1C2 - PENICILINAS INJETAVEIS DE AMPLO ESPECTRO	Similar	Tarja Vermelha sob restrição	
TAZOBACTAM SÓDICO;PIPERACILINA SÓDICA	TAZOCIN	J1C2 - PENICILINAS INJETAVEIS DE AMPLO ESPECTRO	Novo	- (*) 	
TAZOBACTAM SÓDICO;PIPERACILINA SÓDICA	PIPERACILINA SÓDICA + TAZOBACTAM SÓDICO	J1C2 - PENICILINAS INJETAVEIS DE AMPLO ESPECTRO	Genérico	Tarja Vermelha sob restrição	
TAZOBACTAM SÓDICO;PIPERACILINA SÓDICA	PIPERACILINA SÓDICA + TAZOBACTAM SÓDICO	J1C2 - PENICILINAS INJETAVEIS DE AMPLO ESPECTRO	Genérico	Tarja Vermelha sob restrição	
TEBENTAFUSPE	KIMMTRAK	L1X9 - TODOS OS OUTROS ANTINEOPLÁSICOS	Biológico	Tarja Vermelha	
TECLISTAMABE	TECVAYLI	L1G9 - ANTICORPOS MONOCLONAIS ANTINEOPLÁSICOS, OUTROS	Biológico	Tarja Vermelha	
TEDUGLUTIDA	REVESTIVE	A16A - OUTROS PRODUTOS PARA O APARELHO DIGESTÓRIO E METABOLISMO	Biológico	Tarja Vermelha	
TEICOPLANINA	KOPLAN	J1X1 - ANTIBIÓTICOS GLUCOPEPTÍDEOS	Similar	Tarja Vermelha	
TEICOPLANINA	TEICOPLANINA	J1X1 - ANTIBIÓTICOS GLUCOPEPTÍDEOS	Genérico	Tarja Vermelha sob restrição	
TEICOPLANINA	BACTOMAX	J1X1 - ANTIBIÓTICOS GLUCOPEPTÍDEOS	Similar	Tarja Vermelha sob restrição	
TEICOPLANINA	TEIPLAN	J1X1 - ANTIBIÓTICOS GLUCOPEPTÍDEOS	Similar	Tarja Vermelha sob restrição	
TEICOPLANINA	TEICOSTON	J1X1 - ANTIBIÓTICOS GLUCOPEPTÍDEOS	Similar	Tarja Vermelha sob restrição	
TEICOPLANINA	TEICOPLANINA	J1X1 - ANTIBIÓTICOS GLUCOPEPTÍDEOS	Genérico	Tarja Vermelha sob restrição	
TEICOPLANINA	TARGOCID	J1X1 - ANTIBIÓTICOS GLUCOPEPTÍDEOS	Novo	Tarja Vermelha sob restrição	
TELMISARTANA	TELMISARTANA	C9C - ANTAGONISTAS DA ANGIOTENSINA II PUROS	Genérico	Tarja Vermelha	
TELMISARTANA	MICARDIS	C9C - ANTAGONISTAS DA ANGIOTENSINA II PUROS	Novo	Tarja Vermelha	
TELMISARTANA	TELMISARTANA	C9C - ANTAGONISTAS DA ANGIOTENSINA II PUROS	Genérico	Tarja Vermelha	
TELMISARTANA	TELMISARTANA	C9C - ANTAGONISTAS DA ANGIOTENSINA II PUROS	Genérico	- (*) 	
TELMISARTANA	TELMISARTANA	C9C - ANTAGONISTAS DA ANGIOTENSINA II PUROS	Genérico	Tarja Vermelha	
TELMISARTANA	TELMISARTANA	C9C - ANTAGONISTAS DA ANGIOTENSINA II PUROS	Genérico	Tarja Vermelha	
TELMISARTANA	BRAMICAR	C9C - ANTAGONISTAS DA ANGIOTENSINA II PUROS	Similar	- (*) 	
TEMOZOLOMIDA	TEMOZOLOMIDA	L1A - AGENTES ANTINEOPLÁSICOS ALQUILANTES	Genérico	Tarja Vermelha	
TEMOZOLOMIDA	TEMODAL	L1A - AGENTES ANTINEOPLÁSICOS ALQUILANTES	Novo	Tarja Vermelha	
TEMOZOLOMIDA	ZALADUZ	L1A - AGENTES ANTINEOPLÁSICOS ALQUILANTES	Similar	Tarja Vermelha	
TEMOZOLOMIDA	TEMOZOLOMIDA	L1A - AGENTES ANTINEOPLÁSICOS ALQUILANTES	Genérico	Tarja Vermelha	
TEMOZOLOMIDA	MELAZTE	L1A - AGENTES ANTINEOPLÁSICOS ALQUILANTES	Similar	Tarja Vermelha	
TEMOZOLOMIDA	TEMOLIDA	L1A - AGENTES ANTINEOPLÁSICOS ALQUILANTES	Similar	Tarja Vermelha	
TEMOZOLOMIDA	TEMOLIDA CÁPSULAS	L1A - AGENTES ANTINEOPLÁSICOS ALQUILANTES	Similar	Tarja Vermelha	
TEMOZOLOMIDA	TEMOZOLOMIDA	L1A - AGENTES ANTINEOPLÁSICOS ALQUILANTES	Genérico	Tarja Vermelha	
TEMOZOLOMIDA	TEDHOL	L1A - AGENTES ANTINEOPLÁSICOS ALQUILANTES	Similar	Tarja Vermelha	
TEMOZOLOMIDA	TEDHOL CÁPSULAS	L1A - AGENTES ANTINEOPLÁSICOS ALQUILANTES	Similar	Tarja Vermelha	
TEMOZOLOMIDA	TEMOZOLOMIDA	L1A - AGENTES ANTINEOPLÁSICOS ALQUILANTES	Genérico	Tarja Vermelha	
TEMOZOLOMIDA	TEMOZOD	L1A - AGENTES ANTINEOPLÁSICOS ALQUILANTES	Similar	Tarja Vermelha	
TEMOZOLOMIDA	MOZ	L1A - AGENTES ANTINEOPLÁSICOS ALQUILANTES	Similar	Tarja Vermelha	
TENECTEPLASE	METALYSE	B1D - FIBRINOLÍTICOS	Novo	- (*) 	
TENOXICAM	TENOXICAM	M1A1 - ANTIRREUMÁTICOS NÃO ESTEROIDAIS PUROS	Genérico	Tarja Vermelha	
TENOXICAM	TENOXICAM	M1A1 - ANTIRREUMÁTICOS NÃO ESTEROIDAIS PUROS	Genérico	- (*) 	
TENOXICAM	TENOXICAM	M1A1 - ANTIRREUMÁTICOS NÃO ESTEROIDAIS PUROS	Genérico	Tarja Vermelha	
TENOXICAM	REUMOTEC	M1A1 - ANTIRREUMÁTICOS NÃO ESTEROIDAIS PUROS	Similar	- (*) 	
TENOXICAM	TEFLAN	M1A1 - ANTIRREUMÁTICOS NÃO ESTEROIDAIS PUROS	Similar	Tarja Vermelha	
TENOXICAM	TENOXICAM	M1A1 - ANTIRREUMÁTICOS NÃO ESTEROIDAIS PUROS	Genérico	Tarja Vermelha	
TENOXICAM	TENOXIL	M1A1 - ANTIRREUMÁTICOS NÃO ESTEROIDAIS PUROS	Similar	- (*) 	
TENOXICAM	TENOXICAM	M1A1 - ANTIRREUMÁTICOS NÃO ESTEROIDAIS PUROS	Genérico	- (*) 	
TENOXICAM	TILONAX	M1A1 - ANTIRREUMÁTICOS NÃO ESTEROIDAIS PUROS	Similar	Tarja Vermelha	
TENOXICAM	TENOXICAM	M1A1 - ANTIRREUMÁTICOS NÃO ESTEROIDAIS PUROS	Genérico	Tarja Vermelha	
TENOXICAM	TENOXICAM	M1A1 - ANTIRREUMÁTICOS NÃO ESTEROIDAIS PUROS	Genérico	- (*) 	
TENOXICAM	TITENIL	M1A1 - ANTIRREUMÁTICOS NÃO ESTEROIDAIS PUROS	Similar	- (*) 	
TENOXICAM	TENOXICAM	M1A1 - ANTIRREUMÁTICOS NÃO ESTEROIDAIS PUROS	Genérico	- (*) 	
TENOXICAM	TILATIL	M1A1 - ANTIRREUMÁTICOS NÃO ESTEROIDAIS PUROS	Novo	Tarja Vermelha	
TEOFILINA	TEOLONG	R3B2 - ANTIASMÁTICOS/DPOC XANTÍNICOS SISTÊMICOS	Novo	- (*) 	
TEPROTUMUMABE	TEPEZZA	S1X1 - OUTROS PRODUTOS OFTALMOLÓGICO SISTÊMICOS	Biológico	Tarja Vermelha	
TEPROTUMUMABE	TEPEZZA	S1X1 - OUTROS PRODUTOS OFTALMOLÓGICO SISTÊMICOS	Biológico	Tarja Vermelha	
TERIFLUNOMIDA	TERIFLUNOMIDA	N7A - PRODUTOS PARA ESCLEROSE MÚLTIPLA	Genérico	Tarja Vermelha sob restrição	
TERIFLUNOMIDA	EMNYRA	N7A - PRODUTOS PARA ESCLEROSE MÚLTIPLA	Similar	Tarja Vermelha sob restrição	
TERIFLUNOMIDA	TERIFLUNOMIDA	N7A - PRODUTOS PARA ESCLEROSE MÚLTIPLA	Genérico	Tarja Vermelha sob restrição	
TERIFLUNOMIDA	AUBAGIO	N7A - PRODUTOS PARA ESCLEROSE MÚLTIPLA	Novo	Tarja Vermelha sob restrição	
TERIPARATIDA	FORTEO	H4E - HOMÔNIOS PARATIREOIDEANOS E ANÁLOGOS	Biológico	- (*) 	
TERIPARATIDA	SONDELBAY	H4E - HOMÔNIOS PARATIREOIDEANOS E ANÁLOGOS	Biológico	Tarja Vermelha	
TERIPARATIDA	TERROSA	H4E - HOMÔNIOS PARATIREOIDEANOS E ANÁLOGOS	Biológico	Tarja Vermelha	
TERPINA MONOIDRATADA;MENTOL;EUCALIPTOL	BROMIL	R5C - EXPECTORANTES	Novo	- (*) 	
TESTOSTERONA	ANDROGEL	G3B - ANDRÓGENOS EXCLUINDO G3E, G3F	Novo	Tarja Vermelha	
TESTOSTERONA	TESTOGEL	G3B - ANDRÓGENOS EXCLUINDO G3E, G3F	Similar	- (*) 	
TETRAIDROCANABINOL;CANABIDIOL	MEVATYL	N7A - PRODUTOS PARA ESCLEROSE MÚLTIPLA	Específico	Tarja Preta	
TEZEPELUMABE	TEZSPIRE	R3X2 - TODOS OS OUTROS PRODUTOS ANTI-ASMÁTICOS e DPOC, SISTÊMICOS	Biológico	- (*) 	
TIABENDAZOL	TIAPLEX	P3A - ECTOPARASITICIDAS INCLUINDO ESCABICIDAS	Similar	- (*) 	
TIABENDAZOL	TIADOL	P1B - ANTI-HELMÍNTICOS EXCETO ESQUISTOSSOMICIDAS (P1C)	Similar	- (*) 	
TIABENDAZOL	FOLDAN	P1B - ANTI-HELMÍNTICOS EXCETO ESQUISTOSSOMICIDAS (P1C)	Similar	Tarja Sem Tarja	
TIABENDAZOL;SULFATO DE NEOMICINA	MICOPLEX	P1B - ANTI-HELMÍNTICOS EXCETO ESQUISTOSSOMICIDAS (P1C)	Similar	- (*) 	
TIANEPTINA SÓDICA	STABLON	N6A9 - ANTIDEPRESSIVOS TODOS OS OUTROS	Novo	- (*) 	
TIBOLONA	LIVIAL	G3X - OUTROS HORMÔNIOS SEXUAIS E PRODUTOS SIMILARES	Novo	Tarja Vermelha	
TIBOLONA	LIBIAM	G3X - OUTROS HORMÔNIOS SEXUAIS E PRODUTOS SIMILARES	Similar	- (*) 	
TIBOLONA	TIBOLONA	G3X - OUTROS HORMÔNIOS SEXUAIS E PRODUTOS SIMILARES	Genérico	- (*) 	
TIBOLONA	TIBOCLIN	G3X - OUTROS HORMÔNIOS SEXUAIS E PRODUTOS SIMILARES	Similar	- (*) 	
TIBOLONA	REDUCLIM	G3X - OUTROS HORMÔNIOS SEXUAIS E PRODUTOS SIMILARES	Similar	- (*) 	
TIBOLONA	TIBOLONA	G3X - OUTROS HORMÔNIOS SEXUAIS E PRODUTOS SIMILARES	Genérico	- (*) 	
TIBOLONA	CLINDELLA	G3X - OUTROS HORMÔNIOS SEXUAIS E PRODUTOS SIMILARES	Similar	- (*) 	
TIBOLONA	TIBOLONA	G3X - OUTROS HORMÔNIOS SEXUAIS E PRODUTOS SIMILARES	Genérico	- (*) 	
TIBOLONA	TIBOLONA	G3X - OUTROS HORMÔNIOS SEXUAIS E PRODUTOS SIMILARES	Genérico	Tarja Vermelha	
TIBOLONA	TIBIAL	G3X - OUTROS HORMÔNIOS SEXUAIS E PRODUTOS SIMILARES	Similar	Tarja Vermelha	
TICAGRELOR	ARTAG	B1C2 - INIBIDORES DA AGRAGAÇÃO PLAQUETÁRIA, ANTAGONISTAS DOS RECEPTORES DA ADENOSINA DIFOSFATO	Similar	Tarja Vermelha	
TICAGRELOR	TICAGRELOR	B1C2 - INIBIDORES DA AGRAGAÇÃO PLAQUETÁRIA, ANTAGONISTAS DOS RECEPTORES DA ADENOSINA DIFOSFATO	Genérico	Tarja Vermelha	
TICAGRELOR	TIAG	B1X - OUTROS AGENTES ANTITROMBÓTICOS	Similar	Tarja Vermelha	
TICAGRELOR	TICAGRELOR	B1X - OUTROS AGENTES ANTITROMBÓTICOS	Genérico	Tarja Vermelha	
TICAGRELOR	BRILINTA	B1C2 - INIBIDORES DA AGRAGAÇÃO PLAQUETÁRIA, ANTAGONISTAS DOS RECEPTORES DA ADENOSINA DIFOSFATO	Novo	Tarja Vermelha	
TICAGRELOR	TICAGRELOR	B1C2 - INIBIDORES DA AGRAGAÇÃO PLAQUETÁRIA, ANTAGONISTAS DOS RECEPTORES DA ADENOSINA DIFOSFATO	Genérico	Tarja Vermelha	
TICAGRELOR	COALY	B1C2 - INIBIDORES DA AGRAGAÇÃO PLAQUETÁRIA, ANTAGONISTAS DOS RECEPTORES DA ADENOSINA DIFOSFATO	Similar	Tarja Vermelha	
TIGECICLINA	DUGAR	J1X9 - TODOS OS OUTROS ANTIBIÓTICOS	Similar	Tarja Vermelha sob restrição	
TIGECICLINA	SENGECIL	J1X9 - TODOS OS OUTROS ANTIBIÓTICOS	Similar	Tarja Vermelha sob restrição	
TIGECICLINA	TYG	J1X9 - TODOS OS OUTROS ANTIBIÓTICOS	Similar	Tarja Vermelha	
TIGECICLINA	TIGECICLINA	J1X9 - TODOS OS OUTROS ANTIBIÓTICOS	Genérico	Tarja Vermelha sob restrição	
TIGECICLINA	KALYME	J1X9 - TODOS OS OUTROS ANTIBIÓTICOS	Similar	Tarja Vermelha sob restrição	
TIGECICLINA	TAUMIK	J1X9 - TODOS OS OUTROS ANTIBIÓTICOS	Similar	Tarja Vermelha sob restrição	
TIGECICLINA	TIGECICLINA	J1X9 - TODOS OS OUTROS ANTIBIÓTICOS	Genérico	Tarja Vermelha sob restrição	
TIGECICLINA	TYGACIL	J1X9 - TODOS OS OUTROS ANTIBIÓTICOS	Novo	Tarja Vermelha sob restrição	
TIGECICLINA	TIGECICLINA	J1X9 - TODOS OS OUTROS ANTIBIÓTICOS	Genérico	Tarja Vermelha sob restrição	
TIGECICLINA	TAGELYNIX	J1X9 - TODOS OS OUTROS ANTIBIÓTICOS	Similar	Tarja Vermelha sob restrição	
TILDRAKIZUMABE	ILUMYA	L4C - INIBIDORES DA INTERLEUCINA	Biológico	Tarja Vermelha	
TIMOMODULINA	LEUCOGEN	L3A9 - OUTROS AGENTES IMUNOESTIMULANTES EXCETO INTERFERONAS	Específico	Tarja Vermelha	
TIMOSTIMULINA	EXTRATO DE CÉLULAS TÍMICAS	L3A9 - OUTROS AGENTES IMUNOESTIMULANTES EXCETO INTERFERONAS	Similar	- (*) 	
TINIDAZOL	TINIDAZOL	G1A1 - TRICOMONICIDAS SISTÊMICOS	Genérico	- (*) 	
TINIDAZOL;MICONAZOL	CREVAGIN	G1A2 - TRICOMONICIDAS TÓPICOS	Similar	Tarja Vermelha	
TINIDAZOL;TIOCONAZOL	TAKIL	G1A2 - TRICOMONICIDAS TÓPICOS	Similar	Tarja Vermelha	
TINIDAZOL;TIOCONAZOL	TIOCONAZOL + TINIDAZOL	G1A2 - TRICOMONICIDAS TÓPICOS	Genérico	- (*) 	
TINIDAZOL;TIOCONAZOL	TIOTRAX	G1A2 - TRICOMONICIDAS TÓPICOS	Similar	- (*) 	
TINIDAZOL;TIOCONAZOL	GYNOMAX	G1A2 - TRICOMONICIDAS TÓPICOS	Similar	Tarja Vermelha	
TINIDAZOL;TIOCONAZOL	TIOCONAZOL + TINIDAZOL	G1A2 - TRICOMONICIDAS TÓPICOS	Genérico	Tarja Vermelha	
TINIDAZOL;TIOCONAZOL	TIOCONAZOL + TINIDAZOL	G1A2 - TRICOMONICIDAS TÓPICOS	Genérico	- (*) 	
TINIDAZOL;TIOCONAZOL	TIOCONAZOL + TINIDAZOL	G1A2 - TRICOMONICIDAS TÓPICOS	Genérico	- (*) 	
TINIDAZOL;TIOCONAZOL	TIOCONAZOL + TINIDAZOL	G1A2 - TRICOMONICIDAS TÓPICOS	Genérico	- (*) 	
TINIDAZOL;TIOCONAZOL	TININ	G1A2 - TRICOMONICIDAS TÓPICOS	Similar	- (*) 	
TINIDAZOL;TIOCONAZOL	TIOCONAZOL + TINIDAZOL	G1A2 - TRICOMONICIDAS TÓPICOS	Genérico	Tarja Vermelha	
TINIDAZOL;TIOCONAZOL	TIOCONAZOL + TINIDAZOL	G1A2 - TRICOMONICIDAS TÓPICOS	Genérico	Tarja Vermelha	
TINIDAZOL;TIOCONAZOL;SECNIDAZOL	GYNOPAC	G1A3 - ASSOCIAÇÕES DE TRICOMONICIDAS	Novo	- (*) 	
TIOCOLCHICOSÍDEO	TIOCOLCHICOSÍDEO	M3B - RELAXANTE MUSCULAR DE AÇÃO CENTRAL	Genérico	Tarja Vermelha	
TIOCOLCHICOSÍDEO	COLTRAX	M3B - RELAXANTE MUSCULAR DE AÇÃO CENTRAL	Novo	Tarja Vermelha	
TIOCOLCHICOSÍDEO	COLTRAX INJ	M3B - RELAXANTE MUSCULAR DE AÇÃO CENTRAL	Novo	Tarja Vermelha	
TIOCOLCHICOSÍDEO	TIOCOLCHICOSÍDEO	M3B - RELAXANTE MUSCULAR DE AÇÃO CENTRAL	Genérico	- (*) 	
TIOCONAZOL	TIONAZEN	D1A1 - ANTIFÚNGICOS DERMATOLÓGICOS TÓPICOS	Similar	Tarja Sem Tarja	
TIOGUANINA	LANVIS	L1B - AGENTES ANTINEOPLÁSICOS ANTIMETABÓLITOS	Novo	- (*) 	
TIOPENTAL SÓDICO	THIOPENTAX	N1A2 - ANESTÉSICOS GERAIS INJETÁVEIS	Similar	Tarja Preta	
TIOTEPA	DIPATE	L1A - AGENTES ANTINEOPLÁSICOS ALQUILANTES	Novo	Tarja Vermelha	
TIROFIBANA	AGRASTAT	B1C3 - INIBIDORES DA AGREGAÇÃO PLAQUETÁRIA, ANTAGONISTAS GLICOPROTEÍNA IIB/IIIA	Novo	Tarja Vermelha	
TIROTRICINA;CLORIDRATO DE LIDOCAINA;SULFATO DE HIDROXIQUINOLINA	MALVATRICIN	R2A - PREPARAÇÕES PARA GARGANTA	Novo	- (*) 	
TIRZEPATIDA	MOUNJARO	A10S - ANTIDIABÉTICOS AGONISTAS DE GLP-1	Novo	Tarja Vermelha	
TISAGENLECLEUCEL	KYMRIAH	L1X9 - TODOS OS OUTROS ANTINEOPLÁSICOS	Produto de Terapia Avançada	Tarja Vermelha	
TISLELIZUMABE	TEVIMBRA	L1G5 - ANTICORPOS MONOCLONAIS ANTINEOPLÁSICOS, PD-1/PD-L1	Biológico	Tarja Vermelha	
TOBRAMICINA	BRAMITOB	J1K - AMINOGLICOSÍDEOS	Novo	Tarja Vermelha sob restrição	
TOBRAMICINA	TOBREX	S1A - ANTIINFECCIOS OFTALMOLÓGICOS	Novo	Tarja Vermelha sob restrição	
TOBRAMICINA	TOBRAMICINA	S1A - ANTIINFECCIOS OFTALMOLÓGICOS	Genérico	Tarja Vermelha sob restrição	
TOBRAMICINA	TOBRACIN	S1A - ANTIINFECCIOS OFTALMOLÓGICOS	Similar	Tarja Vermelha sob restrição	
TOBRAMICINA	TOBRAMICINA	S1A - ANTIINFECCIOS OFTALMOLÓGICOS	Genérico	Tarja Vermelha sob restrição	
TOBRAMICINA	TOBRAMICINA	S1A - ANTIINFECCIOS OFTALMOLÓGICOS	Genérico	Tarja Vermelha sob restrição	
TOBRAMICINA	TOBRAMICINA	J1K - AMINOGLICOSÍDEOS	Genérico	Tarja Vermelha sob restrição	
TOBRAMICINA	TOBRAMICINA	S1A - ANTIINFECCIOS OFTALMOLÓGICOS	Genérico	Tarja Vermelha sob restrição	
TOBRAMICINA	ZOBILAR	S1A - ANTIINFECCIOS OFTALMOLÓGICOS	Similar	Tarja Vermelha sob restrição	
TOBRAMICINA	TOBRAZOL	J1K - AMINOGLICOSÍDEOS	Similar	Tarja Vermelha sob restrição	
TOBRAMICINA	TOBRAMICINA	S1A - ANTIINFECCIOS OFTALMOLÓGICOS	Genérico	Tarja Vermelha sob restrição	
TOBRAMICINA	TOBRAMICINA	S1A - ANTIINFECCIOS OFTALMOLÓGICOS	Genérico	Tarja Vermelha sob restrição	
TOBRAMICINA	TOBRACULAR	S1A - ANTIINFECCIOS OFTALMOLÓGICOS	Similar	Tarja Vermelha	
TOBRAMICINA	ZOTEON PÓ	J1K - AMINOGLICOSÍDEOS	Novo	Tarja Vermelha sob restrição	
TOCILIZUMABE	TYENNE	M1C - AGENTES ANTI-REUMÁTICOS ESPECÍFICOS	Biológico	Tarja Vermelha	
TOCILIZUMABE	ACTEMRA	M1C - AGENTES ANTI-REUMÁTICOS ESPECÍFICOS	Biológico	- (*) 	
TOPIRAMATO	ÉGIDE	N3A - ANTIEPILÉPTICOS	Similar	Tarja Vermelha sob restrição	
TOPIRAMATO	AMATO	N3A - ANTIEPILÉPTICOS	Similar	Tarja Vermelha sob restrição	
TOPIRAMATO	TOPIRAMATO	N3A - ANTIEPILÉPTICOS	Genérico	Tarja Vermelha sob restrição	
TOPIRAMATO	TOPIRAMATO	N3A - ANTIEPILÉPTICOS	Genérico	Tarja Vermelha sob restrição	
TOPIRAMATO	TOPIRAMATO	N3A - ANTIEPILÉPTICOS	Genérico	Tarja Vermelha sob restrição	
TOPIRAMATO	TODUZE	N3A - ANTIEPILÉPTICOS	Novo	Tarja Vermelha sob restrição	
TOPIRAMATO	TÊMPORA	N3A - ANTIEPILÉPTICOS	Similar	Tarja Vermelha sob restrição	
TOPIRAMATO	TOPIRAMATO	N3A - ANTIEPILÉPTICOS	Genérico	Tarja Vermelha sob restrição	
TOPIRAMATO	TOPIRAMATO	N3A - ANTIEPILÉPTICOS	Genérico	Tarja Vermelha sob restrição	
TOPIRAMATO	VIDMAX	N3A - ANTIEPILÉPTICOS	Similar	Tarja Vermelha sob restrição	
TOPIRAMATO	TOPIRAMATO	N3A - ANTIEPILÉPTICOS	Genérico	Tarja Vermelha sob restrição	
TOPIRAMATO	TOPIRAMATO	N3A - ANTIEPILÉPTICOS	Genérico	- (*) 	
TOPIRAMATO	TOPIRAMATO	N3A - ANTIEPILÉPTICOS	Genérico	Tarja Vermelha sob restrição	
TOPIRAMATO	TOPAMAX	N3A - ANTIEPILÉPTICOS	Novo	Tarja Vermelha sob restrição	
TOPIRAMATO	TOPIRAMATO	N3A - ANTIEPILÉPTICOS	Genérico	Tarja Vermelha sob restrição	
TOPIRAMATO	TOPIRAMATO	N3A - ANTIEPILÉPTICOS	Genérico	Tarja Vermelha sob restrição	
TOPIRAMATO	ARASID	N3A - ANTIEPILÉPTICOS	Similar	Tarja Vermelha sob restrição	
TOPIRAMATO	TOPIRAMATO	N3A - ANTIEPILÉPTICOS	Genérico	Tarja Vermelha sob restrição	
TOPIRAMATO	TOPIRAMATO	N3A - ANTIEPILÉPTICOS	Genérico	Tarja Vermelha sob restrição	
TOPIRAMATO	TOPIRAMATO	N3A - ANTIEPILÉPTICOS	Genérico	Tarja Vermelha sob restrição	
TOSILATO DE EDOXABANA MONOIDRATADO	ROTEAS	B1F - INIBIDORES DIRETOS DO FATOR XA	Similar	Tarja Vermelha	
TOSILATO DE EDOXABANA MONOIDRATADO	TOSILATO DE EDOXABANA	B1F - INIBIDORES DIRETOS DO FATOR XA	Genérico	Tarja Vermelha	
TOSILATO DE NIRAPARIBE MONOIDRATADO	ZEJULA	L1K - ANTINEOPLÁSICOS LIDOMIDA	Novo	Tarja Vermelha	
TOSILATO DE RITLECITINIBE	LITFULO	D5X - OUTROS PRODUTOS ANTI-INFLAMATÓRIOS NÃO ESTEROIDAIS DERMATOLÓGICOS	Novo	- (*) 	
TOSILATO DE SORAFENIBE	TOSILATO DE SORAFENIBE	L1H9 - OUTROS ANTINEOPLÁSICOS INIBIDORES DA PROTEÍNA KINASE	Genérico	Tarja Vermelha	
TOSILATO DE SORAFENIBE	SOFANYR	L1H6 - ANTINEOPLÁSICOS INIBIDORES DA PROTEÍNA QUINASE, BTK	Similar	Tarja Vermelha	
TOSILATO DE SORAFENIBE	NEXAVAR	L1H9 - OUTROS ANTINEOPLÁSICOS INIBIDORES DA PROTEÍNA KINASE	Novo	- (*) 	
TOSILATO DE TALAZOPARIBE	TALZENNA	L1K - ANTINEOPLÁSICOS LIDOMIDA	Novo	Tarja Vermelha	
TOXINA BOTULÍNICA A	PROSIGNE	M3A - RELAXANTE MUSCULAR DE AÇÃO PERIFÉRICA	Similar	Tarja Vermelha	
TOXINA BOTULÍNICA A	BOTULIFT	M3A - RELAXANTE MUSCULAR DE AÇÃO PERIFÉRICA	Biológico	Tarja Vermelha	
TOXINA BOTULÍNICA A	BOTULIM	M3A - RELAXANTE MUSCULAR DE AÇÃO PERIFÉRICA	Biológico	- (*) 	
TOXINA BOTULÍNICA A	NABOTA	M3A - RELAXANTE MUSCULAR DE AÇÃO PERIFÉRICA	Biológico	Tarja Vermelha	
TOXINA BOTULÍNICA A	DYSPORT	M3A - RELAXANTE MUSCULAR DE AÇÃO PERIFÉRICA	Biológico	Tarja Vermelha	
TOXINA BOTULÍNICA A	LETYBO	M3A - RELAXANTE MUSCULAR DE AÇÃO PERIFÉRICA	Biológico	Tarja Vermelha	
TOXINA BOTULÍNICA A	XEOMIN	M3A - RELAXANTE MUSCULAR DE AÇÃO PERIFÉRICA	Biológico	Tarja Vermelha	
TOXINA BOTULÍNICA A	BOTOX	M3A - RELAXANTE MUSCULAR DE AÇÃO PERIFÉRICA	Biológico	Tarja Vermelha	
TOXÓIDE PERTUSSIS;AGLUTINÓGENOS FIMBRIAIS DE BORDETELLA PERTUSSIS DOS SOROTIPOS 2 E 3;TOXÓIDE DIFTÉRICO;PERTACTINA;TOXÓIDE TETÂNICO;HEMAGLUTININA FILAMENTOSA	ADACEL	J7B1 - ASSOCIAÇÔES COM VACINA ANTITETÂNICA	Biológico	- (*) 	
TOXÓIDE PERTUSSIS;CONJUGADO DE POLISSACARÍDEO CAPSULAR DE HAEMOPHILUS INFLUENZAE TIPO B E TOXÓIDE TETÂNICO;POLIOVÍRUS INATIVADOS TIPO 3;POLIOVÍRUS INATIVADOS TIPO 2;ANTÍGENO DE SUPERFÍCIE DA HEPATITE B;TOXÓIDE DIFTÉRICO;PERTACTINA;POLIOVÍRUS INATIVADOS TIPO 1;TOXÓIDE TETÂNICO;HEMAGLUTININA FILAMENTOSA	INFANRIX HEXA	J7B1 - ASSOCIAÇÔES COM VACINA ANTITETÂNICA	Biológico	- (*) 	
TOXÓIDE PERTUSSIS;FÍMBRIAS;TOXÓIDE DIFTÉRICO;PERTACTINA;TOXÓIDE TETÂNICO;HEMAGLUTININA FILAMENTOSA	VACINA ADSORVIDA DIFTERIA, TÉTANO E PERTUSIS (ACELULAR)	J7B1 - ASSOCIAÇÔES COM VACINA ANTITETÂNICA	    -     	- (*) 	
TOXÓIDE PERTUSSIS;POLIOVÍRUS INATIVADOS TIPO 3;POLIOVÍRUS INATIVADOS TIPO 2;TOXÓIDE DIFTÉRICO;PERTACTINA;POLIOVÍRUS INATIVADOS TIPO 1;TOXÓIDE TETÂNICO;HEMAGLUTININA FILAMENTOSA	REFORTRIX IPV	J7B1 - ASSOCIAÇÔES COM VACINA ANTITETÂNICA	Biológico	- (*) 	
TOXÓIDE PERTUSSIS;POLIOVÍRUS INATIVADOS TIPO 3;POLIOVÍRUS INATIVADOS TIPO 2;TOXÓIDE DIFTÉRICO;POLIOVÍRUS INATIVADOS TIPO 1;TOXÓIDE TETÂNICO;HEMAGLUTININA FILAMENTOSA	TETRAXIM	J7B1 - ASSOCIAÇÔES COM VACINA ANTITETÂNICA	    -     	- (*) 	
TOXÓIDE PERTUSSIS;POLIOVÍRUS TIPO 3;POLIOVÍRUS TIPO 2;ANTÍGENO DE SUPERFÍCIE DA HEPATITE B;TOXÓIDE DIFTÉRICO;TOXÓIDE TETÂNICO;HEMAGLUTININA FILAMENTOSA;POLISSACARÍDEO DE HAEMOPHILUS INFLUENZAE TIPO B;POLIOVÍRUS TIPO 1 (MAHONEY)	HEXAXIM	J7B1 - ASSOCIAÇÔES COM VACINA ANTITETÂNICA	Biológico	Tarja Vermelha	
TOXÓIDE PERTUSSIS;TOXÓIDE DIFTÉRICO;PERTACTINA;TOXÓIDE TETÂNICO;HEMAGLUTININA FILAMENTOSA	REFORTRIX	J7B1 - ASSOCIAÇÔES COM VACINA ANTITETÂNICA	Novo	- (*) 	
TOXÓIDE PERTUSSIS;TOXÓIDE DIFTÉRICO;PERTACTINA;TOXÓIDE TETÂNICO;HEMAGLUTININA FILAMENTOSA	VACINA ADSORVIDA DIFTERIA, TÉTANO E PERTUSSIS (ACELULAR)	J7B1 - ASSOCIAÇÔES COM VACINA ANTITETÂNICA	Biológico	- (*) 	
TRABECTEDINA	YONDELIS	L1C9 - OUTROS AGENTES ANTINEOPLÁSICOS DERIVADOS DE PLANTAS	Novo	Tarja Vermelha	
TRANILCIPROMINA	PARNATE	N6A9 - ANTIDEPRESSIVOS TODOS OS OUTROS	Similar	- (*) 	
TRASTUZUMABE	ZEDORA	L1G3 - ANTICORPOS MONOCLONAIS ANTINEOPLÁSICOS, HER-2	Biológico	Tarja Vermelha	
TRASTUZUMABE	HERMAB	L1G3 - ANTICORPOS MONOCLONAIS ANTINEOPLÁSICOS, HER-2	Biológico	- (*) 	
TRASTUZUMABE	HERCEPTIN	L1G3 - ANTICORPOS MONOCLONAIS ANTINEOPLÁSICOS, HER-2	Novo	- (*) 	
TRASTUZUMABE	KANJINTI	L1G3 - ANTICORPOS MONOCLONAIS ANTINEOPLÁSICOS, HER-2	Biológico	Tarja Vermelha	
TRASTUZUMABE	BISINTEX	L1G3 - ANTICORPOS MONOCLONAIS ANTINEOPLÁSICOS, HER-2	Biológico	Tarja Vermelha	
TRASTUZUMABE	BIO-MANGUINHOS TRASTUZUMABE	L1G3 - ANTICORPOS MONOCLONAIS ANTINEOPLÁSICOS, HER-2	Biológico	Tarja Vermelha	
TRASTUZUMABE	TRAZIMERA	L1G3 - ANTICORPOS MONOCLONAIS ANTINEOPLÁSICOS, HER-2	Biológico	Tarja Vermelha	
TRASTUZUMABE	ONTRUZANT	L1G3 - ANTICORPOS MONOCLONAIS ANTINEOPLÁSICOS, HER-2	Biológico	Tarja Vermelha	
TRASTUZUMABE	HERZUMA	L1G3 - ANTICORPOS MONOCLONAIS ANTINEOPLÁSICOS, HER-2	Biológico	- (*) 	
TRASTUZUMABE DERUXTECANA	ENHERTU	L1G3 - ANTICORPOS MONOCLONAIS ANTINEOPLÁSICOS, HER-2	Biológico	Tarja Vermelha	
TRASTUZUMABE ENTANSINA	KADCYLA	L1G3 - ANTICORPOS MONOCLONAIS ANTINEOPLÁSICOS, HER-2	Biológico	- (*) 	
TRAVOPROSTA	TRAVATAN	S1E2 - PREPARAÇÕES ANTIGLAUCOMAS E MIÓTICAS TÓPICAS	Novo	Tarja Vermelha	
TRAVOPROSTA	TRAVOPROSTA	S1E2 - PREPARAÇÕES ANTIGLAUCOMAS E MIÓTICAS TÓPICAS	Genérico	Tarja Vermelha	
TRAVOPROSTA	TRAVOPROSTA	S1E2 - PREPARAÇÕES ANTIGLAUCOMAS E MIÓTICAS TÓPICAS	Genérico	Tarja Vermelha	
TRAVOPROSTA	TRAVAMED	S1E2 - PREPARAÇÕES ANTIGLAUCOMAS E MIÓTICAS TÓPICAS	Similar	Tarja Vermelha	
TRAVOPROSTA	TRAVAMED BAK FREE	S1E2 - PREPARAÇÕES ANTIGLAUCOMAS E MIÓTICAS TÓPICAS	Similar	Tarja Vermelha	
TRAVOPROSTA	TRAVOPROSTA	S1E2 - PREPARAÇÕES ANTIGLAUCOMAS E MIÓTICAS TÓPICAS	Genérico	Tarja Vermelha	
TRAVOPROSTA	TRAVOPROSTA	S1E2 - PREPARAÇÕES ANTIGLAUCOMAS E MIÓTICAS TÓPICAS	Genérico	- (*) 	
TRAVOPROSTA	TRAVOPTIC	S1E2 - PREPARAÇÕES ANTIGLAUCOMAS E MIÓTICAS TÓPICAS	Similar	- (*) 	
TRAVOPROSTA	TRAVOPROSTA	S1E2 - PREPARAÇÕES ANTIGLAUCOMAS E MIÓTICAS TÓPICAS	Genérico	Tarja Vermelha	
TRAVOPROSTA;MALEATO DE TIMOLOL	TRAVAMED MT	S1E2 - PREPARAÇÕES ANTIGLAUCOMAS E MIÓTICAS TÓPICAS	Similar	Tarja Vermelha	
TREMELIMUMABE	IMJUDO	L1G9 - ANTICORPOS MONOCLONAIS ANTINEOPLÁSICOS, OUTROS	Biológico	Tarja Vermelha	
TRETINOÍNA	VITANOL-A	D10A - ANTIACNEICOS TÓPICOS	Similar	Tarja Vermelha	
TRETINOÍNA	VITACID	D10A - ANTIACNEICOS TÓPICOS	Similar	Tarja Vermelha sob restrição	
TRETINOÍNA	LUMIVIT	D10A - ANTIACNEICOS TÓPICOS	Similar	Tarja Vermelha	
TRETINOÍNA	SUAVICID ONE	D10A - ANTIACNEICOS TÓPICOS	Similar	Tarja Vermelha	
TRETINOÍNA	VESANOID	L1X9 - TODOS OS OUTROS ANTINEOPLÁSICOS	Novo	Tarja Vermelha	
TRETINOÍNA;FLUCLOROLONA ACETONIDA;HIDROQUINONA	VITACID PLUS	D11A - OUTRAS PREPARAÇÕES DERMATOLOGICAS	Similar	Tarja Vermelha	
TRETINOÍNA;FOSFATO DE CLINDAMICINA	VITACID ACNE	D10A - ANTIACNEICOS TÓPICOS	Novo	- (*) 	
TRI-HEPTANOÍNA	DOJOLVI	A16A - OUTROS PRODUTOS PARA O APARELHO DIGESTÓRIO E METABOLISMO	Novo	Tarja Vermelha	
TRIANCINOLONA ACETONIDA	TRIANCINOLONA DE ACETONIDA	A1A3 - ANALGÉSICOS E ANTIINFLAMATÓRIOS BUCAIS DE USO TÓPICO	Genérico	- (*) 	
TRIANCINOLONA ACETONIDA	MUD ORAL	A1A3 - ANALGÉSICOS E ANTIINFLAMATÓRIOS BUCAIS DE USO TÓPICO	Similar	Tarja Vermelha	
TRIANCINOLONA ACETONIDA	ACETONIDA DE TRIANCINOLONA	A1A3 - ANALGÉSICOS E ANTIINFLAMATÓRIOS BUCAIS DE USO TÓPICO	Genérico	- (*) 	
TRIANCINOLONA ACETONIDA	COLIAFT	A1A3 - ANALGÉSICOS E ANTIINFLAMATÓRIOS BUCAIS DE USO TÓPICO	Similar	- (*) 	
TRIANCINOLONA ACETONIDA	TRIANCINOLONA ACETONIDA	A1A3 - ANALGÉSICOS E ANTIINFLAMATÓRIOS BUCAIS DE USO TÓPICO	Genérico	Tarja Vermelha	
TRIANCINOLONA ACETONIDA	OPTHAAC 40	H2A1 - CORTICOSTERÓIDES INJETÁVEIS PUROS	Novo	- (*) 	
TRIANCINOLONA ACETONIDA	TRIANCINOLONA ACETONIDA	A1A3 - ANALGÉSICOS E ANTIINFLAMATÓRIOS BUCAIS DE USO TÓPICO	Genérico	- (*) 	
TRIANCINOLONA ACETONIDA	ACSISA	A1A3 - ANALGÉSICOS E ANTIINFLAMATÓRIOS BUCAIS DE USO TÓPICO	Similar	- (*) 	
TRIANCINOLONA ACETONIDA	OMCILON A	A1A3 - ANALGÉSICOS E ANTIINFLAMATÓRIOS BUCAIS DE USO TÓPICO	Novo	Tarja Vermelha	
TRIANCINOLONA ACETONIDA	COLUJET	A1A3 - ANALGÉSICOS E ANTIINFLAMATÓRIOS BUCAIS DE USO TÓPICO	Similar	Tarja Vermelha	
TRIANCINOLONA ACETONIDA	TRIANCINOLONA ACETONIDA	A1A3 - ANALGÉSICOS E ANTIINFLAMATÓRIOS BUCAIS DE USO TÓPICO	Genérico	Tarja Vermelha	
TRIANCINOLONA ACETONIDA	ONCICREM-A	A1A3 - ANALGÉSICOS E ANTIINFLAMATÓRIOS BUCAIS DE USO TÓPICO	Similar	- (*) 	
TRIANCINOLONA ACETONIDA	ACETONIDA DE TRIANCINOLONA	A1A3 - ANALGÉSICOS E ANTIINFLAMATÓRIOS BUCAIS DE USO TÓPICO	Genérico	- (*) 	
TRIANCINOLONA ACETONIDA	ONCILEG-A	A1A3 - ANALGÉSICOS E ANTIINFLAMATÓRIOS BUCAIS DE USO TÓPICO	Similar	Tarja Vermelha	
TRIANCINOLONA ACETONIDA;SULFATO DE NEOMICINA;NISTATINA;GRAMICIDINA	TRIANCINOLONA ACETONIDA + SULFATO DE NEOMICINA + GRAMICIDINA + NISTATINA	D7B3 - CORTICOESTERÓIDES ASSOCIADOS A ANTIMICÓTICOS E ANTIBACTERIANOS	Genérico	- (*) 	
TRIANCINOLONA ACETONIDA;SULFATO DE NEOMICINA;NISTATINA;GRAMICIDINA	MUD	D7B3 - CORTICOESTERÓIDES ASSOCIADOS A ANTIMICÓTICOS E ANTIBACTERIANOS	Similar	Tarja Vermelha sob restrição	
TRIANCINOLONA ACETONIDA;SULFATO DE NEOMICINA;NISTATINA;GRAMICIDINA	ACETONIDO DE TRIANCINOLONA+SULFATO DE NEOMICINA+GRAMICIDINA+NISTATINA	D7B3 - CORTICOESTERÓIDES ASSOCIADOS A ANTIMICÓTICOS E ANTIBACTERIANOS	Genérico	Tarja Vermelha	
TRIANCINOLONA ACETONIDA;SULFATO DE NEOMICINA;NISTATINA;GRAMICIDINA	ONCILEG	D7B3 - CORTICOESTERÓIDES ASSOCIADOS A ANTIMICÓTICOS E ANTIBACTERIANOS	Similar	Tarja Vermelha sob restrição	
TRIBULUS TERRESTRIS L.	ANDROSTEN	G03H0 - OUTROS HORMÔNIOS SEXUAIS E PRODUTOS SIMILARES	Fitoterápico	Tarja Vermelha	
TRICLOSANA;MENTOL;BENZOCAÍNA	ANDOLBA	D4A - ANTIPRURIGINOSOS  TÓPICOS - INCLUINDO ANTIHISTAMÍNICOS, ANESTÉSICOS, ETC	Novo	Tarja Vermelha	
TRIFAROTENO	AKLIEF	D10A - ANTIACNEICOS TÓPICOS	Novo	Tarja Vermelha	
TRIFENATATO DE VILANTEROL;BROMETO DE UMECLIDÍNIO	ANORO ELLIPTA	R3L2 - ASSOCIAÇÕES DE ANTICOLINÉRGICOS DE LONGA DURAÇÃO COM AGONISTAS-B2 DE LONGA DURAÇÃO, INALANTES	Novo	Tarja Vermelha	
TRIFENATATO DE VILANTEROL;FUROATO DE FLUTICASONA	RELVAR ELLIPTA	R3F1 - ANTIASMÁTICOS/DPOC AGONISTAS B2 ASSOCIADOS A CORTICOSTERÓIDES, INALANTES	Novo	- (*) 	
TRIFENATATO DE VILANTEROL;FUROATO DE FLUTICASONA;BROMETO DE UMECLIDÍNIO	TRELEGY	R3L2 - ASSOCIAÇÕES DE ANTICOLINÉRGICOS DE LONGA DURAÇÃO COM AGONISTAS-B2 DE LONGA DURAÇÃO, INALANTES	Novo	Tarja Vermelha	
TRIFLURIDINA;TIPIRACILA	LONSURF®	L1B - AGENTES ANTINEOPLÁSICOS ANTIMETABÓLITOS	Novo	Tarja Vermelha	
TRIFOLIUM PRATENSE L.	PROMENSIL	G3J - MODULADORES SELETIVOS DO RECEPTOR DE ESTROGÊNIO	Fitoterápico	Tarja Vermelha	
TRIFOLIUM PRATENSE L.	CLIMATRIX	FITO - FITOTERÁPICOS	Fitoterápico	- (*) 	
TRIFOLIUM PRATENSE L.	MINEL	G3J - MODULADORES SELETIVOS DO RECEPTOR DE ESTROGÊNIO	Fitoterápico	Tarja Vermelha	
TRIMETOPRIMA;SULFAMETOXAZOL	SUBTRAX	J1E - ASSOCIAÇÕES DE TRIMETOPRIMA E SIMILARES	Similar	Tarja Vermelha sob restrição	
TRIMETOPRIMA;SULFAMETOXAZOL	SULFAMETOXAZOL + TRIMETOPRIMA	J1E - ASSOCIAÇÕES DE TRIMETOPRIMA E SIMILARES	Genérico	- (*) 	
TRIMETOPRIMA;SULFAMETOXAZOL	SULFAMETOXAZOL + TRIMETOPRIMA	J1E - ASSOCIAÇÕES DE TRIMETOPRIMA E SIMILARES	Genérico	- (*) 	
TRIMETOPRIMA;SULFAMETOXAZOL	BACFAR	J1E - ASSOCIAÇÕES DE TRIMETOPRIMA E SIMILARES	Similar	Tarja Vermelha sob restrição	
TRIMETOPRIMA;SULFAMETOXAZOL	BACTRIM	J1E - ASSOCIAÇÕES DE TRIMETOPRIMA E SIMILARES	Novo	Tarja Vermelha	
TRIMETOPRIMA;SULFAMETOXAZOL	SULFAMETOXAZOL + TRIMETOPRIMA	J1E - ASSOCIAÇÕES DE TRIMETOPRIMA E SIMILARES	Genérico	- (*) 	
TRIMETOPRIMA;SULFAMETOXAZOL	SULFAMETOXAZOL+TRIMETOPRIMA	J1E - ASSOCIAÇÕES DE TRIMETOPRIMA E SIMILARES	Genérico	Tarja Vermelha sob restrição	
TRIMETOPRIMA;SULFAMETOXAZOL	BELFACTRIM	J1E - ASSOCIAÇÕES DE TRIMETOPRIMA E SIMILARES	Similar	- (*) 	
TRIMETOPRIMA;SULFAMETOXAZOL	FURP-SULFAMETOXAZOL + TRIMETOPRIMA	J1E - ASSOCIAÇÕES DE TRIMETOPRIMA E SIMILARES	Similar	- (*) 	
TRIMETOPRIMA;SULFAMETOXAZOL	SULFAMETOXAZOL + TRIMETOPRIMA	J1E - ASSOCIAÇÕES DE TRIMETOPRIMA E SIMILARES	Genérico	Tarja Vermelha sob restrição	
TRIMETOPRIMA;SULFAMETOXAZOL	SIPUL	J1E - ASSOCIAÇÕES DE TRIMETOPRIMA E SIMILARES	Similar	Tarja Vermelha sob restrição	
TRIMETOPRIMA;SULFAMETOXAZOL	BAC-SULFITRIN	J1E - ASSOCIAÇÕES DE TRIMETOPRIMA E SIMILARES	Similar	Tarja Vermelha	
TRIMETOPRIMA;SULFAMETOXAZOL	BENECTRIN	J1E - ASSOCIAÇÕES DE TRIMETOPRIMA E SIMILARES	Similar	- (*) 	
TRIMETOPRIMA;SULFAMETOXAZOL;CLORIDRATO DE FENAZOPIRIDINA	UROCTRIN	G4A1 - ANTIBIÓTICOS URINÁRIOS	Novo	- (*) 	
TRIÓXIDO DE ARSÊNIO	TRISENOX	L1X9 - TODOS OS OUTROS ANTINEOPLÁSICOS	Novo	Tarja Vermelha sob restrição	
TROMBINA;FIBRINOGÊNIO	TACHOSIL	B2F - PREPARAÇÕES PARA COLAGEM TECIDUAL	Biológico	- (*) 	
TROMETAMOL CETOROLACO	TROMETAMOL CETOROLACO	N2B1 - ANALGÉSICOS NÃO NARCÓTICOS E ANTIPIRÉTICOS SOB PRESCRIÇÃO	Genérico	Tarja Vermelha	
TROMETAMOL CETOROLACO	VÓRIC	N2B1 - ANALGÉSICOS NÃO NARCÓTICOS E ANTIPIRÉTICOS SOB PRESCRIÇÃO	Similar	Tarja Vermelha	
TROMETAMOL CETOROLACO	TROMETAMOL CETOROLACO	S1R - ANTIINFLAMATÓRIOS OFTALMOLÓGICOS NÃO ESTEROIDAIS	Genérico	Tarja Vermelha	
TROMETAMOL CETOROLACO	TEROQUATRO	S1R - ANTIINFLAMATÓRIOS OFTALMOLÓGICOS NÃO ESTEROIDAIS	Similar	Tarja Vermelha	
TROMETAMOL CETOROLACO	ULTROX	N2B1 - ANALGÉSICOS NÃO NARCÓTICOS E ANTIPIRÉTICOS SOB PRESCRIÇÃO	Similar	Tarja Vermelha	
TROMETAMOL CETOROLACO	CETROLAC SL	N2B1 - ANALGÉSICOS NÃO NARCÓTICOS E ANTIPIRÉTICOS SOB PRESCRIÇÃO	Similar	Tarja Vermelha	
TROMETAMOL CETOROLACO	TROMETAMOL CETOROLACO	N2B1 - ANALGÉSICOS NÃO NARCÓTICOS E ANTIPIRÉTICOS SOB PRESCRIÇÃO	Genérico	Tarja Vermelha	
TROMETAMOL CETOROLACO	TOTTI SL	N2B1 - ANALGÉSICOS NÃO NARCÓTICOS E ANTIPIRÉTICOS SOB PRESCRIÇÃO	Similar	Tarja Vermelha	
TROMETAMOL CETOROLACO	TROMETAMOL CETOROLACO	N2B1 - ANALGÉSICOS NÃO NARCÓTICOS E ANTIPIRÉTICOS SOB PRESCRIÇÃO	Genérico	Tarja Vermelha	
TROMETAMOL CETOROLACO	TORMIV SL	N2B1 - ANALGÉSICOS NÃO NARCÓTICOS E ANTIPIRÉTICOS SOB PRESCRIÇÃO	Similar	Tarja Vermelha	
TROMETAMOL CETOROLACO	TORMIV ODG	N2B1 - ANALGÉSICOS NÃO NARCÓTICOS E ANTIPIRÉTICOS SOB PRESCRIÇÃO	Novo	Tarja Vermelha	
TROMETAMOL CETOROLACO	TROMETAMOL CETOROLACO	S1R - ANTIINFLAMATÓRIOS OFTALMOLÓGICOS NÃO ESTEROIDAIS	Genérico	Tarja Vermelha	
TROMETAMOL CETOROLACO	KETHOL	N2B1 - ANALGÉSICOS NÃO NARCÓTICOS E ANTIPIRÉTICOS SOB PRESCRIÇÃO	Similar	Tarja Vermelha	
TROMETAMOL CETOROLACO	TROMETAMOL CETOROLACO	N2B1 - ANALGÉSICOS NÃO NARCÓTICOS E ANTIPIRÉTICOS SOB PRESCRIÇÃO	Genérico	Tarja Vermelha	
TROMETAMOL CETOROLACO	MYTRO	N2B1 - ANALGÉSICOS NÃO NARCÓTICOS E ANTIPIRÉTICOS SOB PRESCRIÇÃO	Similar	Tarja Vermelha	
TROMETAMOL CETOROLACO	ZOTY	N2B1 - ANALGÉSICOS NÃO NARCÓTICOS E ANTIPIRÉTICOS SOB PRESCRIÇÃO	Similar	Tarja Vermelha	
TROMETAMOL CETOROLACO	TROMETAMOL CETOROLACO	N2B1 - ANALGÉSICOS NÃO NARCÓTICOS E ANTIPIRÉTICOS SOB PRESCRIÇÃO	Genérico	Tarja Vermelha	
TROMETAMOL CETOROLACO	TROMETAMOL CETOROLACO	N2B1 - ANALGÉSICOS NÃO NARCÓTICOS E ANTIPIRÉTICOS SOB PRESCRIÇÃO	Genérico	Tarja Vermelha	
TROMETAMOL CETOROLACO	SYMDULOR SL	N2B1 - ANALGÉSICOS NÃO NARCÓTICOS E ANTIPIRÉTICOS SOB PRESCRIÇÃO	Similar	Tarja Vermelha	
TROMETAMOL CETOROLACO	TROMETAMOL CETOROLACO	N2B1 - ANALGÉSICOS NÃO NARCÓTICOS E ANTIPIRÉTICOS SOB PRESCRIÇÃO	Genérico	Tarja Vermelha	
TROMETAMOL CETOROLACO	TROMETAMOL CETOROLACO	N2B1 - ANALGÉSICOS NÃO NARCÓTICOS E ANTIPIRÉTICOS SOB PRESCRIÇÃO	Genérico	Tarja Vermelha	
TROMETAMOL CETOROLACO	KELAC	N2B1 - ANALGÉSICOS NÃO NARCÓTICOS E ANTIPIRÉTICOS SOB PRESCRIÇÃO	Similar	Tarja Vermelha	
TROMETAMOL CETOROLACO	KETTO	N2B1 - ANALGÉSICOS NÃO NARCÓTICOS E ANTIPIRÉTICOS SOB PRESCRIÇÃO	Similar	Tarja Vermelha	
TROPICAMIDA	MYDRIACYL	S1F - MIDRIÁTICOS E CICLOPLÉGICOS	Novo	Tarja Vermelha	
TROPICAMIDA	CICLOMIDRIN	S1F - MIDRIÁTICOS E CICLOPLÉGICOS	Similar	- (*) 	
TROXERRUTINA;CUMARINA	VARICOSS	C5B - TERAPIA ANTIVARICOSA TÓPICA	Específico	- (*) 	
TROXERRUTINA;CUMARINA	VENALOT	C5C - VASOPROTETORES SISTÊMICOS	Específico	Tarja Vermelha	
UNCARIA TOMENTOSA (WILLD. EX ROEM. & SCHULT.) DC. .	IMUNOMAX GEL	D6D9 - OUTROS PRODUTOS TÓPICOS PARA INFECÇÕES VIRAIS	Fitoterápico	- (*) 	
UNDECILATO DE TESTOSTERONA	UNDECILATO DE TESTOSTERONA	G3B - ANDRÓGENOS EXCLUINDO G3E, G3F	Genérico	Tarja Vermelha sob restrição	
UNDECILATO DE TESTOSTERONA	HORMUS	G3B - ANDRÓGENOS EXCLUINDO G3E, G3F	Similar	Tarja Vermelha sob restrição	
UNDECILATO DE TESTOSTERONA	DAEM	G3B - ANDRÓGENOS EXCLUINDO G3E, G3F	Similar	Tarja Vermelha sob restrição	
UNDECILATO DE TESTOSTERONA	ATESTO	G3B - ANDRÓGENOS EXCLUINDO G3E, G3F	Similar	Tarja Vermelha sob restrição	
UNDECILATO DE TESTOSTERONA	UNDECILATO DE TESTOSTERONA	G3B - ANDRÓGENOS EXCLUINDO G3E, G3F	Genérico	Tarja Vermelha sob restrição	
UNDECILATO DE TESTOSTERONA	TEZDRO	G3B - ANDRÓGENOS EXCLUINDO G3E, G3F	Similar	Tarja Vermelha sob restrição	
UNDECILATO DE TESTOSTERONA	NEBIDO	G3B - ANDRÓGENOS EXCLUINDO G3E, G3F	Novo	Tarja Vermelha sob restrição	
UPADACITINIBE HEMI-HIDRATADO	RINVOQ	L4D - INIBIDORES DE JAK	Novo	Tarja Vermelha	
UROFOLITROPINA	FOSTIMON-M	G3G - GONADOTROFINAS INCLUINDO OUTROS ESTIMULANTES PARA OVULAÇÃO	Biológico	- (*) 	
URÉIA	NUTRAPLUS	D2A - EMOLIENTES PROTETORES DERMATOLÓGICOS	Novo	Tarja Sem Tarja	
URÉIA	NUTRAPLUS 20	D2A - EMOLIENTES PROTETORES DERMATOLÓGICOS	Similar	Tarja Sem Tarja	
URÉIA	UREADIN	D2A - EMOLIENTES PROTETORES DERMATOLÓGICOS	Novo	Tarja Sem Tarja	
USTEQUINUMABE	WEZENLA	L4C - INIBIDORES DA INTERLEUCINA	Biológico	Tarja Vermelha	
USTEQUINUMABE	STELARA	L4C - INIBIDORES DA INTERLEUCINA	Biológico	- (*) 	
USTEQUINUMABE	EPYZTEK	L4C - INIBIDORES DA INTERLEUCINA	Biológico	Tarja Vermelha	
VACCINIUM MACROCARPON AITON	ELLURA	G04A9 - OUTROS ANTI-SÉPTICOS URINÁRIOS	Fitoterápico	Tarja Sem Tarja	
VACINA ADSORVIDA MENINGOCÓCICA B (RECOMBINANTE)	TRUMENBA	J7D2 - VACINAS MENINGOCÓCICAS	Biológico	Tarja Vermelha	
VACINA BCG	VACINA BCG	J07A9 - Outro componente único especificado	    -     	- (*) 	
VACINA CHIKUNGUNYA (RECOMBINANTE E ATENUADA)	IXCHIQ	J7E9 - TODAS OUTRAS VACINAS VIRAIS	Biológico	Tarja Vermelha	
VACINA CONTRA SARAMPO	VACINA SARAMPO, CAXUMBA, RUBÉOLA (ATENUADA)	J7B2 - ASSOCIAÇÔES COM VACINA ANTI-SARAMPO E PAROTIDITE	Biológico	- (*) 	
VACINA COVID-19	COMIRNATY	J7E6 - Vacinas para o coronavírus	Biológico	Tarja Vermelha	
VACINA COVID-19	SPIKEVAX	J7E6 - Vacinas para o coronavírus	Biológico	Tarja Vermelha	
VACINA COVID-19 (RECOMBINANTE)	VACINA COVID-19 (RECOMBINANTE)	J7E6 - Vacinas para o coronavírus	Biológico	Tarja Vermelha	
VACINA COVID-19 (RECOMBINANTE)	VACINA COVID-19 (RECOMBINANTE)	J7E6 - Vacinas para o coronavírus	Biológico	- (*) 	
VACINA COVID-19 BIVALENTE	SPIKEVAX BIVALENTE	J7E6 - Vacinas para o coronavírus	Biológico	Tarja Vermelha	
VACINA DENGUE 1, 2, 3 E 4 (ATENUADA)	QDENGA	J7E9 - TODAS OUTRAS VACINAS VIRAIS	Biológico	Tarja Vermelha	
VACINA DENGUE 1, 2, 3 E 4 (ATENUADA)	BUTANTAN-DV	J07C0 - TODAS A OUTRAS VACINAS	Biológico	- (*) 	
VACINA HAEMOPHILUS INFLUENZAE B (CONJUGADA) E MENINGOCÓCICA C (CONJUGADA)	VACINA HAEMOPHILUS INFLUENZAE B (CONJUGADA)	J7D3 - VACINAS HAEMOPHILUS B	Biológico	- (*) 	
VACINA HERPES-ZÓSTER (RECOMBINANTE)	SHINGRIX	J7E2 - VACINA CONTRA VARICELLA	Biológico	- (*) 	
VACINA INFLUENZA TETRAVALENTE (INATIVADA, SUBUNITÁRIA)	INFLUVAC TETRA	J7E1 - VACINA PARA GRIPE (INFLUENZA)	Biológico	Tarja Vermelha	
VACINA INFLUENZA TRIVALENTE (INATIVADA, SUBUNITÁRIA)	INFLUVAC	J7E1 - VACINA PARA GRIPE (INFLUENZA)	    -     	- (*) 	
VACINA RAIVA (INATIVADA)	VACINA RAIVA(INATIVADA)	J7E9 - TODAS OUTRAS VACINAS VIRAIS	Biológico	- (*) 	
VACINA RAIVA (INATIVADA)	VACINA RAIVA (INATIVADA)	J7E9 - TODAS OUTRAS VACINAS VIRAIS	    -     	- (*) 	
VACINA SARAMPO, CAXUMBA, RUBÉOLA (ATENUADA)	PRIORIX	J7B2 - ASSOCIAÇÔES COM VACINA ANTI-SARAMPO E PAROTIDITE	Biológico	- (*) 	
VACINA VÍRUS SINCICIAL RESPIRATÓRIO (RECOMBINANTE, ADJUVADA)	AREXVY	J7E7 - VACINAS CONTRA O VÍRUS SINCICIAL RESPIRATÓRIO (RSV)	Biológico	Tarja Vermelha	
VACINA VÍRUS SINCICIAL RESPIRATÓRIO A E B (RECOMBINANTE)	ABRYSVO	J7E7 - VACINAS CONTRA O VÍRUS SINCICIAL RESPIRATÓRIO (RSV)	Biológico	Tarja Vermelha	
VACINA VÍRUS SINCICIAL RESPIRATÓRIO A E B (RECOMBINANTE)	VACINA DO VÍRUS SINCICIAL RESPIRATÓRIO BIVALENTE (RECOMBINANTE)	J7E7 - VACINAS CONTRA O VÍRUS SINCICIAL RESPIRATÓRIO (RSV)	Biológico	Tarja Vermelha	
VALERATO DE BETAMETASONA	BETNOVATE N	D7B1 - CORTICOESTERÓIDES ASSOCIADOS A ANTIBACTERIANOS	Novo	Tarja Vermelha	
VALERATO DE BETAMETASONA	BETNOVATE	D7A - CORTICOESTERÓIDES TÓPICOS PUROS	Novo	Tarja Vermelha	
VALERATO DE BETAMETASONA	QUADRINEO	D7B3 - CORTICOESTERÓIDES ASSOCIADOS A ANTIMICÓTICOS E ANTIBACTERIANOS	Similar	Tarja Vermelha sob restrição	
VALERATO DE BETAMETASONA	VALERATO BETAMETASONA	D7A - CORTICOESTERÓIDES TÓPICOS PUROS	Genérico	Tarja Vermelha	
VALERATO DE BETAMETASONA	DERMOVAT	D7A - CORTICOESTERÓIDES TÓPICOS PUROS	Similar	- (*) 	
VALERATO DE BETAMETASONA	VALERATO DE BETAMETASONA	D7A - CORTICOESTERÓIDES TÓPICOS PUROS	Genérico	- (*) 	
VALERATO DE BETAMETASONA	VALERATO DE BETAMETASONA	D7A - CORTICOESTERÓIDES TÓPICOS PUROS	Genérico	- (*) 	
VALERATO DE BETAMETASONA	VALERATO DE BETAMETASONA	D7A - CORTICOESTERÓIDES TÓPICOS PUROS	Genérico	Tarja Vermelha	
VALERATO DE DIFLUCORTOLONA;NITRATO DE ISOCONAZOL	ICACORT	D7B2 - CORTICOESTERÓIDES ASSOCIADOS A ANTIMICOTICOS	Novo	Tarja Vermelha	
VALERATO DE ESTRADIOL MICRONIZADO	VALERATO DE ESTRADIOL	G3C - ESTRÓGENOS EXCLUINDO G3A, G3E, G3F	Genérico	Tarja Vermelha	
VALERATO DE ESTRADIOL MICRONIZADO	YVI	G3C - ESTRÓGENOS EXCLUINDO G3A, G3E, G3F	Similar	Tarja Vermelha	
VALERATO DE ESTRADIOL MICRONIZADO	VALERATO DE ESTRADIOL	G3C - ESTRÓGENOS EXCLUINDO G3A, G3E, G3F	Genérico	Tarja Vermelha	
VALERATO DE ESTRADIOL MICRONIZADO	PRIMOGYNA®	G3C - ESTRÓGENOS EXCLUINDO G3A, G3E, G3F	Novo	Tarja Vermelha	
VALERIANA OFFICINALIS L.	VALERINATI	N5B5 - HIPNÓTICOS E SEDATIVOS HERBÁCEOS	Fitoterápico	Tarja Vermelha	
VALERIANA OFFICINALIS L.	CALMITANE	N5B5 - HIPNÓTICOS E SEDATIVOS HERBÁCEOS	Fitoterápico	Tarja Vermelha	
VALERIANA OFFICINALIS L.	VALERIMED	N5B5 - HIPNÓTICOS E SEDATIVOS HERBÁCEOS	Fitoterápico	Tarja Vermelha	
VALERIANA OFFICINALIS L.	VALYANNE	N5B5 - HIPNÓTICOS E SEDATIVOS HERBÁCEOS	Fitoterápico	- (*) 	
VALERIANA OFFICINALIS L.	VALERIANE	FITO - FITOTERÁPICOS	Fitoterápico	Tarja Vermelha	
VALPROATO DE SÓDIO	VALPROATO DE SODIO	N3A - ANTIEPILÉPTICOS	Genérico	Tarja Vermelha	
VALPROATO DE SÓDIO	TORVAL CR	N3A - ANTIEPILÉPTICOS	Novo	Tarja Vermelha	
VALPROATO DE SÓDIO	DEPAKENE	N3A - ANTIEPILÉPTICOS	Novo	Tarja Vermelha sob restrição	
VALPROATO DE SÓDIO	EPILENIL	N3A - ANTIEPILÉPTICOS	Similar	Tarja Vermelha sob restrição	
VALPROATO DE SÓDIO	ÁCIDO VALPRÓICO	N3A - ANTIEPILÉPTICOS	Genérico	Tarja Vermelha sob restrição	
VALPROATO DE SÓDIO	VALPROATO DE SÓDIO	N3A - ANTIEPILÉPTICOS	Genérico	Tarja Vermelha sob restrição	
VALPROATO DE SÓDIO	VALPROATO DE SODIO	N3A - ANTIEPILÉPTICOS	Genérico	- (*) 	
VALPROATO DE SÓDIO	LAVIE	N3A - ANTIEPILÉPTICOS	Similar	Tarja Vermelha sob restrição	
VALPROATO DE SÓDIO	VALPROATO DE SÓDIO	N3A - ANTIEPILÉPTICOS	Genérico	Tarja Vermelha sob restrição	
VALSARTANA	VARTAZ	C9C - ANTAGONISTAS DA ANGIOTENSINA II PUROS	Similar	Tarja Vermelha	
VALSARTANA	VALSARTANA	C9C - ANTAGONISTAS DA ANGIOTENSINA II PUROS	Genérico	Tarja Vermelha	
VALSARTANA	DIOVAN	C9C - ANTAGONISTAS DA ANGIOTENSINA II PUROS	Novo	Tarja Vermelha	
VALSARTANA	VALSARTANA	C9C - ANTAGONISTAS DA ANGIOTENSINA II PUROS	Genérico	Tarja Vermelha	
VALSARTANA	VALSARTANA	C9C - ANTAGONISTAS DA ANGIOTENSINA II PUROS	Genérico	Tarja Vermelha	
VALSARTANA	AVAL	C9C - ANTAGONISTAS DA ANGIOTENSINA II PUROS	Similar	Tarja Vermelha	
VALSARTANA	BRAVAN	C9C - ANTAGONISTAS DA ANGIOTENSINA II PUROS	Similar	- (*) 	
VALSARTANA	VALSARTANA	C9C - ANTAGONISTAS DA ANGIOTENSINA II PUROS	Genérico	- (*) 	
VALSARTANA	VALSARTANA	C9C - ANTAGONISTAS DA ANGIOTENSINA II PUROS	Genérico	Tarja Vermelha	
VALSARTANA	VALSARTANA	C9C - ANTAGONISTAS DA ANGIOTENSINA II PUROS	Genérico	Tarja Vermelha	
VALSARTANA	VALSARTANA	C9C - ANTAGONISTAS DA ANGIOTENSINA II PUROS	Genérico	Tarja Vermelha	
VALSARTANA	BRASART	C9C - ANTAGONISTAS DA ANGIOTENSINA II PUROS	Similar	Tarja Vermelha	
VALSARTANA	BRASART BCC	C9D3 - ANTAGONISTAS DA ANGIOTENSINA II ASSOCIADOS A ANTAGONISTAS DO CÁLCIO	Similar	Tarja Vermelha	
VALSARTANA	VALSARTANA	C9C - ANTAGONISTAS DA ANGIOTENSINA II PUROS	Genérico	Tarja Vermelha	
VALSARTANA	VALSARTANA	C9C - ANTAGONISTAS DA ANGIOTENSINA II PUROS	Genérico	- (*) 	
VALSARTANA;BESILATO DE ANLODIPINO	VALSARTANA + ANLODIPINO	C9D3 - ANTAGONISTAS DA ANGIOTENSINA II ASSOCIADOS A ANTAGONISTAS DO CÁLCIO	Genérico	Tarja Vermelha	
VALSARTANA;BESILATO DE ANLODIPINO	DIOVAN AMLO FIX	C9D3 - ANTAGONISTAS DA ANGIOTENSINA II ASSOCIADOS A ANTAGONISTAS DO CÁLCIO	Novo	Tarja Vermelha	
VALSARTANA;BESILATO DE ANLODIPINO	VALSARTANA + ANLODIPINO	C9D3 - ANTAGONISTAS DA ANGIOTENSINA II ASSOCIADOS A ANTAGONISTAS DO CÁLCIO	Genérico	Tarja Vermelha	
VALSARTANA;BESILATO DE ANLODIPINO	BRAVAN DUO	C9D3 - ANTAGONISTAS DA ANGIOTENSINA II ASSOCIADOS A ANTAGONISTAS DO CÁLCIO	Similar	Tarja Vermelha	
VALSARTANA;BESILATO DE ANLODIPINO	COSARTAN ALP	C9D3 - ANTAGONISTAS DA ANGIOTENSINA II ASSOCIADOS A ANTAGONISTAS DO CÁLCIO	Similar	Tarja Vermelha	
VALSARTANA;HIDROCLOROTIAZIDA	DIOVAN HCT	C9D1 - ANTAGONISTAS DA ANGIOTENSINA II ASSOCIADOS A ANTIHIPERTENSIVOS (C2) E/OU DIURÉTICOS	Novo	Tarja Vermelha	
VALSARTANA;HIDROCLOROTIAZIDA	VALSARTANA + HIDROCLOROTIAZIDA	C9D1 - ANTAGONISTAS DA ANGIOTENSINA II ASSOCIADOS A ANTIHIPERTENSIVOS (C2) E/OU DIURÉTICOS	Genérico	Tarja Vermelha	
VALSARTANA;HIDROCLOROTIAZIDA	BRAVAN HCT	C9D1 - ANTAGONISTAS DA ANGIOTENSINA II ASSOCIADOS A ANTIHIPERTENSIVOS (C2) E/OU DIURÉTICOS	Similar	Tarja Vermelha	
VALSARTANA;HIDROCLOROTIAZIDA	VALSARTANA + HIDROCLOROTIAZIDA	C9D1 - ANTAGONISTAS DA ANGIOTENSINA II ASSOCIADOS A ANTIHIPERTENSIVOS (C2) E/OU DIURÉTICOS	Genérico	Tarja Vermelha	
VALSARTANA;HIDROCLOROTIAZIDA	VALSARTANA + HIDROCLOROTIAZIDA	C9D1 - ANTAGONISTAS DA ANGIOTENSINA II ASSOCIADOS A ANTIHIPERTENSIVOS (C2) E/OU DIURÉTICOS	Genérico	- (*) 	
VALSARTANA;HIDROCLOROTIAZIDA	BRASART HCT	C9D1 - ANTAGONISTAS DA ANGIOTENSINA II ASSOCIADOS A ANTIHIPERTENSIVOS (C2) E/OU DIURÉTICOS	Similar	- (*) 	
VALSARTANA;HIDROCLOROTIAZIDA;BESILATO DE ANLODIPINO	EXFORGE HCT	C9D3 - ANTAGONISTAS DA ANGIOTENSINA II ASSOCIADOS A ANTAGONISTAS DO CÁLCIO	Novo	Tarja Vermelha	
VALSARTANA;SACUBITRIL	ENTRESTO	C9D9 - ANTAGONISTAS DA ANGIOTENSINA II ASSOCIADOS A OUTRA DROGAS	Novo	Tarja Vermelha	
VANDETANIBE	CAPRELSA	L1H9 - OUTROS ANTINEOPLÁSICOS INIBIDORES DA PROTEÍNA KINASE	Novo	Tarja Vermelha	
VARFARINA SÓDICA	VARFARINA SÓDICA	B1A - ANTAGONISTAS DA VITAMINA K	Genérico	Tarja Vermelha	
VARFARINA SÓDICA	MAREVAN	B1A - ANTAGONISTAS DA VITAMINA K	Novo	Tarja Vermelha	
VARFARINA SÓDICA	VARFARINA SÓDICA	B1A - ANTAGONISTAS DA VITAMINA K	Genérico	Tarja Vermelha	
VASOPRESSINA SINTETICA	ENCRISE	H4D - HORMÔNIOS ANTIDIURÉTICOS	Novo	Tarja Vermelha sob restrição	
VEDOLIZUMABE	ENTYVIO	A7E9 - OUTROS PRODUTOS PARA ALTERAÇÕES INFLAMATÓRIAS INTESTINAIS	Biológico	Tarja Vermelha	
VEMURAFENIBE	ZELBORAF	L1H4 - INIBIDORES PREOTEÍNA KINASE ANTINEOPLÁSICOS, BRAF/MEK	Novo	- (*) 	
VENETOCLAX	VENCLEXTA	L1X9 - TODOS OS OUTROS ANTINEOPLÁSICOS	Novo	Tarja Vermelha	
VERBENA OFFICINALIS L;PRIMULA VERIS L. E/OU PRIMULA ELATIOR (L.) HILL;RUMEX CRISPUS L.;GENTIANA LUTEA L.;SAMBUCUS NIGRA L.	SINUPRET	R1B - PREPARAÇÕES SISTÊMICAS NASAIS	Fitoterápico	Tarja Vermelha	
VIGABATRINA	SABRIL	N2D - GABAPENTINOIDES	Novo	Tarja Vermelha sob restrição	
VILDAGLIPTINA	GALVUS	A10N1 - ANTIDIABÉTICOS INIBIDORES DPP-IV  PUROS	Novo	- (*) 	
VILDAGLIPTINA	VILGLI	A10N1 - ANTIDIABÉTICOS INIBIDORES DPP-IV  PUROS	Similar	Tarja Vermelha	
VILDAGLIPTINA	VILDAGLIPTINA	A10N1 - ANTIDIABÉTICOS INIBIDORES DPP-IV  PUROS	Genérico	Tarja Vermelha	
VILDAGLIPTINA	DIGLUSS	A10N1 - ANTIDIABÉTICOS INIBIDORES DPP-IV  PUROS	Similar	Tarja Vermelha	
VILDAGLIPTINA	DIAVITALITY	A10N1 - ANTIDIABÉTICOS INIBIDORES DPP-IV  PUROS	Similar	Tarja Vermelha	
VILDAGLIPTINA	VILDAGLIPTINA	A10N1 - ANTIDIABÉTICOS INIBIDORES DPP-IV  PUROS	Genérico	Tarja Vermelha	
VILDAGLIPTINA	VILDAGLIPTINA	A10N1 - ANTIDIABÉTICOS INIBIDORES DPP-IV  PUROS	Genérico	Tarja Vermelha	
VILDAGLIPTINA	VILDAGLIPTINA	A10N1 - ANTIDIABÉTICOS INIBIDORES DPP-IV  PUROS	Genérico	Tarja Vermelha	
VILDAGLIPTINA	MAHAN	A10N1 - ANTIDIABÉTICOS INIBIDORES DPP-IV  PUROS	Similar	Tarja Vermelha	
VILDAGLIPTINA	VILDAGLIPTINA	A10N1 - ANTIDIABÉTICOS INIBIDORES DPP-IV  PUROS	Genérico	Tarja Vermelha	
VILDAGLIPTINA	LUNIERA	A10N1 - ANTIDIABÉTICOS INIBIDORES DPP-IV  PUROS	Similar	Tarja Vermelha	
VILDAGLIPTINA	VILDAGLIPTINA	A10N1 - ANTIDIABÉTICOS INIBIDORES DPP-IV  PUROS	Genérico	Tarja Vermelha	
VILDAGLIPTINA	GLYTCO	A10N1 - ANTIDIABÉTICOS INIBIDORES DPP-IV  PUROS	Similar	Tarja Vermelha	
VILDAGLIPTINA;CLORIDRATO DE METFORMINA	GALVUS MET	A10N3 - ASSOCIAÇÕES DE INIBIDORES DPP-IV COM BIGUANIDAS	Novo	- (*) 	
VILDAGLIPTINA;CLORIDRATO DE METFORMINA	VILDAGLIPTINA + CLORIDRATO DE METFORMINA	A10N3 - ASSOCIAÇÕES DE INIBIDORES DPP-IV COM BIGUANIDAS	Genérico	Tarja Vermelha	
VILDAGLIPTINA;CLORIDRATO DE METFORMINA	VIZ MET	A10N3 - ASSOCIAÇÕES DE INIBIDORES DPP-IV COM BIGUANIDAS	Similar	Tarja Vermelha	
VILDAGLIPTINA;CLORIDRATO DE METFORMINA	VILDAGLIPTINA + CLORIDRATO DE METFORMINA	A10N3 - ASSOCIAÇÕES DE INIBIDORES DPP-IV COM BIGUANIDAS	Genérico	Tarja Vermelha	
VIMPOCETINA	VICOG	C4A1 - VASOTERAPÊUTICOS CEREBRAIS E PERIFÉRICOS, EXCLUINDO ANTOAGONISTAS DE CÁLCIO COM AÇÃO CEREBRAL	Novo	Tarja Vermelha sob restrição	
VINFLUNINA	JAVLOR	L1C1 - AGENTES ANTINEOPLÁSICOS ALCALÓIDES DA VINCA	Novo	Tarja Vermelha	
VINORELBINA	NORELBIN	L1C1 - AGENTES ANTINEOPLÁSICOS ALCALÓIDES DA VINCA	Similar	- (*) 	
VIPIVOTIDA TETRAXETANA (177 LU)	PLUVICTO	V3C - RADIOFÁRMACOS	Radiofármaco	- (*) 	
VIRUS DA VARICELA	VARIVAX	J7E2 - VACINA CONTRA VARICELLA	Biológico	Tarja Vermelha	
VIRUS DA VARICELA	VACINA VARICELA (ATENUADA)	J7E2 - VACINA CONTRA VARICELLA	Biológico	Tarja Vermelha	
VISMODEGIBE	ERIVEDGE	L1X6 - ANTINEOPLÁSICOS INIBIDORES DA VIA HEDGEHOG	Novo	- (*) 	
VITAMINA B1;NICOTINAMIDA;VITAMINA B2;VITAMINA B6;PANTOTENATO DE CÁLCIO	B-VIT	A11B4 - POLIVITAMÍNICOS SEM MINERAIS, OUTROS	Específico	- (*) 	
VITEX AGNUS-CASTUS L.	TENAG	G2X9 - OUTROS GINECOLÓGICOS	Fitoterápico	Tarja Vermelha	
VOLANESORSENA SÓDICA	WAYLIVRA	C10A9 - PRODUTOS REGULADORES DE LÍPIDIOS, OUTROS	Novo	Tarja Vermelha	
VORETIGENO NEPARVOVEQUE	LUXTURNA	S1X1 - OUTROS PRODUTOS OFTALMOLÓGICO SISTÊMICOS	Produto de Terapia Avançada	Tarja Vermelha	
VORICONAZOL	VEAC	J2A - AGENTES SISTÊMICOS PARA INFECÇÕES FÚNGICAS	Similar	- (*) 	
VORICONAZOL	VELENAXOL	J2A - AGENTES SISTÊMICOS PARA INFECÇÕES FÚNGICAS	Similar	Tarja Vermelha	
VORICONAZOL	VORICONAZOL	J2A - AGENTES SISTÊMICOS PARA INFECÇÕES FÚNGICAS	Genérico	Tarja Vermelha	
VORICONAZOL	VORI	J2A - AGENTES SISTÊMICOS PARA INFECÇÕES FÚNGICAS	Similar	- (*) 	
VORICONAZOL	VORI INJ	J2A - AGENTES SISTÊMICOS PARA INFECÇÕES FÚNGICAS	Similar	Tarja Vermelha	
VORICONAZOL	MICEND	J2A - AGENTES SISTÊMICOS PARA INFECÇÕES FÚNGICAS	Similar	Tarja Vermelha	
VORICONAZOL	VFEND	J2A - AGENTES SISTÊMICOS PARA INFECÇÕES FÚNGICAS	Novo	Tarja Vermelha	
VORICONAZOL	VORICONAZOL	J2A - AGENTES SISTÊMICOS PARA INFECÇÕES FÚNGICAS	Genérico	Tarja Vermelha	
VORICONAZOL	VORICONAZOL	J2A - AGENTES SISTÊMICOS PARA INFECÇÕES FÚNGICAS	Genérico	Tarja Vermelha	
VORICONAZOL	HYVORA	J2A - AGENTES SISTÊMICOS PARA INFECÇÕES FÚNGICAS	Similar	Tarja Vermelha	
VORICONAZOL	VZOM	J2A - AGENTES SISTÊMICOS PARA INFECÇÕES FÚNGICAS	Similar	Tarja Vermelha	
VORICONAZOL	VORICONAZOL	J2A - AGENTES SISTÊMICOS PARA INFECÇÕES FÚNGICAS	Genérico	Tarja Vermelha	
VORICONAZOL	VORICONAZOL	J2A - AGENTES SISTÊMICOS PARA INFECÇÕES FÚNGICAS	Genérico	Tarja Vermelha	
VOSORITIDA	VOXZOGO	M5X - TODOS OS OUTROS FÁRMACOS COM AÇÃO MÚSCULO-ESQUELÉTICA	Biológico	Tarja Vermelha	
VUTRISIRANA SÓDICA	AMVUTTRA	N7X - TODOS OS OUTROS PRODUTOS PARA O SISTEMA NERVOSO CENTRAL	Novo	Tarja Vermelha	
VÍRUS 17D DA FEBRE AMARELA	VACINA FEBRE AMARELA (ATENUADA)	J7E9 - TODAS OUTRAS VACINAS VIRAIS	Novo	- (*) 	
VÍRUS 17D DA FEBRE AMARELA	STAMARIL	J7E9 - TODAS OUTRAS VACINAS VIRAIS	    -     	- (*) 	
VÍRUS DA CAXUMBA;VÍRUS DA RUBEOLA;VÍRUS DO SARAMPO	M-M-R II	J7B2 - ASSOCIAÇÔES COM VACINA ANTI-SARAMPO E PAROTIDITE	Biológico	- (*) 	
VÍRUS DA CAXUMBA;VÍRUS DA RUBEOLA;VÍRUS DO SARAMPO;VIRUS DA VARICELA	PROQUAD	J7B2 - ASSOCIAÇÔES COM VACINA ANTI-SARAMPO E PAROTIDITE	Biológico	Tarja Vermelha	
VÍRUS DA CAXUMBA;VÍRUS DA RUBEOLA;VÍRUS DO SARAMPO;VIRUS DA VARICELA	VACINA SARAMPO, CAXUMBA, RUBÉOLA E VARICELA (ATENUADA)	J7B2 - ASSOCIAÇÔES COM VACINA ANTI-SARAMPO E PAROTIDITE	Biológico	Tarja Vermelha	
VÍRUS DA CAXUMBA;VÍRUS DA RUBEOLA;VÍRUS DO SARAMPO;VÍRUS DA VARICELA -ZOSTER	PRIORIX TETRA	J7B2 - ASSOCIAÇÔES COM VACINA ANTI-SARAMPO E PAROTIDITE	Biológico	- (*) 	
VÍRUS DA HEPATITE A INATIVADO	HAVRIX	J7E4 - VACINA PARA HEPATITE	Novo	- (*) 	
VÍRUS DA HEPATITE A INATIVADO;ANTÍGENO DE SUPERFÍCIE DA HEPATITE B	TWINRIX	J7E4 - VACINA PARA HEPATITE	Novo	- (*) 	
VÍRUS DA HEPATITE A PURIFICADO INATIVADO	VAQTA	J7E4 - VACINA PARA HEPATITE	Novo	- (*) 	
VÍRUS DA HEPATITE A PURIFICADO INATIVADO	VAQTA	J7E4 - VACINA PARA HEPATITE	Novo	- (*) 	
VÍRUS DA HEPATITE A PURIFICADO INATIVADO	VACINA ADSORVIDA HEPATITE A (INATIVADA)	J7E4 - VACINA PARA HEPATITE	Biológico	Tarja Vermelha	
VÍRUS DA HEPATITE A PURIFICADO INATIVADO	AVAXIM	J7E4 - VACINA PARA HEPATITE	Biológico	- (*) 	
VÍRUS DA VARICELA -ZOSTER	VARILRIX	J7E2 - VACINA CONTRA VARICELLA	Novo	- (*) 	
VÍRUS DA VARICELA -ZOSTER	ZOSTAVAX	J7E2 - VACINA CONTRA VARICELLA	Biológico	- (*) 	
VÍRUS QUIMÉRICO FEBRE AMARELA DENGUE SOROTIPO 4;VÍRUS QUIMÉRICO FEBRE AMARELA DENGUE SOROTIPO 3;VÍRUS QUIMÉRICO FEBRE AMARELA DENGUE SOROTIPO 2;VÍRUS QUIMÉRICO FEBRE AMARELA DENGUE SOROTIPO 1	DENGVAXIA	J7E9 - TODAS OUTRAS VACINAS VIRAIS	Biológico	- (*) 	
XINAFOATO DE SALMETEROL;PROPIONATO DE FLUTICASONA	XINAFOATO DE SALMETEROL + PROPIONATO DE FLUTICASONA	R3F1 - ANTIASMÁTICOS/DPOC AGONISTAS B2 ASSOCIADOS A CORTICOSTERÓIDES, INALANTES	Genérico	Tarja Vermelha	
XINAFOATO DE SALMETEROL;PROPIONATO DE FLUTICASONA	COMBIWAVE	R3F1 - ANTIASMÁTICOS/DPOC AGONISTAS B2 ASSOCIADOS A CORTICOSTERÓIDES, INALANTES	Similar	Tarja Vermelha	
ZANAMIVIR	RELENZA	J5B4 - ANTIVIRAIS PARA INFLUENZA	Novo	- (*) 	
ZANUBRUTINIBE	BRUKINSA	L1H6 - ANTINEOPLÁSICOS INIBIDORES DA PROTEÍNA QUINASE, BTK	Novo	Tarja Vermelha	
ZIDOVUDINA	LAFEPE ZIDOVUDINA	J5C1 - ANTIVIRAIS ANTI-HIV INIBIDORES DA TRANSCRIPTASE REVERSA NUCLEOSÍDEOS E NUCLEOTÍDEOS	Similar	- (*) 	
ZIDOVUDINA	ZIDOVIR	J5C1 - ANTIVIRAIS ANTI-HIV INIBIDORES DA TRANSCRIPTASE REVERSA NUCLEOSÍDEOS E NUCLEOTÍDEOS	Similar	Tarja Sem Tarja	
ZIDOVUDINA	FAR-MANGUINHOS ZIDOVUDINA	J5C1 - ANTIVIRAIS ANTI-HIV INIBIDORES DA TRANSCRIPTASE REVERSA NUCLEOSÍDEOS E NUCLEOTÍDEOS	Similar	- (*) 	
ZIDOVUDINA;LAMIVUDINA	BIOVIR	J5C1 - ANTIVIRAIS ANTI-HIV INIBIDORES DA TRANSCRIPTASE REVERSA NUCLEOSÍDEOS E NUCLEOTÍDEOS	Novo	Tarja Vermelha	
ZIDOVUDINA;LAMIVUDINA	FURP-LAMIVUDINA + ZIDOVUDINA	J5C1 - ANTIVIRAIS ANTI-HIV INIBIDORES DA TRANSCRIPTASE REVERSA NUCLEOSÍDEOS E NUCLEOTÍDEOS	Similar	Tarja Vermelha	
ZIDOVUDINA;LAMIVUDINA	FAR-MANGUINHOS-LAMIVUDINA+ZIDOVUDINA	J5C1 - ANTIVIRAIS ANTI-HIV INIBIDORES DA TRANSCRIPTASE REVERSA NUCLEOSÍDEOS E NUCLEOTÍDEOS	Similar	Tarja Vermelha	
ZIDOVUDINA;LAMIVUDINA	LAFEPE -ZIDOVUDINA + LAMIVUDINA	J5C1 - ANTIVIRAIS ANTI-HIV INIBIDORES DA TRANSCRIPTASE REVERSA NUCLEOSÍDEOS E NUCLEOTÍDEOS	Similar	- (*) 	
ZINGIBER OFFICINALE ROSCOE	GENGIMIN	A4A9 - OUTROS ANTIEMÉTICOS E ANTINAUSEANTES	Fitoterápico	Tarja Sem Tarja	
ZOLBETUXIMABE	VYLOY	L1G9 - ANTICORPOS MONOCLONAIS ANTINEOPLÁSICOS, OUTROS	Biológico	Tarja Vermelha	
ZOLMITRIPTANA	ZOMIG	N2C1 - ANTIENXAQUECOSOS TRIPTÂNICOS	Novo	Tarja Vermelha	
ZOPICLONA	IMOVANE	N5B1 - HIPNÓTICOS E SEDATIVOS NÃO BARBITÚRICOS PUROS	Novo	Tarja Preta	
ÁCIDO ACETILSALICÍLICO	SALICETIL	N2B2 - ANALGÉSICOS NÃO NARCÓTICOS E ANTIPIRÉTICOS ISENTOS DE PRESCRIÇÃO	Similar	- (*) 	
ÁCIDO ACETILSALICÍLICO	ÁCIDO ACETILSALICÍLICO	B1C1 - INIBIDORES DA AGREGAÇÃO PLAQUETÁRIA, CICLO-OXIGENASE INIBIDORES 	Genérico	Tarja Vermelha	
ÁCIDO ACETILSALICÍLICO	SALIPREVI	B1C1 - INIBIDORES DA AGREGAÇÃO PLAQUETÁRIA, CICLO-OXIGENASE INIBIDORES 	Similar	Tarja Vermelha	
ÁCIDO ACETILSALICÍLICO	ACIDO ACETILSALICILICO	N2B2 - ANALGÉSICOS NÃO NARCÓTICOS E ANTIPIRÉTICOS ISENTOS DE PRESCRIÇÃO	Genérico	Tarja Sem Tarja	
ÁCIDO ACETILSALICÍLICO	ACETICIL	N2B2 - ANALGÉSICOS NÃO NARCÓTICOS E ANTIPIRÉTICOS ISENTOS DE PRESCRIÇÃO	Similar	- (*) 	
ÁCIDO ACETILSALICÍLICO	AS-MED	N2B2 - ANALGÉSICOS NÃO NARCÓTICOS E ANTIPIRÉTICOS ISENTOS DE PRESCRIÇÃO	Similar	Tarja Sem Tarja	
ÁCIDO ACETILSALICÍLICO	ECASIL-81	B1C1 - INIBIDORES DA AGREGAÇÃO PLAQUETÁRIA, CICLO-OXIGENASE INIBIDORES 	Novo	- (*) 	
ÁCIDO ACETILSALICÍLICO	ASPIRINA	N2B2 - ANALGÉSICOS NÃO NARCÓTICOS E ANTIPIRÉTICOS ISENTOS DE PRESCRIÇÃO	Novo	- (*) 	
ÁCIDO ACETILSALICÍLICO	ASPIRINA PREVENT	B1C1 - INIBIDORES DA AGREGAÇÃO PLAQUETÁRIA, CICLO-OXIGENASE INIBIDORES 	Novo	- (*) 	
ÁCIDO ACETILSALICÍLICO	AAS PROTECT	B1C1 - INIBIDORES DA AGREGAÇÃO PLAQUETÁRIA, CICLO-OXIGENASE INIBIDORES 	Similar	Tarja Vermelha	
ÁCIDO ACETILSALICÍLICO	AAS PROTECT	B1C1 - INIBIDORES DA AGREGAÇÃO PLAQUETÁRIA, CICLO-OXIGENASE INIBIDORES 	Similar	Tarja Vermelha	
ÁCIDO ACETILSALICÍLICO;ÁCIDO ASCÓRBICO	ASPIRINA C EFERVESCENTE	N2B2 - ANALGÉSICOS NÃO NARCÓTICOS E ANTIPIRÉTICOS ISENTOS DE PRESCRIÇÃO	Novo	Tarja Sem Tarja	
ÁCIDO AMINOCAPRÓICO	IPSILON	B2A1 - ANTIFIBRINOLÍTICOS SINTÉTICOS	Novo	Tarja Vermelha	
ÁCIDO ASCÓRBICO	VAGI C	G2X9 - OUTROS GINECOLÓGICOS	Específico	Tarja Vermelha	
ÁCIDO ASCÓRBICO	VITASANTISA C	A11G1 - VITAMINA C PURA	Específico	Tarja Vermelha	
ÁCIDO ASCÓRBICO	SANTISAVIT C	A11G1 - VITAMINA C PURA	Específico	Tarja Vermelha	
ÁCIDO ASCÓRBICO	ÁCIDO ASCÓRBICO HYPOFARMA	A11G1 - VITAMINA C PURA	Específico	Tarja Vermelha	
ÁCIDO ASCÓRBICO	BIO-C	A11G1 - VITAMINA C PURA	Específico	Tarja Sem Tarja	
ÁCIDO ASCÓRBICO	VITAMINA C INJETÁVEL	A11G1 - VITAMINA C PURA	Específico	Tarja Vermelha	
ÁCIDO ASCÓRBICO	VITERGYL C	A11G1 - VITAMINA C PURA	Específico	Tarja Sem Tarja	
ÁCIDO ASCÓRBICO	VITARISTON C	A11G1 - VITAMINA C PURA	Específico	- (*) 	
ÁCIDO ASCÓRBICO	CEBION	A11G1 - VITAMINA C PURA	Específico	- (*) 	
ÁCIDO ASCÓRBICO	VITER C	A11G1 - VITAMINA C PURA	Específico	Tarja Sem Tarja	
ÁCIDO ASCÓRBICO	REDOXON	A11G1 - VITAMINA C PURA	Específico	Tarja Sem Tarja	
ÁCIDO ASCÓRBICO	CEWIN	A11G1 - VITAMINA C PURA	Específico	- (*) 	
ÁCIDO ASCÓRBICO;CITRATO DE ZINCO	ENERGIL ZINCO	A11G2 - ASSOCIAÇÕES COM VITAMINA C	Específico	- (*) 	
ÁCIDO AZELAICO	ZELLA	D10A - ANTIACNEICOS TÓPICOS	Similar	Tarja Sem Tarja	
ÁCIDO AZELAICO	AZELAN	D10A - ANTIACNEICOS TÓPICOS	Novo	Tarja Sem Tarja	
ÁCIDO BEMPEDOICO;EZETIMIBA	NUSTENDI	C10A9 - PRODUTOS REGULADORES DE LÍPIDIOS, OUTROS	Novo	Tarja Vermelha	
ÁCIDO BENZÓICO;TERPINA MONOIDRATADA;MENTOL;EUCALIPTOL	PENETRO	R1A4 - ANTI-INFECCIOSOS NASAIS SEM CORTICOSTERÓIDES	Similar	Tarja Sem Tarja	
ÁCIDO CARGLÚMICO	CARBAGLU	A16A - OUTROS PRODUTOS PARA O APARELHO DIGESTÓRIO E METABOLISMO	Novo	Tarja Vermelha	
ÁCIDO CÍTRICO ANIDRO;BICARBONATO DE SÓDIO;SULFATO DE MAGNÉSIO	SAL DE ANDREWS	A2A6 - ANTIÁCIDOS COM OUTROS FÁRMACOS	Específico	Tarja Sem Tarja	
ÁCIDO FUMÁRICO SIPONIMODE	KIENDRA	N7A - PRODUTOS PARA ESCLEROSE MÚLTIPLA	Novo	Tarja Vermelha	
ÁCIDO FUSÍDICO	VERUTEX	D6A - ANTIBIÓTICOS TÓPICOS	Novo	Tarja Vermelha	
ÁCIDO FUSÍDICO;VALERATO DE BETAMETASONA	ÁCIDO FUSÍDICO + VALERATO DE BETAMETASONA	D7B1 - CORTICOESTERÓIDES ASSOCIADOS A ANTIBACTERIANOS	Genérico	Tarja Vermelha sob restrição	
ÁCIDO FUSÍDICO;VALERATO DE BETAMETASONA	VERUTEX B	D7B1 - CORTICOESTERÓIDES ASSOCIADOS A ANTIBACTERIANOS	Novo	Tarja Vermelha	
ÁCIDO FÓLICO	ENDOFOLIN	B3X - OUTROS PRODUTOS ANTIANÊMICOS, INCLUINDO ÁCIDO FÓLICO, ÁCIDO FOLÍNICO	Específico	Tarja Vermelha	
ÁCIDO FÓLICO	FOLIFOLIN	B3X - OUTROS PRODUTOS ANTIANÊMICOS, INCLUINDO ÁCIDO FÓLICO, ÁCIDO FOLÍNICO	Específico	- (*) 	
ÁCIDO FÓLICO	AFOPIC	B3X - OUTROS PRODUTOS ANTIANÊMICOS, INCLUINDO ÁCIDO FÓLICO, ÁCIDO FOLÍNICO	Específico	- (*) 	
ÁCIDO FÓLICO	PRÉ-FOLIC	B3X - OUTROS PRODUTOS ANTIANÊMICOS, INCLUINDO ÁCIDO FÓLICO, ÁCIDO FOLÍNICO	Específico	Tarja Vermelha	
ÁCIDO FÓLICO	FOLIN	B3X - OUTROS PRODUTOS ANTIANÊMICOS, INCLUINDO ÁCIDO FÓLICO, ÁCIDO FOLÍNICO	Específico	Tarja Vermelha	
ÁCIDO FÓLICO	ACFOL	B3X - OUTROS PRODUTOS ANTIANÊMICOS, INCLUINDO ÁCIDO FÓLICO, ÁCIDO FOLÍNICO	Específico	- (*) 	
ÁCIDO FÓLICO	HIPOFOL	B3X - OUTROS PRODUTOS ANTIANÊMICOS, INCLUINDO ÁCIDO FÓLICO, ÁCIDO FOLÍNICO	Específico	Tarja Vermelha	
ÁCIDO FÓLICO	AFOLIC INFANTIL	B3X - OUTROS PRODUTOS ANTIANÊMICOS, INCLUINDO ÁCIDO FÓLICO, ÁCIDO FOLÍNICO	Específico	- (*) 	
ÁCIDO FÓLICO	AFOLIC	B3X - OUTROS PRODUTOS ANTIANÊMICOS, INCLUINDO ÁCIDO FÓLICO, ÁCIDO FOLÍNICO	Específico	- (*) 	
ÁCIDO FÓLICO	FOLONIN	B3X - OUTROS PRODUTOS ANTIANÊMICOS, INCLUINDO ÁCIDO FÓLICO, ÁCIDO FOLÍNICO	Específico	- (*) 	
ÁCIDO FÓLICO	NEO FÓLICO	B3X - OUTROS PRODUTOS ANTIANÊMICOS, INCLUINDO ÁCIDO FÓLICO, ÁCIDO FOLÍNICO	Específico	- (*) 	
ÁCIDO FÓLICO	FOLACIN	B3X - OUTROS PRODUTOS ANTIANÊMICOS, INCLUINDO ÁCIDO FÓLICO, ÁCIDO FOLÍNICO	Específico	Tarja Vermelha	
ÁCIDO GADOTÉRICO	CLARISCAN	T1E - AGENTE DIAGNÓSTICO POR IMAGEM PARA RESSONÂNCIA MAGNÉTICA	Novo	Tarja Vermelha	
ÁCIDO GLICÓLICO;HIDROQUINONA	GLYQUIN XM	D11A - OUTRAS PREPARAÇÕES DERMATOLOGICAS	Similar	Tarja Vermelha	
ÁCIDO HEMICÍTRICO VORASIDENIBE HEMI-HIDRATADO	VORANIGO	L1X9 - TODOS OS OUTROS ANTINEOPLÁSICOS	Novo	Tarja Vermelha	
ÁCIDO HIALURÔNICO	HYALUDERMIN	D3A9 - TODOS OUTROS PRODUTOS PARA TRATAMENTO DE FERIDAS	Similar	- (*) 	
ÁCIDO MEFENÂMICO	ÁCIDO MEFENÂMICO	M1A1 - ANTIRREUMÁTICOS NÃO ESTEROIDAIS PUROS	Genérico	- (*) 	
ÁCIDO MEFENÂMICO	ÁCIDO MEFENÂMICO	M1A1 - ANTIRREUMÁTICOS NÃO ESTEROIDAIS PUROS	Genérico	Tarja Vermelha	
ÁCIDO MEFENÂMICO	ÁCIDO MEFENÂMICO	M1A1 - ANTIRREUMÁTICOS NÃO ESTEROIDAIS PUROS	Genérico	Tarja Vermelha	
ÁCIDO MEFENÂMICO	PONSTAN	M1A1 - ANTIRREUMÁTICOS NÃO ESTEROIDAIS PUROS	Novo	Tarja Vermelha	
ÁCIDO MEFENÂMICO	ÁCIDO  MEFENÂMICO	M1A1 - ANTIRREUMÁTICOS NÃO ESTEROIDAIS PUROS	Genérico	- (*) 	
ÁCIDO MEFENÂMICO	PONSDRIL	M1A1 - ANTIRREUMÁTICOS NÃO ESTEROIDAIS PUROS	Similar	Tarja Vermelha	
ÁCIDO MEFENÂMICO	ACIDO MEFENAMICO	M1A1 - ANTIRREUMÁTICOS NÃO ESTEROIDAIS PUROS	Genérico	Tarja Vermelha	
ÁCIDO SALICÍLICO;DIPROPIONATO DE BETAMETASONA	DIPROPIONATO DE BETAMETASONA + ÁCIDO SALICÍLICO	D5A - ANTIPSORÍASE TÓPICOS	Genérico	- (*) 	
ÁCIDO SALICÍLICO;DIPROPIONATO DE BETAMETASONA	DERMOSALIC	D7B1 - CORTICOESTERÓIDES ASSOCIADOS A ANTIBACTERIANOS	Similar	Tarja Vermelha	
ÁCIDO SALICÍLICO;DIPROPIONATO DE BETAMETASONA	DIPROPIONATO DE BETAMETASONA + ÁCIDO SALICÍLICO	D7B1 - CORTICOESTERÓIDES ASSOCIADOS A ANTIBACTERIANOS	Genérico	Tarja Vermelha	
ÁCIDO SALICÍLICO;DIPROPIONATO DE BETAMETASONA	DIPROPIONATO DE BETAMETASONA + ÁCIDO SALICÍLICO	D5A - ANTIPSORÍASE TÓPICOS	Genérico	Tarja Vermelha	
ÁCIDO SALICÍLICO;DIPROPIONATO DE BETAMETASONA	DIPROPIONATO DE BETAMETASONA + ÁCIDO SALICÍLICO	D5A - ANTIPSORÍASE TÓPICOS	Genérico	- (*) 	
ÁCIDO SALICÍLICO;DIPROPIONATO DE BETAMETASONA	DIPROSALIC	D7B1 - CORTICOESTERÓIDES ASSOCIADOS A ANTIBACTERIANOS	Novo	- (*) 	
ÁCIDO SALICÍLICO;ÓXIDO DE ZINCO;ENXOFRE;ÁCIDO BÓRICO	POLVILHO ANTISSÉPTICO GRANADO	D8A1 - ANTISSEPTICOS E DESINFETANTES, EXCETO PRODUTOS PARA AS MAOS	Novo	- (*) 	
ÁCIDO SELENIOSO	SELENOZ	A12C2 - OUTROS SUPLEMENTOS MINERAIS	Específico	Tarja Vermelha sob restrição	
ÁCIDO TIÓCTICO	THIOCTACID	A10X9 - OUTROS MEDICAMENTOS USADOS EM DIABETES	Novo	Tarja Vermelha	
ÁCIDO TRANEXÂMICO	ÁCIDO TRANEXÂMICO	B2A1 - ANTIFIBRINOLÍTICOS SINTÉTICOS	Genérico	Tarja Vermelha	
ÁCIDO TRANEXÂMICO	ÁCIDO TRANEXÂMICO	B2A1 - ANTIFIBRINOLÍTICOS SINTÉTICOS	Genérico	Tarja Vermelha	
ÁCIDO TRANEXÂMICO	TRANEGER	B2A1 - ANTIFIBRINOLÍTICOS SINTÉTICOS	Similar	Tarja Vermelha	
ÁCIDO TRANEXÂMICO	ÁCIDO TRANEXÂMICO	B2A1 - ANTIFIBRINOLÍTICOS SINTÉTICOS	Genérico	- (*) 	
ÁCIDO TRANEXÂMICO	ÁCIDO TRANEXÂMICO	B2A1 - ANTIFIBRINOLÍTICOS SINTÉTICOS	Genérico	Tarja Vermelha	
ÁCIDO TRANEXÂMICO	RYVKA	B2A1 - ANTIFIBRINOLÍTICOS SINTÉTICOS	Similar	Tarja Vermelha	
ÁCIDO TRANEXÂMICO	TRANSAMIN	B2A1 - ANTIFIBRINOLÍTICOS SINTÉTICOS	Novo	Tarja Vermelha	
ÁCIDO TRANEXÂMICO	TREXACONT	B2A1 - ANTIFIBRINOLÍTICOS SINTÉTICOS	Similar	Tarja Vermelha	
ÁCIDO TRANEXÂMICO	ÁCIDO TRANEXÂMICO	B2A1 - ANTIFIBRINOLÍTICOS SINTÉTICOS	Genérico	Tarja Vermelha	
ÁCIDO URSODESOXICÓLICO	URSACOL	A5A2 - TERAPIA DOS CÁLCULOS BILIARES	Novo	Tarja Vermelha	
ÁCIDO URSODESOXICÓLICO	DUXIO	A5A2 - TERAPIA DOS CÁLCULOS BILIARES	Similar	Tarja Vermelha	
ÁCIDO URSODESOXICÓLICO	ÁCIDO URSODESOXICÓLICO	A5A2 - TERAPIA DOS CÁLCULOS BILIARES	Genérico	Tarja Vermelha	
ÁCIDO URSODESOXICÓLICO	ÁCIDO URSODESOXICÓLICO	A5A2 - TERAPIA DOS CÁLCULOS BILIARES	Genérico	Tarja Vermelha	
ÁCIDO URSODESOXICÓLICO	PROUR	A5A2 - TERAPIA DOS CÁLCULOS BILIARES	Similar	Tarja Vermelha	
ÁCIDO URSODESOXICÓLICO	ÁCIDO URSODESOXICÓLICO	A5A2 - TERAPIA DOS CÁLCULOS BILIARES	Genérico	Tarja Vermelha	
ÁCIDO URSODESOXICÓLICO	GULSHEN	A5A2 - TERAPIA DOS CÁLCULOS BILIARES	Similar	Tarja Vermelha	
ÁCIDO ZOLEDRÔNICO	ZOLIBBS	M5B4 - BISFOSFONATOS PARA ALTERAÇÕES DO CÁCIO RELACIONADAS A TUMORES	Similar	Tarja Vermelha	
ÁCIDO ZOLEDRÔNICO	ÁCIDO ZOLEDRÔNICO	M5B4 - BISFOSFONATOS PARA ALTERAÇÕES DO CÁCIO RELACIONADAS A TUMORES	Genérico	Tarja Vermelha	
ÁCIDO ZOLEDRÔNICO	ZOMETA	M5B4 - BISFOSFONATOS PARA ALTERAÇÕES DO CÁCIO RELACIONADAS A TUMORES	Novo	- (*) 	
ÁCIDO ZOLEDRÔNICO	ACIDO ZOLEDRONICO	M5B4 - BISFOSFONATOS PARA ALTERAÇÕES DO CÁCIO RELACIONADAS A TUMORES	Genérico	Tarja Vermelha	
ÁCIDO ZOLEDRÔNICO	ÁCIDO ZOLEDRÔNICO	M5B4 - BISFOSFONATOS PARA ALTERAÇÕES DO CÁCIO RELACIONADAS A TUMORES	Genérico	Tarja Vermelha	
ÁCIDO ZOLEDRÔNICO MONOIDRATADO	TEORO	M5B3 - BISFOSFONATOS PARA OSTEOPOROSE E ALTERAÇÕES RELACIONADAS	Similar	Tarja Vermelha	
ÁCIDO ZOLEDRÔNICO MONOIDRATADO	DENSIS	M5B4 - BISFOSFONATOS PARA ALTERAÇÕES DO CÁCIO RELACIONADAS A TUMORES	Similar	Tarja Vermelha	
ÁCIDO ZOLEDRÔNICO MONOIDRATADO	ACLASTA	M5B3 - BISFOSFONATOS PARA OSTEOPOROSE E ALTERAÇÕES RELACIONADAS	Novo	Tarja Vermelha	
ÁCIDO ZOLEDRÔNICO MONOIDRATADO	AZENTEX	M5B3 - BISFOSFONATOS PARA OSTEOPOROSE E ALTERAÇÕES RELACIONADAS	Similar	Tarja Vermelha	
ÁCIDO ZOLEDRÔNICO MONOIDRATADO	ACEZO	M5B4 - BISFOSFONATOS PARA ALTERAÇÕES DO CÁCIO RELACIONADAS A TUMORES	Similar	Tarja Vermelha	
ÁCIDO ZOLEDRÔNICO MONOIDRATADO	ACIDO ZOLEDRONICO	M5B4 - BISFOSFONATOS PARA ALTERAÇÕES DO CÁCIO RELACIONADAS A TUMORES	Genérico	Tarja Vermelha	
ÁCIDO ZOLEDRÔNICO MONOIDRATADO	ÁCIDO ZOLEDRÔNICO	M5B4 - BISFOSFONATOS PARA ALTERAÇÕES DO CÁCIO RELACIONADAS A TUMORES	Genérico	Tarja Vermelha	
ÁCIDO ZOLEDRÔNICO MONOIDRATADO	ÁCIDO ZOLEDRÔNICO	M5B4 - BISFOSFONATOS PARA ALTERAÇÕES DO CÁCIO RELACIONADAS A TUMORES	Genérico	Tarja Vermelha sob restrição	
ÁGUA	TESTE VENCIMENTO	L1C1 - AGENTES ANTINEOPLÁSICOS ALCALÓIDES DA VINCA	Similar	Tarja Sem Tarja	
ÁGUA ESTÉRIL PARA INJEÇÃO	AGUA PARA INJEÇÃO	K1B4 - ÁGUA DESTILADA PARA INJEÇÃO	Específico	- (*) 	
ÁGUA PARA INJETÁVEIS	ÁGUA PARA INJEÇÃO	K1B4 - ÁGUA DESTILADA PARA INJEÇÃO	Específico	Tarja Vermelha	
ÁGUA PARA INJETÁVEIS	ÁGUA PARA INJETÁVEIS	K1B4 - ÁGUA DESTILADA PARA INJEÇÃO	Específico	- (*) 	
ÁGUA PARA INJETÁVEIS	ÁGUA PARA INJEÇÃO B. BRAUN	K1B4 - ÁGUA DESTILADA PARA INJEÇÃO	Específico	Tarja Vermelha	
ÁGUA PARA INJETÁVEIS	ÁGUA ESTÉRIL PARA INJETÁVEIS BEKER	K1B4 - ÁGUA DESTILADA PARA INJEÇÃO	Específico	Tarja Vermelha	
ÁGUA PARA INJETÁVEIS	ÁGUA PARA INJEÇÃO	K1B4 - ÁGUA DESTILADA PARA INJEÇÃO	Específico	- (*) 	
ÁGUA PARA INJETÁVEIS	ÁGUA ESTÉRIL BAXTER	K5A1 - SOLUÇÕES DE IRRIGAÇÃO - ÁGUA	Específico	- (*) 	
ÁGUA PARA INJETÁVEIS	FARMACE -AGUA PARA INJEÇÃO	K4D - OUTRAS SOLUÇÕES INJETÁVES OU ADITIVOS PARA INFUSÃO (<100ML)	Específico	Tarja Vermelha	
ÁGUA PARA INJETÁVEIS	ÁGUA PARA INJETÁVEIS	K1B4 - ÁGUA DESTILADA PARA INJEÇÃO	Específico	Tarja Vermelha	
ÁGUA PARA INJETÁVEIS	ÁGUA PARA INJETAVÉIS	K1B4 - ÁGUA DESTILADA PARA INJEÇÃO	Específico	- (*) 	
ÁGUA PARA INJETÁVEIS	ÁGUA PARA INJETÁVEIS	K1B4 - ÁGUA DESTILADA PARA INJEÇÃO	Específico	Tarja Vermelha	
ÁGUA PARA INJETÁVEIS	ÁGUA PARA INJETÁVEIS	K4D - OUTRAS SOLUÇÕES INJETÁVES OU ADITIVOS PARA INFUSÃO (<100ML)	Específico	Tarja Vermelha	
ÁGUA PARA INJETÁVEIS QSP	ÁGUA PARA IRRIGAÇÃO	K5A1 - SOLUÇÕES DE IRRIGAÇÃO - ÁGUA	Específico	Tarja Vermelha	
ÁGUA PARA INJETÁVEIS QSP	ÁGUA PARA INJETÁVEIS	K4D - OUTRAS SOLUÇÕES INJETÁVES OU ADITIVOS PARA INFUSÃO (<100ML)	Específico	- (*) 	
ÁGUA PARA INJEÇÃO	ÁGUA PARA INJEÇÃO	K1B4 - ÁGUA DESTILADA PARA INJEÇÃO	Específico	- (*) 	
ÁGUA PARA INJEÇÃO Q.S.P.	ISOFARMA - AGUA PARA INJEÇÃO	K4D - OUTRAS SOLUÇÕES INJETÁVES OU ADITIVOS PARA INFUSÃO (<100ML)	Específico	Tarja Vermelha	
ÉSTERES ETÍLICOS DOS ÁCIDOS GRAXOS DO ÓLEO DE PAPOULA IODADOS	LIPIODOL UF	T1G - AGENTES PARA RADIODIAGNÓSTICO	Similar	Tarja Vermelha	
ÓLEO DE PEIXE	OMEGAVEN	K1D1 - EMULSÔES DE GORDURAS, PURAS	Específico	- (*) 	
ÓLEO DE PEIXE;TRIGLICERÍDEOS CADEIA MÉDIA;ÓLEO DE OLIVA;ÓLEO DE SOJA	SMOFLIPID 20%	K1D1 - EMULSÔES DE GORDURAS, PURAS	Específico	Tarja Vermelha	
ÓLEO DE SOJA	LIPOVENOS  MCT	K1D1 - EMULSÔES DE GORDURAS, PURAS	Específico	Tarja Vermelha	
ÓLEO DE SOJA	LIPOFUNDIN	K1D1 - EMULSÔES DE GORDURAS, PURAS	Específico	- (*) 	
ÓLEO DE SOJA;TRIGLICERÍDEOS DE CADEIA MÉDIA;TRIGLICERÍDIOS C10-18	LIPIDEM	K1D1 - EMULSÔES DE GORDURAS, PURAS	Específico	Tarja Vermelha	